book,chapter,verse,tafsir
"أيوب",1,1,"مقدمة
1. ينقسم العهد القديم إلى أقسام 
1- أسفار موسى الخمسة
2- الأسفار التاريخية (يشوع-استير)
3- الأسفار الشعرية (أيوب- النشيد)
4- الأسفار النبوية
وسفر أيوب سفر شعري لذلك وُضع في بدآية الأسفار الشعرية
2. من أول الإصحاح الثالث وحتى الآية 42:6  فالسفر كله قد صيغ شعراً. والشعر العبراني يختلف عن باقي أنواع الشعر فهو لا يهتم بالوزن ولا القافية بل كل بيتين أو ثلاثة تتشابه في المعنى فيظهر جماله. ولذلك فترجمة الشعر العبراني لا تضيع جماله. 
3. ينقسم السفر إلى:
1- مقدمة عن تجربة أيوبإصحاحات 1\'a1 2
2- حوار بين أيوب وأصدقائه الثلاثةإصحاحات 3-31
3- رد أليهو على أيوب والأصحابإصحاحات 32-37
4- كلام الله لأيوبإصحاحات 38- 42:1-7
5- الخاتمةإصحاح 42:7- 17
 4. السفر يحوي حواراً بين شخصيات السفر\'a1 وهذا الحوار ليس هو كلام الله نفسه ولكنه مدوَّن بإلهام من الله. وبعض فقرات من الحوار أظهر الله عدم رضاه عنها ( 38:2 \'ba  42:7) لأنها تعبر عن رأي أصحابها الشخصي وقد أخطأوا في أرائهم هذه\'a1 ولكنها ذكرت لمنفعتنا. لذلك لا يجب أن تستخدم كل آيات السفر كما لو كانت تعبر عن إرادة علوية مقدسة وهذا لا يتعارض مع أن السفر مكتوب بوحي من الروح القدس ( 2تي 3:16 \'ba 2بط 1:21) فسفر التكوين موحى به من الروح القدس ولكن ورد في سفر التكوين على لسان الحية أقوال لا يوافق عليها الله مثل """"لن تموتا"""" وسمح الله بكتابة أقوال الحية لنستفيد من معرفتنا بكذبها والدليل موت آدم وحواء عكس ما قالته الحية. وبنفس المنطق سمح الله بكتابة أقوال أيوب وأصدقائه رغما عن أنها خاطئة لنستفيد. 
5. أيوب كان شخصاً حقيقياً والقصة كلها قصة حقيقية حدثت ودونها أيوب أو أليهو ثم صاغها أحدهم شعراً بعد ذلك ليسهل حفظها والإستفادة منها\'a1 وربما كان موسى هو الذي صاغها شعراً حين وجد القصة معروفة ومتداولة حين كان يرعى غنم حميه يثرون المدياني. ودليل أن أيوب كان شخصاً حقيقياً وليس خيالياً أن حزقيال أورد إسمه مع نوح ودانيال ( حز 14:14). وهكذا ذكره يعقوب في العهد الجديد ( يع 5:11) ولا يعقل أن الرسول الذي يكتب بوحي إلهي يستشهد بأمر وهمي ويجعله مثالاً للصبر ويأتي به برهاناً على رحمة الله. فضلاً عن ذكر أسماء الأشخاص والأماكن وعدد الأولاد وثروة أيوب قبل وبعد التجربة بل أسماء بعض أولاده. نقول هذا رداً على من يتصور أن قصة أيوب قصة خيالية كتبت لأجل التعليم والتهذيب. 
6. الزمان الذي عاش فيه أيوب:- هو عاش في الزمن بين نوح وإبراهيم أي قبل إبراهيم. وهناك من يضع الزمن بعد هذا بقليل ولكن من المؤكد أن أحداث القصة قد وقعت قبل خروج بني اسرائيل من مصر. ونستدل على هذا من عمر أيوب الذي يرجح أنه تعدى الـ200 سنة فهو قد عاش 140 سنة بعد تجربته 42:16.  ومن عدد أولاده يستدل أن عمره وقت التجربة لم يكن أقل من 60 سنة ويقول البعض 70 سنة بدليل أن كل ما ضاع من أيوب إستعاده مضاعفاً (من أملاكه) فقال البعض أن عمره بعد التجربة كان ضعف عمره قبل التجربة. ونستدل على فترة حياة أيوب أيضاً من طريقة تقدير ثروته بعدد مواشيه وهي عادة قديمة وكذلك من عادة الكتابة بالنقر في الصخر والمذكورة في 19:24. وأيضاً كان أيوب منتمياً للأباء البطاركة (كان رئيس العائلة هو كاهن العائلة\'a1 يقدم الذبائح عن أفراد عائلته) وكان هذا قبل الكهنوت اللاوي الذي أسسه موسى بعد الخروج. وأيضاً فلا يُذكر من العبادات الوثنية سوى عبادة الأفلاك السماوية (الشمس والقمر) وهي من أقدم العبادات. 
7. يُظهر سفر أيوب أن الله في العهد القديم لم يقصر تعامله على إبراهيم وإسحق ويعقوب ومن ثم نسل يعقوب أي الشعب أليهودي فقط\'a1 بل الله كان يظهر نفسه ويتعامل مع كل نفس تقية تطلبه فأيوب لم يكن يهودياً ولا من نسل يعقوب. وهكذا أصدقاء أيوب وأليهو\'a1 لم يكونوا يهوداً لكنهم عرفوا الله وآمنوا به وعاشوا أتقياء. وبنفس¨المنطق نجد أن الله كان يكلم أبيمالك في الحلم ( تك 20:3). وإهتم الله بخلاص نفوس شعب نينوى الوثنيين ودعاهم للتوبة بواسطة نبيه يونان وإستخدم الله بلعام النبي الأممي فنطق بنبوات عجيبة عن المسيح (عد22-24). 
8. كان أيوب رجلاً كاملاً ومستقيماً. ولكن كلمة كامل تعني كمالاً نسبياً بالنسبة إلى ظروفه وإمكانياته وعصره وجيرانه. ولا يوجد من هو كامل كمالاً مطلقاًَ سوى الله فالجميع زاغوا وفسدوا. . .  رو 3:12. 
9.  فإذا كان أيوب رجلاً كاملاً فما سبب تجربته؟
أيوب كان رجلاً باراً ويحس في نفسه أنه بار ( 32:1). لذلك حورب بالبر الذاتي. وأراد الله بهذه التجربة أن ينقيه وينجيه. فالله سمح أن يذله وترك الشيطان يجربه وذلك لمنفعته. الشيطان كان يريد إسقاطه أما الله فكان يقصد إصلاح عيوب أيوب الناشئة من البر الذاتي وهناك فوائد ثانوية لهذه التجربة وهي1) إعطاء مثالاً للصبر2) تخجيل الشياطين. 
ونرى خطية البر الذاتي عند أيوب في كلامه مع أصحابه ومن شهادته لنفسه ومن كلام أليهود عنه ومن كلام الله عن أيوب. فأيوب تصور أنه يقترب من الله لو أثبت بره ولم يفهم كيف يقف كخاطئ أمام الله. فقال أيوب """"حتى أسلم الروح لا أنزع كمالي عني\'a1 تمسكت ببري ولا أرخيه"""" ( 6\'a1 27:5). بينما يقول الكتاب """"كانت طريقهم أمامي كنجاسة الطامث"""" ( حز 36:13) والله ينسب لملائكته حماقة. فالفريسي لم يتبرر مع أنه يفعل البر والعشار تبرر لأنه إعترف بخطيته وطلب الرحمة هكذا تبررت المرأة الخاطئة التي مسحت قدمي المخلص بشعرها حينما سقطت دموعها على قدميه ولم يتبرر الفريسي الذي أولم الوليمة للمخلص لأنه شعر ببره. 
10. كاتب السفر:- دوّن أيوب أو أليهو القصة نثراً ثم صاغها أحدهم شعراً بعد ذلك\'a1 وربما صاغها موسي¨ شعراً هو أو أحد رجاله بعد الخروج. أو حين كان موسى يرعى غنم حميه يثرون. فأحداث القصة حدثت في """"عوص"""" ( 1:1) وهي من بلاد آدوم وأصحاب أيوب من العرب الساكنين في هذه المنطقة فالأحداث عربية حدثت في بلاد العرب ولكن يتضح أن الكاتب يهودي والثقافة أليهودية تشع من الكلمات\'a1 والكاتب أيضاً مثقف بالثقافة المصرية ومتأثر بالجو الذي عاشه في مصر فهو يتكلم عن الأهرامات ( 3:14). ويصف ما رآه في مصر مثل وصف فرس البحر (سيد قشطة) والتمساح ( 40:15 \'ba1:41) ومما يدل على الثقافة المصرية للكاتب حديثه عن طائر السمندل أو ما يعرف بالعنقاء( هو طائر السمندل وهو ما يسمى Phoenix) ( 29:18) ليدلل على طول العمر. فطائر السمندل أو العنقاء هو أسطورة مصرية عن طائر خرافي ظن قدماء المصريين أنه يعمر 500 سنة ثم يحرق نفسه وينبعث ثانية من رماده وهكذا بلا نهآية\'a1 بل ينبعث وهو أشد ما يكون جمالاً. (قاموس المورد تحت PHOENIX ). فنجد هنا الكاتب¨يستخدم الأساطير المصرية¨ والخيال المصري عن طائر العنقاء حين أراد أن يصور طول المدة التي يعمرها الإنسان (كما يفعل الآن إنسان العصر الحديث حين يقول فلان سريع مثل الصاروخ. فهي أمثلة من واقع الحياة أو الثقافة المعاصرة). وهكذا إستخدم الشاعر العبراني مثالاً مصرياً عن حيوان يسمى لوياثان وهو حيوان هائل جبار\'a1 ربما كان التمساح بل هو أقرب ما يمكن في وصفه للتمساح ولكن الخيال الشعري المصري أضاف له بعض الأوصاف المخيفة فصارت صورة لوياثان هي صورة مخيفة للتمساح أضيف عليها أوصافاً خيالية على ما يُعرف عن التمساح من قوة (إصحاح 41). 
ولأن السفر موحى به من الله فالله سمح بوجود هذه التشبيهات ليشرح أفكاراً معينة. فطائر العنقاء يشير إشارة واضحة للقيامة من الأموات بعد أن يتحول جسم الإنسان إلى تراب بل يقوم أجمل وأبهى وأكثر إشراقاً. ولوياثان الجبار هذا يشير للشيطان والسفر بدأ بحسد الشيطان وينتهي السفر بوصف لوياثان رمزاً للشيطان وقوته المخيفة المدمرة\'a1 وقد رأينا الأهوال التي عانى منها أيوب بسبب حسد الشيطان وبقوته الجبارة. ثم نجد في نهآية السفر قول الله المطمئن للبشرية """"أتصطاد لوياثان بشص. . . . . أتضع أسلة في خطمه"""" ( 41:1\'a1  2). ومن المفهوم أن الإنسان لا يستطيع هذا\'a1 لكن الله يستطيع فهو الذي قيَّد إبليس بسلسلة ( رؤ 20:1\'a1  2\'a1  3). فالله وافق على ذكر أوصاف لوياثان هذه وهي أوصاف¨ مصرية ليشرح قوة إبليس وليعطينا ثقة في نهآية السفر أنه وحده له السيطرة عليه وأنه خاضع لسيطرته فلماذا الخوف منه\'a1 بل كل حسده وجنونه يحولهم الله لخير الإنسان كما حّول حسده ضد أيوب لصالح أيوب فنقاه من بره الذاتى ليكون أكثر كمالاً. وإستخدم الله حسد إبليس ضد المسيح\'a1 ومؤامرات إبليس\'a1 الذي دبّر أن يُصْلَبْ المسيح لتخلص البشرية. 
11. السفر يشرح فكرة عن القيامة (في موضوع طائر العنقاء. وعدم تضاعف أولاد يعقوب فأولاده في السماء مازالوا أحياء. . وبعض الكلمات الأخرى التي وردت على ألسنة أيوب وأصحابه لتشير إشارة باهتة إلى القيامة) ومن الواضح أن فكرة القيامة غير واضحة تماماً بل هي مختلطة بأفكار أخرى عن فناء الإنسان بعد موته\'a1 ففكرة القيامة كانت غير واضحة في العهد القديم (راجع 14:1 0-14 لترى المفهوم المضاد للقيامة). فإذا عبّر أيوب عن أفكاره فهو لا يرى القيامة بل يرى فناء الإنسان بعد الموت\'a1 وإذا تكلم مسوقاً من الروح القدس يعبر كلامه عن القيامة\'a1 لذلك قلنا أنه لا يجب أن نتعامل مع كل كلمة وردت في هذا السفر عن أنها تعبر عن فكر الله. 
12. يشرح السفر فكرة عن شفاعة القديسين والملائكة ( 5:1 \'ba 33: 23\'a1  24) فهو يشفعون في البشر ليستجيب الله صلاة البشر. وفي نهآية السفر تشفع أيوب عن أصحابه ليقبلهم الله. 
13. يشرح السفر أن غرض الشيطان أن يجرب الإنسان ليجدف على الله والله يسمح بهذا لينقي الإنسان ويتزكى بالأكثر. 
14. يبحث سفر أيوب في القضية الأساسية التي تشغل ذهن البشر وهي القضاء والقدر\'a1 وطرق الله في معاملة الإنسان ويجيب السفر عن أسئلة هامة بطريقة المناقشة. 
أ-هل يمكن للإنسان أن يمارس عبادته لله عن حب نقي منزه عن النفعية\'a1 أي هل يمكن للإنسان أن يعبد الله حتى لو لم يكن قصده الإنتفاع المادي\'a1 وهذا قد أثبته أيوب بأن ظل يعبد الل بالرغم من خسارته المادية بل وأولاده أيضاً. 
ب-هل تنسب الأعمال التي إصطلح على تسميتها شراً يصيب الإنسان\'a1 لأي مخلوق آخر سوى الله. فموت أولاد أيوب وخسارته المادية تسمى شراً أصابه ولكن أيوب نسبها لله """"أالخير نقبل من عند الله والشر لا نقبل"""" ( 2:1) وفهمنا أن الشيطان هو المتسبب في هذا الشر ولكن فهمنا أنها بسماح من الله وتحت سيطرته والتجارب التي يسمح بها محدودة. 
حـ-هل الظروف الخارجية التي يعاني منها شخص تؤخذ على أنها اختبار أو كحكم على مدى صلاح هذا الشخص؟ والإجابة قطعاً """"لا"""" لأن أيوب كان باراً ورغماً عن هذا تألم وهكذا المسيح. 
د-هل يمكن لإنسان دون معونة إلهية أن يفحص ويفهم أحكام الله؟ قطعاً لا. 
هـ- هل الإنسان الصالح التقي يضمن أن يعيش بلا أي تجارب أو ضيقات ضامناً كل الخيرات الزمنية المادية. 
15. مشكلة أيوب كما قلنا أنه كان باراً في عيني نفسه فلازمته أفكار البر الذاتي ونلاحظ في كلماته أنه يشعر أنه بلا خطية ويتباهى بحسناته\'a1 بل نشعر في كلامه أنه داخله فكر الكبرياء """"ضحك عليّ أصاغري أياماً الذين كنت أستنكف من أن أجعل أبائهم مع كلاب غنمي"""" (30 : 1). بل تحدى الله أن يجد له خطية لذلك سمح الله بأن تضغطه التجارب حتى لا يهلك وذلك حتى تظهر خطيتة إلى خارج فيشفى منها. لذلك نفهم أن الخطية الدفينة التي لا يشعر بها صاحبها هي كالدمل المملوء """"صديداً"""" لو تُرِك يموت صاحبه والطبيب يضغط على الدِّمل لتخرج المِدة (الصديد) ويصبح الجرح نظيفاً فيشفى صاحبه\'a1 ولكن الضغط مؤلم ولكن فائدته هي حياة الشخص. فظل الله يضغط على أيوب وأيوب يصرخ من الألم والله يضغط وأيوب يصرخ حتى أصبح الداخل نظيفاً فقال أيوب. """"ها أنا حقير فماذا أجاوبك"""" ( 40:4) ثم ( 42:1-6) وبهذا شُفي أيوب. 
16. يتضح من السفر أن الإيمان بإله واحد سرمدي قادر غير محدود\'a1 خالق الكل المنظور وغير المنظور هو إيمان كان منتشراً بين العرب وفي كل مكان بالتالي ولم يكن مقصوراً على أليهود. فنفهم أن الإيمان بالله الواحد كان هو السائد ثم حدث إرتداد لبعض الشعوب أو معظمها. ولكن الله لا يبقي نفسه بلا شاهد فها نحن نرى في بلاد العرب وبلاد أدوم أناس قديسون يتقوا الله ويعبدونه مثل أيوب وأصحابه الأربعة. ونرى في نينوى شعباً تائباً. 
17. الخلاف الذي ظهر في الحوار بين أيوب وأصحابه يتخلص في مبدأين
مبدأ أيوب:- أن المصيبة التي نُكب بها لا يستحقها إذا لم يرتكب أثاماً يستحق معها هذه المصيبة\'a1 وظل أيوب يدافع عن مبدأه هذا. 
مبدأ الأصحاب:- أن الله لا يسمح بأن تحل المصائب بالأبرار وأن أيوب إن لم يكن شريراً لما حلت عليه نقمة الله لذلك عليه أن يتوب وتفكير أصحاب أيوب هذا ظل تفكيراً شائعاً\'a1 أي أن النكبات تحل بالأشرار كقصاص عن خطية أو خطايا سبق أن ارتكبت. ولذلك سأل التلاميذ السيد عن المولود أعمى """"من أخطأ هذا أم أبواه حتى ولد أعمى"""" ( يو 9:2) والتلاميذ تصوروا أن الخطية لابد لها من عقاب حتى ولو أصاب الأبناء. 
ولكن هذا السفر يوضح أن البار قد تصيبه الآلام\'a1 وإحتمال أيوب وصبره كانا مصدر تعزية للكثيرين من المتألمين عبر العصور. 
18. نلاحظ في أقوال أصحاب أيوب الآتي:
أ-أن بها أراء روحية سديدة كثيرة جداً. وهذه ناشئة من أن الله كان يتكلم مع عبيده الأتقياء بصور متعددة منها الرؤى والأحلام. . الخ قبل أن يكون هناك كتاب مقدس ودليل هذا أن بولس الرسول في  عب 12:5\'a1  6 يتكلم عن تأديب الرب لأحبائه والكلام مأخوذ من  أي 5:17. ونجد تطابقاً بين  أي 5:18 وبين أقوال الأنبياء في  أش 30:26\'ba  تث 32:29\'ba  هو 6:1. (قارن  أي 5:13 مع  1كو 3:19). فإذا كان العهد الجديد يقتبس من سفر أيوب فهو سفر إلهى بوحى من الروح القدس. 
ب-كانت هناك أراء خاطئة لأصدقاء أيوب وهذه نشأت من محاولاتهم البشرية في تطبيق أقوال الله على أيوب. فهم حاولوا إلصاق تهمة الشر بأيوب. والله غضب من محاولاتهم هذه. هم فهموا من الله أن الشر له عقوبته وحاولوا بما لهم من معلومات روحية تطبيق المبدأ على أيوب\'a1 وأنه شرير بما أنه منكوب. وهذا هو النقص البشري في إدراك إعلانات الله. فأصحاب أيوب لم يلحظوا خضوع أيوب لإرادة الله\'a1 بل هم في غرور ظنوا أنهم قادرين أن يجدوا تبريراً لكل أسباب الآلام البشرية وما أجهل الإنسان لكل طرق الله ( رو 11:33)
حـ-كانت خطة أصحاب أيوب أن يدينوه ويثبتوا له شره ليقدم توبة فيصفح عنه الله\'a1 وهم غالباً كانوا قد اتفقوا على هذا معاً. ولم يكن أيوب في حاجة لمن يدينه وهو في هذا الوضع المؤلم بل لمن يعطيه كلمة مشجعة معزية\'a1 فكانت كلمات أصحابه سبباً في زيادة آلامه\'a1 خصوصاً حينما اتهموه في نزاهته مع الله فصرخ فيهم """"معزون متعبون كلكم"""" ( اي 16: 2)
د-بعد أن انتهى الحوار بين أيوب والأصحاب الثلاثة إلى طريق مسدود فكل منهم تشبث برأيه تدخل أليهو في الحوار كقاضي أدان كلا الطرفين. وبعد أليهو تكلم الله ليحكم ويدين فكان أليهو كسابق لله كما كان المعمدان سابقاً للمسيح. وكانت كلمات أليهو قد أعدت قلوب الجميع إستعداداً لسماع الله. وكان ملخص كلام أليهو أن الآلام قد تكون بسماح من الله للتأديب. 
19.  مفهوم أليهو هو مفهوم العهد الجديد ( عب 12:5) بل يزيد بولس الرسول """"أن خفة ضيقتنا الوقتية تنشئ لنا أكثر فأكثر ثقل مجد أبدياً"""" ( 2كو 4:17). بل صار الألم هبة من الله ( في 1:29). 
20. روعة قصة أيوب أن سفراً بأكمله يدور حول إهتمام الله بشخص واحد أممي. إذاً هي قصتي وقصتك. فالله لا يزال يهتم بي وبك شخصياً\'a1 ولا زال الشيطان يشتكي عليّ وعليك. وروعة السفر أيضاً في أننا نرى أن مكائد وحسد الشيطان ضدنا يحولها الله لخيرنا فهو صانع خيرات. 
21. أيوب رمز للسيد المسيح
ايوب
أيوب كان رجلاً باراً كاملاً (نسبياً)
تعرض أيوب لحسد الشيطان وتجربته
وصلت التجارب للمرض الرهيب وموت الأبناء
تخلى أصحابه عنه أثناء تجربته ( أي 19:13\'a1  14)
بصقوا في وجهه ( أي 30:15)
إنتصر أيوب على تجربته ولم يجدف على الله
أيوب بعد مجده صار في حالة حقيرة
بعد التجربة عاد أيوب لمجده
حصل أيوب على ضعف ما كان له والضعف هو نصيب البكر في الميراث لذلك كان نصيب يوسف رمز المسيح الضعف (أفرايم/ منسى بدلاً من يوسف)
شفع أيوب في أصدقائه
آلام أيوب جعلته يرتمي خارج المدينة
في آلامه لم يعرفه أصحابه ( 2:12)
المسيح
المسيح بلا خطية
الشيطان حسد المسيح وجربه
 وصلت التجارب حتى صلب المسيح
المسيح تخلى عنه حتى تلاميذه
وهكذا المسيح ( مت 26:67)
إنتصر المسيح في التجربة على الجبل وعلى الصليب إنتصر على إبليس
المسيح أخلى ذاته آخذاً صورة عبد
المسيح بعد القيامة صعد للسماء
المسيح صار باكورة الراقدين وصار بكراً بين إخوة كثيرين ليعطي إخوته الميراث
المسيح الآن يشفع فينا أمام الآب
يسوع صُلب خارج أورشليم
لا صورة له ولا جمال. . . ( أش 53:2 
22. وبسبب أن أيوب كان رمزاً للمسيح في آلامه تقرأ الكنيسة سفر أيوب يوم أربعاء البصخة ويسمى أربعاء أيوب. فأيوب رمز للمسيح المتألم. ونقرأ في الصوم الكبير كثيراً من أيوب لتعطي القراءة في هذا السفر خلال الصوم تذللاً في العبادة وإنسحاق في الروح. وتعيد له الكنيسة القبطية في أول توت. 
23. أيوب يتنبأ عن المسيح
خلال آلامه إنفتحت عيني أيوب ليرى من بعيد\'a1 أو ليشتهي وجود مصالح يصالح بين الله والإنسان """"ليس بيننا مصالح يضع يده على كلينا"""" ( 9:33). وتساءل إن مات رجلٌ أفيحيا ( 14:14) وهذا التساؤل ظل معلقاً في العهد القديم حتى أتى ذاك الذي هو مشتهى الأجيال ليعطي حياة لمن ماتوا بعد أن صالحهم مع أبيه. وصار لهم شاهداً وشفيعاً في الأعالي كما رآه أيوب في 16:19. بل صرخ أيوب قائلاً عنه """"أما أنا فقد علمت أن وليي حيٌ والآخر على الأرض يقوم"""" ( 19:25). ولأن ولينا حي فهو سيحيينا بعد أن نموت وبدون جسدنا هذا الذي مات نرى الله ( 19:26) فأيوب في آلامه إنفتحت عيناه ورأى مالم يراه غيره من الأصحاء\'a1 ولذلك يقول معلمنا يعقوب """"إحسبوه كل فرح يا إخوتي حينما تقعون في تجارب متنوعة ( يع 1:2). فأيوب صار نبياً يرى المستقبل حينما قبل الآلام بصبر. وهكذا فإن قبلنا الصليب الموضوع علينا وصارت لنا مع المسيح شركة الصليب تنفتح أعينيا فنرى ما لا يراه الأصحاء لذلك اشتهى القديسون التجارب. 
24. من ناحية أخرى نجد أليهو المؤمن الغيور على مجد الله تنفتح عيناه هو الآخر ويرى هذا الوسيط أي المسيح ( 33:23) فكما أن شركة الآلام والصليب تفتح الأعين هكذا الإيمان القوي ومعرفة الله الحقيقية تفتح الأعين. 
25. أخيراً نقول أن حياة أيوب هي ملحمة ممتلئة من معاناة أناس الله القديسون حتى يأتي بهم الله إلى الكمال الحقيقي\'a1 ونفهم من قصة أيوب أن الألم ليس عقوبة على الخطية بالنسبة لأولاد الله بل هو طريق للكمال بالنسبة لهم. لقد أمر الملاك طوبيا أن يمسح بالمرارة عيني أبيه لتنفتح وبالتجارب المريرة تنفتح عيوننا فنعرف العيوب التي فينا فنتنقى ونرى الله """"طوبى لأنقياء القلب لأنهم يعاينون الله"""" وهذا هو طريق الكمال. ومن المؤكد أن أيوب يشكر الله الآن وهو في السماء على كل التجارب التي سمح الله بها أن تقع له\'a1 فهى التى أتت به إلى السماء. 
26. قد لا يوافق الله على بعض الأفكار البشرية ولكن نجد الله يتعامل بها لأن البشر لا يفهمون سوى هذه الأفكار أو تلك اللغة. فالله يكلم البشر باللغة والطريقة التي يفهمونها حتى تصل لأذهانهم أفكار الله. وعموماً فالكتاب المقدس هو أبسط طريقة (وبأسلوب بشري) وجدها الله ليشرح أفكاره ولكنه مكتوب بلغة بشرية ومهما كانت اللغة البشرية فهي محدودة وقاصرة عن شرح أفكار الله وعن شرح السماويات. ولنأخذ أمثلة:
أ-سليمان الحكيم كتب سفر النشيد ليصور حالة الحب بين المسيح والنفس البشرية ولكن سليمان كتب السفر مستخدماً ألفاظ حب عادية بين رجل وإمرأة\'a1 ويتعثر في السفر جداً من يحاول فهمه بطريقة حرفية وليست رمزية. 
ب-بولس الرسول إقتبس من أقوال الشعراء اليونان قوله """"الكريتيون دائماً كذابون. . . ( تي 1:12) فهو وجد في قول الشاعر الوثني ما يؤيد فكرته ويوضحها فإقتبس من أقواله ولم يمتنع. 
حـ-الله إستخدم مع المجوس نجماً في السماء ليشرح لهم عن ميلاد المسيح كشخص عظيم\'a1 فهم لا يفهمون سوى لغة النجوم. 
د-يقول السيد المسيح للكنعانية """"ليس حسن أن يؤخذ خبز البنين ويطرح للكلاب. وإطلاق لقب الكلاب على الكنعاينين كان من أليهود والمسيح قبل أن يستخدمه ليحرك مشاعر التوبة عند الكنعانية. وهكذا فعل بولس الرسول راجع ( في 3:2)
هـ-أوصاف السماء في سفر الرؤيا هي أوصاف رمزية بلغة بشرية حتى نفهم. 
و-قول الكتاب عن الله أنه """"ندم"""" و""""غضب"""" و""""يد اله"""" و""""عين الله"""" هي كلمات بلغة البشر حتى نفهم على قدر إدراكنا. 
لذلك لا مانع للشاعر الذي كتب سفر أيوب أو الذي نظمه شعراً من أن يقتبس من الثقافة المصرية لشرح وجهة نظره\'a1 فهو إقتبس أفكار عديدة من الثقافة المصرية مثل السمندل ولوياثان. . . الخ. بل ومن بعض الأساطير."
"أيوب",1,1,"مقدمة"
"أيوب",1,2,"الإصحاح الأول
آيه1: كان رجل في ارض عوص اسمه أيوب وكان هذا الرجل كاملا ومستقيما يتقي الله ويحيد عن الشر. 
أرض عوص= على حدود بلاد أدوم وبلاد العرب شرق البحر المتوسط وشمال خليج العقبة بالبحر الأحمر ونلاحظ أن السبئيين هم قبيلة سكنت بلاد العرب والكلدايين كانت أرضهم أولاً بين سوريا ونهر الفرات قبل أن يستقروا في بابل. والصديق أليفاز التيماني صاحب أيوب كان من أدوم فتيمان من بلاد أدوم. وراجع  مراثي 4:21 وقد إشتهرت أرض عوص بالحكمة. لذلك كان أصحاب أيوب من جيرانه الأدوميين والعرب. فأيوب لم يكن إسرائيلياً لا هو ولا أصدقاؤه. فالله إختار إسرائيل ليأتي منهم المسيح ولكن ليس معنى هذا أن الله قصر تعامله على إسرائيل وترك باقي العالم ( راجع نقطة رقم 7 فى المقدمة )
اسمه أيوب= الإسم له أكثر من تفسير1) أنه رجل يحزن ويئن2) قيل أنه مشتق من الفعل العربي آب أي رجع ويكون معنى الإسم رجع وتاب
كاملاً= كمالاً نسبياً بالنسبة لمن هم حوله\'a1 هو أفضل ممن حوله. كطالب في الإبتدائي حصل على 100% ولكنه لا يفهم في دروس الثانوي. وأيوب كانت له خطية البر الذاتي فهو لم يقدم ذبائح عن نفسه بل عن أولاده فقط وكثر كلامه عن كماله وبره. وهذا عكس ما قيل عن موسى في  خروج 34:29 """"أن موسى لم يعلم أن جلد وجهه صار يلمع"""". لأن موسى لم ينظر إلى نفسه ليعجب بنفسه بل كان منشغلاً بالنظر إلى الله فلم يدري ما حدث له. ولنتعلم أن ننظر فقط للسماء ونقارن أنفسنا مع السماء """"كونوا كاملين كما أن أباكم الذي في السموات هو كامل"""" فحين ننظر للسماء نجد أنفسنا خطاة. وهذا ما وصل إليه أيوب أخيراً حين أضاء الله بنوره عليه فرأى حقيقة نفسه. أما من ينظر للأخرين ويقارن نفسه معهم هو معرض1) أن يشعر ببره الذاتي2) يرى عيوب الآخرين ويدينهم
يتقي الله ويحيد عن الشر= يقول الكتاب في  أم 12:21 """"لا يصيب الصديق شر"""" فلماذا تألم أيوب؟ كلمة شر في  أم 12:21 تعني ضرر أو أذي. وما أصاب أيوب لم يؤذه بل نقاه وطهره. . . """"فكل الأشياء تعمل معاً للخير للذين يحبون الله"""" لذلك نسمى الله صانع خيرات فى صلات الشكر. فمهما يحدث فهو للخير. وقد لا نفهم أحياناً وهذا راجع لقصر إدراكنا. وكان سر نجاح أيوب أنه يتقي الله وكان أن باركه الله وأكثر له الخيرات من أملاك وبنين. ولكن لكي يكمله سمح له ببعض التجارب فالتجربة تكشف ما هو غائب عنا. 
الأيات2\'a1 3:- وولد له سبعة بنين وثلاث بنات\'a1 وكانت مواشيه سبعة الاف من الغنم وثلاثة الاف جمل وخمس مئة فدان بقر وخمس مئة اتان وخدمه كثيرين جدا فكان هذا الرجل اعظم كل بني المشرق"""". . 
""""هذه البركة الكبيرة سببها كمال أيوب. وكانت الثروة في أيام الأباء البطاركة تقدر بعدد المواشي. فدان بقر= الذي يحرثه بقرتان بجانب بعضهم. 
أعظم كل بني المشرق= المقصود ببني المشرق من هم شرق أرض فلسطين. وكان أيوب أعظمهم في ثروته وحكمته وصلاحه وكماله. وقال عن نفسه أن الناس كانت تسجد له.
الأيات 5\'a1 4:- """"و كان بنوه يذهبون ويعملون وليمة في بيت كل واحد منهم في يومه ويرسلون ويستدعون اخواتهم الثلاث لياكلن ويشربن معهم\'a1 وكان لما دارت ايام الوليمة ان ايوب ارسل فقدسهم وبكر في الغد واصعد محرقات على عددهم كلهم لان ايوب قال ربما اخطا بني وجدفوا على الله في قلوبهم هكذا كان ايوب يفعل كل الايام"""". 
 نجد هنا وصفاً آخر لرخاء أيوب وتقواه. وكيف كان فرحاً بأولاده وغالباً كانوا متزوجين فلهم كل واحد بيته\'a1 يعيشون في محبة ونجاح ولهم حياة مشتركة ( مز 133:1)
وبكر في الغد= نلاحظ أهمية أن يبدأ اليوم بالصلاة ليبارك الله اليوم كله ونتقدس. ونلاحظ خطأ أيوب هنا واضحاً. فهو يقدم ذبائح عن أولاده\'a1 أما عن نفسه فلا يقدم ذبيحة فهو في نظر نفسه لا يخطئ وهذا هو البر الذاتي. جدفوا على الله في قلوبهم = أي نسوا الله في مسراتهم وهو واهب كل خيراتهم. ولا شئ يبعد العقل عن الله بقدر الإنهماك في مطالب الجسد. والإنسان يميل في مسراته أن ينسى الله لذلك إهتم أيوب أن يدعوا أولاده للعبادة بعد أن إنتهت ولائمهم. أرسل فقدسهم = التقديس يشمل التوبة عما إقترفوه من خطاياه والطهارة الجسدية أيضاً (إستحمام وغسل ملابس) إستعداداً لتقديم الذبائح والصلاة والعبادة. ونلاحظ هنا أن أيوب كان كاهن الأسرة\'a1 هو يقدم الذبيحة ليطلب لهم المغفرة. هكذا كان أيوب يفعل كل الأيام = إن من يعبد الله عبادة مستقيمة يجب أن يعبده عبادة مستديمة. 
آية 6:- """"و كان ذات يوم انه جاء بنو الله ليمثلوا امام الرب وجاء الشيطان ايضا في وسطهم"""". 
 كما إستخدم السيد المسيح الأمثال لشرح طبيعة الملكوت. يشرح هنا الكاتب الملهم بالروح القدس منظراً سماوياً وأحاديث دارت بين الله والشيطان في وجود الملائكة. ومثل هذا المنظر لم يراه إنسان ولا يمكن أن يتخيله إنسان\'a1 فالسماء فيها ما لم تره عين ولم تسمع به أذن ولم يخطر على بال إنسان. ولكن هذا المنظر التصويري أن الملائكة تجتمع في حضرة الله يتلقون أوامرهم منه ثم يأتون ليقدموا تقريراً عما فعلوه\'a1 ويأتي الشيطان المشتكي وسطهم ليشتكي على البشر هو تصوير بلغة البشر على قدر ما نفهم\'a1 وهكذا نجد بولس الرسول يعيد رسم نفس المنظر في  رو 8:33\'a1  34 وهناك بعض الملاحظات على هذه الآية :-
1. كان الشيطان طليقاً قبل مجئ السيد المسيح\'a1 ولما تجسد الرب متأنساً. . . ربط إبليس وقيده  رؤ 20:1-3. وتقييده معناه أنه لا يستطيع أن يجرب الناس على هواه بل هو الآن مثل كلب مربوط بسلسلة فلا يستطيع أن يعض إلا من يدنو منه\'a1 هو قد يعوي نابحاً ويرهب مفزعاً لكنه لا يقدر أن يعض إلا من يقترب إليه. 
2. لقد تحدى إبليس الله وصار عدواً له\'a1 بل وصار كل إنسان يتقى الله عدواً لإبليس\'a1 يحارب عبادته وخضوعه لله. 
3. كان الشيطان في بادئ خلقته كاروباً مظللاً منبسطاً يحيط بالعرش الإلهي. لقبه الوحي الإلهي زهرة بنت الصبح قبل معصيته. وزهرة بنت الصبح هو كوكب منير يظهر في الصباح وهو ألمع الأجرام السماوية ويسمى فينوس وباللاتينية لوسيفر ولقد سقط الشيطان من هذه الرتبة اللامعة بعد أن كان ممتلئاً من الحكمة فدخله الغرور وبدلاً أن يمجد الله افتخر بنفسه. وبسقوطه تحول من كاروب للمجد إلى شيطان هالك. وكلمة شيطان من شطن إيل ومعناها خصم أو مقاوم أو ضد الله. وسمي باليونانية ذيافلوس ومعناها مشتكي زوراً أو ثالب ونقلت بالعربية إبليس وهو المفترى ظلماً. ومن أسمائه أيضاً التنين أو الحية القديمة لقوته ودهائه في الحرب وهو يشتكي على البشر دائماً\'a1 يكتشف نقاط ضعفهم ويغريهم بالوقوع وإن وقعوا يشتكي عليهم\'a1 بل هو أيضاً يشتكي الله في أسماعنا بأن الله قاسى لا يحب الإنسان ومع أي تجربة يقع فيها الإنسان يأتي إبليس ليشتكي الله فإن صدق الإنسان شكوى إبليس وردد معه """"لماذا لا يحبني الله ويوقعني في هذا الألم"""" هنا يذهب الشيطان ليشتكي الإنسان لله بأنه جدف وهذا ما حاوله إبليس مع أيوب. 
4. نرى في التصوير السابق أن الله هو ضابط الكل والشيطان ليس مطلق الحرية في التصرف بل إن حياتنا يتم تدبير أمورها في السماء. . . فلماذا نخاف؟ بل لماذا نتساءل عن مصدر أي ألم يقع علينا هل هو من الله أو هل هو من إبليس. وعلينا أن نردد مع أيوب أألشر من الرب لا نقبل؟ فالله هو ضابط الكل وكل ما يحدث هو بسماح منه وتحت سيطرته\'a1 بل أن الله في أول مرة سمح لإبليس أن يجربه في كل شئ ولكن لا يمس جلده وجسمه وفي المرة الثانية سمح بهذا على أن لا يمس حياته أي لا يموت. فنهم أن سلطان إبليس محدود وفي حدود ما يسمح به الله. وما يسمح به الله هو لخير الإنسان فالله يحب الإنسان  رو 8:28. 
5. هذا المنظر السماوي الله وحوله ملائكته والشيطان في وسطهم يتكرر في الكنيسة على الأرض فكلما يكون هناك تجمع لأولاد الله يدخل إبليس في وسطهم ليزرع الشك والكراهية بينهم. فلنحذر فالشيطان جرب المسيح نفسه. 
6. قبل أن يحدثنا الكتاب عن كيف فاجأت الآلام أيوب\'a1 وحلت به في هذا العالم المنظور\'a1 حدثنا عن كيف تم تدبير الأمور في السماء في عالم الأرواح\'a1 لأن الشيطان الذي كانت بينه وبين أيوب عداوة شديدة بسبب تقواه التمس الإذن ليعذبه من الله فإن كان الله هو الذي يسمح فنحن إذن في يدي الله فلماذ الخوف. 
7. إعترض البعض كيف يكون للشيطان القدرة أن يصل إلى حيث العظمة الإلهية ومقر الملائكة الأطهار؟‍‍والرد أن الله ليس محصوراً في مكان (راجع  أر 23:24\'a1  أش 66:1 \'ba 1مل 8:27 +  أش 57:15 +  مز 139:1-12 ) فالله موجود في كل مكان ومثول الملائكة والشيطان أمام الله هو تنازل العزة الإلهية وتجليها أمام خليقته سواء البارة أو الأثيمة لكي يكشف مقاصده. ولكن يجب أن نفهم أن هناك فرق فالملائكة تعاين مجد الله وتفرح وتبتهج وتسبح أما إبليس فيرى عدل الله وحكمه ضده فيقشعر ويزداد هيجاناً على أولاد الله\'a1 إبليس إذا جاء وسط الملائكة لا يرى مجد الله بل يرى وجه الله الغاضب الذي يدينه. 
آية 7:- """"قال الرب للشيطان من اين جئت فاجاب الشيطان الرب وقال من الجولان في الارض ومن التمشي فيها"""". 
من أين جئت = هذه لا تعني أن الله لا يعرف بل تعني أنه مهما ذهب فهو تحت عين الله الفاحصة وبنفس الطريقة سأل الله آدم أين أنت. هو سؤال يشير أن الله يعرف كل ما كان يعمله الشيطان. الجولان في الأرض= الكلمة تعني العمل الدائم الثابت وبنشاط واسع وفي كل مكان. والشيطان لم يقدر أن يدعي بأنه كان يصنع خيراً فهو يعرف أن الله فاحص كل شئ ولم يجسر أن يعترف بأنه كان يصنع ضرراً فهو يقشعر بوجوده في حضرة الله. 
آية 8:- """"قال الرب للشيطان هل جعلت قلبك على عبدي ايوب لانه ليس مثله في الارض رجل كامل ومستقيم يتقي الله ويحيد عن الشر"""". 
الله هو الذي يبدأ بالسؤال فهو يعرف أن الشيطان حاقد عليه أي على أيوب والله يعرف أن الشيطان وضع في قلبه أن يشتكي أيوب ويلتمس الإذن بأذيته وتجربته. فبدأ الله يتكلم عن أيوب بإعزاز ويفتخر بعبده ويشهد لكماله وأنه يسلك بإستقامة فمما يفرح الله أن يتكلم عن أبناءه الأبرار """"أكرم الذين يكرمونني"""" وكون الله يبدأ بالسؤال فهذا يعني أن الله هو الذي في يده كل الأمور كضابط للكل ويظهر إهتمام الله بأيوب كشخص وهكذا بكل منا. وهو الذي بدأ لأنه كان يعرف نية الشيطان وأنه يريد أن يجرب أيوب وأن الله كان يريد هذه التجربة لصالح أيوب وحتى يكمل أيوب بالأكثر ويتنقى من بره الذاتي. وأن يبدأ الله بالكلام عن أيوب فهذا يعني أن الله يقول أنا أعرف مهمتك يا شيطان وأنا أعرف فيماذا تفكر. وله معنى آخر أن لنا شفيع مستعد أن يدافع عنا حتى قبل توجيه الإتهام إلينا. 
آية 9:- """"فاجاب الشيطان الرب وقال هل مجانا يتقي ايوب الله"""". 
 هل مجاناً يتقي أيوب الله:- لم يحتمل الشيطان أن يسمع الثناء على أيوب وهو لا يحتمل أي إنسان بار مجاهد فيوجه كل سهامه ضده. ولذلك تزداد حروب إبليس ضدنا حينما نعترف ونتوب ونتناول. وكل من لايحتمل أن يوجه مديح لشخص آخر غيره فهؤلاء يشبهون الشيطان. وبدأ الشيطان شكواه وهجومه ضد أيوب وهو لم يجد خطية في أيوب يشتكيه عليها فإفترى عليه بأنه لا يعبد الله من أجل الله ولكن لأنه يحصل على خيرات زمنية أي أن عبادته هدفها النفعية\'a1 وأنه إن لم يحصل على إمتيازات زمنية ما كان يعبد الله (وهناك من هو حتى الآن يعبد الله للحصول على إمتيازات وبركات مادية فإن خسرها ترك الله أو تصور أن الله تركه) بل إنها حرب من إبليس\'a1 فهو يتحايل على أولاد الله ويقنعهم أنهم لابد ان يحصلوا على أجر مادي وإمتيازات مادية في مقابل عبادتهم ولكن علينا أن نتطلع إلى الجزاء الأبدي والميراث السماوي فهذا ما أعده الله لنا ولنلاحظ أن الشيطان يشتكي على أولاد الله إذا أخطاؤا وهكذا أولاد إبليس. أما أبناء الله فيسترون الخاطئ. راجع قصة القديس الأنبا مقار حين تستر على خطية الراهب الزاني فسمع الصوت """"طوباك يا مقاريوس لأنك صرت شبيها بالله"""". 
ولنفهم أن الله ما كان يسمح للشيطان أن يشتكي على أيوب إلا لأن هناك خطية ملأت قلب أيوب وهي البر الذاتي. لذلك إستطاع المجرب أن يجد فيه مكاناً ليشتكي عليه وهذا جعل الله يوافق أن يجرب إبليس أيوب. أما المسيح فلأنه بلا خطية قال عن إبليس """"رئيس هذا العالم يأتي وليس له فيَ شئ""""
آية 10:- """"اليس انك سيجت حوله وحول بيته وحول كل ما له من كل ناحية باركت اعمال يديه فانتشرت مواشيه في الارض"""". 
 سيجت حوله= أي لحمايته وحمآية أسرته وممتلكاته. ودائماً شعب الله يتمتع فعلاً بحمآية الله  زك 2:5. وبدون بركة الله ما كانت ثروته قد إزدادت. 
آية 11:- """"و لكن ابسط يدك الان ومس كل ما له فانه في وجهك يجدف عليك"""". 
 يتحدث الشيطان هنا بخبث وحقد أن أيوب لو سمح الله وجربه فهو سيكف عن تقواه بل سوف يجدف على الله. فالشيطان يريد أن يثبت أن أيوب لا يتقي الله حباً في الله لكن حباً في عطاياه\'a1 ويريد إثبات أن الله ليس له عبد أمين واحد بين البشر وأنه لا يوجد في العالم اخلاص حقيقي في التقوى وكل التدين ما هو إلا إدعاء باطل وتظاهر وبذلك يصير الشيطان هو الملك الفعلي على كل البشر. ومع أن الشيطان له قوة خارقة لكننا نجده هنا قد أخطأ في حساباته فلا أيوب جدف ولا ترك الله\'a1 وذلك لأن الله وحده هو الذي يعلم ما في القلب ولذلك سمح الله بتجربة أيوب فهو يعلم أنه لن يجدف. والله وحده هو الذي يسمح بالتجربة ويحدد مداها\'a1 وهو يسمح إن كان هناك فائدة من التجربة للشخص نفسه. 
آية 12:- """"قال الرب للشيطان هوذا كل ما له في يدك وانما اليه لا تمد يدك ثم خرج الشيطان من امام وجه الرب"""". 
 الله هنا يعطي الإذن للشيطان أن يجرب أيوب ولكن في حدود= وإنما إليه لا تمد يدك = أي لا تمس جسده لكن أملاكه فقط. إذاً السلطان المعطى للشيطان محدود. والله لا يسمح بتجربة إلا في حدود ما نستطيع ونحتمل  1كو 10:13 والله عَلِم أن رصيد النعمة لدى أيوب يسمح له بأن يحتمل (راجع  مز 37:23-25) خرج الشيطان من أمام وجه الرب= وهكذا فعل قايين وهكذا يفعل كل شرير تابع للشيطان فهو لا يستطيع أن يبقى أمام وجه الرب. 
آية 13:- """"و كان ذات يوم وابناؤه وبناته ياكلون ويشربون خمرا في بيت اخيهم الاكبر"""". 
من شر الشيطان وكراهيته للإنسان خصوصاً الإنسان البار نجده هنا بمجرد أن حصل على سماح من الله بأن يؤذي أيوب شرع فوراً في التنفيذ ونلاحظ في خطة الشيطان أن ضرباته ضد أيوب كانت في يوم فرح حتى يكون للضربات وقع أكثر إيلاماً على نفس أيوب. وكانت الضربات متلاحقة متتابعة حتى لا يعطي لأيوب فرصة أن يلتقط أنفاسه أو يستريح فيتعزي. ونلاحظ في خطة الشيطان أيضاً أنه حاول الوقيعة بين الله وبين أيوب وبين أيوب وبين الله فهو حاول أن يشتكي أيوب لله وحاول أن يصور لأيوب أن كل هذه الضربات هى لغضب الله عليه\'a1 فالنار والريح هما بيد الله والله تركهم ضد أيوب وهجوم السبئيين والكلدانيين معناه أن الله لم يحافظ على عبده أيوب أو يحميه منهم\'a1 ولذلك وضع الشيطان في فم الغلمان قولهم نار الله سقطت من السماء. 
آية14 :- """"ان رسولا جاء الى ايوب وقال البقر كانت تحرث والاتن ترعى بجانبها"""". 
الشيطان يثير أيوب ضد الله\'a1 مع أن الشيطان هو الذى أو عز للسبئيين بأن يهجموا على ممتلكات أيوب. ولقد كانت خسائر أيوب مطابقة لكل أملاكه السابق ذكرها فكأنه خسر كل شئ وبسرعة\'a1 فلم يعطه الشيطان فرصة أن يتأمل في حياته السابقة وربما إكتشف خطية فيندم عليها أو يهدأ بين الضربة والضربة فيكون له خضوع مبارك أمام الله وقال أيوب بعد ذلك """"لأن البوار من الله رعب علىَ  أي 31:23""""
آية 15: """"فسقط عليها السبئيون واخذوها وضربوا الغلمان بحد السيف ونجوت انا وحدي لاخبرك"""". السبئيون= هي في الأصل شبا بالعبرية وكانوا غزاة ووصلت حروبهم وغزواتهم حتى اليمن التي تنسب أيضاً إلى نفس القبيلة. وكانوا غزاة يغيرون على البلاد ويسبون ساكنيها ويتاجرون في العبيد. الغلمان= الفلاحون والرعاة وهؤلاء قتلوا وهم يدافعون عن أملاك سيدهم ( تك 25:3)
آية 16:- """"و بينما هو يتكلم اذ جاء اخر وقال نار الله سقطت من السماء فاحرقت الغنم والغلمان واكلتهم ونجوت انا وحدي لاخبرك"""". 
نار الله= هو برق غير عادي وبكثافة شديدة وإتجه نحو أملاك أيوب مباشرة ومما يثير أيوب أنه كان يقدم ذبائحه لله في عبادته من مواشيه والأن يجد أن الله يسقط ناره ليلتهم كل مواشيه بدلاً أن يباركها. 
آية 17:- """"و بينما هو يتكلم اذ جاء اخر وقال الكلدانيون عينوا ثلاث فرق فهجموا على الجمال واخذوها وضربوا الغلمان بحد السيف ونجوت انا وحدي لاخبرك"""". 
 الكلدانيون= نسبة إلى المكان الذي سكنوه وهو كلديا جنوب بابل وكان منهم الكهان القدامى وكانوا قبلما يستولون على بابل يقومون بغزوات في الغرب\'a1 يتجولون في الأرض بين شرقي الأردن والفرات وبعد ذلك إستوطنوا بابل
آية 18:- """"و بينما هو يتكلم اذ جاء اخر وقال بنوك وبناتك كانوا ياكلون ويشربون خمرا في بيت اخيهم الاكبر"""". 
ضربة بنوه وبناته هي التي جرحت قلبه جرحاً عميقاً فهم أثمن ما يملك. لذلك حفظ الشيطان هذه الضربة لتكون آخر ضربة ليدفعه للتجديف على الله. والريح في يد الله فإذا جاءت الريح بهذه الشدة لتقتل الأولاد يفهم أن الله هو الذي فعل هذا وهكذا فهمها بلدد( 8:4). زوبعة= عاصفة تدور في سيرها فتدمر. 
آية20:- """"فقام ايوب ومزق جبته وجز شعر راسه وخر على الارض وسجد"""". 
 تمزيق الجبة وجز الشعر علامة الحزن\'a1 وهذه هى المشاعر الطبيعية\'a1 لقد تصرف أيوب كإنسان في محنته وهكذا بكى المسيح على قبر لعازر فالمسيح شابهنا في كل شئ ما عدا الخطية. والله لا يتضايق من المشاعر الطبيعية بل هو في كل ضيقة تلم بنا يتضايق. ولنلاحظ أن أي إنسان يتعرض لما تعرض له أيوب ولا يحزن يكون صخرة صماء لا إنسان. ومع كل هذا لم يصدر عن أيوب أي كلمة تجديف وظل محتفظاً بسلامه الداخلي حتى جاءه خبر موت بنيه بل هو خر على الأرض وسجد فهو في ضيقته لجأ إلى الله ولم يجدف عليه\'a1 لجأ إليه في عبادة وسجود ولم يهرب منه ويتركه. (هناك عادة رديئة عند بعض الناس الذين إذا مات لهم شخص محبوب ينقطعون عن الكنيسة فترة) وأن يلجأ الإنسان لله في ضيقته فهذا يعطيه فرصة أن يهدأ أمام الله ويعطيه الله سلاماً يصعب أن يجده الإنسان بعيداً عن الله. 
آية 21:- """"و قال عريانا خرجت من بطن امي وعريانا اعود الى هناك الرب اعطى والرب اخذ فليكن اسم الرب مباركا"""". . 
 هنا تظهر عظمة أيوب وإقتبس بولس الرسول هذه الآية  1تي 6:7. والخطية هي التي جعلت الإنسان عرياناً (هكذا يولد وهكذا يموت) ولكن الأنفس التقية تخرج لابسة ثوب البر.  2كو 5:3. الرب أعطي= هو نسب كل خيراته لله ولم يقل يداي وقوتي عملت بهما ثروتي. والرب أخذ= فنحن لا نهتم بمن هو سبب النكبة هل هو الشيطان أم الأعداء (سبئيين وكلداينين) أم هي الطبيعة (نار ورياح) بل نحن في يد الله\'a1 والله هو ضابط الكل وحين يضيع منا شئ نقول الرب سمح بهذا. بل أن بعض الناس يقولون في خسارتهم أن حظهم سيئ وهذا ضد الإيمان بأن الله هو ضابط الكل\'a1 وكل شئ تحت سيطرته هو. ولنلاحظ أن أيوب قال هذا القول الرائع وهو ساجد مصليا أمام الله فالعبادة وسط الضيقة تعطي قوة وعزاء للمتألم. وهذه الروح الخاشعة تؤدي للتسليم أمام الله بإقتناع. فليكن إسم الرب مباركاً= هذه من بركات الصلاة والروح الخاشعة فهو لم يلعن السبئيين ولا البرق ولا الريح ولا حظه السيئ\'a1 بل من فضلة القلب يتكلم اللسان\'a1 وقلب أيوب الخاشع لا يقدر أن يلعن لذلك بارك الله وشكره (وهكذا الكنيسة تعلمنا أن نشكر في كل مناسبة) فالتذمر والضجر وعدم الصبر تتهم الله في الواقع بالجهالة. 
آية22:- """"ي كل هذا لم يخطئ ايوب ولم ينسب لله جهالة"""". 
 الروح القدس يعترف لأيوب في شهادة كريمة بثباته وقداسته لأنه لم يخطئ."
"أيوب",1,2,"الإصحاح الأول"
"أيوب",2,1,"الإصحاح الثاني
الأيات 1-6:- """"و كان ذات يوم انه جاء بنو الله ليمثلوا امام الرب وجاء الشيطان ايضا في وسطهم ليمثل امام الرب\'a1 فقال الرب للشيطان من اين جئت فاجاب الشيطان الرب وقال من الجولان في الارض ومن التمشي فيها\'a1 فقال الرب للشيطان هل جعلت قلبك على عبدي ايوب لانه ليس مثله في الارض رجل كامل ومستقيم يتقي الله ويحيد عن الشر والى الان وهو متمسك بكماله وقد هيجتني عليه لابتلعه بلا سبب\'a1 فاجاب الشيطان الرب وقال جلد بجلد وكل ما للانسان يعطيه لاجل نفسه\'a1 ولكن ابسط الان يدك ومس عظمه ولحمه فانه في وجهك يجدف عليك\'a1 فقال الرب للشيطان ها هو في يدك ولكن احفظ نفسه"""". 
 لقد كان الشيطان واثقاً في نفسه أن أيوب سيجدف في المرة الأولي بعد كل الضربات التي أصابه بها\'a1 لكنه علي العكس بارك الله وكان هذا برهاناً علي أمانة أيوب وعلي كذب الشيطان وإفترائه\'a1 لذلك نجده هنا يجرب مرة أخري. فهو المشتكي علي البشر أمام الله نهاراً وليلاً  رؤ 12:10. كان يجب أن يخجل من المرة الأولي ولكن لنعلم أنه لن يكف عن ذلك حتي يطرح في البحيرة المتقدة بالنار والكبريت وحتي هذا اليوم فخبثه لن يهدأ\'a1 لذلك نجده هنا يوعز لله بأن يسكب غضبه علي أيوب نفسه. 
ونري هنا التصوير لمحكمة سمائية الله هو القاضي والشيطان هو المدعي الذي يوجه الإتهام لأيوب. ونجد الشيطان في كذب يقول أتيت من الجولان في الأرض كأنه لم يدبر كل هذه المؤامرات ضد عبد الله البار أيوب. ومن هنا نفهم القول بأن إبليس يجول يصنع شراً أما الله\'a1 فقيل عن المسيح """"يجول يصنع خيراً""""
ونجد هنا القاضي يدافع عن المتهم """"لأنه ليس مثله في الأرض رجل كامل. ويدين الشيطان قائلاً هيجتني عليه لأبتلعه بلا سبب. ولم يعترف الشيطان بأنه أخطأ بل قال جلد بجلد= كان هذا مثل شائع\'a1 فقد كانت الجلود عامة الإستعمال في المعاملات التجارية. وكل ما للإنسان يعطيه لأجل نفسه= أي لأجل حياته\'a1 والمعني أن أيوب مستعد أن يفرط في جلد غيره حتي أبنائه طالما جلده هو سليم. 
وهذا القول صحيح إلي حد بعيد فكثير من الناس إن لم يكن معظمهم يفضلون حياتهم وسلامتهم أكثر من أقرب الناس إليهم حتي أبنائهم. ونلاحظ أن الشيطان قد حول صبر أيوب وإحتماله لكل الخسارة التي وقعت عليه إلي تهمة جديدة وهي أنه غير مهتم بكل الخسائر التي لحقت به طالما أن الضربات لم تمس جلده هو شخصياً وبهذا يتهمه بالأنانية ويتضح في هذا كذبه لكنه هو كذاب وأبو الكذاب (مصدر كل كذب) وإستغل هذا ليطلب أن يجربه في عظمه ولحمه أي الأجزاء الحساسة والتي في آلامها تكون مؤلمة جداً. والله سمح للشيطان بهذا= ها هو في يدك فلا سلطان له علي البشر إلا بسماح من الله\'a1 ونلاحظ أن التصريح محدود بأن يحفظ نفسه أن يوجه له النكبات لكن ليس إلي الموت فكان الشيطان يطمع في أخذ نفسه أي يدفعه لآلام الإحتضار متصوراً أن هذه الآلام يمكنها أن تدفعه لأن يجدف وهو يموت فيفقد آخر فرصة للتوبة ويموت في حالة تجديف ويهلك. ولكن الله لم يسمح بأن تصل الآلام لدرجة الموت ولنلاحظ أن الحياة هي في يد الله وليست في يد إنسان أو شيطان. ومعني السماح الذي أعطاه الله للشيطان أن يصيب أيوب بمرض غير مميت. ولنلاحظ أن الله سمح للشيطان أن يجرب أيوب ثانية لأن مرض أيوب الدفين كان لم يظهر بعد. 
الآيات 7-10:- """"فخرج الشيطان من حضرة الرب وضرب ايوب بقرح رديء من باطن قدمه الى هامته\'a1 فاخذ لنفسه شقفة ليحتك بها وهو جالس في وسط الرماد\'a1 فقالت له امراته انت متمسك بعد بكمالك بارك الله ومت\'a1 فقال لها تتكلمين كلاما كاحدى الجاهلات االخير نقبل من عند الله والشر لا نقبل في كل هذا لم يخطئ ايوب بشفتيه"""". 
 ضربه بقرح ردئ= قيل أن مرضه هو الجذام وقيل أنه الحمرة في أعنف درجاتها وهي مؤلمة جداً وتقض مضجع المصاب بها فكم وكم لو أصابت الجسم كله ويقال أنها دمامل عنقودية في كل الجسم مع قروح وإلتهابات في كل الجسم. ومن أعراض مرضه 1) الحكة ( 2:8) هيئة وجهه تغيرت ( 2:12) ولحمه دوَد وكانت القروح يلتصق بها التراب وتتشقق ويخرج منها القيح ( 7:5) ومن آلامه لا ينام وإن نام تكون أحلامه مريعة ( 7:14) ولا يستطيع أن يتنفس ( 7:15) ولا يقدر أن يمشي ( 13:27) ورائحته كريهة ( 19:17) مع حرارة في عظامه ( 30:30) مما غير شكل وجهه ( 2:12) وجعل الأولاد يضحكون عليه ( 19:18)
أخذ لنفسه شقفة= أي يحك جسده بقطعة من أناء فخاري مكسور. ولنلاحظ
أن لعازر وجد راحته في السنة الكلاب التي جاءت لتلحس قروحه\'a1 أما أيوب فلم يجد. ونضيف علي آلام أيوب أن أولاده وخدمه هلكوا جميعاً وزوجته تخلت عنه. 
جالس وسط الرماد= تقول الترجمة السبعينية أنه جلس علي مزبلة خارج المدينة وعموماً فالرماد علامة حزن كأن من يجلس علي الرماد يفعل ذلك لأنه يتصور أنه لا يزيد عن هذا الرماد. والرماد علامة حزن وأيضاً علامة توبة  يونان 3:6 +  أي 42:6 +  أش 58:5. 
آية 9:- """"فقالت له امراته انت متمسك بعد بكمالك بارك الله ومت"""". 
 للشيطان أدواته التي يستعملها ليحارب الأبرار فيسقطون في التجديف ومنها:-
أ-الناس الأشرار مثل السبئيين والكلدانيين. 
ب-الطبيعة (النار والريح). بل هو وضع في فم الذي أنبأ أيوب بخبر الصدمة أن النار هي نار الله. 
حـ-حرب الشيطان الفكرية وتشكيكه أيوب أن الله لا يحبه أو أن الله يضطهده. 
د- ولقد إستخدم الشيطان أصدقاء أيوب ليزيدوا من ألمه. وأصقاء أيوب يحبون الله ولكنهم يجهلون طرقه فكانوا سبب ألام لأيوب حين إتهموه أنه خاطئ ويستحق ما جرى له. كان أصدقاء أيوب أتقياء وكلامهم فيه كثير من الصحه ولكن تطبيقه على أيوب كان خطأ فهم حكموا عليه ظلماً وكانت أحكامهم خاطئة لأنهم تصوروا أن معرفتهم كاملة """"هلك شعبى من عدم المعرفة"""" فعجزوا عن تعزية أيوب بل هم أثاروه فأخطأ. ولنتعلم أن لا نوبخ خاطئ بينما هو يتألم من نتائج خطيته فالمسيح ما وبخ خاطئاً واحداً بل أعلن محبته للجميع. خصوصاً أننا قد ندين من هم أبرياء. 
هـ-أخر من إستخدمهم الشيطان ليدفع أيوب للتجديف كانت زوجته (موضوع هذه الآية ). وربما تركها الشيطان دون أن يتسبب في موتها كما حدث لأبنائهما حتي تتعب أيوب وتنغص عليه عيشته بل لتجربه هي الأخري وتحرضه علي التجديف. ولنفهم أن الشيطان قد يستخدم أقرب الناس لنا\'a1 وكما جرب آدم عن طريق حواء وكما جرب المسيح عن طريق بطرس  مت 16:22\'a1  23. 
بارك الله ومت= كلمة بارك تحمل معنيين 1) الدعاء بالخير للأخرين 2) الدعاء بالشر ضد الأعداء. وبهذا نفهم أن كلمة بارك الله ومت تحمل المعني الثاني أي جدف علي الله ومت (وهكذا ترجمتها الترجمة الإنجليزية واليسوعية) ويكون المعني أن الله لن ينفعك بشئ إن طلبته\'a1 وأنت مائت لا محالة بسبب أمراضك فماذا يجديك أن تصرخ قائلاً يارب. كف عن أن تبارك الرب وجدف عليه فهو سبب ألامك المميتة. 
وهناك تفسير أخر فالكلمة """"بارك"""" قد تحمل معني السخرية والنفور كما يصرخ إنسان في إنسان آخر قائلاً """"مع السلامة"""" وذلك ليطرده. ويكون المعني المقصود إنكر الله وأتركه حتي لو أدي تجديفك عليه أن تموت فموتك خير من حياتك وأنت تتألم هكذا. وهكذا إبليس دائماً يحاول أن يوحي بأفكار قاسية عن الله فيوحي للإنسان بأن الله يسر بشقائه وتعاسته وهذه أفكار خاطئة لكن هدفها أن يجدف الإنسان علي الله وهذا هو هدف إبليس. وقد يستخدم إبليس طريقاً آخر ليصل لنفس الهدف نلمسه من قول زوجة أيوب وهو الهزء بمن يتمسك بكماله. والأرجح أن زوجة أيوب كانت تقية لكنها لم تحتمل التجربة (الفقر وخسارة أولادها)
تتكلمين كإحدي الجاهلات= لاحظ أنه لم يقل لها أنك جاهلة بل هو حتي في ألمه الشديد كان لسانه عفاً. وإكتفي بأن يؤنبها علي فكرها
أألخير نقبل من عند الله والشر لا نقبل= أيوب إعتبر أن الله ضابط الكل هو المسئول عن حياته وهكذا علينا أن نشكر الله علي الخير الذي يأتينا ولا ننزعج من الشر الذي يأتي علينا فنحن في يده ولا يأتي علينا شر إلا بسماح منه  يو 19:11. ولنلاحظ أن إحتمال أيوب الآلام بصبر هو إنتصار علي إبليس ولذا تعتبر آلام الإستشهاد التي تمثل الإماتة التامة للجسد هي نصرة نهائية علي إبليس ولذلك يعتبر الإستشهاد حرب ضد إبليس
الأيات 11-13:- """"فلما سمع اصحاب ايوب الثلاثة بكل الشر الذي اتى عليه جاءوا كل واحد من مكانه اليفاز التيماني وبلدد الشوحي وصوفر النعماتي وتواعدوا ان ياتوا ليرثوا له ويعزوه\'a1 ورفعوا اعينهم من بعيد ولم يعرفوه فرفعوا اصواتهم وبكوا ومزق كل واحد جبته وذروا ترابا فوق رؤوسهم نحو السماء\'a1 وقعدوا معه على الارض سبعة ايام وسبع ليال ولم يكلمه احد بكلمة لانهم راوا ان كابته كانت عظيمة جدا"""". مضي وقت بين الأحداث الأليمة السابقة التي حدثت لأيوب\'a1 وخلال هذا الوقت وصلت الأنباء لأصدقاء أيوب فسافروا إليه\'a1 وهم بحق أصدقاء أوفياء لم يعرفوه فقط في غناه بل تركوا بيوتهم ليعزوا صديقهم المتألم ويبدو أنهم في طريقهم إلي أيوب توصلوا لفكر مشترك أن الله لم يكن ليجازي أيوب بكل هذا الشر إن لم يكن أيوب شريراً جداً. وإتضح من كلام الأصدقاء الثلاثة أنهم كانوا علي درجة عالية من الحكمة والصلاح. وربما كانوا من نسل إبراهيم وإحتفظوا بشئ من ثمار إبراهيم الصالحة. وعموماً إمتازت بلادهم بالحكمة
أليفاز التيماني = كان من نسل تيمان حفيد عيسو ( تك 36:11)
بلدد الشوحي = كان ينتسب لشوح الذي ولدته قطورة لإبراهيم ( تك 25:2)
صوفر النعماتي = يقال أنه صفوا حفيد عيسو ( تك 36:11)
والصديق الحقيقي يعرف وقت الشدة. وهكذا المسيح صديق البشرية أتاها في شدتها وهو أتي ليعزينا فكان خير معزي. ولكن مشكلة أصحاب أيوب أنهم كانوا معزون متعبون ولنثق أن المعزي الحقيقي هو الروح القدس. 
ولم يعرفوه= فالقروح شوهت شكله. وبكوا= بكاءً مع الباكين فأن يذهب أحد ليعزي آخر\'a1 لا يكون المطلوب كلمات فقط بل مشاعر صادقة """"وهكذا المسيح الذي في كل ضيقتنا تضايق. ذروا تراباً= أرادوا أن يتذللوا مع صديقهم لم يكلمه أحد بكلمة= من ذهولهم وحزنهم لم يجدوا ما يقولونه\'a1 أوهم إختنقوا من شدة إنفعالهم\'a1 عموماً في بعض الأحيان يكون السكوت خير من الكلام بل أبلغ\'a1 وهم إكتفوا أولاً بأن يسمعوا منه عن متاعبه"
"أيوب",2,1,"الإصحاح الثاني"
"أيوب",3,1,"الإصحاح الثالث
أيوب هو مثال للصبر ولكنه إنسان\'a1 ونجده هنا قد أخطأ بشفتيه\'a1 والكتاب المقدس سجل ما قاله أيوب لا لنقتدي به بل لإنذارناً """"لكن يحذر من يظن أنه قائم حتي لا يسقط  1كو 10:11\'a1  12. ونجد أيوب هنا متذمراً من قسوة تجربته ولنلاحظ أن التذمر هو حكم علي الله بأنه أخطأ. أما يسوع فإحتمل الآلام دون تذمر بل بسرور لأجل خلاصنا. والكتاب المقدس أظهر أيوب وغيره من القديسين كبشر لهم ضعفاتهم فليس كامل إلا الله وحده. وفي غضبه
1. شكا من أنه قد ولد (1-10) ومنطقه هنا أنه إذا كانت الحياة هكذا صعبة فلماذا وُلِدت. 
2. شكا من أنه لم يمت حالما ولد (11-19). . . إذا سمح الله وولدت فلماذ لم أموت فوراً. 
3. شكا من أن حياته طالت وهو في محنته (20-26)إذا سمح الله وعشت فلماذا لا أموت وأنا متألم. 
ونلاحظ من تذمر أيوب أن الخراج المختفي بدأ يظهر من ضغط التجربة وحين تكلم متذمراً بدأ الخراج ينفتح ليخرج الصديد وظل الله يضغط وأيوب يتألم والصديد يخرج والله يضغط إلي أن شفي تماماً بقوله ها أنا حقير فبماذا أجاوبك 40:4
 آية 1:- """"بعد هذا فتح ايوب فاه وسب يومه"""". 
 لقد سكت الأصحاب لكنهم كانوا ينظرون لأيوب نظرات معناها التساؤل!! لماذا كل هذا إلا لو كنت خاطئاً\'a1 فكانت نظرات الإدانة في عيونهم. لذلك بدأ أيوب في الشكوي وهكذا كل من حلت به خسارة يعتقد أن له الحق في أن يشتكي ويتكلم\'a1 لكن الشكوي والتذمر لا تعطي راحة بل السكون والتسليم لله. 
سب يومه= أي يوم ميلاده. ومعني انه يسب يوم ميلاده أنه كان يتمني لو لم يولد قط\'a1 وهو بهذا نسي الخير الذي ولد لأجله والخير الذي عاش فيه زماناً طويلاً. وسب يوم الميلاد بسبب النكبات التي تحل بنا معناه أننا نخاصم الإله الذي سمح بهذا. والأفضل أن نكره يوم موتنا الروحي الذي تعلمنا فيه طريق السقوط والخطية. ومن سيكون مصيره جهنم مثل يهوذا يحق له أن يسب يوم ميلاده ( مت 26:24) وكثيرون سبوا يوم ميلادهم فهكذا فعل أرمياء ( 15:10 \'ba  20:14). ولكن لا يوجد من سب يوم ميلاده الثاني الذي حصل فيه علي نعمة البنوة. ولنلاحظ أن أيوب أخطأ حين سب يوم ميلاده وتذمر لكنه لم يجدف علي الله كما تصور الشيطان. 
آية 3:- """"ليته هلك اليوم الذي ولدت فيه والليل الذي قال قد حبل برجل"""". 
 ليته هلك اليوم= هذا تصور شعري فيه يتصور الشاعر أن يوم ميلاده كأنه شخص يموت ويرتعب\'a1 ولا يفرح. والمقصود أنه لو هلك يوم ميلاده ما كان قد ولد لهذا الألم الشديد. 
آية 4:- """"ليكن ذلك اليوم ظلاما لا يعتن به الله من فوق ولا يشرق عليه نهار"""". 
 لا يعتني به الله= تمني لو غضب الله علي يوم ميلاده\'a1 فاليوم الذي يكرمه الله يكون مكرماً. ليكن ذلك اليوم ظلاماً= ليحرم من بركة الشمس والقمر وأي مصدر للنور
آية 5:- """"ليملكه الظلام وظل الموت ليحل عليه سحاب لترعبه كاسفات النهار"""". 
 كاسفات النهار= هو إستمر في تصوير سواد اليوم متصوراً أن اليوم يصير ظلاماً بسبب كسوف الشمس
آية 6:- """"اما ذلك الليل فليمسكه الدجى ولا يفرح بين ايام السنة ولا يدخلن في عدد الشهور"""". 
فليمسكه الدجي= الدجي أي الظلام الشديد. لا يفرح= يكون حزيناً ففيه ولد أشقي الناس الذي هو أنا
آية 7:- """"هوذا ذلك الليل ليكن عاقرا لا يسمع فيه هتاف"""". الليل ليكن عاقراً= معني الكلمة المستخدمة موحشاً ومؤلماً\'a1 أي ليلة ميلادي ليلة موحشة كلها ألم. أو أن الليل هذا لا يفرح بأن يكون له مولود أي لا يعقبه ليل مثله. 
آية 8:- """"ليلعنه لاعنو اليوم المستعدون لايقاظ التنين"""". 
 لاعنو اليوم= إشارة للسحرة الذين إدعوا أنهم لهم سلطة علي الأرواح والقوات الطبيعية وأنهم قادرين علي جعل اليوم """"نحس"""" وكمثال هم لهم سلطان علي الكسوف والخسوف وأن لهم معرفة بالأمور المستقبلة. وكانوا إذا قالوا عن يوم أنه مشئوم لا يجوز العمل فيه. وبما أن القدماء لم يعرفوا علة الكسوف والخسوف ظنوا أن حيواناً وهمياً كان يبلع الشمس أو القمر أو أنه كان يغطيه بإلتفافه عليه كحية عظيمة وأن للسحرة سلطة علي التنين فيوقظونه أو يسكتونه حينما يشاؤون. 
المستعدون لإيقاظ التنين= أي السحرة الذين كانوا يهددون بأن يوقظوا هذا التنين الذي يبتلع الشمس ليتحول النهار إلي ظلام. إذاً ليلعن السحرة يوم ميلادي ليصير مظلماً بأن يوقظوا التنين ليلتوي حول الشمس (التنين= لوياثان). وقد وردت كلمة التنين في الإنجليزية لوياثان (راجع 41:1 ) وهو يرمز للشيطان. وبذلك يكون السحرة يستخدمون قوة الشيطان (لوياثان)
آية 9:- """"لتظلم نجوم عشائه لينتظر النور ولا يكن ولا ير هدب الصبح"""" 
لاير هدب الصبح= الهدب هو رموش العين. والمقصود السحب التي تخرج من بينها أشعة الشمس صباحاً التي تحمل معها السرور والبهجة (وهو تصوير شعري)
آية 10:- """"لانه لم يغلق ابواب بطن امي ولم يستر الشقاوة عن عيني"""". 
 يغلق أبواب بطن أمي= أساس سخط أيوب علي نهار وليل ميلاده أنه لم يغلق بطن أمه حتي لا يولد. وهذا القول ما أسخفه ولكن في ثورة الغضب ينطق الإنسان بسخافات عندما يفلت زمامه. فكيف يتمني إنسان أن لا يولد فيحرم من بركات الله وميراثه السماوي\'a1 فأن يسمح الله بأن نوجد فهذا من مراحمه ورضائه علينا. صورة أيوب هنا صورة إنسان يائس تماماً من أن يرفع الله عنه ضيقته. 
الآيات 11-19:- """"لم لم امت من الرحم عندما خرجت من البطن لم لم اسلم الروح\'a1 لماذا اعانتني الركب ولم الثدي حتى ارضع\'a1 لاني قد كنت الان مضطجعا ساكنا حينئذ كنت نمت مستريحا\'a1 مع ملوك ومشيري الارض الذين بنوا اهراما لانفسهم\'a1 او مع رؤساء لهم ذهب المالئين بيوتهم فضة\'a1 او كسقط مطمور فلم اكن كاجنة لم يروا نورا\'a1 هناك يكف المنافقون عن الشغب وهناك يستريح المتعبون\'a1 الاسرى يطمئنون جميعا لا يسمعون صوت المسخر\'a1 الصغير كما الكبير هناك العبد حر من سيده"""". 
 هنا أيوب في يأسه يتمني لو كان قد مات عقب ولادته مباشرة. لماذا أعانتني الركب ولماذا الثدي حتي أرضع= الطفل المولود يكون ضعيفاً جداً. وإن لم تحفظه قدرة الله وعنايته يهلك. والعنآية الإلهية وضعت الرحمة في قلوب الأمهات بل رحمة وشفقة من كل الناس لأي طفل. وتذمر أيوب هنا معناه\'a1 وما فائدة هذه الرحمة والشفقة\'a1 ولماذا الركب التي حملت عليها (تدليل الطفل علي الركب علامة الحنان  أش 66:12 + تك 50:23) ولماذا أرضعتني أمي\'a1 كان الأفضل لكل هؤلاء أن يتركونني أموت صغيراً من أن أعاني ما أعانيه الآن. ولنلاحظ أن الجحيم هو المكان الوحيد الذي يصلح أن يقال عنه هذا الكلام فهم هناك سيشتهون الموت ولا يجدونه. أما نحن علي الأرض فمهما كانت ألامنا\'a1 يجب أن يكون لنا رجاء أن الله سيتدخل وينهيها وحتي إن لم يسمح بأن ينهيها فيجب أن يكون لنا رجاء في السماء. ونلاحظ أننا في العهد الجديد لنا إمكانيات أكبر من إمكانيات أيوب في إحتمال الآلام بسبب:-
1. التأمل في يسوع المصلوب والمتألم بسبب خطايانا وهو القدوس البار. 
2. ثقتنا الأكيدة في حياة المجد الأبدي التي أعدها الله لنا وهذا يعطينا إحتمال وصبر. وكانت فكرة القيامة والمجد الأبدي غير واضحة في العهد القديم. لذلك علينا أن لا نلوم أيوب بشدة علي كلماته الصعبة. 
3. الروح القدس الساكن فينا الآن\'a1 وفي كل المؤمنين هو الروح المعزي الذي يعطي عزاء وقت التجربة فمن ثماره السلام الذي يفوق كل عقل. 
أما حالة اليأس والتذمر ضد أحكام الله فتفقد الإنسان سلامه الداخلي وهي حالة خصام مع الله فيها تزداد حالة الإنسان كآبة فوق ألمه. وهناك من في يأسه يتمني الموت\'a1 ومن الأقوال المشهورة """"يارب فلتأخذني الآن فأنا لا أحتمل"""" ومن مراحم الله أنه لا يستجيب لأنه لو مات الإنسان في يأسه لهلك. فالإنسان الذي يؤمن بالله ومملوء بالروح القدس\'a1 يكون مملوءاً من الرجاء والثقة في الله. وبدون هذا الرجاء نصير أشقي جميع الناس. يضاف لهذا أن التذمر وعدم الصبر إذا ملأت القلب يحتقر الإنسان مراحم الله وبركاته\'a1 وتخرج الإنسان عن صوابه ويصير ناكراً للجميل. وهذا عكس قول بولس الرسول """"لي إشتهاه أن أنطلق وأكون مع المسيح فذاك أفضل جداً """". هنا بولس يشتهي أن يري أمجاد السماء\'a1 هو يقول هذا في ملء الرجاء وليس في حالة يأس\'a1 والدليل أنه يكمل لكن أن أبقي ألزم لأجلكم"""" فهو يريد أن ينطلق للسماء لكنه في تسليم كامل لمشيئة الله يسلم لله قائلاً """"إن أردت يارب أن تعطيني حياة لأخدمك فليكن ليس كإرادتي بل كإرادتك. قول بولس هنا في ( في 1:23\'a1  24) فيه منتهي التسليم والرجاء ولنلاحظ أننا حين نشتهي الموت لنكون مع المسيح ولكي نتحرر من خطايانا يكون هذا من عمل النعمة. ولكن حين نشتهي الموت لمجرد أن نتخلص من متاعب هذه الحياة كان هذا دليلاً علي اليأس وفساد الإنسان الداخلي. وللأسف كانت حالة أيوب هي هذه الأخيرة فهو تصور أنه في موته يستريح مضطجعاً ساكناً= كان كل ما يطمع فيه أن يهدأ من آلامه وأفكاره وذكرياته المؤلمة. لكنه لو خضع لمشيئة الله لحصل علي هذا الهدوء الداخلي. ولنلاحظ أن الحرب الشيطانية ضدنا دائماً في ألامنا أن نتذمر\'a1 دائما الشيطان يدفعنا لأن نتذمر وبدون وعي نندفع لآلام أكثر شدة. نمت مستريحاً= الكتاب المقدس يشبه موت المؤمنين بالنوم  دا 12:2 +  يو 11:11 +  أع 7:60. لأنهم عند موتهم يستريحون من أتعابهم ثم يستيقظون لحياة أفضل\'a1 والموت في تعريف الكنيسة هو إنتقال لحياة أبدية بعد حياة غربة """"ليس موت لعبيدك يارب بل هو إنتقال """"أوشية الراقدين"""" ويسمي نوم لأنه فترة مهما طالت فهي قصيرة. ومن المؤكد سيكون هناك استيقاظ. أما القدماء فلم يعرفوا تماماً حالة الإنسان بعد الموت كما أعلنت في العهد الجديد بل ظنوا أهل الهاوية (الهاوية مكان الموتي) أخيلة بلا أجساد وبلا أفراح الحياة ( مز 88:3-6 +  أش 14:9\'a1  10 +  أش 38:9-20) وأيوب كان له نفس الأفكار لكنه حسب الموت أكثر راحة من الآلام التي يعانيها. بل يتمادي في تصوير راحة القبر ويقول مع ملوك ومشيري الأرض= ولنفهم هذا القول نقول أن هناك أشخاص بعد أن يتذوقوا الغني والكرامة لا يستطعيوا أن يتحملوا الفقر والذل وأيوب هنا يتصور أنه لو مات صغيراً لكان قد مات في كرامة وعظمة مثله مثل ملوك الأرض\'a1 أي لو مات صغيراً قبل أن يري هذا الذل وهذه الألام. ولكنه يندب حظه أنه وصل لسن كبير وبعد هذا فقد كرامته. ولكن القبر يسوي بين الجميع الغني والفقير. . الخ. الذين بنوا أهراماً= هكذا فعل المصريين لذلك نقول أن كاتب السفر شعراً عاش في مصر وتأثر بالثقافة المصرية. رؤساء لهم ذهب غالبا المقصود الذهب والمقتنيات الثمنية التي توضع في القبور مع الشخص المتوفي. والأثار المصرية شاهدة علي ذلك. وهم كانوا يدفنون هذه الكنور مع الميت حفظاً لكرامته: ويتضح المعني الذي يقصده أيوب من قوله أو كسقط مطمور فلم أكن= السقط المطمور هو الجنين الذي ولد ميتاً. فواضح هنا أنه كان يتمني لو مات حالما ولد فلا يري هذا الذل والألم الذي هو فيه. ثم يسترسل في تصوير حالة الراحة التي يسعر بها أو يتمتع بها الميت فهو سيستريح من نفاق المشاغبين= هناك يكف المنافقون عن الشغب. والمستعبدون يتحررون= الأسري يطمئنون. وهذا صحيح إلي حد بعيد\'a1 فالموت راحة ونياح\'a1 راحة للجسد وراحة للنفس وراحة للروح\'a1 ولكن لمن هذه الراحة\'a1 هي فقط لمن كان خاضعاً لله في رجاء. 
الآيات 20-26:- """"لم يعطى لشقي نور وحياة لمري النفس\'a1 الذين ينتظرون الموت وليس هو ويحفرون عليه اكثر من الكنوز\'a1 المسرورين الى ان يبتهجوا الفرحين عندما يجدون قبرا\'a1 لرجل قد خفي عليه طريقه وقد سيج الله حوله\'a1 لانه مثل خبزي ياتي انيني ومثل المياه تنسكب زفرتي\'a1 لاني ارتعابا ارتعبت فاتاني والذي فزعت منه جاء علي\'a1 لم اطمئن ولم اسكن ولم استرح وقد جاء الرجز"""". 
 هنا ينتقل لفكرة جديدة وهي إذا سمح الله بأن أولد وإذا سمح بأن أكبر حتي الآن فلماذا يسمح بأن أعيش الآن وأنا متألم= لماذا يعطي لشقي نور الشقي هو المتألم\'a1 هو الذي يحيا في شقاء والتساؤل هنا لماذا يعطي له نور أي حياة تنفتح فيها عيني المتألم كل يوم ليري نور الشمس ويبدأ يوماً جديداً في رحلة آلامه. فالنور في نظره هنا لا فائدة منه إلا أن يري به آلامه. ويتمني أيوب أن لا يري النور ثانية أي يموت\'a1 بل هو يبحث عن الموت مثل كنز ولا يجده. ومن كلام أيوب نتصور أن الإنتحار كان فكرة مرفوضة فأيوب كان يبحث عن الموت علي أن يكون بيد الله وإرادته وليس بيده هو. وخطأ الفكرة أن يشتهي الإنسان الموت بسبب آلامه\'a1 أن بقاء الحياة ونهايتها شئ راجع لمشيئة الله وليس إلي مشئية الإنسان وحكمة الله وقضائه لا تقاس بحكمة الإنسان  رو 11:33-36 المسرورين إلي أن يبتهجوا\'a1 الفرحين عندما يجدون قبراً= تترجم هكذا """"الذين يفرحون إلي الإبتهاج ويستبشرون إذا وجدوا قبراً. أيوب هنا يتصور أن المتألم مثله يفرح بخبر الموت ويبتهج حين يجد قبراً يدفن فيه. 
ملحوظة:- إن كان هذا الكلام قد قيل عن الموت وراحته والفرح به من رجل عاش في العهد القديم لا يفهم معني أفراح الحياة الأبدية وأمجادها فماذا يقول من عاش في مفاهيم العهد الجديد. 
ويشرح أيوب سبب رغبته الشديدة نحو الموت فيصور حاله قائلاً
رجل قد خفي عليه طريقه= أي أصابته مصائب لا يقدر أن يفهمها. سيج الله حوله= المشاكل التي أصابه بها الله صارت كسور (سياج) حوله\'a1 وصار داخلها مثل سجين لا يري باباً للنجاة\'a1 وخفي عليه طريق الهرب أو الخروج من هذا السياج مثل خبزي يأتي أنيني= حسب الترجمة اليسوعية """"التنهد صار طعام لي"""" وحسب الترجمة الإنجليزية """"قبل أن أكل يأتي أنيني"""" أي كلما كان يبدأ ألاكل تأتيه التنهدات فلا يأكل. مثل المياه تنسكب زفرتي= تأتي كأمواج متلاحقة. زفرتى ترجمت فى الإنجليزية زئيرى. 
والأيات 26\'a1 25:- """" لاني ارتعابا ارتعبت فاتاني والذي فزعت منه جاء علي\'a1 لم اطمئن ولم اسكن ولم استرح وقد جاء الرجز"""". 
 لها معنيين الأول:- وهو في آلامه كان في رعب دائم من أن تأتي عليه آلام أخري أشد وما كان يخاف منه ويرتعب كان يحدث وكانت الآلام تزداد فكان في رعب دائم وألم دائم. وقد جاء الرجز= الألم والإضطراب 
والمعني الثاني:- أنه في أيام راحته لم يكن يشعر بإطمئنان بل كان في رعب من أن تزول عنه نعمته ورخائه\'a1 وما كان يرتعب منه ها هو حدث. وإن صح المعني الثاني يكون هذا عيب جديد في أيوب فهو لم يكن في سلام كامل مع الله بل كان متخوفاً من المستقبل. 
وأيوب في كل هذا لم يجدف علي الله بل تذمر من الوضع السئ الذي كان فيه ولكنه بكلامه المتذمر الذي وضح فيه إعتراضه علي مشيئة الله فتح باب المناقشات مع أصحابه حول هذه الإعتراضات"
"أيوب",3,1,"الإصحاح الثالث"
"أيوب",4,1,"الإصحاح الرابع
بعد أن عبر أيوب عن تذمره نجد أصدقاءه الثلاثة وكانوا قد إتفقوا علي رأي مسبق ضد أيوب\'a1 يبدأون في توجيه الإتهامات إليه. وكأنه قد عقدت محكمة كان الأصدقاء فيها هم خصوم أيوب\'a1 وأيوب نفسه هو المدعي عليه. وقد ظهر أليهو كأول وسيط\'a1 وأخيراً أعطي الله حكمه علي المناقشة. وقد فهم أصحاب أيوب أن تذمره وشكواه هما دليل علي فساد أيوب الداخلي. وكانت أراء أصحاب أيوب تتخلص في الآتي:-
1.  الله عادل وهو يجازي الإنسان الصالح بالخيرات في حياته والإنسان الشرير بالشر خلال حياته علي الأرض. 
2. ولأن أيوب يعاني كل هذه المعاناة فهو من المؤكد إنسان شرير جداً\'a1 وما تقواه الظاهرة سابقاً والتي سمعوها عنه إلا رياء وتظاهر. 
3. بالرغم من كل هذا فلو قدم أيوب توبة سيقبله الله ويستعيد أيوب كل ما كان له. 
ولقد رفض أيوب الإعتراف بأنه أخطأ في حق الله وبأنه كان مرائي في تدينه بل ظل يدافع عن نفسه بأنه وإن كان قد أغضب الله إلا أن قلبه كان مستقيماً معه. وبهذا صار موضع النزاع بين أيوب وأصحابه هل أيوب رجل أمين أم لا\'a1 والعجيب أن هذا هو نفس موضوع النزاع بين الله والشيطان. 
ويحسب للأصحاب أراؤهم الإيجايبة وإيمانهم الصحيح في الله\'a1 فهم أظهروا إيمانهم بوجود إله واحد قوي في الكون وهو مسئول عن كل شئ فهو ضابط الكل وهو عادل يجازي الأشرار شراً ويجازي الأبرار خيراً. 
ولكن كان خطأ الأصحاب في تحليل المواقف
1. هم أخذوا جانباً من الحقيقة وتركوا الجانب الأخر فهناك كثيرين من الأبرار يصيبهم الشر وكثيرين من الأشرار ينعمون في الخيرات\'a1 فمجازاة الله للأشرار بالطوفان أو بحريق سدوم وعمورة ليسا أمثلة دائمة لهلاك الأشرار فالمرتل في  مز 73 يشتكي من أن الأشرار ينعمون في خيراتهم\'a1 وهابيل هلك وهو بار\'a1 بل كيف نفسر صليب المسيح وآلامه علي ضوء نظرية الأصحاب وراجع أيضا  لو 13:1-5. ولكن حتي نفهم هذا نقول أن الله يلاحظ طريق كل إنسان ولكن تعاملات الله ليست بحسب فكر الإنسان. 
2. محاولتهم إدانة أيوب بكل الطرق والوسائل وكأنهم صاروا قضاة\'a1 خبراء في طرق الله\'a1 بل هم أخذوا مكان الله الديان العادل وحده. 
وكان خطأ الأصحاب في نظريتهم وفي تطبيقها علي أيوب سبباً في زيادة ثورة أيوب وكلامه المتذمر القاسي علي الله. 
ولنفهم أن الآلام ليست مرتبطة دائما بالخطية\'a1 فالآلام هي ثمرة طبيعية لدخول الخطية إلي العالم أصلاً\'a1 والخليقة كلها تئن منذ سقوط آدم. والآلام بهذا قد تصيب الشرير والبار. ولأننا نفهم أن كل الأمور تعمل معاً للخير وأننا نثق في بر الله وعدله ومحبته نتصور أن الألم إذا سمح به الله فهو من المؤكد أنه لصالح الإنسان\'a1 فهو يُكَمِل الأنسان\'a1 والألم هو النار التي تنقي الذهب ليلمع بالأكثر فيصبح الإنسان مثمراً بالأكثر في ملكوت الله\'a1 """"من يحبه الرب يؤدبه"""" عب12:5\'a1  6. بل قيل عن المسيح أنه قد تكمل بالآلام  عب 2:10\'a1 أي يصير شبيهاً للإنسان في كل شئ وطالما الآلام مرتبطة بالإنسان فكان علي المسيح أن يحملها حتي يصير إنساناً كاملاً. 
ونجد هنا أن أليفاز يبدأ الحديث وذلك غالباً لأنه أكبرهم سناً. 
الأيات 1-4:- """" فاجاب اليفاز التيماني وقال\'a1 ان امتحن احد كلمة معك فهل تستاء ولكن من يستطيع الامتناع عن الكلام\'a1 ها انت قد ارشدت كثيرين وشددت ايادي مرتخية\'a1 قد اقام كلامك العاثر وثبت الركب المرتعشة"""". 
 نجد أليفاز يبدأ بدآية مهذبة يمدح فيها أيوب قبل أن يهاجمه. وهذه هي طريقة المسيح ونلاحظها في رسائل المسيح لملائكة الكنائس السبع. 
إن إمتحن أحد كلمة معك= حسب ترجمة اليسوعيين والإنجليزية """"إن القينا إليك كلمة""""
من يستطيع الإمتناع عن الكلام= كان أليفاز في حالة غيرة روحية نحو مجد الله\'a1 وهو ظن أن أيوب قد أهان الله حين تذمر\'a1 ولذلك أخذته الحماسة ليرد عليه ولكنها حماسة تعوزها الحكمة\'a1 فهل من الحكمة أن يهاجم شخص مثل أيوب قد أدمت قلبه المصائب\'a1 كان عليه أن يداوي جراحاته قبل أن يهاجمه حتي لا يزيد حزنه حزناً. وبدأ أليفاز بأن ذكر أيوب بماضيه الحسن وكيف كان أيوب يشدد الحزاني وأنه كان يرشدهم في مصائبهم= ها أنت قد أرشدت كثيرين بل كان لعمل أيوب مع المتألمين نتائج إيجابية= قد أقام كلامك العاثر. فهو بنصائحه المباركة وتعزياته المقوية ثبت الركب المرتعشة لتحمل الإنسان المصاب في رحلة الحياة\'a1 وفي تحمل أثقاله
آية5:- """" والان اذ جاء عليك ضجرت اذ مسك ارتعت """". 
إذا جاء عليك ضجرت= أي حين جاءت عليك المصائب ضجرت\'a1 أنت الذي علمت الأخرين لماذا لا تعلم نفسك الآن\'a1 اليس هذا دليل ريائك. لقد جاء دورك الآن فأنت شرير مثل الأخرين والله يعاقبك أفلا تحتمل. بل نجد أليفاز يستهين بمصائب أيوب ويقول إذ مسك= أي أن ما يعاني منه أيوب مجرد مسة. 
آية6:- """"اليست تقواك هي معتمدك ورجاؤك كمال طرقك\'a1 اذكر من هلك وهو بري واين ابيد المستقيمون"""". إليست تقواك هي معتمدك= إذا كانت تقواك هي معتمدك فأين هي الآن؟ لماذا أنت متذمر هكذا؟ أين مخافتك لله وثباتك وصبرك وطرقك الكاملة؟ وملخص إتهام أليفاز لأيوب أن أيوب كانت تقواه مجرد تظاهر والدليل هو الآلام التي يعاني منها ولو كانت تقواه حقيقية ما كان الله يصب عليه كل هذه الألام\'a1 ولو كانت له تقوي فعلاً ما تذمر حين ضربه الله. وفي هذا تشابه أليفاز مع الشيطان فكلاهما يتهم أيوب بالرياء\'a1 فعندما عجز الشيطان إثبات هذا الإتهام إستخدم أليفاز. وليحذر الخدام من توجيه إتهامات قاسية للمتألمين\'a1 فالكتاب قال """"بكاء مع الباكين"""" فالخدمة ليست مجرد عرض عقائد ولكنها عقائد ممتزجة بمشاعر. فلا يصح أن ينتهر خادم أم فقدت إبنها وهي تبكي بحرقة مدعياً أن بكائها هو إعتراض علي عقيدة القيامة. بل علي الخادم وبكل حب تعزية هذه الأم بكلام الله وبأن إبنها في السماء ودون إنتهار\'a1 ولنذكر أن المسيح بكي علي قبر لعازر وهو يعلم أن سيقيمه. 
آية7:= """"اذكر من هلك وهو بري واين ابيد المستقيمون"""". 
 أذكر من هلك وهو برئ= أي إعترف بأنك خاطئ فلم يصاب بمثل ما أصبت به إلا الأشرار. وكلام أليفاز لا يعني الهلاك الأبدي بل المصائب الزمنية. وحقا لا يهلك برئ هلاكاً أبدياً\'a1 لكن المصائب الزمنية شئ آخر فهابيل قُتل وهو بار. بالإضافة لخطأ أليفاز في تطبيق المبدأ علي أيوب والله قال عنه أنه كامل. فخطأ أليفاز في أنه أدان أيوب دون وجه حق. 
آية 8:- """"كما قد رايت ان الحارثين اثما والزارعين شقاوة يحصدونها"""". 
 كما قد رأيت= أليفاز يبرهن علي نظريته بمشاهداته. الحارثين إثماً… يحصدونها والمعني طالما أنك تهلك الأن هكذا وتبيد\'a1 فإننا لنا الحق أن نعتقد بأنك حرثت وزرعت إثماً وشقاوة
آية 9:- """"بنسمة الله يبيدون وبريح انفه يفنون"""". 
بنسمة الله يبيدون= غضب الله علي الأشرارمشبه هنا بعاصفة شديدة مدمرة لا تترك وراءها سوي الخراب للأشرار وما يمتلكون. وبريح أنفه= قد تكون الإشارة للريح الذي هدم البيت الذي كان أبناء أيوب مجتمعين فيه. 
ورأي أليفاز هنا معناه أن الظالمين الذين بنوا ثروتهم ومجدهم الأرضي بظلم الأبرياء ستفشل كل مؤامراتهم إذ يبيد الله كل ما تعبوا في جمعه. 
الأيات 10\'a1 11:- """"زمجرة الاسد وصوت الزئير وانياب الاشبال تكسرت\'a1 الليث هالك لعدم الفريسة واشبال اللبوة تبددت"""". 
هنا يشبه الظالمين القساة بالأٍسود المزمجرة لقساوتهم وبطشهم. ويوجد في اللغة العبرانية خمسة أسماء للأسد ترجمت هنا في العربية بخسمة أسماء [الأسد/ الزئير/ الأشبال/ الليث/ اللبؤة]. وذكر الخمسة الأسماء في أيتين أي كل أسماء الأسد الخمسة في العبرانية ذلك للتدليل علي شدة بطش الظالمين في تمزيق وإفتراس ضحاياهم الأبرياء\'a1  1بط 5:8 والمقصود هنا أن أيوب كان ظالماً مثل هؤلاء. ولكن الله يكبح جماح هؤلاء الظالمين ومنهم أيوب طبعا (في نظر أليفاز)
زمجرة الأسد. . و أنياب الأشبال تكسرت= أي كسر الله سلاحهم وحطم قوتهم حتي لا يضرون أحد بل أسكت أصواتهم حتي لا يخيفون أحد. 
الليث هالك لعدم الفريسة= إن الذين اتخموا من الغنائم التي نهبوها من الأبرياء قد تنتهي بهم الفاقة أخيراً بأن يموتوا جوعاً
أشبال اللبوة تبددت= أي تشتتت (حسب الترجمة الإنجليزية). حينما ضرب الله الأباء الظالمين تشتت أولادهم في كل مكان بحثاً عن الطعام والملجأ. 
أيقال هذا الكلام عن أيوب الذي قال الله عنه أنه كامل\'a1 هل أيوب جمع ثروته ظلماً لذلك صنع به الله هكذا؟! كم يكون من المؤسف أن من يمدحه الله يسئ إليه إنسان بهذه الكيفية. لذلك يقول السيد المسيح """"لا تدينوا…""""
الأيات 12-21:- """"ثم الي تسللت كلمة فقبلت اذني منها ركزا\'a1 في الهواجس من رؤى الليل عند وقوع سبات على الناس\'a1 اصابني رعب ورعدة فرجفت كل عظامي\'a1 فمرت روح على وجهي اقشعر شعر جسدي\'a1 وقفت ولكني لم اعرف منظرها شبه قدام عيني سمعت صوتا منخفضا\'a1 االانسان ابر من الله ام الرجل اطهر من خالقه\'a1 هوذا عبيده لا ياتمنهم والى ملائكته ينسب حماقة\'a1 فكم بالحري سكان بيوت من طين الذين اساسهم في التراب ويسحقون مثل العث\'a1 بين الصباح والمساء يحطمون بدون منتبه اليهم الى الابد يبيدون\'a1 اما انتزعت منهم طنبهم يموتون بلا حكمة"""". 
 أليفاز هنا يستشهد برؤيا رأها ويرويها هنا لأيوب ليدينه. وأليفاز رأي رؤيا واضحة وحقيقية ولكنه أخطأ في تفسيرها أو في تطبيقها علي أيوب. فهذا أضاف رأيه الشخصي ورأيه خاطئ فهو كان يميل لإثبات شر أيوب. 
وهناك احتمالات لهذه الرؤيا
1. قد يكون أليفاز راي هذه الرؤيا بعد أن ظل يفكر طوال اليوم فيما حدث لأيوب. 
2. قد يكون أليفاز رأي هذه الرؤيا سابقاً. فالله كان يتحدث للبشر عن طريق الرؤي والأحلام قبل الكتاب المقدس. 
فالله أظهر هذه الرؤيا لأليفاز وملخصها أن الله لا يخطئ. والله أظهر له هذه الرؤيا لأن نفسه كانت ثائرة مضطربة وكان يتساءل لماذا اصاب كل هذا أيوب. وكان يمكن لأليفاز أن يستغل هذه الرؤيا في توبيخ أيوب علي تذمره ولكن أليفاز إستغل الرؤيا علي أنها إثبات لأن أيوب كان شريراً
آية 12:- """" ثم الي تسللت كلمة فقبلت اذني منها ركزا"""". 
 إلي تسللت كلمة= أي وصلت لي كلمة الله بطريقة سرية. وإن أعذب الإتصالات التي تتم بين النفس وبين الله تتم سراً """"من أراد أن يصلي فليدخل مخدعه ويغلق بابه عليه…"""". وهكذا يتسلل الكلام المعزي إلي داخل القلب بواسطة الروح القدس دون أن نحس خلال جلسة الصلاة في المخدع أو من خلال جلسة قراءة الكتاب المقدس. فقبلت أذني منها ركزاً= حسب الترجمة الإنجليزية """"فقبلت أذني منها القليل. والركز هو الصوت الخفي """"مختار الصحاح. وفي الترجمة اليسوعية """"فأحست أذني منها همساً"""". فأفضل الناس لا يقبلون وهم في هذا العالم\'a1 إلا القليل من المعرفة الألهية """"الأن أعرف بعض المعرفة  1كو 13:12. وهذا بسبب أن قدراتنا علي استيعاب السماويات محدودة بسبب أجسادنا البشرية. وكمثال لهذا لو جلس طفل أمام أستاذ في الفلسفة فلن يفهم من محاضرته إلا القليل جداً بحسب إدراكه. 
آية 13:- """" في الهواجس من رؤى الليل عند وقوع سبات على الناس"""". 
 في الهواجس= الهاجس هو ما يحدث الإنسان نفسه به. من رؤي الليل= أليفاز رأي رؤياه في الليل\'a1 والليل وقت مناسب للتأمل حينما يستريح الإنسان من جلبة العالم وضوضائه ويجلس في سكون [راجع ترنيمة قلبي الخفاق. . . . لقداسة البابا شنودة """"هوذا الأذن وقد اخليتها من حديث الناس حتي أسمعك] وهذه فائدة الخلوات\'a1 أننا نبتعد فترة عن ضوضاء العالم\'a1 ونصلي ونتأمل في هدوء. هناك نسمع صوت الروح القدس في داخلنا يعزينا. 
آية 14:- """" اصابني رعب ورعدة فرجفت كل عظامي"""". 
 أليفاز شعر برعب قبل أن يري أو يسمع أي شئ\'a1 وحينما إمتلأ قلبه من الخوف المقدس من الله\'a1 ومن عظمته صار مستعداً لهذه الرؤيا الألهية. 
الأيات 16\'a1 15:- """" فمرت روح على وجهي اقشعر شعر جسدي\'a1 وقفت ولكني لم اعرف منظرها شبه قدام عيني سمعت صوتا منخفضا"""". 
 روح علي وجهي= كلمة روح في أصلها العبري تعني نفس أو نسمة ولعل أليفاز شعر بشئ غير منظور كنفس الإنسان\'a1 أو نسمة مرت علي وجهه. إقشعر شعر جسدي= أي صار في حالة فزع شديد. وهذا صحيح علمياً فمع الخوف ينتصب شعر الإنسان. ولنري كيف يخاف الإنسان من رؤي الملائكة وكيف يفهم الإنسان جزءاً محدوداً من كلامهم. ولكننا بعد الموت سنحسب من عالم الأرواح وسنعرف كل شئ  1كو 13:12. وقفت ولكني لم أعرف منظرها= ربما في بدآية الأمر كانت هناك خيالات تجوز أمام عينيه ثم إستقرت الرؤيا أخيراً ولكنها لم تكن واضحة تمام الوضوح\'a1 ولم يستطع أليفاز أن يكون عنها فكرة صحيحة ولم يستطع وصفها. فنحن في الجسد معرفتنا بعالم الأرواح قليلة جداً. شبهٌ قدام عيني= مرآة كأنه خيال """"حسب ترجمة اليسوعيين. إذاً ما رآه كان حقيقياً لكنه غير قادر علي أن يصفه. سمعت صوتاً منخفضاً= حسب ترجمة اليسوعيين والترجمة الإنجليزية"""" """"فكان سكوت ثم صوت أسمعه"""" فكان أولاً سكوت ثم سمع الصوت. وعندما نريد أن نستمع صوت الله خليق بنا أن نصمت قليلاً فنعطي لأنفسنا فرصة أن نسمع الصوت الهامس داخل قلوبنا
آية 17:- """" االانسان ابر من الله ام الرجل اطهر من خالقه"""". 
 أألانسان أبر من الله= هذه هي رسالة الروح أو الملاك. هل يتجاسر إنسان أن يدعي أنه أطهر من خالقه= وقطعاً لا يدعي إنسان هذا ولكن معني الكلام أن الإنسان يدعي أن إستقامته تستحق أشياء أفضل من يد الله. والملاك في قوله هذا لأليفاز يهدئ من ثورته علي ما أصاب أيوب. وهذا القول يشبه  رو 11:33-35. 
آية 18:- """" هوذا عبيده لا ياتمنهم والى ملائكته ينسب حماقة"""". 
 هوذا عبيده لا يأتمنهم= الملائكة عبيد الله وخدامه وهم أرواح نورانية قديسة وكلهم حكمة ولكن حكمتهم وقداستهم شئ نسبي أيضاً بالنسبة لله. وحكمتهم مهما كانت فهي بالنسبة لله كلي الحكمة تعتبر جهلاً= وإلي ملائكته ينسب حماقة= ولذلك فالله يعطيهم أوامر وهم ينفذونها دون مناقشة ولكن الله لا يترك لهم حرية إدارة أمور الكون وأمور البشر\'a1 والله لا يستشيرهم بل يأمرهم وهم يطيعون. 
آية 19:- """" فكم بالحري سكان بيوت من طين الذين اساسهم في التراب ويسحقون مثل العث"""". 
 إذا كان الملائكة ينسب لهم الله حماقة فكم بالأولي الإنسان= سكان بيوت من الطين= إذاً الإنسان الترابي الذي هو روح ساكنة في جسد من الطين الكثيف هو أضعف جداً من الملائكة وهي أرواح فقط. والموضوع نسبي فالإنسان أضعف بكثير من الملاك والملاك أضعف بما لا يقاس بالمقارنة بالله. فالملائكة لأنهم أرواح فهم أحرار بينما الإنسان محبوس في بيت من طين يعرقل حركته\'a1 الجسد هو إناء خزفي يسهل كسره\'a1 لذلك يموت الإنسان بينما لا يموت الملاك. وموت الإنسان يكون بسهولة جداً= يسحقون مثل العث الذي يموت بين أصابع اليد. 
الأيات 20\'a1 21:- """" بين الصباح والمساء يحطمون بدون منتبه اليهم الى الابد يبيدون\'a1 اما انتزعت منهم طنبهم يموتون بلا حكمة"""". 
 بين الصباح والمساء يحطمون= تعتبر يشير لقصر حياة الإنسان كأنها نهار واحد. والأصح فنحن نتحرك طوال النهار في إتجاه الموت\'a1 فالموت يعمل فينا ونحن في حركة دائمة تجاه نهايتنا في التراب. وقوله يحطمون ويبيدون هو تعبير عن الموت الذي به ينتهي كل مجد ورفعة صنعها الإنسان في حياته. 
أما أنتزعت منهم طنبهم= الإنسان مشبه بخيمة ( 2كو 5:1) وموت الإنسان يشبه بنزع طنب (حبال) الخيمة. وهم ينزعون طنب الخيمة لطيها استعداداً للرحيل. يموتون بلا حكمة= فحكمتهم لا تقدر أن تضمن لهم عدم الموت. ولقلة أيام الإنسان لا يتقدم كثيراً في الحكمة ولكن في العالم الأخر سنزداد حكمة ومعرفة بلا حدود. 
بدون منتبه إليهم= هو أمر عادي أن لا ينتبه أحد لموتهم\'a1 ولا يضع أحد في قلبه أن فلان مات\'a1 فكل واحد مهتم بأموره. وهذا مما يثبت تفاهة الإنسان."
"أيوب",4,1,"الإصحاح الرابع"
"أيوب",5,1,"الإصحاح الخامس
آية 1:- """" ادع الان فهل لك من مجيب والى اي القديسين تلتفت"""". 
يشير هنا أليفاز إلي رؤيته السابقة للملاك الذي حمل له الرؤيا. فالملائكة يسمون قديسين  دا 8:13. وأليفاز وبلدد وصوفر إتفق ثلاثتهم علي إدانة أيوب وأن الله يعاقبه بسبب شروره السابقة بل زاد عليها تذمره الذي إعتبروه تجديفاً علي الله. وهم تصوروا أن بسبب شروره وتجديفه سينفض عنه الملائكة. وهنا أليفاز يحذره أنه لو إستمر في هذا المسلك المتذمر لما وجد له صديق من الملائكة يتشفع له. ونلاحظ أن الكلمة قديسين تطلق أيضاً علي البشر وهو يهدده بأنه إن لم يقدم توبة فسينفض عنه حتي البشر القديسين الذين يغيرون علي مجد الله. وأليفاز هنا يتحدي أيوب أن يستجيب له الملائكة كما إستجابوا له هو شخصياً\'a1 وهو تصور أن كل القديسين يقفون إلي جانبه ولن يجد أيوب أي منهم يقف إلي جانبه بسبب شروره [نجد هنا فكرة الشفاعة واضحة]
أدع الآن فهل لك ممن مجيب= الملائكة لن يعودوا يسمعوك يا أيوب لأنك تذمرت علي خالقهم ولأنك شرير ودليل شرك ما أنت فيه الأن. إلي أي القديسين تلتفت= التفت إلي من تحب فستجد كل القديسين معي في رأي ولن يتعاطف معك أحد منهم ومعني كلام أليفاز أنه لو غير أيوب موقفه لإلتفت إليه القديسين (قوة الشفاعة) ونلاحظ الصداقة بين أيوب وأليفاز مع الملائكة القديسين السماويين. 
آية 2:- """" لان الغيظ يقتل الغبي والغيرة تميت الاحمق"""". 
 لأن الغيظ يقتل الغبي= خطية الخطاة تؤدي حتماً لهلاكهم. فالغيظ والحسد والحقد والشر عموماً حين يسكن إنسان يدمره صحياً ويفقده سلامه\'a1 فالخطية عقوبتها فيها. وهذه النظرية صحيحة ولكن تطبيقها علي أيوب خطأ وظلم. فأليفاز يتهم أيوب أنه في حالة غيظ من الله وأنه إستسلم للغضب ضد الله وهذا الغضب ضد الله والغيظ منه ما هو إلا نار تحرق دم وعظام أيوب. والغيرة تميت الأحمق= الأحمق من يفسح صدره لمشاعر الغيظ والغضب من الله فهذا سيقتله. والغيرة هنا بمعني الغيظ
آية 3:- """"اني رايت الغبي يتاصل وبغتة لعنت مربضه"""". 
 إني رأيت الغبي يتأصل= هنا إتهام جديد لأيوب. فأليفاز يشير لنجاحه السابق. ومعني كلام أليفاز لأيوب أننا لن ننخدع بنجاحك السابق وإزدهارك قبل تجربتك فالشرير قد ينجح ولكن إلي حين وسريعاً ما يفشل. بل إذا ظن الشرير أن نجاحه يستمر فهو غبي. وأليفاز كان يعرف أنه مهما نجح الأشرار فنجاحهم هو إلي حين ولذلك يضيف وبغتة لعنت مربضه= هو لعن مسكنهم وحياتهم الخاطئة لأنه متأكد من خرابهم المفاجئ (هذا نفس ما عبر عنه كاتب  مزمور 73). وأليفاز حين رأي نجاحهم وأنهم بدأوا يتأصلون رأي بعين الإيمان مقدماً خرابهم وتنبأ عنه بينما هناك آخرين يرون الشر ونجاح الأشرار فيحسدونهم\'a1 هؤلاء هم من يظنون أن الأرض باقية. ولكن من ينظر للسماء لا يشتهي الأرض فهو يعلم أنها زائلة. وكلمة لعنت هنا تعني أنه رفض مسلك الأشرار حتي لو أدي هذا لنجاحهم. 
آية 4:- """" بنوه بعيدون عن الامن وقد تحطموا في الباب ولا منقذ"""". 
بنوه تحطموا= الإبن لا يرث خطية أبيه ولكن خطية الأباء تسبب خسائر زمنية للأبناء ولكن لا يؤثر هذا علي حياتهم الأبدية. وهم تحطموا في الباب= والباب مكان جلوس الأكابر والقضاة حيث المحاكمات. وأولاد الأشرار يكونون مكروهين من الجميع والكل يتهمهم ولا يسمع أحد لصوتهم. ولا منقذ= لن ينقذهم أحد من الخراب. 
آية 5:- """" الذين ياكل الجوعان حصيدهم وياخذه حتى من الشوك ويشتف الضمان ثروتهم"""". 
الذين يأكل الجوعان حصيدهم= أليفاز يشير لأن السبئيين والكلدانيين قد أكلوا كل ثروة أيوب وغلته بسبب شروره. وأنهم كانوا كالجوعي الذين رأوا ثروة أيوب فإنقضوا عليها يلتهمونها ولم يبقوا علي شئ. ويأخذه حتي من الشوك= حتي وإن سيج الشرير ثروته بسور من الشوك فهذا الجوعان\'a1 أو هذا الإنسان الذي ينقض
 لنهب ثروة الشرير مثل جوعان ليلتهمها\'a1 لن يهتم بهذا الشوك. 
ويشتف الظمان ثروتهم= تصوير آخر أن من سمح الله له بتأديب الشرير (الذي مثل أيوب) يكون مثل ظمآن رأي كأس ماء بارد (ثروة أيوب) فيمتصها لأخر قطرة. فهو شبه السبئيين والكلدانيين بإنسان جائع ظمآن إلتهم وشرب كل ما لأيوب. 
آية 6:- """"ان البلية لا تخرج من التراب والشقاوة لا تنبت من الارض"""". 
لأن البلية لا تخرج من التراب= أي أن البلايا التي تصيب الإنسان لا تأتي مصادفة. بل نتيجة شره. وإن كان الناس أشراراً فيجب أن لا يلقوا باللوم علي التراب\'a1 والطقس\'a1 والأرض. بل علي أنفسهم. هذه نظرية صحيحة ولكن في تطبيقها علي أيوب ظلم كبير. وكان أليفاز في كلامه جارحاً جداً لأيوب ويكفي أنه يذكره بموت أبنائه وبأن هذا نتيجة شره ( 5:4)
آية 7:- """"و لكن الانسان مولود للمشقة كما ان الجوارح لارتفاع الجناح"""". 
هذا القانون صحيح جداً. أن الإنسان بسبب خطيته تسبب في دخول الألم والمشقة للعالم """"أنا إختطفت لي قضية الموت"""" وأيضا قضية الألم وبسبب الخطية دخلت المشقة للعالم وصارت قانوناً مثل أن كل ذي جناح يطير ( أي 14:1 +  تك 3:19 \'ba  1بط 4:12 +  رو 5:12)
الأيات 8-16:- """"لكن كنت اطلب الى الله وعلى الله اجعل امري\'a1 الفاعل عظائم لا تفحص وعجائب لا تعد\'a1 المنزل مطرا على وجه الارض والمرسل المياه على البراري\'a1 الجاعل المتواضعين في العلى فيرتفع المحزونون الى امن\'a1 المبطل افكار المحتالين فلا تجري ايديهم قصدا\'a1 الاخذ الحكماء بحيلتهم فتتهور مشورة الماكرين\'a1 في النهار يصدمون ظلاما ويتلمسون في الظهيرة كما في الليل\'a1 المنجي البائس من السيف من فمهم ومن يد القوي\'a1 فيكون للذليل رجاء وتسد الخطية فاها"""". 
 لكن كنت أطلب إلي الله= أي لو كنت مكانك يا أيوب ووقعت عليَ مثل هذه الآلام لرجعت إلي الله وطلبت المغفرة وخضعت لما سمح به من عقاب وهذا توبيخ غير مباشر لأيوب لأنه لم يفعل ذلك. وعلي الله أجعل أمري أي إذا بسطت أمري أمامه يجب أن أتركه له وأنتظر بالصبر. ثم يورد أليفاز أوصاف رائعة عن الله تشير لإيمانه السليم ورؤيته الواضحة لله. 
الفاعل عظائم= هو قادر علي كل شئ وسلطانه مطلق. لا تفحص= لا يمكن أن ندرك عمقها\'a1 مثل أعمال الطبيعة الغامضة. عجائب لا تعد= هي عجائب لأننا لا ندرك كنهها ومن كثرتها لا يمكن عدها. المنزل مطراً= هو مصدر كل البركات. 
الجاعل المتواضعين في العلي= الله قادر أن يرفع المتواضعين. وهذه تشبه تسبحة العذراء ( لو 1:51-53). المبطل أفكار المحتالين= الله يفعل عظائم في شئون البشر\'a1 لينقذ عبيده من شرور من يحتال عليهم المحتالين. فلا تجري أيديهم قصداً= أي لا يترك الله أياديهم تتمم حيلهم التي قصدوها. الأخذ الحكماء بحيلتهم= أروع مثال لهذا الصليب الذي أعده هامان ليصلب موردخاي فصلب عليه هامان نفسه. بل المثال الذي كان صليب هامان رمزاً له هو الصليب الذي أعده إبليس للمسيح بمؤامرت اليهود فسمر به الشيطان  كو 2:13-15 وخلص بهذا أولاد الله. وكل المؤامرت التي دبرها أعداء الكنيسة بقصد إبادتها كثيراً ما آلت إلي إبادتهم فتتهور مشورة الماكرين= يستطيع الله بكل سهولة أن يهدم كل مؤامرتهم كما أفشل الله مؤمرات هامان وأخيتوفل. . . وكلمة تتهور معناها تتلاشي أو تفشل في النهار يصدمون ظلاماً= يسلب الله عقل الناس فصيرون بلا حكمة لأنهم أشرار ويصيبهم عمي القلب فيتحيرون حتي في الأمور التي تبدو واضحة جداً وسهلة جداً """"وبينما هم يزعمون أنهم حكما ء صاروا جهلاء  رو 1:22"""". والله يفعل هذا لينجي أولاده المظلومين= المنجي البائس من السيف. من فمهم= الله القادر أن ينجي أولاده المساكين المظلومين من السيف قادر أيضاً أن ينجي أولاده من الفم الذي يتكلم كلاماً قاسياً ضدهم. وبهذا يعزي الله أولاده= فيكون للذليل رجاء. وتسد الخطية فاها= يخزي الخطاة إذ يذهلون من غرابة الإنقاذ للبار. 
الأيات 17-27:- """" هوذا طوبى لرجل يؤدبه الله فلا ترفض تاديب القدير\'a1 لانه هو يجرح ويعصب يسحق ويداه تشفيان\'a1 في ست شدائد ينجيك وفي سبع لا يمسك سوء\'a1 في الجوع يفديك من الموت وفي الحرب من حد السيف\'a1 من سوط اللسان تختبا فلا تخاف من الخراب اذا جاء\'a1 تضحك على الخراب والمحل ولا تخشى وحوش الارض\'a1 لانه مع حجارة الحقل عهدك ووحوش البرية تسالمك\'a1 فتعلم ان خيمتك امنة وتتعهد مربضك ولا تفقد شيئا\'a1 وتعلم ان زرعك كثير وذريتك كعشب الارض\'a1 تدخل المدفن في شيخوخة كرفع الكدس في اوانه\'a1 ها ان ذا قد بحثنا عنه كذا هو فاسمعه واعلم انت لنفسك"""". 
نجد هنا كلمات تحذير حلوة ونصائح حكيمة رائعة يوجهها أليفاز لأيوب. وأليفاز وهو يقول هذا لم يكن يتصور أنه يتكلم عن أيوب نفسه الذي يحبه الله ولذلك يؤدبه. وذلك لأن أليفاز كان قد قرر أن أيوب رجل شرير. وكانت كلمات أليفاز الرائعة هي لتمجيد الله ولكنه لم يتصور أنه يصف حالة أيوب الذي طوبه الله. 
آية 17:- """" هوذا طوبى لرجل يؤدبه الله فلا ترفض تاديب القدير"""". 
هوذا طوبي لرجل يؤدبه الله= لأن من يحبه الله يؤدبه. ومن يؤدبه الله يجرحه ثم يعصبه ويشفيه بيديه (18). والله يحرس من يؤدبه وسط التجربة (21\'a1 20) ويباركه (23\'a1 24) وحينما يكمل تأديبه ينقله بالموت (26) كأن من يحبه الله يكمله بالآلام كل أيام عمره. لذلك لا ترفض تأديب القدير. فالتأديب علامة محبة الله الأبوية مهما كان قاسياً\'a1 فالدواء المر نافع فلا يجب أن ننفر منه. والله قادر أن يخرج من الآكل أُكل\'a1 ومن الآلام تأديب وخير للإنسان. لذلك علي الإنسان المتألم أن لا يعتبر الألم مصادفة بل يبحث عن السبب كأن الألم صوت من الله ورسالة من السماء. وإذا ما إحتمل الإنسان تصير آلامه بركة له= طوبي 
آية 18:- """" لانه هو يجرح ويعصب يسحق ويداه تشفيان"""". 
يجرح ويعصب= هذا مثل ما فعله الجراح يفتح ليشفي ثم يغلق الجرح. والله يجرح بتوبيخات أعمال عنايته الإلهية ثم يعصب بتعزيات روحه القدوس وهذه التعزيات تزداد كلما إزدات الضيقات. ويسحق ويداه تشفيان= ينجي في الوقت المناسب ويسحق هنا كما حدث لأيوب ولكن الله سحقه بالآلام ليشفيه ( هو 5:14\'a1  6:1) والموت مثال ينسحق فيه الإنسان بالكامل ولكن هذا أيضاً لشفائه ويقوم بجسد ممجد عوضاً عن جسدنا الضعيف لذلك قال بولس الرسول """"ويحي أنا الإنسان الشقي من ينقذني من جسد هذا الموت  رو 7:24. 
آية 19:- """" في ست شدائد ينجيك وفي سبع لا يمسك سوء"""". 
 في ست شدائد ينجيك وفي سبع لا يمسك سوء= هذا وعد بأنه بقدر ما تتكرر الضيقات والمتاعب تتكرر المعونة والإنقاذ. وعلينا أن نتوقع الشدائد ولا نيأس من أن الله سيتدخل لينقذ. والأرقام 7\'a1 6 هي عادة يهودية في الكتابة. فهم يضعوا رقماً لجذب الإنتباه وهو هنا رقم 6 ثم يزيدوه واحداً فيصبح 7 ليعني العمومية. والمعني أنه مهما كانت عدد الشدائد فالله يعد بأن ينجيك ولا يمسك سوء. خصوصاً إستخدام رقم 7 رقم الكمال للتدليل على كمال وعد الله. 
والوعد لا يمسك سوء= أي لن يصيبك سوءاً أو ضرراً حقيقياً. بل الله سوف ينتزع منها شرها وشوكتها حتي لا تضر\'a1 بل العكس يكون لها فائدة التأديب. 
آية 20:- """"في الجوع يفديك من الموت وفي الحرب من حد السيف"""". 
 في الجوع يفديك من الموت= عندما تعم الأحكام المدمرة يحمي الرب أولاده من أثارها السيئة. ولنفهم أن الضربات ليست عامة بل يد الله تتدخل لتنقذ أولاده في الوقت المناسب [ مثل إنسان يخرج من مكان صدفة فينهار المكان في كارثة وينجو هذا الإنسان\'a1 فلا نقول أنها صدفة\'a1 بل يد الله أنقذته]
آية 21:- """" من سوط اللسان تختبا فلا تخاف من الخراب اذا جاء"""". 
من سوط اللسان تختبأ= مهما قيل عنك بخبث لا يضرك. فسوط اللسان مؤلم لكنه لا يقتل\'a1 فإن كان الله قادر أن ينجيك من الموت في الحرب أو من الجوع فهو من المؤكد قادر أن ينجيك من الشر الأقل وهو سوط اللسان. فلا تخاف من الخراب= سيكون لك أمان وإطمئنان ناشئ من رجائك في الله حتي في أسواً الأوقات. 
آية 22:- """" تضحك على الخراب والمحل ولا تخشى وحوش الارض"""". 
تضحك علي الخراب= أي تسخر من الخراب القادم إذ تثق أن لا سلطان له عليك. 
المحل= الفاقة (ترجمة اليسوعيين). المجاعة (الترجمة الإنجليزية). والمحل بحسب مختار الصحاح هو الجدب أو إنقطاع المطر ويبس الأرض من الكلأ. 
لا تخشي وحوش الأرض= فمن يحميه الله لا تؤذيه وحوش الأرض. 
بل المؤمن لا يخشي الموت نفسه  1كو 15:55 +  رو 8:35
آية 23:- """" لانه مع حجارة الحقل عهدك ووحوش البرية تسالمك"""". 
لأنه مع حجارة الحقل عهدك= إذا كان للإنسان سلام مع الله يصير له عهد صداقة بينه وبين كل الخليقة وعندما يسير علي أرضه لا يخاف من أن يتعثر بأحد الأحجار. وهناك رأي آخر في الآية. أن الحجارة إذا وجدت في أرض تفسدها فلا ينمو الزرع. ومن يحميه الله يضمن له خصوبة حقله [وروحياً من هو في سلام مع الله ينقيه الله من خطاياه ليثمر ثمراً روحياً]. وحوش البرية تسالمك راجع  هو 2:18. ولنلاحظ أن من يصطدم بالله تصطدم معه خليقة الله. 
آية 24:- """" فتعلم ان خيمتك امنة وتتعهد مربضك ولا تفقد شيئا"""". 
خيمتك آمنة= تسافر وأنت مطمئن أنك تعود لتجد خيمتك آمنة فالله كان يحرسها لك\'a1 الله يحرسها في غيابك وفي وجودك. فالله يهيئ مسكناً لشعبه آمناً ويعطيهم سلام ويرعاهم فيدبرون حياتهم بإستقامة= مربضك= منزلك تدبره. 
آية 25:- """" وتعلم ان زرعك كثير وذريتك كعشب الارض"""". 
أيوب فقد كل بنيه. وأليفاز هنا يقول لو تبت عن شرك يكثر الله لك البنين. 
آية 26:- """" تدخل المدفن في شيخوخة كرفع الكدس في اوانه"""". 
 كرفع الكدس في أوانه= التشبيه هنا أن المرء في آخر أيامه إن كان صالحاً يموت في الوقت المناسب ويختم أيامه أخيراً بالفرح والكرامة بعد عمر طويل\'a1 يموت شيخاً وشبعان أياماً فالحياة الطويلة كانت علامة بركة ورضا من الله\'a1 ذلك في العهد القديم  مز 91:16. وأما الشرير يموت صغيراً في نظرهم  مز 55:23 وهنا يشبه الإنسان الصالح في موته بالحنطة التي تجمع إلي المخازن (الكدس)
الكدس= (ما يكدس فوق بعض). أما الأشرار فهم كالشوك للحريق. 
آية 27:- """" ها ان ذا قد بحثنا عنه كذا هو فاسمعه واعلم انت لنفسك"""". 
 ما قلته لك يأ أيوب هو ما تعلمناه من أبائنا لكنننا بحثنا في صحته وتأكدنا من أنها أقوال صحيحة= ها إن ذا قد بحثنا عنه. كذا هو. فإسمعه= يجب أن تنتفع أنت منه أيضاً لتزداد حكمة وطبقه علي نفسك وعلي حالتك. 
ولنلاحظ أن أليفاز هو إعرابي عاش منذ أكثر من 3000 سنة فكيف توصل لهذه المعلومات عن الله\'a1 وهي مملوءة حكمة عجيبة. هذه الحكمة هي التي يسكبها الله علي عبيده منذ قديم الزمان. وكان كل خطأ أليفاز هو في تطبيق المعلومات الصحيحة التي عنده علي أيوب لمحاولة إثبات أن أيوب رجل شرير\'a1 وبسبب شره صار لما هو عليه من آلام وخسارة."
"أيوب",5,1,"الإصحاح الخامس"
"أيوب",6,1,"الإصحاح السادس
لم يقتنع أيوب بكلام أليفاز\'a1 وبدأ يبرر نفسه في شكواه
الأيات 2-7:- """" ليت كربي وزن ومصيبتي رفعت في الموازين جميعها\'a1 لانها الان اثقل من رمل البحر من اجل ذلك لغا كلامي\'a1 لان سهام القدير في وحمتها شاربة روحي اهوال الله مصطفة ضدي\'a1 هل ينهق الفراء على العشب او يخور الثور على علفه\'a1 هل يؤكل المسيخ بلا ملح او يوجد طعم في مرق البقلة\'a1 ما عافت نفسي ان تمسها هذه صارت مثل خبزي الكريه"""". 
 يحاول أيوب هنا أن له الحق في الشكوي من متاعبه وأن مصيبة لا مثيل لها= ليت كربي وزن= لكان أثقل مما إحتمله أي إنسان\'a1 وهو أثقل مما يتصوره أصحابه. ومعني الكلام أن أيوب يلجا لشخص محايد ليزن كربه ويقنع أصحابه بأنه يفوق التصور. من أجل ذلك لغا كلامي= لغا تعني قال باطلاً والمعني إلتمسوا إلي عذراً يا أصحابي إن كانت هناك أخطاء وأقوال باطلة في كلامي فألامي رهيبة. هو هنا يتهم أصحابه بأنهم أدانوه دون أن يدركوا قسوة حاله وظروفه\'a1 وهو هنا يلتمس عطفهم عليه\'a1 عطفاً قد يخفف من آلامه. ويشكو أيوب من أن سهام القدير فيَ= لم تكن آلام أيوب ألاماً جسدية فقط بل آلامه النفسية روعته بالأكثر [فكان في ذلك مثالاً للمسيح]. وما آلمه نفسياً أن الله الذي كان يعبده بأمانة وحب العمر كله أصابه بهذه الألام. فكان فكره بأن الله هو الذي يعذبه هكذا كالسهام التي أصابته. وحمتها شاربة روحي= حمتها أي سمها. كانت السهام مسمومة وهذه السهام المسمومة كانت كوحش يشرب من دم فريسته\'a1 هكذا سهام آلامه النفسية شربت روحه فأصابت عقله بالإضطراب وزعزعت ثباته. لأنه فوجئ بأن أهوال الله مصطفة ضدي= كأنها جيش قد إصطف حوله. ثم وبخ أصدقائه بسبب إنتقاداتهم القاسية لشكواه وأنه لا مبرر لتوبيخاتهم له\'a1 فهو لا يتذمر بدون سبب كما يفعل المتذمرون الثائرون= هل ينهق الفرا علي العشب= الفرا هو حمار الوحش. وسؤال أيوب هلي رأيتم حماراً ينهق ويتذمر إذا كان العشب متوفراً أمامه؟ بل ينهق لو جاع إذ لا عشب. ومعني كلام أيوب أن حتي الوحوش المفترسة لا تنهق بدون سبب\'a1 وهي تنهق فقط إذا كانت متألمة\'a1 وأنا في أيام رخائي لم أتذمر\'a1 وهل كنت أتذمر إن لم أكن متألماً\'a1 فأنا لست بحجر. هل يؤكل المسيخ بلا ملح= هذا الكلام يفهم بمعنيين:
أولا: لقد صارت حياته بلا طعم كالطعام غير المملح= المسيخ هو الطعام الماسخ وأيوب كان يعاف أكل المسيخ ولكنه الأن في فقره إضطر أن يأكله. وحياته كلها صارت بلا طعم وهو مضطر أن يحياها= هذه صارت مثل خبزي الكريه. أي حياته. 
ثانياً:- هناك من فهم أن هذا الكلام يشير لكلام أليفاز الذي هو في نظر أيوب مثل المسيخ الذي بلا طعم """"ليكن كلامكم مملحاً بملح""""
الأيات 8-13:- """" يا ليت طلبتي تاتي ويعطيني الله رجائي\'a1 ان يرضى الله بان يسحقني ويطلق يده فيقطعني\'a1 فلا تزال تعزيتي وابتهاجي في عذاب لا يشفق اني لم اجحد كلام القدوس\'a1 ما هي قوتي حتى انتظر وما هي نهايتي حتى اصبر نفسي\'a1 هل قوتي قوة الحجارة هل لحمي نحاس\'a1 الا انه ليست في معونتي والمساعدة مطرودة عني"""". 
 أيوب هنا يعبر عن رغبته في الموت سريعاً لتنتهي كل متاعبه
ياليت طلبتي تأتي. . . رجائي= وكانت طلبته ورجاؤه هما الموت\'a1 ولكن مهما كانت شدتنا يجب أن يكون لنا رجاء في الله دائماً. بل تمني أن الله يرضي بأن يسحقه بالموت. وكان رجاؤه وتعزيته في أنه لم يجدف ولم يخطئ في حق الله= لم أمجد كلام القدوس. أيوب هنا يطمئن نفسه بأن الموت سينهي كل أحزانه وسيكون عزاؤه اكيداً لأنه لم يخطي إلي الله في حياته. ( لو 16:25) هنا نجد لعازر يتعزي والغني الشرير يتعذب. وهذا ما يقوله أيوب أنه سيكون له تعزية بينما للأشرار عذاب لا يشفق. ويعبر أيوب عن يأسه من أن تتغير أحواله إلي الأفضل ما هي قوتي حتي أنتظر= أي لا قوة لي لكي أنتظر هذا اليوم البعيد الذي لا أراه الذي وعدتني يا أليفاز بأن يأتي\'a1 يوم ينصلح فيه حالي وترد لي كرامتي. فصحتي واهنة جداً فأنا لست بقوي لأحتمل. هل قوتي قوة الحجارة. بل هو في يأسه لا يري مبرر لكي يرجو ويصبر أو حتي يرغب أمراً كهذا= وما هي نهايتي حتي أصبر نفسي= بحسب الترجمة الأنجليزية حتي أطيل حياتي= آية تعزية أرجوها لنفسى في حياتي بالمقارنة مع التعزية التي أرجوها في مماتي. إلا أنه ليست في معونتي= لقد فارقتني معونتي الداخلية والمساعدة مطرودة عني= أي مساعدتكم وأنتم أصدقائي\'a1 حتي هذه خسرتها. 
الأيات 14-30:- """" حق المحزون معروف من صاحبه وان ترك خشية القدير\'a1 اما اخواني فقد غدروا مثل الغدير مثل ساقية الوديان يعبرون\'a1 التي هي عكرة من البرد ويختفي فيها الجليد\'a1 اذا جرت انقطعت اذا حميت جفت من مكانها\'a1 يعرج السفر عن طريقهم يدخلون التيه فيهلكون\'a1 نظرت قوافل تيماء سيارة سبا رجوها\'a1 خزوا في ما كانوا مطمئنين جاءوا اليها فخجلوا\'a1 فالان قد صرتم مثلها رايتم ضربة ففزعتم\'a1 هل قلت اعطوني شيئا او من مالكم ارشوا من اجلي\'a1 او نجوني من يد الخصم او من يد العتاة افدوني\'a1 علموني فانا اسكت وفهموني في اي شيء ضللت\'a1 ما اشد الكلام المستقيم واما التوبيخ منكم فعلى ماذا يبرهن\'a1 هل تحسبون ان توبخوا كلمات وكلام اليائس للريح\'a1 بل تلقون على اليتيم وتحفرون حفرة لصاحبكم\'a1 والان تفرسوا في فاني على وجوهكم لا اكذب\'a1 ارجعوا لا يكونن ظلم ارجعوا ايضا فيه حقي\'a1 هل في لساني ظلم ام حنكي لا يميز فسادا"""". 
 هنا يشرح آية 13 :- """"الا انه ليست في معونتي والمساعدة مطرودة عني"""". التي سبق وقال فيها المساعدة مطرودة عني ويوبخ أصحابه بسبب إنتقاداتهم القاسية له ومعاملتهم العنيفة. إذ بينما إنتظر منهم مساعدة وتعزية وجد وإهانات وهجوم وكلام قاسي. 
آية 14:- """"حق المحزون معروف من صاحبه وان ترك خشية القدير"""". حق المحزون معروف. . . وإن ترك خشية القدير= لقد إتهمه أليفاز بأنه شرير وأيوب هنا يقول حتي لوكنت خاطئ وتركت خشية الله\'a1 فحقي أن يعزيني أصحابى وأنا حزين\'a1 فهذا حق كل محزون أن يعزيه أصدقائه فهو يحتاج عطفهم. هذه مبادئ إنسانية عامة. وقد تفهم الآية أنه من حق المحزون المتألم أن يعزيه أصحابه وإلا يكون الأصحاب قد تركوا خشية الله. وعادة يكون المنكوب بمصيبة كبيرة عرضة لأن يترك خشية الله ويصطدم مع الله وإبليس دائماً يسعي لهذا وعلي أصحاب المتألم أن يشددوه حتي لا يصل إلي هذه الدرجة. 
وفي الأيات 15-21:- """" اما اخواني فقد غدروا مثل الغدير مثل ساقية الوديان يعبرون\'a1 التي هي عكرة من البرد ويختفي فيها الجليد\'a1 اذا جرت انقطعت اذا حميت جفت من مكانها\'a1 يعرج السفر عن طريقهم يدخلون التيه فيهلكون\'a1 نظرت قوافل تيماء سيارة سبا رجوها\'a1 خزوا في ما كانوا مطمئنين جاءوا اليها فخجلوا\'a1 فالان قد صرتم مثلها رايتم ضربة ففزعتم"""". . 
 يشرح أيوب كيف خابت أماله في أصدقائه الذين كان يجب عليهم أن يقدموا له تعزية ومساعدة فإذ بهم سبب آلام جديدة له\'a1 وهو هنا يشبههم بالغدير= هو جدول ماء\'a1 يمتلئ بالماء وقت ذوبان الثلج من الجبال. ولكنه في الصيف يجف. ولذلك سمي بالغدير لأنه يغدر بالمسافرين الذين إعتادوا أن يشربوا منه في سفرهم شتاء\'a1 وبينما هم عطشى أثناء سفرهم صيفاً يذهبوا إليه ليشربوا منه فيجدوه وإذا هو قد جف. كذلك أصحاب أيوب كانوا في أيام رخائه مصدر تعزية له. وإذا جاءت الآلام حارة مثل الصيف لم يجد عندهم تعزية بل إزداد عطشه بسببهم. ولذلك فلنثق أن الله وحده هو المعزي الحقيقي لنا في ضيقاتنا وهو لا يغدر بنا أبداً\'a1 هو صخر الدهور وينبوع الحياة بينما تعزيات الناس أبار مشققة. 
مثل ساقية الوديان يعبرون= كمياه الأودية التي عبرت (الترجمة اليسوعية)= أصحابي صاروا مثل مياه عبرت الوادي وتركته بعد ذلك جافاً لا يروي أحد. 
التي هي عكرة من البرد= أثناء ذوبان الجليد تندفع المياه في فيضان يملأ هذه الجداول بمياه ذائب فيها الجليد. وكلمة عكرة تعني مندفعة بكثرة. إذا جرت إنقطعت. إذا حميت جفت= هي تجري في فصل الشتاء حيث لا يعطش المسافر أما إذا حميت الشمس في الصيف تجف بينما المسافر في إحتياج إليها. 
يعرج السفر عن طريقهم. يدخلون التية فيهلكون= القوافل المسافرة والتي تعودت أن تجد مياه مكان الغدير\'a1 في أثناء سفرها تدخل لتشرب وإذ لا تجد ماء تظل في دخولها لأعماق الصحراء حتي تتيه عن طريقها. وهكذا عندما يصير الأغنياء فقراء ويحتاجون إلي تعزية يبتعد عنهم من كانوا يلتفون حولهم سابقاً\'a1 بل قد يدوسونهم. وهكذا كل من له أمال عالية في الخليقة يخزي. . . فلنثق في الله وحده
قوافل تيماء. سيارة سبأ رجوها= قوافل تجارة هذه البلاد كان لهم رجاء في هذه الأغادير وهذه المياه ولكنها غدرت بهم. فخزوا= هكذا كل من يضع ثقته في مخلوق. 
آية 22:- """" هل قلت اعطوني شيئا او من مالكم ارشوا من اجلي"""". هل قلت إعطوني شيئاً= هل تظهرون هذا الجفاء لي حتي لا أطلب منكم معونة مالية في شدتي. إرشوا من أجلي= أسوني بشئ من أموالكم (اليسوعية). 
آية 23:- """" ونجوني من يد الخصم او من يد العتاة افدوني"""". أي لم أطلب منكم مساعدة ضد السبئيين ولا الكلدانيين لأستعيد ثروتي. وكثيراً ما يحدث أننا عندما نتوقع القليل من الإنسان نجد الأقل\'a1 لكن عندما نتوقع الكثير من الله نجد الأكثر. ( أف 3:20)
آية 24:- """" علموني فانا اسكت وفهموني في اي شيء ضللت"""". هو يعني أنكم تتكلمون كثيراً ولكنكم لم تلمسوا قضيتي ولم تستطيعوا أن تقنعونني\'a1 فلم أتعلم منكم شيئاً وأنا مستعد أن أتعلم إذا أظهرتم لي خطأي. 
آية 25:- """" ما اشد الكلام المستقيم واما التوبيخ منكم فعلى ماذا يبرهن"""". ما أشد الكلام المستقيم= لو لمست كلمات التوبيخ نقطة ضعف الإنسان تكون شديدة علي الشخص المخطئ. 
آية 26:- """"هل تحسبون ان توبخوا كلمات وكلام اليائس للريح"""". توبخوا كلمات= هل تحسبون أن كلمات صعدت مني وأنا متألم ثائر أنها دليل علي فسادي وشري الكامن في داخلي. وكلام اليائس للريح= الآية كلها مترجمة هكذا في اليسوعية """"أفي أنفسكم أن تلوموني علي كلمات يأس فرطت مني في الهواء"""". 
آية 27:- """" بل تلقون على اليتيم وتحفرون حفرة لصاحبكم"""". تلقون علي اليتيم= أيوب هنا يشبه نفسه في ضعفه باليتيم\'a1 فاليتيم لا قدرة له أن يدافع عن نفسه. وأيوب في حالته هذه غير قادر أن يدافع عن نفسه ضد هجوم أصحابه. وهم في هجومهم كأنهم يحفرون حفرة له= تحفرون حفرة لصاحبكم. فهم أولاً أظهروا تعاطفاً معه فتكلم بحريته وكان هذا شركاً له فهم أدانوه علي كلامه. 
آية 28:- """" والان تفرسوا في فاني على وجوهكم لا اكذب"""". تفرسوا في= انظروا إلي ترون علامات صبري وخضوعي لله بالرغم من تذمري. وتغرسوا في قروحي وأثارها واضحة تعرفون سبب تذمري. ولا تظلمونني. 
آية 29:- """" ارجعوا لا يكونن ظلم ارجعوا ايضا فيه حقي"""". إرجعوا= راجعوا أنفسكم في قراركم ضدي فأنا علي حق= فيه حق. 
آية 30:- """" هل في لساني ظلم ام حنكي لا يميز فسادا"""". هل جدفت علي الله\'a1 هل فقدت أدبي وعقلي\'a1 هل عدت لا أميز بين الخير والشر."
"أيوب",6,1,"الإصحاح السادس"
"أيوب",7,1,"الإصحاح السابع
الأيات 1-6:- """"اليس جهاد للانسان على الارض وكايام الاجير ايامه\'a1 كما يتشوق العبد الى الظل وكما يترجى الاجير اجرته\'a1 هكذا تعين لي اشهر سوء وليالي شقاء قسمت لي\'a1 اذا اضطجعت اقول متى اقوم الليل يطول واشبع قلقا حتى الصبح\'a1 لبس لحمي الدود مع مدر التراب جلدي كرش وساخ\'a1 ايامي اسرع من الوشيعة وتنتهي بغير رجاء"""". 
 أليس جهاد للإنسان علي الأرض= """"إن حياة الإنسان علي الأرض تجند"""" (الترجمة اليسوعية). """"ألا يوجد وقت محدد للإنسان علي الأرض"""" (الأنجليزية) ويصبح المعني أن أيوب يقول لأصحابه\'a1 أرجوكم أن لا تعتبرونني قد أخطأت إذا تمنيت الموت\'a1 كأنني لا أعلم أن لكل إنسان عدد معين من الأيام حددها له الله ليعمل فيها ويجاهد. وأن الوقت المحدد من الله لا يمكن تعجيله. ولكن كلماتي التي فيها تمنيت الموت إنما هي مجرد تعبير عن آلامي. كأيام الأجير أيامه= إننا نعمل كل أيام حياتنا ونجاهد مثل الأجير الذي يعمل كل اليوم ثم يذهب ليأخذ حسابه بحسب عمله ويذهب ليستريح. فأنا في ألامي أشتاق لراحة الموت كما يتشوق العبد الذي يعمل في الشمس الحارقة للظل ليستريح= كما يتشوق العبد إلي الظل وكما يترجي الأجير أجرته= هو لن يأخذ أجرته إلا بعد أن ينتهي من عمله فكأنه حين يترجي أجرته يشتهي في نفس الوقت راحته من تعبه. فحياته كلها مؤلمة= أشهر سوء وليالي شقاء. وكانت لياليه متعبة وليست للراحة مثل سائر البشر من شدة آلامه ورعب أحلامه وسواد أفكاره= إذا إضطجعت أقول متي أقوم وهذه الليالي المؤلممة قد قسمت له أي بمعرفة الله. وصور حالة جسده= لبس لحمي الدود= كان يوجد دود في قروحه. مع مدر التراب= المدر هي التراب المتلبد. فقد إختلط التراب مع قروحه فتلبدت كتل طينية من الطين والصديد في قروحه. جلدي كرش وساخ= تشقق وتقرح أو تقلص وتمزق (اليسوعية) فكان مرضه كريهاً جداً. وكان يقترب من الموت= أيامي أسرع من الوشيعة الوشيعة هي مكوك النساج. والحياة هي مكوك يتحرك بسرعة ذهاباً وإياباً وأيامنا أشبه بالمكوك الذي يسرع في الإنتقال من هذا الجانب من النول إلي الجانب الأخر في لمح البصر\'a1 إلي أن ينتهي الخيط الذي يحمله وعندئذ من النول ينقطع  أش 38:12. 
الأيات 7-21:- """"اذكر ان حياتي انما هي ريح وعيني لا تعود ترى خيرا\'a1 لا تراني عين ناظري عيناك علي ولست انا\'a1 السحاب يضمحل ويزول هكذا الذي ينزل الى الهاوية لا يصعد\'a1 لا يرجع بعد الى بيته ولا يعرفه مكانه بعد\'a1 انا ايضا لا امنع فمي اتكلم بضيق روحي اشكو بمرارة نفسي\'a1 ابحر انا ام تنين حتى جعلت علي حارسا\'a1 ان قلت فراشي يعزيني مضجعي ينزع كربتي\'a1 تريعني بالاحلام وترهبني برؤى\'a1 فاختارت نفسي الخنق الموت على عظامي هذه\'a1 قد ذبت لا الى الابد احيا كف عني لان ايامي نفخة\'a1 ما هو الانسان حتى تعتبره وحتى تضع عليه قلبك\'a1 وتتعهده كل صباح وكل لحظة تمتحنه\'a1 حتى متى لا تلتفت عني ولا ترخيني ريثما ابلع ريقي\'a1 ااخطات ماذا افعل لك يا رقيب الناس لماذا جعلتني عاثورا لنفسك حتى اكون على نفسي حملا\'a1 ولماذا لا تغفر ذنبي ولا تزيل اثمي لاني الان اضطجع في التراب تطلبني فلا اكون"""". 
 هنا في هذه الأيات نجد أيوب يتوجه بكلماته إلي الله. 
وفي الأيات (7-10) نجد أيوب يتوسل ويتضرع ومن (11-16)يصبح عنيفاً في مجادلته من (17-21) نجده في حيرة يتساءل لماذا؟. وهو توجه في حديثه لله إذ وجد أذان أصحابه رافضة أن تستمع إليه. وحسنا نفعل إذ نشتكي لله بدلاً من أن نشتكي للناس فإن كان الناس لا يريدون أن يصغوا إلينا فالله يريد\'a1 وإن كان الناس لا يمدون يد المساعدة\'a1 فيد الله لم تقصر وأذنه لم تثقل راجع  أش 59:1. 
أذكر إن حياتي إنما هي ريح= هنا أيوب يقدم نفسه لله كخليقة ضعيفة جداً فهو كريح\'a1 أي إقامته في الدنيا قصيرة جداً وعودته إليها مستحيلة\'a1 بخار يظهر قليلاً ثم يضحمل. ويقول هذا ليثير عطف الله عليه. عيني لا تعود تري خيراً= لا حياة بعد الموت لا تراني عين ناظري= بعد الموت لا يعود أحد يرانا. عيناك عليَ ولست أنا= عيناك تطلباني فلا أكون (اليسوعية). أي بعد أن أموت لن أكون كما كنت سابقاً والمقصود إشفق عليَ يارب طالما كنت هنا. والشفقة التي يطلبها هي الموت. الموت الذي يريحه للأبد حين تنتهي حياته المؤلمة والتي هي مثل سحاب ينقشع ويتبدد في الهواء. والسحاب ينتهي ويأتي سحاب جديد غيره\'a1 وأجيال تموت وتأتي أجيال أخري. ومن يموت لا يعود ثانية لبيته الأرضي= لا يرجع بعد إلي بيته. ولا يعرفه مكانه بعد= مكاننا الذي تركناه بالموت\'a1 حتي لو عدنا لن يعرفنا مكاننا الذي عشنا فيه. وحين شعر بأن أيامه إقتربت\'a1 وها هو ينهي أيام عمره بهذه الآلام المرعبة قال. 
أنا أيضاً لا أمنع فمي. اتكلم. أشكو بمرارة نفسى= أي لا أستطيع أن أمنع نفسي من أن أعبر عن ألامي بمرارة. ولكن أولاد الله حين يشعرون بأن حياتهم تقترب من نهايتها يجب أن يقضوا الساعات المتبقية أو الأيام المتبقية في إيمان وصلاة. 
ابحر أنا أم تنين حتي جعلت عليَ حارساً= صور القدماء البحر كتنين عظيم يحيط باليابسة ويريد أن يبتلعها فجعل الله له حداً لا يتعداه وأقام له مغاليق ومصاريع وقال إلي هنا تأتي ولا تتعدي وهنا تخم كبرياء لججك ( 38:8 +  أر 5:22). وصوروا أيضا تنيناً آخر في الجو يريد أن يبتلع الأجرام السماوية ومعني قول أيوب هل تعتبري يارب كتنين البحر أو تنين الجو لتجعل علي حارساً لئلا ابتلع الأرض أو كواكب السماء هل أنا يارب قوي وهائج جداً حتي لا يكبح جماحي سوي كل هذه النكبات. فأيوب صَوَر نكباته أنها هي الحارس الذي عينه الله لكبح جماح أيوب. ولنلاحظ أن الله فعلاً يضع حداً لكل قوي الطبيعة الجبارة (البحار/ الفيضانات/ البروق/ الزلازل) بل والحشرات والميكروبات بل والإنسان أيضاً حتي لا يتعاظم ويضرغيره. ثم يشكو أيوب من أنه لا يجد راحة في فراشه بسبب أحلامه المرعبة والرؤي المزعجة= تريعني بالأحلام وترهبني برؤي= وواضح أن الله ليس هو مصدر هذه الأحلام والرؤي بل هى ناشئة من إضطراباته النفسية بسبب آلامه. وربما كان الشيطان له يد في هذه الأحلام والخيالات فهو يسر بأن يزعج أولاد الله. فإختارت نفسى الخنق. الموت علي عظامي هذه= ترجمت الآية هكذا في ترجمة اليسوعيين """"حتي تؤثر نفسى الخنق وعظامي الموت"""" أي بسبب ألامي إختارت نفسى أصعب ميتة وهي الخنق. وعظامي آثرت الموت فهو أفضل من الآلام التي تعانيها. 
قد ذبت= قد يئست (يسوعيين). قد كرهتها (إنجليزية). أي هو كره حياته ويئس منها وإشتاق للموت ليجد راحة. لا إلي الأبد أحيا= أي حتي لو كنت سأحيا إلي الأبد فأنا رافض الفكرة فمن يضمن لي أن لا تعود لي ألامي ثانية. 
لأن أيامي نفخة كف عني= كلام صعب أن يطلب أيوب من الله أن يكف عنه أي يكتفي بهذا فهو ضعيف. كأنه يقول لله أيامي باطلة وهذا حسب (الإنجليزية) أي أيامي شقية فيكفيك ما قد قاسيته\'a1 فلتنهي حياتي بالموت. 
ثم يبدأ أيوب يتساءل إبتداء من آية (17) بعض التساؤلات. 
ما هو الإنسان حتي تعتبره= أي الإنسان حقير جداً حتي تستعظمه. وكأن الله قد نصب نفسه خصماً للإنسان. وتساؤل أيوب معناه هل يليق بالله العظيم أن يحقر نفسه بمخاصمته للإنسان. فأيوب تصور أن الله يكيل له الضربات إنتقاماً لخطأ صنعه أيوب دون أن يدرك. ولم يفهم أن الله أب حنون لا ينتقم من أولاده بل هم يؤدبهم. وحتي تضع عليه قلبك= أي تهتم به إهتماماً شديدأً. وتتعهده كل صباح= أيوب مازال يتصور أن الله في خصومة معه\'a1 ويوجه له بكل قوته ضربات كل صباح بنيما هو عاجز عن أن يقف أمامه. والذي لم يفهمه أيوب أن الله أن لم يضع قلبه علينا ويتعهدنا كل صباح لهلكنا في لحظة بل في طرفة عين. فهو يقول عيني عليك من أول السنة إلي أخرها. بل الله حين يضع قلبه علينا يعطينا كرامة. 
حتي متي لا تلتفت عني= هنا يشتكي أنه لا يجد هدنة\'a1 أو فترة راحة وسط آلامه
ريثما أبلع ريقي= أي ألا تسمح لي يارب بفترة راحة قليلة أتنفس فيها بلا ألم وتعبير أبلع ريقي هو تعبير عربي معناها دعني أستريح قليلاً. ثم يتساءل. 
أأخطأت= هو لا يريد أن يعترف أنه أخطأ\'a1 وحتي لو أخطأ فخطيته بسيطة لا تستحق أن ينتبه الله لها [هل كان أيوب يتصور وهو يقول هذا أن الله بسبب خطاياه وخطايا غيره\'a1 الخطايا الكبيرة والصغيرة سيعلق علي الصليب]. ومعني قوله أيضاً\'a1 حتي إذا أخطأت فلماذا لا تغفر. وإذ رأي أن الله لا يغفر يقول لله ماذا أفعل لك= ماذا أفعل حتي تغفر [لم يفهم أيوب أنه لا سبيل لغفران الخطية مهما فعل إن لم يصلب المسيح\'a1 أنظر قسوة كلام أيوب\'a1 هل لو كان أيوب يعلم كل محبة الله التي يضعها الله في قلبه لأيوب\'a1 وأن ما سمح به الله هو ليكون أيوب كاملاً\'a1 وأن الله يدبر الخلاص بدم المسيح في ملء الزمان\'a1 هل لو علم أيوب هل كان يقول نفس الكلام. وكم من مرة نقول ألفاظ صعبة علي الله المملوء محبة نحونا]
يا رقيب الناس= أي أن الله يراقبه دائماً ومهما فعل فإن الله لن يرضي عليه. 
لماذا جعلتني عاثوراً لنفسك= عاثور أي هدف تصوب نحوه السهام. فهو يشكو أنه صار هدفاً لسهام الله\'a1 هو وحده صار هدفاً لله. حتي صار عبئاً علي نفسه= حتي أكون علي نفسى حملاً= أي كاد يغرق تحت عبء حياته. ثم توسل إلي الله أن يغفر له ذنبه ويعود ليرضي عليه\'a1 وذلك قبل أن يموت. لأني الأن أضطجع في التراب= يقصد أنه إقترب من القبر. فإغفر قبل أن أموت ولا أتمتع برحمتك. ولا تتأخر في الغفران وإلا يكون الوقت قد مضي= تطلبني فلا أكون. وعلينا أن نصلي لتأتي رحمتك علينا وإلا هلكنا للأبد."
"أيوب",7,1,"الإصحاح السابع"
"أيوب",8,1,"الإصحاح الثامن
نجد هنا خطاب بلدد\'a1 وهو إستمر في نفس منهج أليفاز في محاولة إثبات شر أيوب وبينما بني أليفاز رأيه علي الرؤي والإعلانات الإلهية بني بلدد رأيه علي حكمة بني المشرق وتقليد الأباء الأولين. وأيضاً كان كلام بلدد كلام رائع ولكنه أخطأ في التطبيق\'a1 بل كان كلامه بلا أي عطف أو شفقة علي أيوب المسكين. 
الأيات 1-7:- """"فاجاب بلدد الشوحي وقال\'a1 الى متى تقول هذا وتكون اقوال فيك ريحا شديدة\'a1 هل الله يعوج القضاء او القدير يعكس الحق\'a1 اذ اخطا اليه بنوك دفعهم الى يد معصيتهم\'a1 فان بكرت انت الى الله وتضرعت الى القدير\'a1 ان كنت انت زكيا مستقيما فانه الان يتنبه لك ويسلم مسكن برك\'a1 وان تكن اولاك صغيرة فاخرتك تكثر جدا"""". 
 قال أيوب كلام كثير صحيح\'a1 أما بلدد فإحتد وهاجمه. أقوال فيك ريحاً شديدة= هو شبه كلام أيوب بريح شديدة لأنه كان يتكلم بحدة\'a1 ولكنها أقول تافهة بلا قيمة كالهواء. هل الله يعوج القضاء= أيوب لم يقل هذا. ولكن بلدد يظهر أنه يدافع عن الله لكنه في الواقع يحاول إثبات شر أيوب وأنه يستحق ما هو فيه من ألام. إذ أخطأ إليه بنوك دفعهم إلي يد معصيتهم= هذا القول فظيع. حتي وإن كان أولاد أيوب أشرار\'a1 فما كان يجب علي بلدد أن يزيد جروح أيوب هكذا بينما هو قد أتي ليعزيه. ثم يدعو أيوب للتوبة فيعيده الله أحسن مما كان. فإن بكرت أنت= لا تكن شريراً مثل أولادك الذين فاتتهم فرصة التوبة فهلكوا بل إسرع وإنتهز الفرصة وتب. ويسلم مسكن برك= إن كنت تقدم توبة حقيقية وترضي الله في طرقك ويكون بيتك مسكن بر لا مسكن ظلم\'a1 ولا يكون في بيتك غنيمة غنمتها بدون وجه حق حينئذ يستمع لك الله. 
الأيات 8-10:- """"اسال القرون الاولى وتاكد مباحث ابائهم\'a1 لاننا نحن من امس ولا نعلم لان ايامنا على الارض ظل\'a1 فهلا يعلمونك يقولون لك ومن قلوبهم يخرجون اقوالا قائلين"""". 
 نظرية بلدد هي أن نكبة الأشرار أكيدة حتي وإن كانت فترة من حياتهم مزدهرة فبالتأكيد ستكون فترة قصيرة بعدها يأتي عليهم الشر. ويبرهن علي ذلك بأن يلجأ لحكمة الأباء الأولين الذي سجلوا هذا الرأي= اسأل القرون الأولي= وهذا ما تفعله كنيستنا التي تهتم بأقوال الأباء. والفلسفة تعلمنا بأن الإنسان يبدأ من حيث إنتهي أباؤه\'a1 أي هو ينتفع بخبراتهم ويضيف عليها. بينما الحيوان يبدأ من حيث بدأ أبائه. لذلك يتقدم الإنسان في المعرفة ويبقي الحيوان علي ما هو عليه. لأننا نحن من أمس= أي خبرتنا هي لا شئ. بجانب خبرة وحكمة الأباء الأولين لذلك فأنا أخذ وأقتبس من حكمتهم. وكأنه يقول لأيوب أنت لا تصدقنا ولا تريد أن تعترف بنظريتنا\'a1 هب أننا لا نعرف شئ وخبرتنا قليلة بسبب نقص أيامنا= أيامنا علي الأرض ظل= أي قصيرة\'a1 لكن حاول أن تستفيد من خبرة الأولين الذين من قلوبهم يخرجون أقوالاً= أي أن ما يقوله الأباء يقولونه بصدق من كل قلبهم حسب ما يؤمنون به وما إختبروه. 
الأيات 11-19:- """"هل ينمي البردي في غير الغمقة او تنبت الحلفاء بلا ماء\'a1 وهو بعد في نضارته لم يقطع ييبس قبل كل العشب\'a1 هكذا سبل كل الناسين الله ورجاء الفاجر يخيب\'a1 فينقطع اعتماده ومتكله بيت العنكبوت\'a1 يستند الى بيته فلا يثبت يتمسك به فلا يقوم\'a1 هو رطب تجاه الشمس وعلى جنته تنبت خراعيبه\'a1 واصوله مشتبكة في الرجمة فترى محل الحجارة\'a1 ان اقتلعه من مكانه يجحده قائلا ما رايتك\'a1 هذا هو فرح طريقه ومن التراب ينبت اخر"""". 
 هذه الأيات غالباً هي قطعة شعر قالها الحكماء القدماء ويرددها هنا بلدد متهماً أيوب بأنه مرائي شرير وكان نجاحه وقتياً. 
هل ينمي البردي في غير الغمقة. أو تنبت الحلفاء بلا ماء= البردي والحلفاء ينميان علي ضفاف النيل في مصر. وهما يحتاجان للماء الكثير وحينما يقطعان وينفصلان عن الماء سريعاً ما يجفوا. أو إذا إنقطع عنهم الماء= وهو بعد في نضارته لم يقطع ييبس بسرعة جداً بالمقارنة مع العشب ويفقد نضارته. و هكذا الإنسان المرائي حين يترك الله يموت ويهلك ويذهب عنه بهاؤه. قد يستمر بهاؤه ونجاحه فترة ولكن سريعاً سيزول عنه كل إزدهار بسبب شره لأن الله سيتخلي عنه مثلما يبس البردي بسرعة حين إنقطع عنه الماء. ولذلك لأن جذور البردي ضعيفة جداً فإن لم يُروَ جيداً ييبس بسرعة جداً مهما بدا في خضرة وجمال وقتي. 
ورجاء المرائين خداع شديد لأنفسهم\'a1 فالشرير إذا نجح وقتياً يمني نفسه بأن نجاحه سيستمر\'a1 وهو يثق في نفسه بغرور وربما في كفاءته. ولكن ما نجاحه إلا كبيت العنكبوت= ولكن نجاحه هذا لابد وسيزول كما يزول بيت العنكبوت بسهولة جداً بالمكنسة أي عندما يأتي الله ليطهر بيته. إن العنكبوت يبني بيته ويعجب به جداً ولا يدري أنه واهي جداً وفي لحظة ينتهي. بل هناك مقارنة تعقد بين العنكبوت والنملة فكلاهما يكد ويعمل بجد\'a1 ولكن بينما النحلة تتغذي علي الندي السماوي\'a1 أو علي ثمار الندي السماوي فتنتج عسلاً (ثمار الندي السماوي أي كلمة الله) والعسل الناتج يكون فيه غذاء وفائدة للجميع\'a1 نجد العنكبوت يتغذي علي إصطياد الحشرات وإفتراسها. وهكذا الشرير ينهب بيوت المظلومين وحين يزول نجاح الشرير وينهدم كل ما بناه. ينقطع إعتماده= أي رجاؤه. 
ثم شبه المرائي بشجرة تنمو وسط أحجار\'a1 والشجرة أقوي من البردي ولها جذور تمتد لتبحث عن الماء. لكنها لوجودها وسط الأحجار لا تعيش طويلاً لأن جذورها تصطدم بالأحجار. وهذه الشجرة مهما كان جمالها فأي دودة أو حشرة زراعية تجعلها تجف. وما حدث مع يقطينة يونان مثل واضح فلا يوجد شئ ثابت في هذا العالم. رطب تجاه الشمس= أي تخضر تجاه الشمس وعلي جنته تنبت خراعيبه= الخراعيب هي الأغصان. أي أن أغصان هذه الشجرة ممتدة وتظلل البستان المزروعة فيه. ولكن مشكلة هذه الشجرة وجود حجارة كثيرة (راجع مثل الزارع) وأصوله مشتبكة في الرجمة= أي جذور الشجرة مصطدمة مع الحجارة. مثل هذه الشجرة أي آفة تقتلها سريعاً وتتلاشي حتي إن إقتلعه من مكانه يجحده قائلا ما رأيتك= كلام بأسلوب شعري بمعني أنه بعد إختفاء الشجرة وهلاكها\'a1 لو ظهرت مرة أخري فمكانها يقول لها لا أعرفك. وهكذا الشرير فكل نجاحه ينتهي (طريق الأشرار تهلك  مز 1:6). ولا يترك شيئاً لنسله ينتفعوا به. هذا هو فرح طريقه= نهآية أفراح الشرير خراب كل شئ. هذا هو الدرس الذي تعلمنا الحياة إياه. ولكن هل يستفيد الناس؟‍أبداً فبعد أن ينتهي شرير ويخرب يقوم آخر مكانه من التراب ينبت أخر. ربما قوله من التراب يعني الشجرة التي يمكن أن تنبت مكان الشجرة القديمة ولكن سيكون لها نفس المصير فالأحجار ما زالت موجودة. وربما يشير للخاطئ الذي مات وذهب للتراب وسيأتي بعده أناس ترابيون (عالميون\'a1 دنيويون\'a1 شهوانيون) يكونون في مثل شره وحماقته\'a1 وأيضاً سيكون لهم نفس مصيره. 
الأيات 20-22:- """"هوذا الله لا يرفض الكامل ولا ياخذ بيد فاعلي الشر\'a1 عندما يملا فاك ضحكا وشفتيك هتافا\'a1 يلبس مبغضوك خزيا اما خيمة الاشرار فلا تكون"""". . 
 بلدد في خيام حديثه يضع أمام أيوب طريقي الحياة والموت\'a1 البركة واللعنة. بمعني أن نصيبه البركة لو كان كاملاً مستقيماً\'a1 فالله لا يرفض الكامل. بل يملأ فاه ضحكاً. ويلبس مبغضوه خزياً= قد يخزي أعداء البار هنا في الأرض ولكن من المؤكد أن خزيهم سيكون كاملاً في السماء حينما يرونه متوجاً بالمجد. والعكس فالله لا يأخذ بيد فاعلي الشر. ويهدم مسكنهم= أما خيمة الأشرار فلا تكون."
"أيوب",8,1,"الإصحاح الثامن"
"أيوب",9,1,"الإصحاح التاسع
الأيات 1-13:- """"فاجاب ايوب وقال\'a1 صحيح قد علمت انه كذا فكيف يتبرر الانسان عند الله\'a1 ان شاء ان يحاجه لا يجيبه عن واحد من الف\'a1 هو حكيم القلب وشديد القوة من تصلب عليه فسلم\'a1 المزحزح الجبال ولا تعلم الذي يقلبها في غضبه\'a1 المزعزع الارض من مقرها فتتزلزل اعمدتها\'a1 الامر الشمس فلا تشرق ويختم على النجوم\'a1 الباسط السماوات وحده والماشي على اعالي البحر\'a1 صانع النعش والجبار والثريا ومخادع الجنوب\'a1 فاعل عظائم لا تفحص وعجائب لا تعد\'a1 هوذا يمر علي ولا اراه ويجتاز فلا اشعر به\'a1 اذا خطف فمن يرده ومن يقول له ماذا تفعل\'a1 الله لا يرد غضبه ينحني تحته اعوان رهب"""". 
 نجد أيوب هنا يؤكد بر الله وصلاح الله وسلطان الله المطلق وأنه لا يختلف مع أصحابه حول هذا الرأي. صحيح. قد علمت أنه كذا= أي أنا متفق معكم فيا قلتموه عن الله. ولكن كانت مشكلة أيوب التي حاول أن يعرضها أمام أصحابه استحالة أن يتبرر الإنسان عند الله= فكيف يتبرر الإنسان عند الله. في نظر أيوب أن يتبرر إنسان أمام الله شئ صعب فهو حاكم مطلق له كل السلطان علي الطبيعة فمن يقف أمامه\'a1 خصوصاً حين يضع الله في قلبه أن يرصد خطوات هذا الإنسان\'a1 فإذا تحول إنتباه الله الجبار من الطبيعة الهائلة إلي الإنسان الضعيف ورصد الله له كل خطية فمن يثبت أمام الله. وأمام قوته القاهرة\'a1 حينئذ سيكون الله كما لو كان ينقض علي فريسة ليسحقها. بل إن أقوي المتمردين مثل رهب لن يقف أمامه. ومن المؤكد أن قوة الله جبارة لكن أيوب في آلامه نسي أن محبة الله أيضاً جبارة\'a1 ولم تظهر هذه المحبة بقدر ما ظهرت علي الصليب. لقد ظن أيوب أن الله سيسحق الخاطئ ويا للعجب فقد سحق إبنه الوحيد عوضاً عن الخاطئ. ثم يبدأ أيوب يثبت صعوبة أن يتبرر إنسان أمام الله. إن شاء أن يحاجه لا يجيبه عن واحد من ألف= الله يستطيع أن يوجه للإنسان 1000 سؤال مربك\'a1 أو ألف خطأ إرتكبه الإنسان\'a1 ولا يستطيع الإنسان أن يجاوب عن سؤال واحد. فالله في حكمته يستطيع بسهولة أن يعلن حمق وجهل كل مدعي للحكمة. ولن نستطيع أن نبرر أنفسنا عن أي خطأ إرتكبناه. من تصلب عليه فسلم= كل من تحدي الله وتقسى أمامه لم يسلم\'a1 بل كل قساوة أمام الله تدل علي حماقة صاحبها. وهذا ما حدث مثلاً للشيطان. ولنلاحظ أن إبليس كان يمني نفسه أن يجدف أيوب علي الله لكنه تكلم حسناً عن الله وأظهر عظمته ومجده. ووصف أيوب الله بأنه حكيم القلب لذلك لا نقدر أن نجاوبه في المحاكمة. وأنه شديد القوة= فلا نقدر أن نقوي أمامه. ودليل قوته. المزحزح الجبال ولا تعلم= لقد جعل جبل سيناء يرتعد ( مز 68:8) وهذا يحدث من الزلازل والبراكين التي هي تحت سيطرة الله. ولا تعلم= أي ليس بإرادتها فالله هو الذي يزلزل الجبل وقتما يريد. بل ينقل الجبل إذا أراد (جبل المقطم ونقله) المزعزع الأرض من مقرها= الأرض مستقرة علي محورها والله وحده قادر أن يزعزع إستقرارها. وتتزلزل أعمدتها= هذا تصوير شعري يشير لأن الأرض مستقرة كأنها علي أعمدة والله حين يزلزلها كأنه يزلزل أعمدتها. أما عن العلم وأن الأرض لا تستقر علي أعمدة فهذا ذكر في ص  26:7 أن الله يعلق الأرض علي لا شئ. وقد قيل هذا بفم أيوب أيضاً مما يثبت فكرة الخيال الشعري. الآمر الشمس فلا تشرق= الله يأمر الشمس فتشرق ويأمرها فتغرب\'a1 وهو خلقها في البدء وهو القادر ان يزيلها. """"فالسماء والأرض تزولان"""" وراجع أيضاً  رؤ 21:1. وهو قادر أن يأمرها فلا تشرق\'a1 وهذا يحدث طبيعياً في الكسوف\'a1 وحدث معجزياً مع يشوع وأشعياء مع حزقيا وحينما صلب المسيح. فمع يشوع وقفت ومع أشعياء تراجعت ويوم صليب المسيح توارت. ويختم علي النجوم= في  أش 40:26 قيل يخرج بعدد جندها. كأن النجوم موضوعة في خزانة صباحاً ويخرجها الله مساءً بعددها لا ينقص منها واحداً\'a1 وهوج يختم عليها فلا يقدر أحد غيره أن يخرجها أو يدخلها\'a1 والمعني أنها تحت سلطانه وحده. ولقد زلزل الله الأرض مرة أيام الطوفان فإندفع الماء يغمر الجبال لأن القشرة الأرضية هبطت بجبالها فإرتفعت المياه حتي غطت الجبال. ولكثرة الأمطار الرهيبة إختفي نور الشمس عن الأرض. الباسط السموات وحده= هو بسطها في البدآية ومازال يحفظها مبسوطة كما هي. 
الماشي علي أعالي البحار= أي أن أمواج البحر العظيمة تحت سيطرة الله وهو يمنعها من أن تندفع لتغطي الأرض اليابسة. (وحين إنتهر المسيح البحر الهائج سكن)
صانع النعش. . . = النعش والجبار والثريا هي مجموعات نجوم وأيوب ذكر ثلاثاً منها كمثال. والنعش غالباً هو الدب القطبي الذي نحدد به الشمال الجغرافي. مخادع الجنوب= هي مجموعة النجوم التي لا تري إلا من نصف الكرة الجنوبي. 
هوذا يمر علي ولا أراه= الله يعمل في الخفاء وبكيفية لا تدرك\'a1 نحن نري أعماله ولكننا لا نراه\'a1 ومن أعماله نري بصيص من نور مجده غير المدرك  رو 1:19\'a1  20. 
حقا إن إدراكنا القاصر يعجز عن إدراك أعمال مشورته لكننا نلمس قدرته ومجده والله سلطانه مطلق لا يمكن الإعتراض عليه= إذا خطف فمن يرده= فإذا إنتزع الرب صحة إنسان أو ثروته أو أولاده لا يستطيع أحد أن يمنعه\'a1 بل هو يخطف حياة الإنسان نفسه ولا يستطيع أحد أن يقول له ماذا تفعل. وحقاً نحن الأن لن نفهم الحكمة في تصرفات الله. ولكن سيأتي الوقت الذي فيه نفهم أن ما إعترضنا عليه\'a1 أو رفضناه\'a1 أو حكمنا بأنه تم مصادفة\'a1 سنفهم أن كل شئ تم بحكمة لا نهائية. 
الله لا يرد غضبه= الله يطلق غضبه ضد الأشرار المعاندين ولا أحد يستطيع أن يمنعه. 
ينحني تحته أعوان رَهَب= رهب معناها الأصلي يعني الكبرياء. والكبرياء منسوبة لمصر وفي  اش 51:9 نفهم أن رهب هي التنين\'a1 وربما أطلق الإسم علي التمساح أو (التنين). ولأن التمساح منسوب لمصر وأيضاً الكبرياء هي خطية مصر صار إسم رهب إشارة لمصر  أش 30:7. وربما الإشارة لأسطورة قديمة تتحدث عن إخماد ثورة في السماء قام بها الوحش البحري رهب وأعوانه\'a1 ثم سيطر عليهم الله وثبتهم في السماء علي شكل مجموعة كواكب. فالذين يقاومون الله كثيرين لكن حين يريد الله فبسلطانه وقوته المطلقة يخضعهم. والله يقيناً يسحق كل من تجبر عليه وكل من يعين هذا المتمرد= أعوان رهب. 
الأيات 14-21:- """"كم بالاقل انا اجاوبه واختار كلامي معه\'a1 لاني وان تبررت لا اجاوب بل استرحم دياني\'a1 لو دعوت فاستجاب لي لما امنت بانه سمع صوتي\'a1 ذاك الذي يسحقني بالعاصفة ويكثر جروحي بلا سبب\'a1 لا يدعني اخذ نفسي ولكن يشبعني مرائر\'a1 ان كان من جهة قوة القوي يقول هانذا وان كان من جهة القضاء يقول من يحاكمني\'a1 ان تبررت يحكم علي فمي وان كنت كاملا يستذنبني\'a1 كامل انا لا ابالي بنفسي رذلت حياتي"""". 
نري أيوب هنا يطبق علي نفسه ما سبق أن قاله عن عجز الإنسان عجزاً مطلقاً عن أن يحاج الله. ونتيجة لهذا نراه ييأس من أن ينال رضاه\'a1 الأمر الذي نشأ من أرائه القاسية الظالمة عن الله\'a1 فالله في نظره إله جبار لا يقاومه أحد ولا يبرر إنسان. كم بالأقل أنا أجاوبه= إذا كان الله قادراً أن يخضع رهب فكم بالأولي أنا أيوب الخليقة الضعيفة المسكينة. وأختار كلامي معه= هل أستطيع أنا أمام هذا الإله الجبار أن أقف لأدافع عن نفسي وأتخير الكلمات المناسبة\'a1 هل سيعطيني هذه الفرصة. لأني وإن تبررت لا أجاوب بل أسترحم دياني= حتي لو كنت باراً ووقفت أمامه وشعرت بعظمته لن أستطيع أن أنطق بأنني بار بل سأطلب رحمته\'a1 فالله يري حتي أخطائنا التي لا نراها. وهذه هي الطريقة التي ينبغي أن نقف بها أمام الله\'a1 مثل العشار. بل وصل أيوب لحالة يائسة تماماً من إستجابة الله لصلواته. لو دعوت فإستجاب لي لما أمنت بأنه سمع صوتي= أي لو قدمت تضرعاتي وأعطاني سؤل قلبي\'a1 فإنني لا أعتقد بأن صلواتي هي العلة في الإستجابة. فالله يأخذ (يخطف) حين يريد\'a1 ويعطي حين يريد وليس ذلك بسبب صلواتنا أو إرادتنا بل بحسب سلطانه المطلق الذي لا يناقشه فيه أحد. ثم يضع صورة لله أنه ظلمه بلا سبب فهو لا يشعر في داخله أنه خاطئ بل هو بار= ذاك الذي يسحقني بالعاصفة= قد تكون العاصفة التي هدم بها منزل أبنائه. أو عاصفة غضبه الذي ظهر في كل ما حدث. ويكثر جروحي بلا سبب. وجروحه هي الصدمات المتوالية التي أتت عليه= ولا يدعني أخذ نفسى هل لو كان الله كما صوره أيوب يسحق ولا يدعه يأخذ نفسه كان يستطيع أن يقول هذا الكلام عن الله دون أن يقتله؟! كثيراً ما نظلم الله الحنون ثم يسترسل أيوب في تصوير قوة الله وعجزه عن الوقوف أمامه= إن كان من جهة قوة القوي يقول هأنذا= الله قوي ويقيناً لا أستطيع أن أقف أمام قوته ولا أمام قوة حجته= وإن كان من جهة القضاء يقول من يحاكمني= هنا يشير لله كحاكم أو قاضي مطلق وليس من يستطيع أن يقف أمامه فلا سلطة للإستئناف إن تبررت يحكم عليَ فمي= في ترجمة أخري """"إن ظننت نفسى بريئاً\'a1 فإن فمى يحكم عليَ"""" أي إذا حاولت أن أتكلم لأبرئ نفسى فمن المؤكد أنني سوف أخطئ فيحكم عليَ الله. وهذا كلام صعب فنحن يجب أن نقف أمام الله شاعرين بأننا كلنا خطية وفي إحتياج لأن يبررنا بدمه. وإن كنت كاملاً يستذنبني= أي لو قلت أنني كامل وبلا خطية فالله قادر أن يجد خطأ فيَ ليستذبنني\'a1 كأن يجدني متكبراً أو أكون قد فرطت بشفتي بكلمة يمسكها عليَ. ثم يصل أيوب لقمة غطرسته وكبريائه ويظهر بره الذاتي الذي يؤدبه الله عليه فيقول كامل أنا. اي مع كل ما قلته أن الله قادر أن يجد في خطأ إلا أنني في نظر نفسى فأنا كامل\'a1 لذلك لا أبالي بنفسى. رذلت حياتي= أي أنا مستعد أن أدافع عن نفسى وعن كمالي وبرائتي حتي لو أدي هذا لأن يهلكني الله فإني رذلت حياتي بسبب ألامي وأصبح الأمر عندي سيان\'a1 أن أموت أو أن أحيا هكذا. 
الأيات 22-24:- """"هي واحدة لذلك قلت ان الكامل والشرير هو يفنيهما\'a1 اذا قتل السوط بغتة يستهزئ بتجربة الابرياء\'a1 الارض مسلمة ليد الشرير يغشي وجوه قضاتها وان لم يكن هو فاذا من"""". 
 هنا يلمس أيوب نقطة الخلاف الأساسية مع أصدقائه الذين يصرون علي أن الآلام لا تصيب إلا الشرير ليثبتوا أنه شرير. هو يريد أن يثبت بره. هم يريدون أن يثبتوا أن الأبرار والصالحين ينجحون دائماً في هذا العالم\'a1 أما أيوب فيقول لا فإنه أمر عادي أن ينجح الأشرار ويُنكب الأبرار. هي واحدة لذلك قلت إن الكامل والشرير هو يفنيهما= ما قاله أيوب هنا هو صحيح إلي حد بعيد فالآلام تصيب الأبرار والأشرار. ولكن خطأ أيوب في قوله أن الله يفنيهما معاً. فالنار تصيب الآنية الذهبية فتنقيها وتصيب القش فتحرقه وتفنيه\'a1 لكن مفهوم أن الألم هو مؤدب لم يكن واضحاً عند أيوب. 
إذا قتل السوط بغتة يستهزئ بتجربة الأبرياء= السوط هو الألم الذي يسمح به الله\'a1 والألم إذا أتي يكتسح الكل أمامه حتي الأبرياء. وحين يري آلام وصراخ الأبرياء لا يهتم بل يستهزئ بآلامهم. وهذا كلام صعب من أيوب ونحن قد رأينا المسيح يبكي علي قبر لعازر وهو في كل ضيقنا تضايق ثم تألم هو وشعر بألامنا ليعين المجربين  عب 2:18. ولكن عندما تحتد الروح في المناقشة أو بسبب عدم الإقتناع\'a1 نكون في حاجة لكن نضع حارساً علي أبواب شفاهنا لكن نتحدث بوقار عن الله وعن الأمور السماوية. 
فالأرض مسلمة ليد الشرير= ربما كان أيوب يستشهد بحادثة حوله كان فيها ملك شرير يحكم الأرض حوله ويظلم الناس. ولكن نجد هذا المفهوم صحيحاً إلي حد بعيد ( رو8:20 +  لو 4:6 بل المسيح أطلق علي الشيطان رئيس هذا العالم) ولذلك نجد في بعض الأحيان الأشرار ينجحون لأنهم خروا وسجدوا للشيطان """"أعطيك كل هذه إن خررت وسجدت لي"""" لكنها تضيع فجأة فلماذا؟ يقول المزمور """"إن لم يحرس الرب المدينة فباطل سهر الحراس"""". فالشيطان قد يعطي لكنه لا يقدر أن يحفظ. ولنلاحظ أن الله سلم الأرض للشيطان ولكنه أي الله هو ضابط الكل. ومن يريد أن يعيش للأرض (الماديين والشهوانيين) سيكونوا تحت سلطان إبليس. أما من يريد أن يعيش في السماويات فلن يكون لإبليس سلطان عليه. 
يغشى وجوه قضاتها= أعمي عيون قضاتها. هنا يقصد أيوب أن القضاة الذين كان ينبغي عليهم أن يحكموا بالعدل فينصفوا المظلوم\'a1 كأن الله أعمي عيونهم وأصبحوا لا يروا الحق. وأيوب ينسب هذا الظلم لله\'a1 أي أن الله هو الذي سلم الأرض ليد الأشرار وأعمي عيون القضاة فصارت الأرض مملكة ظلم ثم يتمادي في رأيه الصعب القاسي قائلاً وإن لم يكن هو أي الله. . . فإذن من. 
الأيات 25-35:- """"ايامي اسرع من عداء تفر ولا ترى خيرا\'a1 تمر مع سفن البردي كنسر ينقض الى قنصه\'a1 ان قلت انسى كربتي اطلق وجهي واتبلج\'a1 اخاف من كل اوجاعي عالما انك لا تبرئني\'a1 انا مستذنب فلماذا اتعب عبثا\'a1 ولو اغتسلت في الثلج ونظفت يدي بالاشنان\'a1 فانك في النقع تغمسني حتى تكرهني ثيابي\'a1 لانه ليس هو انسانا مثلي فاجاوبه فناتي جميعا الى المحاكمة\'a1 ليس بيننا مصالح يضع يده على كلينا\'a1 ليرفع عني عصاه ولا يبغتني رعبه\'a1 اذا اتكلم ولا اخافه لاني لست هكذا عند نفسي"""". . 
 أيامي أسرع من عداء= كل أيامي الحلوة\'a1 أيام الرخاء ذهبت فجأة. تفر ولا تري خيراً= """"قد فَرَت ولم تصب خيراً"""" (الترجمة اليسوعية) لقد هربت منه أيام رخائه سريعاً ولم تترك له وراءها خيراً. تمر مع سفن البردي أي مرت سريعة فقوارب البردي قوارب خفيفة وسريعة في النيل. ولنستفيد من هذا ونفهم أن حياتنا تجري سريعة """"كبخار يظهر قليلاً ثم يضمحل"""". 
إن قلت أنسي كربتي (همومي وشكواي) أطلق وجهي وأتبلج (تبلج اي ضحك وهش) أي إذا حاولت أن أنسي همومي وأضحك لا أستطيع لأنني أخاف من أوجاعي أوجاعي أقوي من إرادتي أن انسي. وما زاد آلامه فلم يستطع أن ينسي كربته إنه كان يائساً أن يخلصه الله من آلامه\'a1 أو يخففها عنه. وإستمرار آلامه يثبت لأصحابه نظريتهم أنه شرير وهذا يؤلمه بالأكثر. ووصل في يأسه لأنه قال أنا مستذنب= أي أن الله أصدر قراراً بأنني مذنب رغماً من براءتي فلماذا أتعب عبثا= في محاولة تبرئة نفسي. ومهما حاولت أن أبرئ نفسي فلا فائدة حتي ولو إغتسلت في الثلج= المقصود الماء الذي كان ثلجاً وذاب فهذا الماء هو أنقي أنواع المياه فهو بلا شوائب. وغسل الأيدي علامة نقاوة القلب (كما فعل بيلاطس)= وحتي إن نظفت يدي بالأشنان. الأشنان تعني الصابون أو المطهر. فإنك في النقع تغمسني حتي تكرهني ثيابي= أي مهما حاولت أن أبرر نفسي أمامك فلا فائدة. ومعني الآية = النقع= المستنقع وكله روائح كريهة وحين يغمس أحد ثيابه في النقع يعاف من أن يلبسها لرائحتها ونتانتها. إذاً حتي لو طهر أيوب نفسه بإجتهاد فهو سيظل كريها نتناً أمام الله\'a1 بل أمام الناس بل حتي أمام نفسه. وهذا صحيح جداً فنحن خطاة بل بالخطايا ولدتنا أمنا. ومهما حاولنا أن نتبرر فلا فائدة\'a1 ولكن هناك طريق واحد للتبرير وهو دم المسيح الذي إذ نأتي إليه شاعرين بخطايانا كارهين أنفسنا معترفين أننا غير مستحقين يطهرنا دمه من كل خطية  رؤ 7:14 \'ba  1يو 1:9. 
والأيات(32-33) رائعتان. وكأن أيوب فيها يشتاق للمسيح إبن الإنسان الوسيط بين الإنسان وبين الله ( 1تي 2:5). لقد كان أيوب يائساً من أن يستمع إليه الله [وهذا صحيح فنحن غير مقبولين إلا بشفاعة دم المسيح]. وكان هذا قاسياً علي أيوب. وهو هنا يشتكي من أنه غير قادر علي الحوار مع الله لأن الله ليس إنساناً= ليس هو إنساناً مثلي فأجاوبه= أي لو كان إنساناً لتكلمت معه بلا خوف وشرحت له بري [والمسيح صار إنساناً لنتكلم معه بلا خوف ولكن لا داعي لأن نبرر أنفسنا كما تصور أيوب\'a1 إنما جاء هو ليبررنا]. فنأتي جميعاً إلي المحاكمة= حسناً قال داود """"وتتبرر إذا حوكمت"""" عموماً فأيوب كان له شكواه علي الله\'a1 أن الله ظلمه وهو يريد أن يذهب للمحاكمة ليثبت أنه بار ومظلوم. وإشتكي أنه ليس وسيط. فكيف يتم الإتصال بين الله وإنسان [لذلك جاء المسيح كإله وإنسان معاً\'a1 فيه إجتمعت الطبيعتان في طبيعة واحدة] والمسيح يضع يده علي كلينا علي الطبيعة اللاهوتية وعلي الطبيعة البشرية التي أخذها منا ليصالحنا علي الله. هنا أيوب يشتاق لوجود مصالح بينه وبين الله\'a1 بروح النبوة إشتاق للمسيح. 
ليرفع عني عصاه= لو وجد هذا المصالح لإنتهي غضب الله علينا وترفع العصا. 
ولا يبغتني رعبه= بالمسيح رأينا وجه الله الراضي المحب بعد أن زال غضبه. 
إذاً أتكلم ولا أخافه= هل كان أحد يخاف من المسيح المحب حين كان يكلمه. 
لأني لست هكذا عند نفسى= لم تنقشع سحب غضب الله عني وما زال غضب الله متشبثا بي ولست أدري ماذا أفعل. . . هكذا كان إنسان العهد القديم قبل المسيح."
"أيوب",9,1,"الإصحاح التاسع"
"أيوب",10,1,"الإصحاح العاشر
 فى هذا الإصحاح نجد أيوب يشكو ويشكو. ويقول أنا لا أستطيع أن أكتم الثورة التي فى داخلي\'a1 وهو يشكو من الله. وينهي كلامه بأنه يتمني الموت الذي فيه راحته. 
الأيات 1-7:- """"قد كرهت نفسي حياتي اسيب شكواي اتكلم في مرارة نفسي\'a1 قائلا لله لا تستذنبني فهمني لماذا تخاصمني\'a1 احسن عندك ان تظلم ان ترذل عمل يديك وتشرق على مشورة الاشرار\'a1 الك عينا بشر ام كنظر الانسان تنظر\'a1 اايامك كايام الانسان ام سنوك كايام الرجل\'a1 حتى تبحث عن اثمي وتفتش على خطيتي\'a1 في علمك اني لست مذنبا ولا منقذ من يدك"""". 
 قد كرهت نفسى حياتي= مللت من هذا الجسد\'a1 وعجزت عن أن أتخلص منه ولقد سئمت وكرهت حياتي وتمنيت الموت. أسيب شكواي= يخطئ المتألم حين يظن أن الشكوي تريحه\'a1 بل هي تثير بالأكثر عواطفه الثائرة. ولكن من الحكمة في ساعة التجربة أن نصمت ونستسلم ونطلب العزاء والصبر من الله\'a1 حينئذ فقط سنهدأ. لا تستذنبني= لا تحكم بأنني مدان. وتوسل إلي الله لكى يعرفه السبب الحقيقي لنكباته= فهمني لماذا تخاصمني. ولنلاحظ أن الشكوي تقود الإنسان للتذمر علي الله وعلي أحكامه\'a1 وإذا تمادي الإنسان فيها تكون هناك غوآية لأن يخطئ في حق الله ونجد هنا كلمة صعبة من أيوب في حق الله\'a1 أقل ما يقال عنها أنها وقحة. حقاً هو يتكلم بمرارة نفس\'a1 لكنه لأنه سمح لنفسه بأن يتمادي في الشكوي نزل إلي هذا المستوي فقال أحسن عندك أن تظلم= أي هل تنتفع من ظلمي. وتشرق علي مشورة الأشرار= أي توافق وتبارك طرق الأشرار بينما تظلمني أنا البرئ الكامل. وسيأتي اليوم الذي نفهم فيه حكمة الله ولماذا سمح بكل ما كان يؤلمنا يوماً ما. 
ألك عينا بشر= أيوب تصور أن الله يزيد أيام عذابه حتي يفتش عن إثمه. هذا قد يحدث مع البشر\'a1 فإذا كان هناك شك في مجرم يوضع في السجن ويعذبونه حتي يعترف فالبشر لا يعرفون أعماق الإنسان المجرم ويكونون مضطرين لإستخراج ما في داخله بالتعذيب ولمدة طويلة حتي يعترف. وعلي العكس فالله فاحص القلوب والكلي ولا يحتاج لهذا. وأيوب يتساءل هل لك عينا إنسان حتي تعذبني كسجين عندك. 
أأيامك كأيام الإنسان= هل أيامك محدودة كالناس لذلك تسرع وتعاقب عن كل ذنب إكتشفته فيَ\'a1 قبل أن يكون لك وقت لتتحقق وتمتحن القضية بالتمام. 
حتي تبحث عن إثمي= أيوب يعتقد أنه غريب علي الله أن يطيل تعذيبه ويبقيه رازحاً تحت نكبته\'a1 ليبحث عن إثمه. بينما أن الله يعرف أنه برئ= في علمك أني لست مذنباً. ومع هذا يعذبه ولا فائدة ترجى من تدخل إنسان أو ملاك= ولا منقذ من يدك
 الأيات 8-13:-يداك كونتانى وصنعتانى كلى جميعاً. أفتبتلعنى. أذكر أنك جبلتنى كالطين. أفتعيدنى إلى التراب. ألم تصبنى كاللبن وخثرتنى كالجبن. كسوتنى جلداً ولحماً فنسجتنى بعظام وعصب. منحتنى حيوة ورحمة وحفظت عنايتك روحى. لكن كتمت هذه فى قلبك. علمت أن هذا عندك. 
 هنا أيوب يتأمل فى محبة الله وعنايته ورعايته به والتى ظهرت فى خلقته على أكمل صورة\'a1 فهو خلق بصورة إنسان رائع. ثم يتساءل أيوب هل بعد ما صنعت كل هذا الجمال تعود وتحطمه. يداك كونتانى= أنت يارب خلقتنى كلى أى كل عضو فى جسدى وخلقت روحى ونفسى. وقد جبلتنى كالطين. ثم يصف تشكيله ألم تصبنى كاللبن وخثرتنى كالجبن= فى صناعة الجبن يبدأ الجبن يتخثر أى يأخذ شكل الجبن الصلب من وسط اللبن السائل. والطفل أولاً يكون مجموعة من السوائل وتبدأ تأخذ شكلاً واضحاً. والله يحفظ الطفل الصغير ويعتنى به حتى لا يهلك حفظت عنايتك روحى= أى حفظتنى حياً من كل الأخطار. أذكر أنك جبلتنى هنا أيوب يستدر شفقه الله ويذكره بعمله السابق ومراحمه التى جبلته ثم حفظته ويتساءل أبعد هذا. اتعيدنى للتراب= أى تميتنى. 
ولم يستطع أيوب أن يوفق بين إحسانات الله السابقة ومتاعبه الحاليه فتصور أن الله كان يعد له هذه المصائب وخبأها عليه ثم فاجأه بها= لكنك كتمت هذه فى قلبك. علمت أن هذا عندك= علمت أن هذا كان قصدك منذ البدآية. 
الأيات14-17:-إن أخطأت تلاحظنى ولا تبرئنى من إثمى. إن أذنبت فويلٍ لى. وإن تبررت لا أرفع رأسى. إنى شبعان هواناً وناظر مذلتى. وإن أرتفع تصطادنى كأسد ثم تعود وتتجبر علىَ. تجدد شهودك تجاهى وتزيد غضبك علىَ نوب وجيش ضدى. 
 فى آية13 قال علمت أن هذا عندك= بمعنى أن قصدك منذ البدآية أن تضعنى تحت المراقبة\'a1 وتنتظر حتى أخطئ ويبدأ عقابك\'a1 ولا تبرئنى من إثمى وهذا ما شرحه هنا إذ صوَر نفسه كعصفور مسكين وقع فى يد أسد فأى رعب يصيب هذه الفريسة المسكينة. إن أخطأت تلاحظنى= الله يضعه تحت المراقبة بدقة وقسوة ويراقب كل أخطائه ثم يجازيه عليها. ولا تبرئنى من إثمى= طالما أن الآلام والمتاعب لم تنتهى فهو يفهم هذا بأن الله لم يبرئه من إثمه. إن أذنبت فويل لى وإن تبررت لا أرفع رأسى= أى أنا مؤمن بأننى إن أذنبت لابد أن أعاقب فالشرير لابد له من عقاب\'a1 والأن بعد ما حدث لى فأنا أقول أنه حتى ولو كنت باراً\'a1 وأنا أرى أننى بار\'a1 فهذا لا يعفينى من غضب الله علىَ\'a1 لأنه هاهو يصب غضبه علىَ حتى أصبحت غير قادر أن أرفع رأسى وها إنى شبعان هواناً. 
 وإن إرتفع رأسي\'a1 أي حاولت أن أهرب من ألامي فأنت تصطادني كأسد. هنا يصور الله كأسد مفترس يصطاد فريسته ليعذبها ثم يلتهمها. ثم تعود وتتجبر عليَ= فهو يري أن آلامه غير عادية. تجدد شهودك تجاهي= ربما الشهود هي آلامه ومصائبه فهي علامات غضب الله عليه وهكذا فهم أصحابه\'a1 وقوله تجدد = أي آلام وراء آلام تأتي عليَ كموجات البحر المتلاحقة. لذلك قال عنها نُوَب وجيش ضدي نوب أي نوبات والمعني جيوشك التي أرسلتها لتعذبني تتناوب ضدي. كأن الله في معركة ضده. 
الأيات 18-22:- """"فلماذا اخرجتني من الرحم كنت قد اسلمت الروح ولم ترني عين\'a1 فكنت كاني لم اكن فاقاد من الرحم الى القبر\'a1 اليست ايامي قليلة اترك كف عني فاتبلج قليلا\'a1 قبل ان اذهب ولا اعود الى ارض ظلمة وظل الموت\'a1 ارض ظلام مثل دجى ظل الموت وبلا ترتيب واشراقها كالدجى"""". 
 عاد هنا أيوب لما قاله سابقاً أنه يفضل الموت أو أنه من الأفضل لو لم يولد أصلاً= فلماذا أخرجتني من الرحم. ثم يطلب من الله أن يريحه قليلاً من أتعابه ولكن يقولها بأسلوب صعب كف عني فأتبلج= أي أرتاح. [ونحن في أيام راحتنا علينا أن نشكر الله كثيراً أننا لا نتألم مثل غيرنا]. وهو يتضرع إلي الله أن يعطيه بعض الراحة قبل أن يموت خصوصاً أن ما بقي له من أيام قليل قبل الموت. ونري هنا فكرة القدماء عن الموت كلها غموض\'a1 فهو مكان ظلام. أرض ظلام مثل دجي ظل الموت. ولكنهم كانوا يعلمون أن هناك مكان للأبرار ومكان أخر للأشرار ولكن كلاهما ظلام. وبلا ترتيب وإشراقها كالدجي= أي حتي نورها ظلام لذلك كان القدماء يخافون الموت. وبعد ذلك إرتقي فكر اليهود وكان الفريسيين يؤمنون بأن هناك قيامة\'a1 أما الصدوقيين فأنكروا القيامة. وقوله بلا ترتيب يعني أن هناك لا إعتبار لملك أو رئيس بل هو كالعبد\'a1 لا تمييز بين درجات الناس. وكانوا يعتقدون أن في وادي ظل الموت لا يوجد تسبيح لله ( مز 30:9) وهو بلا ترتيب فهو ليل دائم وبلا أشراق\'a1 وحيث الظلام المستمر فهناك تخبط."
"أيوب",10,1,"الإصحاح العاشر"
"أيوب",11,1,"الإصحاح الحادي عشر
نجد هنا خطاب صوفر وهو إستمر في نفس الخط\'a1 بل زاد في إتهام أيوب بدون رأفة. 
الأيات 1-6:- """"فاجاب صوفر النعماتي وقال\'a1 اكثرة الكلام لا يجاوب ام رجل مهذار يتبرر\'a1 اصلفك يفحم الناس ام تلخ وليس من يخزيك\'a1 اذ تقول تعليمي زكي وانا بار في عينيك\'a1 ولكن يا ليت الله يتكلم ويفتح شفتيه معك\'a1 ويعلن لك خفيات الحكمة انها مضاعفة الفهم فتعلم ان الله يغرمك باقل من اثمك"""". 
 أكثرة الكلام لا يُجاوَب= هل تكسب يا أيوب قضيتك بأن تكثر من الكلام\'a1 وتظن بهذا أننا لن نستطيع أن نفحمك. أبكثرة كلامك تظن أنك تغلبنا فلا نستطيع أن نجاوبك. أم رجل مهذار لا يتبرر= مهذار أي كلامه فارغ لا يساوي شئ\'a1 فمهما تكلم فلا قيمة لكلامه. أصلفك يفحم الناس= هنا يتهم أيوب بالكبرياء وأنه يستهزئ بكل الناس\'a1 ويعرف كيف يصور كل شئ تصويراً كاذباً. أم تلخ وليس من يخزيك= لخ في كلامه= جاء به ملتبساً
( القاموس المحيط). وكلمة تلخ جاءت في (اليسوعية) تتهكم وفي الإنجليزية (تستهزئ). 
ولنلاحظ أن صوفر نجد في كلامه حكمة يجب أن نتأمل فيها. فمن يتكلم كثيراً مستهزئاً بأراء الأخرين من المؤكد أنه سيفقد الأذن الحساسة التي يستفيد بها ويضيف إلي حكمته وخبرته من خبرات وحكمة الأخرين. بل سيفقد الأذن الحساسة لصوت الله الذي يوبخه\'a1 بل سيفقد أيضاً الحساسية للتوبيخات الصادرة من الطبيعة حولنا والتي تشهد لعدل الله ورحمته وطوبي لمن له أذنان للسمع وليس لمن له لسان مستهزئ. ولكن عيب صوفر أنه حاول تطبيق حكمته علي أيوب بطريقة خاطئة\'a1 والسؤال الأن هل هذه كلمات تعزية لإنسان متألم؟! فإننا وجدنا صوفر وقد إنقض بلا رحمة علي أيوب وبمنتهي العنف وكال له الشتائم والإتهامات\'a1 وكان صوفر أفظع الأصحاب الثلاثة وأقلهم رحمة وأدباً\'a1 بل نفهم أن هذا دليل كبرياؤه هو وليس أيوب. وربما تصور صوفر أنه يدافع عن كرامة الله\'a1 ولكن الله لا يحتاج لمن يدافع عنه بهذا الأسلوب\'a1 فحتي لو كان أيوب قد أخطأ في حق الله فأسلوب صوفر الهجومي لن يقنعه بأن يتوب بل سيثيره بالأكثر\'a1 بل يدفعه وهو في ضيقه للثورة ضد الله. 
إذ تقول تعليمي زكي= وصوفر يحاول إثبات كبرياء أيوب وصلفه بأن إتهمه بأنه يقول تعليمي زكي\'a1 وحقاً كان تعليم أيوب أي إيمانه نقياً. وأنا بار في عينيك أيوب قال أنا كامل وقال كلاماً يفهم منه هذا فعلاً. ولكن المشكلة أن أيوب كان ربما يشعر أن له خطايا وهو ليس كامل كمالاً مطلقاً. . . . لكن هو أيضاً لم يجدف علي الله ولا فرط في حق الله\'a1 وأيوب وحده هو الذي يعرف قلبه وأنه فعلاً يحب الله فكان يدافع عن هذا بينما أصحابه مصرين علي أن تدينه كان ظاهرياً وأن قلبه مملوء شراً. 
ياليت الله يتكلم. . . ويعلن لك خفيات الحكمة= لو تكلم الله لكان في جانبناوهو سيظهر شرك الخفي الذي عاقبك بحكمته عليه\'a1 حكمته التي تعرف الخفيات. . ولكن بعد ذلك حين تكلم الله فعلاً وقف في صف أيوب وليس في صف أصحابه. مضاعفة الفهم= أي أن حكمة الله لا يمكن إدراكها. وما نعرفه عن الله لا يقاس بجانب مالا نقدر ان نعرفه. والخفيات أكثر من ضعف المعلنات. الله يغرمك بأقل من إثمك= أي أن الله لو أعلن لك خطاياك ستجد أنه عاملك بالرأفة. وأن النكبات التي تشكو منها هي أقل بكثير مما تستحق [وحقاً لو عاملنا الله كما نستحق نهلك] لكن هذا الكلام لا يقال لمتألم مثل أيوب. 
الأيات 7-12:- """"االى عمق الله تتصل ام الى نهاية القدير تنتهي\'a1 هو اعلى من السماوات فماذا عساك ان تفعل اعمق من الهاوية فماذا تدري\'a1 اطول من الارض طوله واعرض من البحر\'a1 ان بطش او اغلق او جمع فمن يرده\'a1 لانه هو يعلم اناس السوء ويبصر الاثم فهل لا ينتبه\'a1 اما الرجل ففارغ عديم الفهم وكجحش الفراء يولد الانسان"""". 
 هنا شهادة طيبة من صوفر عن الله. ثم عن غرور الإنسان وحماقته أإلي عمق الله تتصل= الله لا يمكن إدراكه فهو لا نهائي وغير محدود\'a1 ومداركنا المحدودة لا تدركه\'a1 لذلك نعجز علي الحكم علي مشورته وأعماله\'a1 وعندما ننتقد تصرفات الله فنحن نتحدث عما لا نفهم. أم إلي نهآية القدير تنتهي= حسب الترجمة الإنجليزية """"أتستطيع بالبحث أن تكتشف الله\'a1 أتستطيع أن تكتشف القدير اكتشافا كاملاً فإذا كانت العين لا تدرك نهآية المحيط أفندرك أعماق الله. فالله أعلي من السموات. . . = ولنلاحظ أنه حتي الأن لم يكتشف الإنسان السماء والأرض والبحر اكتشافاً كاملاً. وهنا صوفر يستخدم ألفاظ (أعلي/ أعمق/ أطول/ أعرض) لإثبات أن طبيعة الله غير مدركة ولا نهائية\'a1 وبولس الرسول في  أف 3:18\'a1  19 إستخدم نفس الألفاظ لندرك أن محبة الله غير محدودة وغير مدركة ولا نهائية. والله له السلطان المطلق. . . إن بطش= بأن يسمح بموت إنسان أو أذيته. أو أغلق= أي سجن إنسان أو سمح بوضع إنسان في شبكة مصائب كما يقبض الصياد علي فريسته (ولقد سبق أيوب وإشتكي بأن الله كأسد وقد إصطاد أيوب)
أو جَمَع= مترجمة في ترجمات أخري """"جَمَع قضاته"""" ليحكموا علي المذنب فمن يرده= أي من يمنعه. لأنه هو يعلم= نحن لا نعلم سوي القليل عنه لكنه هو يعلم كل شئ. ومعرفته كاملة. والعكس. . . أما الرجل ففارغ عديم الفهم= ما هو الإنسان بالمقارنة مع الله. ولقد خلق الله آدم وله الحكمة النسبية ولكنه بالخطية فقد كثيراً من حكمته وكلما إزداد الإنسان حمقاً في طريق الخطية يفقد حكمته بالأكثر ويصير مخلوق عنيد مثل حمار الفرا وهو حيوان بري يتميز بأنه لا يمكن إخضاعه. وقوله كجحش الفرا يولد الإنسان= صحيح ويدل علي الطبيعة المتمردة للإنسان """"بالخطية ولدتني أمي"""" ولكن الله قادر علي تغيير طبيعتنا (موسي الأسود) جحش الفرا = حمار الوحشي ومع طبيعة الإنسان الفارغة فهو متكبر. . . وهل يصلح لمثل هذا الإنسان أن يناقش الله. 
الأيات 13-20:- """"ان اعددت انت قلبك وبسطت اليه يديك\'a1 ان ابعدت الاثم الذي في يدك ولا يسكن الظلم في خيمتك\'a1 حينئذ ترفع وجهك بلا عيب وتكون ثابتا ولا تخاف\'a1 لانك تنسى المشقة كمياه عبرت تذكرها\'a1 وفوق الظهيرة يقوم حظك الظلام يتحول صباحا\'a1 وتطمئن لانه يوجد رجاء تتجسس حولك وتضطجع امنا\'a1 وتربض وليس من يزعج ويتضرع الى وجهك كثيرون\'a1 اما عيون الاشرار فتتلف ومناصهم يبيد ورجاؤهم تسليم النفس"""". 
هنا صوفر يطلب من أيوب أن يتوب ليري أوقاتاً أفضل. إن أعددت أنت قلبك= بدآية التوبة أن ينظر الإنسان إلي داخله ويغير تفكيره بأن يتخذ قراراً بالتغيير. ثم بسطت إليه يديك= صلاة وتضرع بلجاجة. إن أبعدت الإثم= هنا عمل إيجابي في تغيير طريق الإنسان بأن يرجع عن طريق شره ويتركه. 
ولايسكن الظلم في خيمتك= هذا ما قاله زكا """"إن كنت ظلمت أحداً أرد له أربعة أضعاف. فالمال الذي حصلت عليه بالظلم أو النهب هو نار في بيتي وتجعل صلاتي وتوبتي غير مقبولة. حينئذ ترفع وجهك بلا عيب= أي تكون صلاتك وتوبتك مقبولة عند الله. وتكون ثابتاً ولا تخاف= يملأ السلام قلبك. لأنك تنسى المشقة= فالله بعد توبتك سيرفع عنك ألامك وتنساها. كمياه عبرت تذكرها= لن تترك وراءها ألاماً كمياه إنسكبت من كوب فلا تجد فيه شيئاً. وفوق الظهيرة يقوم حظك= وتكون مدتك أشرق من الظهيرة حسب الترجمة اليسوعية. أي لو كانت أيامك السابقة في مثل سواد الليل فبعد أن تتوب ستكون أيامك مشرقة أكثر من إشراق الشمس في الظهر. 
تتجسس حولك وتضطجع أمناً= بسبب عدم الأمان في تلك الأيام كان الرجل يطمئن بأن يتجسس المكان حوله قبل أن ينام لعله يجد عدواً كامناً. وإذا كان الله معنا ونشعر بهذا ننام آمنين. ولن نشعر بوجود الله معنا إلا لو كنا في حالة توبة. 
وتربض وليس من يزعج= وترقد حسب الترجمة الإنجليزية. أي تنام آمناً ولا من يضايق ويتضرع إلي وجهك كثيرون= إن كان قد إزدري بك من قبل كثيرين\'a1 فبعد ان يتغير الحال سيأتي إليك كثيرون يستعطفونك. 
وكلام صوفر هنا رائع عن التوبة وهكذا قال الكتاب """"إرجعوا إلي أرجع إليكم""""  زك 1:3 أما عيون الأشرار فتتلف= هنا تحذير لأيوب حتي لا يرفض التوبة. ومناصهم يبيد من كثرة الضيقات لن يجدوا المهرب منها. ورجاؤهم تسليم النفس= من كثرة ضيقهم سيترجون الموت. ولنلاحظ أن الأبرار لهم رجاء والرجاء يعطي حياة. بينماالأشرار يكون رجاؤهم تسليم النفس. وعندما تفارق الروح الجسد يموت الجسد وبالمثل عندما يفارق الرجاء النفس\'a1 تموت النفس\'a1 فيشتهي الإنسان الموت ويكون الموت رجاؤه."
"أيوب",11,1,"الإصحاح الحادي عشر"
"أيوب",12,1,"الإصحاح الثاني عشر
في الإصحاحات (12-14) نجد رد أيوب علي صوفر. وهو أولاً يناقش أصحابه ثم يعاتب الله علي تركه في هذه الألام. وإعتراضه علي أصحابه منصب علي فكرتهم بأن لا آلام للبار
الأيات 1-5:- """"فاجاب ايوب وقال\'a1 صحيح انكم انتم شعب ومعكم تموت الحكمة\'a1 غير انه لي فهم مثلكم لست انا دونكم ومن ليس عنده مثل هذه\'a1 رجلا سخرة لصاحبه صرت دعا الله فاستجابه سخرة هو الصديق الكامل\'a1 للمبتلي هوان في افكار المطمئن مهيا لمن زلت قدمه"""". 
صحيح أنكم شعب= أي أنتم الأغلبية فهم 3 وأيوب 1 وهم متفقين معاً علي إدانته. وهو هنا يسخر منهم بسبب غرورهم وإدعائهم الحكمة وتصورهم أن كل واحد يجب أن يخضع لحكمهم. ومعكم تموت الحكمة= وبعد أن تموتوا ستنتهي الحكمة معكم ويبقي العالم في ظلام الجهل. ولكن لتعلموا فأنا أفهم مثلكم ولست أنا دونكم. بل هناك كثيرين ولست وحدي الذي لي الحكمة بل من ليس عنده مثل هذه= أي من الذي لا يعرف ما قلتموه (كثيراً ما نقع في غوآية أننا وحدنا الذين نفهم كما وقع في هذا أصحاب أيوب) ثم يشتكي أيوب من الإزدراء الشديد الذي عاملوه به= رجلاً سخرة لصاحبه صرت= حتي أصحابي الذين هم أنتم صرت لكم سخرية\'a1 حقاً هم أتوا لتعزيته ولكنهم قالوا كلاما فظيعاً. وما زاد في أحزان أيوب أن من يسخر منه هم أصحابه وهم رجال متدينين= دعا الله فإستجابه= كانوا يصلون وصلواتهم مستجابة. والإهانة إذا صدرت من رجل من رجال الله تصبح فظيعة. ثم يعزي نفسه بأن هذا يحدث دائماً= سخرة هو الصديق الكامل فكثيرون يسخرون منه لكماله وقداسته (وهذا ما حدث مع المسيح القدوس) وهكذا كان نصيب القديسين والشهداء سخرية الجهلاء والوثنيين الذين إضطهدوهم. 
للمبتليهوان في أفكار المطمئنمهيأ لمن زلت قدمهوفي ترجمة اليسوعين
حق البائسفي رأي المسعود الإهانةفهي مهيأة (معدة) لمن زلت قدمه. والمعني أن كل من هو في رخاء وحالته منتعشة مستعد دائماً أن يلحق الإهانة بالشخص البائس الذي تصيبه مصيبة كقوله """"هو يستحق أكثر من هذا بسبب خطيته. """"
الأيات 6-11:- """"خيام المخربين مستريحة والذين يغيظون الله مطمئنون الذين ياتون بالههم في يدهم\'a1 فاسال البهائم فتعلمك وطيور السماء فتخبرك\'a1 او كلم الارض فتعلمك ويحدثك سمك البحر\'a1 من لا يعلم من كل هؤلاء ان يد الرب صنعت هذا\'a1 الذي بيده نفس كل حي وروح كل البشر\'a1 افليست الاذن تمتحن الاقوال كما ان الحنك يستطعم طعامه"""". 
أيوب هنا يدحض نظرية أصحابه\'a1 فهم قالوا """"عيون الأشرار تتلف 11:2 0 وأيوب هنا يحاول أن يثبت العكس أن القوي يأكل الضعيف\'a1 وهذا واضح حتي في عالم الحيوان والطيور والأسماك\'a1 والله لا يتدخل ليحمي الضعفاء. وهو يريد أن يثبت أن البار مثله ممكن أن يعاني من شر الأشرار وهو برئ. فالحمامة البريئة يلتهمها النسر الظالم. خيام المخربين مستريحة= في الترجمات الأخري ترجمت كلمة المخربين باللصوص. ولعله هنا يشير للسبئيين والكلدانيين الذين سلبوا ثروته ويعيشون في إطمئنان. الذين يأتون بإلههم في يدهم= أي يشعرون أن إلههم قوة يدهم\'a1 وإتكالهم هو علي يدهم القوية أو سيوفهم التى في أياديهم. ثم يلجأ لعالم الحيوان ليثبت أن القوي يلتهم الضعيف\'a1 بل هو نسب هذا لسطان الله المطلق فقال من لا يعلم أن يد الرب صنعت هذا. ولكن لنعلم أن بسبب الخطية صار هذا التخريب حينما لعنت الأرض. ولنري مثال: قبل المسيحية أي قبل إيمان روما بالمسيحية كان الرومان كذئاب والمسيحيين كحملان. ومن الطبيعي أن يلتهم الذئب الحملان وهذا ما حدث في عصور الإضطهاد. ودخلت المسيحية إلي روما وتحول الذئاب لحملان وعاشوا في محبة ورأينا كيف أن الذئب والخروف يسكنان معاً  أش 11:6. الذي بيده نفس كل حي= هنا هو يعزو كل شئ لملكية الله للخليقة فهو له السلطان المطلق. أفليست الأذن تمتحن الأقوال كان بلدد قد قال إسأل الأباء ( 8:8). هنا أيوب يقول أنا أخذ منهم ما يمكن أن أقبله\'a1 فأنا أسمع كل شئ وأمتحنه. وإسمعوا أنتم أيضاً كلامي وتذوقوه ثم أحكموا هل صالح أم لا. 

الأيات 12-25:- """"عند الشيب حكمة وطول الايام فهم\'a1 عنده الحكمة والقدرة له المشورة والفطنة\'a1 هوذا يهدم فلا يبنى يغلق على انسان فلا يفتح\'a1 يمنع المياه فتيبس يطلقها فتقلب الارض\'a1 عنده العز والفهم له المضل والمضل\'a1 يذهب بالمشيرين اسرى ويحمق القضاة\'a1 يحل مناطق الملوك ويشد احقاءهم بوثاق\'a1 يذهب بالكهنة اسرى ويقلب الاقوياء\'a1 يقطع كلام الامناء وينزع ذوق الشيوخ\'a1 يلقي هوانا على الشرفاء ويرخي منطقة الاشداء\'a1 يكشف العمائق من الظلام ويخرج ظل الموت الى النور\'a1 يكثر الامم ثم يبيدها يوسع للامم ثم يجليها\'a1 ينزع عقول رؤساء شعب الارض ويضلهم في تيه بلا طريق\'a1 يتلمسون في الظلام وليس نور ويرنحهم مثل السكران"""". 
هنا حديث رائع لأيوب عن حكمة الله وقوته وسلطانه. وحديثه هنا بلا إنفعال ولا شكوي. بل يتكلم في حكمة يقول أنه إكتسبها من طول الأيام= عند الشيب حكمة وطول الأيام فهم. فهو يقول أنه أيضاً يعترف وهذا ما علمته له الأيام أن الله حكيم وقادر وله سلطان. عنده الحكمة= لتخطيط ما هو أفضل. والقدرة علي تنفيذ ما خطط له. هوذا يهدم فلا يبني= إذ هدم لا يستطيع أحد أن يبني. يغلق علي إنسان فلا يفتح= يغلق عليه في شدائد أو مرض فلا ينجيه إنسان\'a1 وإذا أغلق عليه في قبر فلا أمل في العودة للحياة. ونفس المفهوم نجده في  رؤ 3:7. يمنع المياه فتيبس= إذا إمتنعت الأمطار يصيب الأرض الجفاف. (وهذا ما حدث أيضا في شق البحر الأحمر). ومنع المطر هو في سلطة الله وأيضا أعطاه لبعض رجاله(إيليا). والجفاف يكون قصاص من الله  تث 28:23\'a1  24. يطلقها فتقلب الأرض= هذه عقوبة من نوع آخر وهي الفيضانات المدمرة (طوفان نوح مثال). والله عنده العز= القوة والقدرة والفهم= الحكمة. وله المضِل والمضَل= الله يستخدم كل أحد لتنفيذ مقاصد عنايته الإلهية. ومن أعمال جميع الناس الله قادر ان يمجد ذاته (فهو حَمَق مشورة أختيوفل بأن قام حوشاي الأركي بتضليل إبشالوم والله تمجد في النهآية). فالقوي والجبار والمضل ليسوا مطلقو الحدود وإلا صار العالم في فوضي. بل كل عظماء الأرض وملوكه في يدي الله. يذهب بالمشيرين أسري (كغنائم حربية) وتذهب عنهم كل كرامة\'a1 حتي تثبت مشورة الله وتصبح تدابير هؤلاء المشيرين الذين قاوموا الله كلا شئ. ويحمق القضاة= (مثال:- أخيتوفل\'ba  أش 19:13). إذا فليتضع كل إنسان أمام الله. يحل مناطق الملوك أي ينزع قوتهم. ويشد أحقاءهم بوثاق= (يهوياكين وصدقيا) اي يعاملوا كالعبيد. لأن العبيد كانوا يسيرون بأحقائهم ممنطقة. يذهب بالكهنة أسري= الكهنة هنا حسب الترجمة في الإنجليزية """"أمراء"""" فأيام أيوب كان الكاهن هو رأس العائلة أو رئيس القبيلة أي أميرها\'a1 ولكن عموماً فلو أخطأ الكاهن فعقوبته أشد من الإنسان العادي. ينزع ذوق الشيوخ= أي فهمهم (الإنجليزية). فالشيوخ المشهورين بالحكمة\'a1 ويعتمد الناس علي حكمتهم\'a1 إذا خالفوا الله يفقدون كل حكمة. يقطع كلام الأمناء= الأمناء هنا هم الذين أؤتمنوا علي أعمال عامة. يلقي هواناً علي الشرفاء= الذي أعطاه الله شرفاً وكرامة لدي الناس\'a1 إذا أهان الله ينزع عنه كرامته. يكشف العمائق من الظلام= بكيفية عجيبة يكشف الله ما كان مختفياً ومستوراً. ويخرج ظل الموت إلي النور= يفضح الله المؤامرات التي تدبر في الظلام. يكثر الأمم= فإرادة الله خيرة وهو يريد أن يبارك. """"باركهم الله قائلاً أثمروا وأكثروا واملأوا الأرض""""  تك 1:28. ولكن إن إنحرفت هذه الأمة التي سبق الله وباركها يبيدها (أمثلة بابل واشور. . . ). يوسع الأمم= يزيد عددها وإن سارت في طريق الضلال يجليها= أي تذهب للسبي (إسرائيل ذهبت للسبي) ينزع عقول رؤساء. . . = الله يعطي حكمة للرؤساء ليقودوا شعوبهم فإن هم ضلوا وضلت شعوبهم ينزع الله حكمة وعقل الرؤساء فيصيرون في حيرة لا يدرون ما يفعلون= كمن هو في تيه بلا طريق\'a1 يتلمسون في الظلام وليس نور\'a1 ويرنحهم مثل السكران. فالرب يزعزع السماء والأرض وكل شئ. . . وسيجلس ملكاً إلي الأبد."
"أيوب",12,1,"الإصحاح الثاني عشر"
"أيوب",13,1,"الإصحاح الثالث عشر
الأيات 1-12:- """"هذا كله راته عيني سمعته اذني وفطنت به\'a1 ما تعرفونه عرفته انا ايضا لست دونكم\'a1 ولكني اريد ان اكلم القدير وان احاكم الى الله\'a1 اما انتم فملفقو كذب اطباء بطالون كلكم\'a1 ليتكم تصمتون صمتا يكون ذلك لكم حكمة\'a1 اسمعوا الان حجتي واصغوا الى دعاوي شفتي\'a1 اتقولون لاجل الله ظلما وتتكلمون بغش لاجله\'a1 اتحابون وجهه ام عن الله تخاصمون\'a1 اخير لكم ان يفحصكم ان تخاتلونه كما يخاتل الانسان\'a1 توبيخا يوبخكم ان حابيتم الوجوه خفية\'a1 فهلا يرهبكم جلاله ويسقط عليكم رعبه\'a1 خطبكم امثال رماد وحصونكم حصون من طين"""". هذا كله رأته عيني= أي أنا أؤمن بكل ما قلته سابقاً عن عظمة الله وإختبرته. ولكني أريد أن أكلم القدير= أنا لا أستريح في الكلام معكم فيا ليتني أجد الحرية أن أحاكم إلي الله= فالله لن يقسوعليَ مثلكم. أما أنتم فملفقو كذب= من هنا يتهم أيوب أصحابه بأنهم يدافعون عن الله بطريقة ظالمة لأنهم إنما يخافونه مثل من يدافع عن رجل قوي لخوفه من بطشه. ثم يقول أنه من الأفضل أن يعارض الله وهو مخلص له في محبته عن أن يرائي مثلهم. فهم يتهمون أيوب كذباً وظلماً ليبرروا الله\'a1 والله لا يحتاج لهذا الظلم منهم ليتبرر. وإن أدعوا أنهم يعزونه وكأطباء يعالجون آلامه فهم أطباء بطالون فهل إتهام الشرفاء كأيوب يعالجهم أو يعزيهم. وأيوب ينصحهم بأن يصمتوا صمتاً ليخفوا جهلهم. وكان منطق أيوب أتقولون لأجل الله ظلماً= الله لا يحتاج لمحامين مثلكم\'a1 هل تتصورون أن عدل الله غير ظاهر فتحاولون إظهاره. أتحابون وجهه= حق الله وعد له ظاهرين جداً ولا يحتاج الله لمثل هذه الطرق. هنا أيوب يقنعهم أنهم بأسلوبهم هذا إنما يسيئون لله\'a1 بينما هم يتصورون أن لهم الشرف في الدفاع عن الله. وإن صمتم إلي الأبد فستعلن السماء بره. ولنلاحظ أن النية الطيبة لا تبرر الكلمات الرديئة ولا الأعمال الردئية. ويخيفهم من أن الله لو فحصهم لوجدهم غشاشين= أخير لكم أن يفحصكم أن تخاتلونه¨= هل تحتملون فحص المبادئ التي تسيرون بموجبها في مناقشتكم معى من المؤكد لو فحص الله قلوبكم سوف يوبخكم توبيخاً فهو لن يرضي بما تفعلونه بي. ولذلك يحذرهم فهلا يرهبكم جلاله. وذلك حتي يكفوا عن أحاديثهم المثيرة في محاولة إدانته. أحاديثهم التي شبهها بأنها رماد\'a1 أحاديث تافهة ولا قيمة لها. وحصونكم حصون من طين= أي أفكاركم ومبادئكم التي تتحصنون بها في مناقشاتكم هي لا شئ. 
الأيات 13-22:- """"اسكتوا عني فاتكلم انا وليصيبني مهما اصاب\'a1 لماذا اخذ لحمي باسناني واضع نفسي في كفي\'a1 هوذا يقتلني لا انتظر شيئا فقط ازكي طريقي قدامه\'a1 فهذا يعود الى خلاصي ان الفاجر لا ياتي قدامه\'a1 سمعا اسمعوا اقوالي وتصريحي بمسامعكم\'a1 هانذا قد احسنت الدعوى اعلم اني اتبرر\'a1 من هو الذي يخاصمني حتى اصمت الان واسلم الروح\'a1 انما امرين لا تفعل بي فحينئذ لا اختفي من حضرتك\'a1 ابعد يديك عني ولا تدع هيبتك ترعبني\'a1 ثم ادع فانا اجيب او اتكلم فتجاوبني"""". 
 نجد أيوب هنا يتمسك بكماله بشدة. بل عزم علي التمسك علي الدفاع عن كماله مهما حدث له= وليصبني مهما أصاب= أي حتي لو زادت ألامي\'a1 أو حتي زدتم أنتم في إتهاماتكم. لماذا آخذ لحمي بأسناني وأضع نفسى في كفي= لو لم أتكلم وأدافع عن نفسي سأنفجر من الغيظ\'a1 فأنا أتألم وأنا أشعر أنني برئ ولا أستحق هذا الألم بالإضافة لما تفعلونه بي من إتهامات لي بالشر\'a1 فإذا لم أتكلم سأكون كمن سينفجر وعبر عن هذا بقوله آخذ لحمي بأسناني أي أنهش لحمي. وقوله أضع نفسي في كفي أي سأختنق إن لم أتكلم. هوذا يقتلني\'a1 لا أنتظر= في (اليسوعية) إنه ولو قتلني أبقي أملاً له\'a1 وفي (الإنجليزية) أبقي واثقاً فيه. وهذا تعبير عن إيمان قوي\'a1 فأيوب يقول حتي لو كان الله سيقتلني سأبقي علي صداقته ومحبته واثقاً فيه وكل ما سأعمله أن أظهر له أنني لم أخطئ في حقه= فقط أزكي طريقي قدامه. فهذا يعود إلي خلاصي= ربما كان المزاج العام لأيوب هو اليأس المطلق\'a1 ولكن في بعض الأحيان تشع بعض الكلمات التي تدل علي الرجاء\'a1 مثل هذه\'a1 ومعناها أنني ببري وثباتي علي محبة الله قد أحصل علي خلاص من ألامي. وهو يعرف أن الفاجر لا يمكن أن يتبرر أمام الله أو يكون له خلاص= الفاجر لا يأتي قدامه. وأيوب يري أنه واثق من بره فهو لا يخشي أن يأتي أمام الله. ثم يؤكد أنه بار وإذا أثبت له أحد أنه خاطئ فسوف يسكت ولا يتكلم إلي الأبد= من هو الذي يخاصمني(يثبت أنني شرير) أذا استطاع أحد إثبات شري= أصمت الآن وأسلم الروح. ثم أعلن أنه يريد أن يبحث قضيته مع الله نفسه كما قال من قبل """"أريد أن احاكم إلي الله"""". لا أختفي من حضرتك= أي أن أيوب لا يتنازل عن المحاكمة أمام الله ولا يخشي من نتيجتها ولكن تحت شرطين= وإنما أمرين لا تفعل بي 
1) ابعد يديك عني= أي لا تعذبني بهذه الآلام المبرحة فلا أستطيع الكلام هكذا. 
2) لا تدع هيبتك ترعبني= أي لا تظهر أمامي بجبروتك وعظمتك فأنا لا أحتمل. وهذا ما قاله شعب إسرائيل بعد هذا في البرية لموسي  خر 20:19. والله وافق علي قول الشعب (راجع  تث 18:16\'a1  17) وكان الحل أن يأتي المسيح وهذا ما وعد الله به موسي ( تث 18:15-18). والمسيح بلاهوته المتحد بناسوته كان معنا على الأرض والناس كلموه ولم يرتعبوا منه فهو كان قد أخلي ذاته. والمسيح أيضاً رفع عنا عقوبة الله إذ صالحنا مع الله. فهو وحده الذى من خلاله تحقق شرطى أيوب وكان الشرطان حتى يتم الحوار مع الله ادعُ فأنا أجيب الله يتكلم وأيوب يجيب. أتكلم فتجاوبني= ثم يتكلم أيوب والله يجاوبه. وهذا الحوار ما كان ممكناً بدون المسيح وتجسده. وكانت هذه شهوة النفس البشرية أن يتجسد المسيح فيتم هذا الحوار. وعبر عن هذا سليمان النبي في  نش 8:1
الأيات 23-28:- """"كم لي من الاثام والخطايا اعلمني ذنبي وخطيتي\'a1 لماذا تحجب وجهك وتحسبني عدوا لك\'a1 اترعب ورقة مندفعة وتطارد قشا يابسا\'a1 لانك كتبت علي امورا مرة وورثتني اثام صباي\'a1 فجعلت رجلي في المقطرة ولاحظت جميع مسالكي وعلى اصول رجلي نبشت\'a1 وانا كمتسوس يبلى كثوب اكله العث"""". 
 هنا أيوب يطلب من الله أن يكشف له خطاياه والتي بسببها يعاقب. فأصحابه يدينونه ولكن ليس بحسب الحق\'a1 أما الله فيدين بالحق. ويشكو بمرارة من إبتعاد الله عنه= لماذا تحجب وجهك. والله لا يحجب وجهه عن إنسان إلا بسبب الخطية. فإذا شعر إنسان بهذا عليه أن يبحث عن خطيته التي أغضب بها الله لا أن يخاصم الله. والمسيح حمل حتي هذا الغضب الإلهي عنا """"إلهي إلهي لماذا تركتني"""". ويتضع أيوب أمام الله قائلاً أنا لا شئ. أترعب ورقة مندفعة= هذا إعتراف بالعجز الكامل أمام الله. ولكن أيوب يعتقد أن الله قسا عليه لأنك كتبت علي أموراً مرة. ولما لم يجد أيوب في حاضره خطايا تستحق هذا المرار تصور أن الله يعاقبه علي خطايا إرتكبها وهو صغير وورثتني أثام صباي. ويصور قسوة عقوبة الله ضده= جعلت رجليَ في المقطرة والمقطرة أداة تعذيب وتشهير وإهانة فالمتهم يربطونه من يديه وقدميه أمام الناس ويشهرون به ليهزأ به المارة. ولاحظت جميع مسالكي= أي أنت يارب تتبع كل زلة لكي تؤدبني عليها. علي أصول رجلي نبشت= كانوا في القديم يلبسون العبيد خلخال به علامة سيده حتي لا يهرب\'a1 وهنا أيوب يشتكي أن الله يتابعه فلا يستطيع الهرب من خطاياه القديمة (التي ينبش الله ليجدها) ولا من عقوبات الله المفروضة عليه. والصحيح أن الله إن كان ينبش علي خطايا إنسان لما ثبت إنسان قدامه. وأنا كمتسوس يبلي= أسير نحو الفناء تحت يد الله الثقيلة. كثوب أكله العث= يسير من فساد إلي فساد."
"أيوب",13,1,"الإصحاح الثالث عشر"
"أيوب",14,1,"الإصحاح الرابع عشر
يستمر أيوب هنا في التحدث مع الله\'a1 ومناجاة نفسه
الأيات 1-6:- """"الانسان مولود المراة قليل الايام وشبعان تعبا\'a1 يخرج كالزهر ثم ينحسم ويبرح كالظل ولا يقف\'a1 فعلى مثل هذا حدقت عينيك واياي احضرت الى المحاكمة معك\'a1 من يخرج الطاهر من النجس لا احد\'a1 فاقصر عنه ليسترح الى ان يسر كالاجير بانتهاء يومه\'a1 فاقصر عنه ليسترح الى ان يسر كالاجير بانتهاء يومه"""". 
 الإنسان. . . قليل الأيام= فالإنسان ضعيف يتألم علي الأرض لفترة قليلة ثم يموت. أما الذي ولد من الله فله حياة أبدية.  يو 1:13. ولاحظ قوله قليل الأيام فلأن الحياة قصيرة يقيسها بالأيام وليس بالسنين. أما في السماء فحياتنا أبدية وبلا ألام. يخرج كالزهر ثم ينحسم= هذه هي طبيعة الحياة البشرية\'a1 يولد الإنسان كزهرة ثم سريعاً ما يذبل (ينحسم= يقطع). ويبرح كالظل= الظل يسير بسرعة\'a1 ولا يترك وراءه أثراً. فعلي مثل هذا حدقت عينيك= هل تحضرني أنا الإنسان التافه للمحاكمة معك. من يخرج الطاهر من النجس. لا أحد= إن كان الإنسان يولد من إمرأة خاطئة فهل يمكن أن يولد طاهر من أم خاطئة نجسة """"بالخطايا ولدتني أمي"""" وهذا معني أننا نرث الخطية الأصلية (خطية أبوينا الأولين). ولا أحد يمكنه أن يجعل مولوداً طاهراً\'a1 لكن الروح القدس كوَن جسداً طاهراً في بطن العذراء\'a1 جسد المسيح الذي صار خطية ليحمل خطايانا\'a1 ونولد طاهرين من أم طاهرة هي الكنيسة ومن الروح القدس بالمعمودية. ولكن معني كلام أيوب هنا\'a1 يارب أنت تعرف ضعف طبيعتي فلا تحاسبني علي خطاياي بهذا الشكل\'a1 فأنا خاطئ بطبيعتي. إن كانت أيامه محدودة= الله حدد أعمار كل البشر. والله يعرف أن أيام الإنسان قليلة\'a1 فهل تسمح يارب بأن يقضي الإنسان أيامه القليلة في عذاب خاصة لو كان باراً مثلي. فأقصر عنه= أرفع هذه الألام. وحول نظرك عن تعذيب شخص ضعيف مثلي. إسمح لهذا الإنسان الضعيف أن يلتقط أنفاسه إلي أن يسر كالأجير بإنتهاء يومه= أي إمنحني فرصة لإلتقاط الأنفاس قبل أن أموت. وهنا نلاحظ شعاع من رجاء في أجر سماوي بعد الموت فهو يصور حياة الإنسان هنا كيوم الأجير\'a1 بعد أن ينتهي يومه يحصل علي أجرته. 
الأيات 7-15:- """"لان للشجرة رجاء ان قطعت تخلف ايضا ولا تعدم خراعيبها\'a1 ولو قدم في الارض اصلها ومات في التراب جذعها\'a1 فمن رائحة الماء تفرخ وتنبت فروعا كالغرس\'a1 اما الرجل فيموت ويبلى الانسان يسلم الروح فاين هو\'a1 قد تنفد المياه من البحرة والنهر ينشف ويجف\'a1 والانسان يضطجع ولا يقوم لا يستيقظون حتى لا تبقى السماوات ولا ينتبهون من نومهم\'a1 ليتك تواريني في الهاوية وتخفيني الى ان ينصرف غضبك وتعين لي اجلا فتذكرني\'a1 ان مات رجل افيحيا كل ايام جهادي اصبر الى ان ياتي بدلي\'a1 تدعو فانا اجيبك تشتاق الى عمل يدك"""". 
 فكرة القيامة بعد الموت غير واضحة عند القدماء. وأيوب هنا يقول أن الشجرة لها أمل\'a1 فحتي أن قطعت (جزء من جسمها) تخلف أيضا= تنبت ثانية أغصاناً صغيرة. ولا تُعدم خراعيبها= الخراعيب هي الأغصان. والشجرة سيكون لها ثانية أغصان نابتة من الجذع الموجود في الأرض. ومهما بدا أن الشجرة ذبلت وماتت= ولو قدُم في الأرض أصلها= ومهما كان عمرها. فلها رجاء في خروج أغصان جديدة. فمن رائحة الماء تفرخ= فالموت هو إنقطاع الماء عن الشجرة. أما الرجل فيموت ويبلي= يموت ويتحول جسده إلي تراب ولا رجاء له في عودة أخري بعكس الشجرة. ولكن بعد المسيح تغير المفهوم. فهناك شجرة قطعت هي شجرة عائلة داود ولكن نبت غصن منها هو المسيح إبن داود. ( أش 11:1) وهذا رمز لما حدث لكل البشرية\'a1 التي كانت الشجرة الأصلية التي قطعت بالموت\'a1 حتي خرج منها غصن ليحييها ثانية. وكيف عادت الحياة لشجرة أيوب؟ بالماء آية (9). وكيف عادت الحياة للإنسان؟ كان هذا بالروح القدس الذي إنسكب علي الكنيسة بإستحقاق دم المسيح\'a1 والروح القدس رمزه الماء الذي أحيا الشجرة المائتة القديمة التي قدُم في الأرض أصلها ومات في التراب. وشرح بولس الرسول الموت الآن بأنه البذرة (الجسد الميت) التي توضع في التراب حتي تكون هناك شجرة ( 1كو 15:35-38) وهذا بسبب حياة المسيح التى فيه. قد تنفذ المياه من البحرة= البحرة هي مستنقع الماء المنخفص عن الأرض. وهنا يشبه أيوب حياة الإنسان بالمياه التي تطفو فوق الأرض\'a1 سرعان ما تجف ويبتلعها التراب ثانية. هكذا الإنسان يضطجع ولا يقوم والنهر هنا. . . النهر ينشف ويجف= ليس نهر كبير كنهر النيل ولكنه ما سبق وأسماه غدير ( أي 6:15). والآية (12) لا يستيقظون حتي لا تبقي السموات= حسب الترجمة اليسوعية الإنسان يضجع فلا يهب إلي أن تزول السموات¨. أي هو موت نهائي بلا أمل في رجوع\'a1 حتي لو زالت السموات¨. وعاد بعد ذلك أيوب يطلب الموت= ليتك تواريني الهاوية*= هو يطلب مخبأ في القبر من عذاب آلامه. والهاوية تعني في نظر الأقدمين المكان الذي يذهب له الأموات. وهناك مكانين كهاوية\'a1 أولهما للأبرار وثانيهما للأشرار ولكن الأشرار في الهاوية الخاصة بهم لا صلة بينهم وبين الله أو بين الأبرار في هاويتهم. وتخفيني إلي ينصرف غضبه*= أيوب يتصور أن الله في غضبه جلب عليه كل هذه الآلام\'a1 وهنا يطلب منه أن يكمل غضبه بأن يميته حتي ينصرف غضبه. ونحن نعلم أن الموت هو آخر عدو يبطل وطالما نموت فهناك غضب. فوجود أجساد القديسين في القبور معناه أن هنالك بقية من الغضب الذي كانوا أبناء له بالطبيعة\'a1 وهنالك يبقون خاضعين لبعض نتائج الخطية\'a1 ولكن عندما يقوم الجسد ينتهي كل غضب الله\'a1 حين ينتهي آخر عدو ويبطل. وتعين لي أجلاً فتذكرني*= كما ذكر نوح في الفلك الذي خبأه الله فيه\'a1 ليس فقط لإهلاك العالم القديم\'a1 بل حفظه فيه لإعداد عالم جديد وهنا نجد إشراقة ثانية في إيمان أيوب بحياة بعد الموت فيها يذكر الله أيوب بعد أن عاقبه علي خطاياه [أيوب إذا عبر في كلامه عن فناء الإنسان بعد الموت يكون متكلماً بلسان الإنسان أيوب الذي هو محدود في معلوماته\'a1 وإن نطق بأقوال نجد فيها رجاء القيامة يكون الروح القدس هو الذي ينطق علي لسانه لتكون كلماته كنور يشرق في ظلمات العهد القديم\'a1 فيري الناس بصيصاً من ضوء يعزيهم بأن هناك رجاء في حياة بعد الموت. ولولا هذه الكلمات وأمثالها ما فهم الفريسيين أن هناك قيامة] 
إن مات رجل أفيحيا= هذا تساؤل من عقل إلتبس عليه الفهم\'a1 فأيوب لم يري في حياته رجل قام بعد أن مات. لكنه يشعر بإيحاء من الله أن هناك رجاء في ذلك وهو لا يفهم كيف. كل أيام جهادي أصبر إلي أن يأتي بدلي= هو تساءل مثلاً إن مات رجل أفيحيا\'a1 وهو هنا يقول لو ثبت هذا لكنت أصبر إلي أن يتبدل حالي من حال الشقاء الذي أعاني منه الأن إلي حال المجد الذي أنتظر أن أجده بعد ذلك. والمسيح أجاب هذا السؤال قائلاً """"من آمن بي ولو مات فسيحيا  يو 11:25 وهذا الإيمان الراسخ بالقيامة الأن هو الذي يدفع القديسين علي إحتمال آلامهم بصبر ويدفع الشهداء علي إحتمال عذاباتهم بصبر. أما أيوب فكان في مرحلة التساؤل؟ هل ما أشعر به بأن هناك تبديل لحالي بعد الموت\'a1 هل هذا الشعور حقيقة أم خيال؟! إذا كان حقيقة فبالتأكيد سوف أصبر. وحين وصل أيوب لهذا صرخ بفرح تدعو فأنا أجيبك= إن كنت ستبدل حالي فأنا أجيبك إلي أي مكان تأخذني إليه\'a1 إذا سمحت بألم أو موت فأنا مستعد أن أجيبك إلى أى مكان تأخذنى إليه\'a1 إذا سمحت بألم أو موت فأنا مستعد أن أجيبك. ولقد توصل أيوب لهذا بعد أن شعر بصوت في داخله يكلمه عن محبة الله وإشتياقه له= تشتاق إلي عمل يدك ولنلاحظ تضارب المشاعر داخل نفس أيوب\'a1 فالله لم يتركه في ضيقته بل كان يعطيه مشاعر معزية أبوية وأن الله فى إشتياق إليه\'a1 ومن ناحية أخرى كان إبليس يصيب أيوب بضربات متلاحقة ويُصور له قسوة الله وتخليه. وكم من مرة كان الله يريد أن يغمرنا بمشاعر محبته الأبوية في ضيقتنا ونحن نرفض بسبب إصرارنا علي أن الله سبب مصائبنا فنخاصمه\'a1 فنحرم أنفسنا من تعزياته أثناء ضيقنا. 
الأيات 16-22:- """"اما الان فتحصي خطواتي الا تحافظ على خطيتي\'a1 معصيتي مختوم عليها في صرة وتلفق علي فوق اثمي\'a1 ان الجبل الساقط ينتثر والصخر يزحزح من مكانه\'a1 الحجارة تبليها المياه وتجرف سيولها تراب الارض وكذلك انت تبيد رجاء الانسان\'a1 تتجبر عليه ابدا فيذهب تغير وجهه وتطرده\'a1 يكرم بنوه ولا يعلم او يصغرون ولا يفهم بهم\'a1 انما على ذاته يتوجع لحمه وعلى ذاتها تنوح نفسه"""". 
 قلنا أن مشاعر أيوب كانت متضاربة مثل كل واحد منا في ضيقته وللأسف إستجاب لصوت إبليس\'a1 وعاد يكرر الشكوي من الله ثانية. وبهذا خسر صوت التعزية الذي كان قد بدأ يسمعه\'a1 وعاد يتألم ويصرخ ثانية. هو شئ يدعو للأسف أن الله كان يحيطه بهذه المشاعر\'a1 مشاعر إشتياق الله له ثم يستجيب لصوت التذمر علي الله ثانية. أما الأن فتحصي خطواتي= لتجد لي خطية
ألا تحافظ علي خطيتي= ترصد خطاياي (الترجمة اليسوعية والإنجليزية) معصيتي مختوم عليها في صرة= أنت حفظت خطاياي السابقة والحالية ووضعتها في صرة\'a1 كا يحفظ دليل الإتهام ضد المجرم. وتلفق عليَ فوق إثمي= أي بعد أن وضعت خطاياي في صرة خَيَطت عليها حتي لا تضيع خطية. والمعني أنك لا تقبل أن تغفر أبداً بل تعاقب علي كل خطية وتحاسبني علي كل شئ. وحسناً فعل أيوب هنا حين إعترف بأن له خطايا يمكن أن يعاقب عليها\'a1 ولكنه أساء إلي صلاح الله إذا حسبه قاسياً مترصداً لكل خطية رافضاً أن يغفر وهو لم يعرف أن الله يعاقبنا\'a1 إن عاقب\'a1 بأقل مما نستحق وحفظ العقوبة كلها لتقع علي المسيح\'a1 وأما ما يسمح به ضدنا فهو للتأديب فقط. وتصل قمة غضب أيوب للآية 18\'a1 19. فإذا بدأ الإنسان الشكوي والتذمر لا يوقفه شئ وقد يصل الأمر للصدام مع الله كما حدث هنا. فأيوب قال هنا كلام في منتهي القسوة عن الله """"أنت تبيد رجاء الإنسان. . . تتجبر عليه أبداً فيذهب. . . وأن الله في قسوته يبيد رجاء الإنسان كما لو كان غضبه سيول تجرف تراب الأرض. هو هنا ينظر لثروته التي ذهبت نتيجة غضب الله (في نظره) وقال أن غضب الله أضاع كل رجائي (ثروتي/ أولادي/ صحتي. . . كل ما كان لي). والله عمل ما عمله بتجبره بلا رحمة. فلو كنت جبلاً لما إحتملت\'a1 ولو كنت صخراً لكانت مياه الآلام التي أصابتني قد جعلت هذا الصخر يبلي ويتزحزح عن مكانه. . . إن الجبل الساقط ينتثر= أي كما يتفتت الجبل الساقط ويبلي الحجر\'a1 هكذا ما حدث لي. تغير وجهه وتطرده= لقد غضبت عليَ يارب فغيرت وجهي (حتي أصحابه لم يعرفوه من نتائج مصائبه). ثم تطرده من هذا العالم نهائياً. يكرم بنوه ولا يعلم أو يصغرون ولا يفهم بهم. إنما علي ذاته يتوجع من شدة الألم الذي يلحق بالإنسان الذي يغضب الله عليه يتوجع\'a1 ولا ينشغل بشئ حوله سوي ألمه\'a1 فإن أكرم أحد بنيه لن يفرح بسبب غمه\'a1 وإن أهان أحد بنيه فلن يغتم بأكثر مما هو مغتم\'a1 فغمه وصل إلي حد التشبع."
"أيوب",14,1,"الإصحاح الرابع عشر"
"أيوب",15,1,"الإصحاح الخامس عشر
أنه لأمر طبيعي أن يعجب كل منا بأرائه\'a1 ولذلك يتمسك بها\'a1 ولا يتنازل عنها إلا بصعوبة شديدة. وبعد أن إنتهي أيوب من كلامه تصور أليفاز أن أيوب رفض منطقه\'a1 فإنهال عليه بصورة أصعب. والعجيب أنه إعتبر أن كلامه في المرة الأولي كان كلاماً بالرفق وكلام تعزية\'a1 وما دام أيوب لم يستجيب لكلام التعزية\'a1 فليوجه له أليفاز كلاماً شديداً. وبينما يقول الله """"عزوا عزوا شعبي"""" أي أن عمل خدام الله تعزية الناس المتألمين نجد هنا أليفاز يكيل الهجوم علي أيوب المسكين. وفي كلام أليفاز كلام حكيم يمكن الإستفادة منه كثيراً ولكن تطبيقه علي أيوب خطأ\'a1 فهو نسب إليه شروراً دون وجه حق. وكالعادة يطالبه بالتوبة قبل ضياع الفرصة. 
الأيات 1-6:- """"فاجاب اليفاز التيماني وقال\'a1 العل الحكيم يجيب عن معرفة باطلة ويملا بطنه من ريح شرقية\'a1 فيحتج بكلام لا يفيد وباحاديث لا ينتفع بها\'a1 اما انت فتنافي المخافة وتناقض التقوى لدى الله\'a1 لان فمك يذيع اثمك وتختار لسان المحتالين\'a1 ان فمك يستذنبك لا انا وشفتاك تشهدان عليك"""". 
العل الحكيم يجيب عن معرفة باطلة= أي إذا كنت حكيماً فعلاً\'a1 هل تتصور أن إنسان حكيم يجيب علي أسئلتنا ومنطقنا السليم\'a1 وأفكاره باطلة جوفاء\'a1 وأليفاز في كبريائه تصور أن أيوب طالما إختلف معه فكل ما يقوله أيوب صادر عن حكمة تافهة عنده\'a1 فأليفاز يظن أن حكمته لا مثيل لها. ويملأ بطنه من ريح شرقية= هذه إهانة جديدة لأيوب معناها أن كلماته فارغة بلا قيمة كالهواء (الريح) بل هي مضرة فالريح الشرقية ريح ساخنة جداً تضر بالزروع. أما أنت فتنافي المخافة. وتناقض التقوي لدي الله= وهذا إتهام لأيوب معناه أن أيوب يدعو لعدم مخافة الله وللإمتناع عن التقوي. وقد يكون أليفاز تصور هذا من قول أيوب أن الشرير يري أياماً سعيدة وأن خيام المخربين مستريحة\'a1 ويمكن أن أليفاز فهم أن أيوب قصد أنه لا شئ يمنع الناس عن الشر. وبهذا يكون أيوب قد شهد علي نفسه بأنه شرير= لأن فمك يذيع إثمك. وربما فهم أليفاز هذا من كلام أيوب الصعب السابق ضد الله. بل إتهم أليفاز أيوب بأنه غشاش إختار لسان المحتالين= فهو في بعض كلامه يشهد لله ولكن قلبه مملوء إثماً. ولكن أليفاز لم يعترف بأنه هو وزميلاه أثاروا أيوب حتي فَرَط بشفتيه بكلمات متذمرة عن الله. 
الأيات 7-11:- """"اصورت اول الناس ام ابدئت قبل التلال\'a1 هل تنصت في مجلس الله او قصرت الحكمة على نفسك\'a1 ماذا تعرفه ولا نعرفه نحن وماذا تفهم وليس هو عندنا\'a1 عندنا الشيخ والاشيب اكبر اياما من ابيك\'a1 اقليلة عندك تعزيات الله والكلام معك بالرفق"""". 
سبق أيوب وقال لي """" لي فهم مثلكم"""" ( 12: 3) فإتخذ أليفاز هذا الكلام حجة ضد أيوب بل أساء تفسيره\'a1 فهو تصور أن أيوب يدعي بأنه أحكم من أي إنسان فرد عليه بقسوة. 
أصُوِرت أول الناس= هناك رأي للقدماء بأن آدم أول المخلوقات كان له حكمة إلهية فهل أنت يا أيوب هو آدم أو مثله\'a1 أو يفهم هذا كالأتي\'a1 أن الحكمة تزيد من السن فكلما زاد عمر الإنسان زادت حكمته\'a1 فهل أنت يا أيوب أول من خلقه الله فصرت أحكم الناس. أم أبدئت قبل التلال= حتي السخرية تزيد فالتلال أقدم من آدم عمراً بكثير\'a1 بل هي أقدم شئ علي الأرض. وفي سخرية أشد يقول هل تنصت في مجلس الله= أي ربما حكمتك التي تتباهي بها يا أيوب راجعة لأنك تدخل مجلس الله وتتعلم من هناك حكمة لا نعرفها نحن. عندنا الشيخ والأشيب= لا تظن نفسك أكثر حكمة منا فنحن لنا حكمة أكثر منك فعندنا شيوخ حكماء\'a1 بل هم أكبر أياماً من أبيك فكيف تدعي أنت أنك أكثر حكمة. أقليلة عندك تعزيات الله= هو تصور أن كلامه السابق كلام معزي أرسله الله علي لسانه. والكلام معك بالرفق= وتصور أليفاز أن كلامه المعزي السابق كان بالرفق. 
الأيات 12-16:- """"لماذا ياخذك قلبك ولماذا تختلج عيناك\'a1 حتى ترد على الله وتخرج من فيك اقوالا\'a1 من هو الانسان حتى يزكو او مولود المراة حتى يتبرر\'a1 هوذا قديسوه لا ياتمنهم والسماوات غير طاهرة بعينيه\'a1 فبالحري مكروه وفاسد الانسان الشارب الاثم كالماء"""". 
لماذا يأخذك قلبك= (لماذا يستهويك قلبك حسب اليسوعية والإنجليزية) لماذا أنت معجب بنفسك وبأرائك. ولماذا تختلج عيناك= أي علي أي شئ تغمز عيناك أي لماذا لا تبالي بالكلام الذي تسمعه كأنك أرفع من أن تنتبه إليه. حتي ترد علي الله= (حتي يهيج علي الله روحك بحسب اليسوعية والإنجليزية). أليفاز إعتبر الكلام الذي قاله أيوب سابقاً هو تحد لله وهياج عليه. ثم يبين له أن الإنسان مهما كان أحقر من أن يتحدي الله من هو الإنسان حتي يزكو= يزكو أي يكون نقياً أو طاهراً (الإنجليزية)
هوذا قديسوه لا يأتمنهم= أي لا يأتمنهم علي خدمة دون أن يمدهم بقوة جديدة وحكمة جديدة\'a1 والله لا يأتمن ملائكته علي إدارة شئون العالم\'a1 بل هو يعطيهم أوامر محددة ينفذونها. والسموات غير طاهرة بعينيه= مهما بدت طاهرة في أعيننا. أي أن الموضوع نسبي\'a1 فالسموات أطهر من البشر بما لا يقاس فبالحري مكروه وفاسد الإنسان. لكن هذه السموات إذا قورنت بالله القدوس تكون غير طاهرة. ومن فساد الإنسان أن يشرب الخطية كما لو كان إنسان في عطش وجد كوب ماء مثلج= الشارب الإثم كالماء. أى يصنع الإثم دون أى تبكيت من ضميره. 
الأيات 17-35:- """"اوحي اليك اسمع لي فاحدث بما رايته\'a1 ما اخبر به حكماء عن ابائهم فلم يكتموه\'a1 ما اخبر به حكماء عن ابائهم فلم يكتموه\'a1 الذين لهم وحدهم اعطيت الارض ولم يعبر بينهم غريب\'a1 الشرير هو يتلوى كل ايامه وكل عدد السنين المعدودة للعاتي\'a1 صوت رعوب في اذنيه في ساعة سلام ياتيه المخرب\'a1 لا يامل الرجوع من الظلمة وهو مرتقب للسيف\'a1 تائه هو لاجل الخبز حيثما يجده ويعلم ان يوم الظلمة مهيا بين يديه\'a1 يرهبه الضر والضيق يتجبران عليه كملك مستعد للوغى\'a1 لانه مد على الله يده وعلى القدير تجبر\'a1 عاديا عليه متصلب العنق باوقاف مجانه معباة\'a1 لانه قد كسا وجهه سمنا وربى شحما على كليتيه\'a1 فيسكن مدنا خربة بيوتا غير مسكونة عتيدة ان تصير رجما\'a1 لا يستغني ولا تثبت ثروته ولا يمتد في الارض مقتناه\'a1 لا تزول عنه الظلمة خراعيبه تيبسها السموم وبنفخة فمه يزول\'a1 لا يتكل على السوء يضل لان السوء يكون اجرته\'a1 قبل يومه يتوفى وسعفه لا يخضر\'a1 يساقط كالجفنة حصرمه وينثر كالزيتون زهره\'a1 لان جماعة الفجار عاقر والنار تاكل خيام الرشوة\'a1 حبل شقاوة وولد اثما وبطنه انشا غشا"""". . 
 ملخص كلام أليفاز هنا أن الأشرار لابد أن يكونوا بؤساء ومن ثم لأن أيوب الأن في حالة بؤس فهو بالتأكيد شرير. أوحي إليك= إني أبين لك إسمع فأحدث بما رأيته. ما أخبر به حكماء. والمعني أن كلام أليفاز مبني علي خبرته الشخصية وخبرة الحكماء. فلم يكتموه= أخبروننا به. الذين لهم وحدهم أعطيت الأرض= أي أن الشهود الذين أخذ منهم حكمتهم هم شهود موثوق بهم\'a1 لهم مراكز رفيعة\'a1 وكانوا محبوبي السماء فأعطاهم الله أن يحكموا الأرض. ولم يعبر بينهم غريب= ليشترك معهم أو يزعجهم. وهنا أليفاز ضمنياً يعترض علي منطق أيوب بأن الأرض مسلمة ليد الشرير 9:24\'a1  لأنه هنا يجد أن الحكماء الأبرار يحكمون الأرض. وما هي الحكمة التي يريد أليفاز أن يوحي بها لأيوب الشرير هو يتلوي كل أيامه (في هذا إشارة لأيوب الذي يتلوي) وكل عدد السنين المعدودة للعاتي= كل إنسان له سنين معدودة. والعاتي أي الجبار الذي يتحدي الله\'a1 كل سنينه يتلوي. صوت رعوب في أذنيه= ربما بلا سبب قتايين فمن لا سلام في قلبه ناشئ عن سلامه مع الله يعيش حقاً في رعب وفي قلق بسبب قساوته التي إرتكبها والدماء التي سفكها\'a1 فخطايا الشرير تلاحقه. وهو يعلم أن السماء غير راضية عليه والبشر يكرهونه. بل حتي في أيام رخائه يكون في رعب من زوال هذا الرخاء= في ساعة سلام يأتيه المخرب= هذا هو الصوت المرعب في أذنيه\'a1 أن كل شئ معرض للزوال. إذا ما حل به الضيق في أي وقت فإنه ييأس من النجاة منه= لا يأمل الرجوع من الظلمة وهو مرتقب للسيف= وعينه ترقب السيف (الترجمة اليسوعية). هذا ناشئ عن الضمير الأثيم. 
تائه من أجل الخبز= ربما تشير لإفلاسه حتي العوز للخبز\'a1 وربما تشير للهم الذي يحيا فيه بالرغم من ثروته\'a1 وهذا الهم يصور له أنه قد يفقد القدرة علي الحصول علي الخبز يوماً. ووهمه هذا يصور له أن يجب أن يعمل ويعمل ليزيد ثروته ولكنه لا يشبع ولا يحس بإطمئنان لأنه يعلم أن يوم الظلمة مهيأ بين يديه= لا يمكنه الإفلات منه\'a1 وهو معد له
يرهبه الضر والضيق= أي الضرر الداخلي وضيق النفس وهذا من نتائج سخط الله\'a1 لا راحة للضمير ولا سلام للنفس (وإن كانت هذه جهنم التي في داخله فماذا تكون جهنم التي تنتظره)
يتجبران عليه كملك مستعد للوغي= الضيق الداخلي عنده يكون متسيداً بل يكون كملك له جيوش تحاربه وتهزم سلامه. والسبب في كل هذا أن الشرير يتحدي الله= عادياً عليه أي يقاوم الله شخصياً\'a1 يقاوم وصاياه وأعمال عنايته. متصلب العنق= أي في عناد. وهو هنا يصف العاتي وصفاً صعباً كأنه محارب عنيد يحارب الله عادياً عليه. . بأوقاف مجانه معبأة فهو لغباوته يظن أنه قادر أن يعادي الله ويظن أن له مجان (ترس يدافع به عن نفسه) معبأ أي ترس غليظ سميك. وماذا يجعل الإنسان يصل لهذه الدرجة؟ الإجابة الترف للأسف!! قد كسا وجهه سمناً= أي قد كسا السمن والشحم وجهه. وسدوم وعمورة إنحرفوا بسبب كثرة الخيرات التي عاشوا فيها. ولكن كل ما للشرير يخرب بغتة وهذا ما حدث لسدوم وعمورة. وكل ما جمعه بشره يخرب\'a1 فالله يحول كل شئ عند الشرير إلي خراب 
فيسكن مدناً خربة. . . عتيدة أن تصير رُجماً= حتي وإن بدت مزدهرة فستخرب بسبب الشر. 
لا تزول عنه الظلمة= مهما حاول الهرب من هذا الخراب يفشل. خراعيبه تيبسها السموم= أي فروعه تيبسها السموم\'a1 أي كأن هناك سماً إستشري في كل ما له فيخرب. وبنفخة فمه= اي فم الله يزول هو يزول ويترك كل شئ للأخرين. أي قد تنتهي حياته بالموت"""" وهذه التي أعددتها لمن تكون""""
لا يتكل علي السوء= هذا تحذير لكل إنسان\'a1 لأيوب من أليفاز ولكل منا\'a1 إذا كانت هذه نهآية الشرير فعلينا أن لا نتكل علي أن شرورنا ستؤدي بنا إلي أي خير. لأن السوء يكون أجرته= أجرة الشرير شر مؤكد. بل هو معرض للموت صغيراً= قبل يومه يتوفي. وسعفه لا يخضر= ربما الإشارة هنا إلي أن حتي عائلته لن تكمل أيامها. وبنفس المفهوم يساقط كالجفنة حصرمه= الحصرم هو العنب غير الناضج. والمعني ذريته ومن له يموتون في فجر حياتهم ولا يصلون إلي حد البلوغ. ومثال لخطاياهم أنه فجار مرتشين فنهايتهم سيئة"
"أيوب",15,1,"الإصحاح الخامس عشر"
"أيوب",16,1,"الإصحاح السادس عشر
الأيات 1-5:- """"فاجاب ايوب وقال\'a1 قد سمعت كثيرا مثل هذا معزون متعبون كلكم\'a1 هل من نهاية لكلام فارغ او ماذا يهيجك حتى تجاوب\'a1 انا ايضا استطيع ان اتكلم مثلكم لو كانت انفسكم مكان نفسي وان اسرد عليكم اقوالا وانغض راسي اليكم\'a1 بل كنت اشددكم بفمي وتعزية شفتي تمسككم"""". 
يرد أيوب أيضاً بأن كلامهم بلا فائدة\'a1 فلم يقل أليفاز شئ جديد= قد سمعت كثيراً مثل هذا. معزون متعبون كلكم= وليس أصحاب أيوب فقط بل كل البشر\'a1 فلا يمكن أن نجد معزي لنا في ضيقاتنا سوي الله """"الروح القدس المعزي"""" فأصحاب أيوب بينما يظنون أنهم يعزونه أتعبوه. ماذا يهيجك حتي تجاوب= لماذا هذا العناد والإصرار علي إثبات خطيتي\'a1 ما الذي تستفيدونه من هذا. ماذا يهيجك في أني أقول أنني بلا خطية لو كانت أنفسكم مكان نفسي= أي لو بدلنا المواقف وصرتم أنتم في آلام مثلي فأنا أستطيع أن أقول كلاماً وحكمة بلا معني وأن أحتقر المتألم فيكم= وأنغض رأسى إليكم= ولكن هل هذا هو التصرف السليم. . قطعاً لا. . ولذلك ما كنت لأفعل ذلك لو تبدلت المواقف بل كنت أشددكم بفمي= أي أتكلم بأقوال معزية لتخفيف أحزانكم. 
الأيات 6-16:- """"ان تكلمت لم تمتنع كابتي وان سكت فماذا يذهب عني\'a1 انه الان ضجرني خربت كل جماعتي\'a1 قبضت علي وجد شاهد قام علي هزالي يجاوب في وجهي\'a1 غضبه افترسني واضطهدني حرق علي اسنانه عدوي يحدد عينيه علي. \'a1 فغروا علي افواههم لطموني على فكي تعييرا تعاونوا علي جميعا\'a1 دفعني الله الى الظالم وفي ايدي الاشرار طرحني\'a1 كنت مستريحا فزعزعني وامسك بقفاي فحطمني ونصبني له غرضا\'a1 احاطت بي رماته شق كليتي ولم يشفق سفك مرارتي على الارض\'a1 يقتحمني اقتحاما على اقتحام يعدو علي كجبار\'a1 خطت مسحا على جلدي ودسست في التراب قرني\'a1 احمر وجهي من البكاء وعلى هدبي ظل الموت"""". عاد أيوب للشكوي من آلامه ربما ليحرك قلوب أصحابه فيرحموه. وهو هنا يقول أن لا الشكوي ولا السكوت يعطيانه راحة= إن تكلمت لم تمتنع كآبتي. . وإن سكت فماذا يذهب عني. وسبب شكواه أنه الله ضجره= إنه الآن ضجرني. الله هو الذي سبب كل هذا. ومن هنا بدأ يكلم الله ويوجه له كلاماً صعباً. خَرَبت كل جماعتي= أولادي وخدمي قتلوا وأصدقائي الذين كانوا يلتفون حولي تركوني. قبضت عليَ= سجنتني في ألامي. وجد شاهدٌ حالي ومنظرى\'a1 منظر جسدي المضروب ووجهي صاروا شاهد بل شهود علي غضبك عليَ. وقد يعني أيوب بأن آلامه شاهد علي أن شكواه ليست بلا مبرر. ثم يصور الله كوحش إنقض عليه ليفترسه\'a1 وهذا الوحش له أسنانه المفترسة وعيونه التي تلمع بمنظر مخيف. حَرَق علي أسنانه. عدوي يحدد عينيه عليَ. قد يكون عدوه هو أليفاز الذي يهاجمه أو الشيطان أوهو إعتبر أن الله نفسه يعاديه كوحش\'a1 وفي هذا يكون كلامه بتسرع ضد الله\'a1 فالله لا يعادي أحد من خلائقه\'a1 ولكنه في أهواله تصور هذا. فغروا عليَ أفواههم= هذا عن أصحابه الذين يتهموه بالشر. ويبدو أن الأشرار من جيرانه فرحوا ببليته إذ كان سلوكه الكامل يغيظهم\'a1 وكانت تصرفاتهم معه مهينة جداً. وفي الأيات 10\'a1 11 نري كيف كان أيوب رمزاً للمسيح في آلامه بل تم هذا حرفياً مع المسيح  مز 22:13 +  مي 5:1 +  مت 26:67 
دفعنى الله إلي الظالم= بدلاً من أن ينقذه من أيديهم دفعه لهم. (جيرانه الأشرار أو أصحابه) ولا ندري هل فهم أيوب وقتها مؤامرات الشياطين. ولكن المهم إيمانه بأن الله ضابط الكل فقوله """"دفعني الله"""" يعني أنه لا يفكر في أعدائه كأنهم يتصرفون من أنفسهم\'a1 بل الله فوقهم """"لم يكن لك علي سلطان إن لم تكن قد أعطيت من فوق
"""" يو 19:11 وفي يرمز أيوب إلي المسيح الذي أُسْلِم ليد الأشرار ليصلبوه\'a1 وكان هذا بمشورة الله المحتومة وعلمه السابق""""  أع 2:23. كنت مستريحاً فزعزعني= قبل التجربة كان في راحة وزعزعني= هشمني (الإنجليزية واليسوعية) أي مزق كل أعضائي. أمسك بقفاي= أي أتتني المصائب علي غير إنتظار. نصبني له غرضاً= لقد إختارني من بين البشر وسر بأن يجعلني له هدفاً يوجه له كل سهامه. وحينما حددني الله كهدف= أحاطت بي رماته كأن السبئيين والنار والريح هم رماة سهام الله. شق كليتي= أصابت كل أعضائي وأكثرها حساسية مثل الكلي آلام حادة. سفك مرارتي علي الأرض= حينما يصطادون وحشاً برياً ويذبحونه فإنهم يسفكون مرارته بإشمئزاز\'a1 فهو يصور أن الله سفك دمه ليس لأنه لا قيمة له بل لأنه كريه. يقتحمني إقتحاماً= كأن الله هجم عليه بينما هو محصن في قلعته (بيته وثروته). خطت مسحاً= المسح من شعر أسود وهو علامة الحزن فهو لبس مسحاً بسبب آلامه\'a1 وهل يلبس الحرير علي قروحه المملوءة طيناً دسست في التراب قرني= القرن علامة الرفعة\'a1 والتراب علامة الذل\'a1 فالله أراد أن يذله. 
إحمر وجهي من البكاء= لم يكن أمامه سوي التضرع بدموع\'a1 وكان بكائه علي ما وصل إليه حاله. 
وعلي هدبي ظل الموت= صارت أشباح الموت قريبة مني جداً كأنها علي رموش عيني. 
الأيات 17-22:- """"مع انه لا ظلم في يدي وصلاتي خالصة\'a1 يا ارض لا تغطي دمي ولا يكن مكان لصراخي\'a1 ايضا الان هوذا في السماوات شهيدي وشاهدي في الاعالي\'a1 المستهزئون بي هم اصحابي لله تقطر عيني\'a1 لكي يحاكم الانسان عند الله كابن ادم لدى صاحبه\'a1 اذا مضت سنون قليلة اسلك في طريق لا اعود منها"""". 
 مع أنه لا ظلم في يدي= كانت شهادة ضميره خالصة أمام الله أنه لم يظلم أحد\'a1 ولم يحصل علي ثروته بالظلم. صلاتي خالصة= والصلاة لا يمكن أن تكون خالصة طالما كان هنالك ظلم في الأيدي  أش 1:15. ثم صب اللعنات علي نفسه لو كان كاذباً فيما قاله
يا أرض لا تغطي دمي= إن كان هنالك ظلم في يديَ\'a1 أو كان قد ظلم أحد\'a1 فهو يتمني أن يكشف الله هذا الظلم ولا يختبئ. وإذا حدث هذا وكنت ظالماً لا يكن مكان لصراخي= أي هو راضي بأن الله لا يستجيب له ولا لصراخه إن كان قد ظلم أحداً. 
وبعد أن فقد أيوب رجاؤه في أن ينصفه أصدقاؤه\'a1 أو يسمعوه ويصدقوه. بل هم إستهزأو به= المستهزئون بي هم أصحابي= وهذا ألمه جداً فلم يجد علي الأرض من يشهد له\'a1 فرفع عينيه إلي السماء\'a1 إلي الله الذي يشهد له فهو الذي يري كل شئ ويمكن لله أن يشهد علي كماله وإستقامته. شهيدي وشاهدي في الأعالي. والشهيد هو الشاهد الأمين. فالشهيد هو شاهد للحق يصل لدرجة الموت فيسمى شهيد. وفي الأصل كلمة شهيد كلمة عبرية وشاهد كلمة أرامية ولهم نفس المعني. هنا نجد أيوب يلمح في السموات بطلاً إلهياً يدافع عن الكل (يهود وأمم) وهو يدافع عنه\'a1 هو لمح قبساً من نور المسيح شفيعنا عند الأب وهو الشهيد الشاهد الذي يشهد له ويبرئه [ولا أحد يبررنا لدي الآب سواه] فما إشتاق إليه أيوب صنعه المسيح. ( عب 7:25\'a1  8:1\'a1  9:12\'a1  24) \'ba  1يو 2:1 +  رؤ 3:14. ولأن البشر قساة في حكمهم فأصحابي يستهزئون بي= المستهزئون بي هم أصحابي. فلمن أذهب\'a1 لا يوجد سوي الله ألجأ إليه. لله تقطر عيني= أي ألجا لله بدموعي. لكي يحاكم الإنسان عند الله كإبن آدم صاحبه= إذا إستطاع الإنسان أن يقف ليحاكم عند الله\'a1 ولكن هل هناك كإبن آدم يدافع عني أمام الله\'a1 ماذا نقول هل كان أيوب يري المسيح إبن الإنسان الذي يدافع عنا وفي نفس الوقت هو الديان. رؤ 8:33\'a1 34. وبعد أن رأي أيوب هذا بروح النبوة صرخ لله أن يأتي هذا الشاهد الذي يدافع عنه سريعاً فأيام أيوب قليلة. . . في طريق لا أعود منها."
"أيوب",16,1,"الإصحاح السادس عشر"
"أيوب",17,1,"الإصحاح السابع عشر
الأيات 1-9:- """"روحي تلفت ايامي انطفات انما القبور لي\'a1 لولا المخاتلون عندي وعيني تبيت على مشاجراتهم\'a1 كن ضامني عند نفسك من هو الذي يصفق يدي\'a1 لانك منعت قلبهم عن الفطنة لاجل ذلك لا ترفعهم\'a1 الذي يسلم الاصحاب للسلب تتلف عيون بنيه\'a1 اوقفني مثلا للشعوب وصرت للبصق في الوجه\'a1 كلت عيني من الحزن واعضائي كلها كالظل\'a1 يتعجب المستقيمون من هذا والبريء ينتهض على الفاجر\'a1 اما الصديق فيستمسك بطريقه والطاهر اليدين يزداد قوة"""". 
 روحي تلفت= أيوب كإنسان متعب حين ذكر أن أيامه قليلة ( 16:22) أكل حديثه عن الموت فهو وجد نفسه قريباً جداً منه\'a1 وأن قوة الحيوية فيه كادت تتوقف إنما القبور لي= أي المقبرة حيث قبور أبائي الذين سأنضم إليها قريباً. وما زاد من آلامه كلام أصحابه وهنا دعاهم المخاتلون. ويقول لولا وجودهم عنده لكان في حالة أكثر راحة\'a1 ولكانت عينيه تبيت مستريحة لكنه الأن وبسبب وعودهم التي إعتبرها كاذبة في أيام أكثر راحة\'a1 وبسبب محاولاتهم إثبات شره وهذه أسماها مشاجراتهم\'a1 لولا مشاجراتهم لكان أكثر راحة= وعيني تبيت علي مشاجراتهم. ولذلك يحول نظره إلي الله تاركاً أصحابه. كن ضامني عن نفسك= لقد سبق وإشتكي أنه يريد أن يحاكم عند محكمة السماء العادلة\'a1 ولكنه كان ينتظر شاهداً يدافع عنه\'a1 وهنا يطلب طلب آخر أن يوجد من يضمنه من الآن حتي يأتي هذا الشاهد وتتم المحاكمة (وكأنه يطلب الأفراج عنه بكفالة أوبضمان أحد حتي يأتي ذلك الشاهد الذي ينتظره). أيوب بروح النبوة ينتظر المسيح ولا يريد أن يحاكم قبل أن يأتي\'a1 من هو الذي يصفق يدي= كانت الضمانة تبرم بصفق اليد (راجع شرح هذا في  أم 6:1) التساؤل هنا\'a1 من هو هذا الشخص الذي يضمنني ويشهد لي\'a1 أنا أعلم أن هناك من سيفعل ولكن من هو ياتري؟! ويعود أيوب لأصحابه فيدينهم علي قسوتهم لأنك منعت قلبهم عن الفطنة= بسبب قساوتهم منع الله عنهم الحكمة والفهم. لأجل ذلك لا ترفعهم= لا تجعلهم يكسبون جولتهم ضدي. الذي يسلم الأصحاب للسلب تتلف عيون بنيه= هذا تحذير شديد اللهجة لأصحابه أن يكفوا عن شرورهم ضده فمن يخون أصحابه خصوصاً في حالة كحالته قد يتعرض حتي بنيه للإساءة. أوقفني مثلاً للشعوب= كشخص مزدري به. صرت للبصق في الوجه\'a1 كلت عيني من الحزن من كثرة بكائه وحزنه كاد يفقد نظره. وأعضائي كلها كالظل= من هزالي صرت كأني لست إنساناً بل ظل إنسان. """"اليس هذا ما حدث للمسيح فهو رجل الأحزان  أش 53:3 وهو الذي إزدراه الناس وبصقوا فيه\'a1 هنا أيوب رمز للمسيح. يتعجب المستقيمون من هذا= حين يري المستقيمون هجومكم عليَ يتعجبون\'a1 والمستقيمون أيضاً سيتعجبون أن الله سمح بكل هذه الآلام لإنسان بار\'a1 بل سمح للهازئين بأن يهزأوا بالبار. والبرئ ينتهض علي الفاجر= البرئ اي المستقيم سيثور في وجه الفاجر الذي أذلني وإتهمني بالشر. ولكن أليس لهذه الآية صدي أخر\'a1 فإن كناقد فهمنا الأيات 6\'a1 7 أنها رمز لآلام المسيح\'a1 فكل القديسين الذين آمنوا بهذا أن المسيح تألم هكذا تعجبوا أن المسيح تألم لأجلهم كل هذه الألام\'a1 وسيكتشفون مؤامرات إبليس وسينهض كل من برره المسيح(البرئ) في وجه الشيطان الفاجر ويقاوموه بإيمانهم وصلواتهم بل وإستشهادهم في سبيل الحق الذي رأوه في المسيح\'a1 وهذا ما يشهد به التاريخ من قيام الكنيسة في نهضة مباركة بعد المسيح مباشرة. 
أما الصديق فيستمسك بطريقه= أيوب قد يعني نفسه بهذه الكلمات\'a1 ولكن فإن كل القديسين الذين عرفوا المسيح تمسكوا بإيمانهم\'a1 وهكذا الكنيسة كلها عبر العصور. 
الأيات 10-16:- """"و لكن ارجعوا كلكم وتعالوا فلا اجد فيكم حكيما\'a1 ايامي قد عبرت مقاصدي ارث قلبي قد انتزعت\'a1 يجعلون الليل نهارا نورا قريبا للظلمة\'a1 اذا رجوت الهاوية بيتا لي وفي الظلام مهدت فراشي\'a1 وقلت للقبر انت ابي وللدود انت امي واختي\'a1 فاين اذا امالي امالي من يعاينها\'a1 تهبط الى مغاليق الهاوية اذ ترتاح معا في التراب"""". 
 إرجعوا كلكم= تأكدوا يا أصحابي أنكم مخطئون\'a1 لا أجد فيكم حكيماً= يعرف كيف يفسر مشكلة الألم الذي يسمح به الله للقديسين. وهو هنا يذكر كيف أن كل أحلامه عن أيام سعيدة كانت أوهام وتبددت بل هو إقترب من الموت. أيامي قد عبرت\'a1 مقاصدي إرث قلبي قد إنتزعت= أي في أيام رخائي كانت أفكار قلبي ومقاصدي أن أزداد رخاء وأكمل أيامي في سعادة\'a1 وكل هذا إنتهي. يجعلون الليل نهاراً نوراً قريباً من الظلمة= أصحابه بوعودهم الكاذبة أن آلامه ستنتهي حول ليله (آلامه) إلي نهار(أمال) ولكن في الحقيقة فأي نور له (رجاء في المستقبل) هو أقرب ما يكون للظلمة\'a1 فهو بلا رجاء. وكل رجاؤه كان الموت= إذا رجوت الهاوية بيتاً لي= أنني أخدع نفسي إذا ما توقعت منفذاً لي من متاعبي سوي ما يقدمه الموت. مهدت فراشي أي أعد قبره كفراش يرتاح فيه. بل قلت للقبر أنت أبي= لقد خذله أصدقاؤه فصار القبر والدود أقرب أقربائه\'a1 يرحب بالقبر فالموت صار أكثر حناناً من أصدقائه. 
أمالي. . . تهبط إلي مغاليق الهاوية= الأمال التي تحدثوني عنها ستهبط معي إلي الهاوية ويغلق علينا\'a1 اي لا رجاء مطلقاً."
"أيوب",17,1,"الإصحاح السابع عشر"
"أيوب",18,1,"الإصحاح الثامن عشر
نجد هنا خطاب بلدد وفيه يجدد الهجوم علي أيوب بأكثر قسوة\'a1 ونلاحظ ملاحظة هامة في خطب أيوب نلمح تقدماً من الظلمة إلي النور. . . . العكس في خطب الأصحاب نجدهم يزدادون قسوة. 
الأيات 1-4:- """"فاجاب بلدد الشوحي وقال\'a1 الى متى تضعون اشراكا للكلام تعقلوا وبعد نتكلم\'a1 لماذا حسبنا كالبهيمة وتنجسنا في عيونكم\'a1 يا ايها المفترس نفسه في غيظه هل لاجلك تخلى الارض او يزحزح الصخر من مكانه"""". 
 نجد بلدد يتهم أيوب بالتحدث بكلام فارغ لا نهآية له ولا خير فيه. إلي متي تضعون أشراكاً للكلام= بلدد يتهم أيوب بأنه يدخلهم في محاورات خيالية\'a1 هي كأشراك تضل السامعين\'a1 وهي ليست سوي مجرد ألفاظ لا تحوي شيئاً( كأنها شرك يأتي إليه الصياد ويظن أن في داخله صيداً ثميناً فيجده فارغاً). تعقلوا وبعد نتكلم= إتهمه بعدم الإهتمام بما قيل له\'a1 ويطلب منه أن يفكر فيما سمع قبل أن يرد بكلام فارغ. ثم إتهمه بالإزدراء بأصحابه= لماذا حسبنا كالبهيمة عندك= وأيوب لم يقل شيئاً كهذا ولكنها مبالغة والمعني هل تحسبنا لا نفهم وكلامنا تافه كما لو كنا حيوانات. ثم إتهمه بالإنفعال والتهور 
يا أيها المفترس نفسه في غيظه= كان أيوب قد إتهم الله بأنه يفترسه وهنا بلدد يرد عليه بأنه هو الذي في غيظه يفترس نفسه أي يمزق نفسه. وهذا كلام صحيح فالغيظ خطية تحمل قصاصها في نفسها\'a1 فإن سريعي الإنفعال والتهيج يمزقون أنفسهم. هل لأجلك تخلي الأرض= هذا إتهام لأيوب بأنه في غطرسته وكبريائه يظن أنه لكي يهرب من النظام الأدبي للكون\'a1 والذي يحتم عقوبة الأشرار\'a1 فلينقلب العالم رأساً علي عقب ويفرغ العالم من سكانه ليبقي أيوب وحده ويضع نظامه الخاص ويفلت من عقوبته. أو يزحزح الصخر من مكانه= من المستحيل زحزحة الصخر\'a1 ولكن هل نغير قوانين الطبيعة من أجلك. وإذا كان تغيير القوانين الأرضية (زحزحة الصخر\'a1 وإخلاء الأرض) مستحيل فبالأولي من المستحيل تغيير قوانين الله وهو مالك السموات والأرض وهو صخر الدهور. 
الأيات 5-10:- """"نعم نور الاشرار ينطفئ ولا يضيء لهيب ناره\'a1 النور يظلم في خيمته وسراجه فوقه ينطفئ\'a1 تقصر خطوات قوته وتصرعه مشورته\'a1 لان رجليه تدفعانه في المصلاة فيمشي الى شبكة\'a1 يمسك الفخ بعقبه وتتمكن منه الشرك\'a1 مطمورة في الارض حبالته ومصيدته في السبيل"""". 
بعد أن أثبت بلدد سابقاً إستحالة تغيير القوانين\'a1 يذكر هنا القانون الذي إستمات الكل في الدفاع عنه وهو حتمية هلاك الأشرار\'a1 وهذا ينطبق علي أيوب. 
نعم. نور الأشرار ينطفئ= نعم فيها رد علي شكوي أيوب والمعني وإن إعترضت يا أيوب علي هذا لكنه صحيح. ونور الأشرار أي حتي ما هو منير وصالح فيهم سينطفئ سريعاً. فقد يكون للشرير نجاح بعض الوقت\'a1 كنور في حياته ولكنه سريعاً ما سينطفئ. ونجاحه هذا شئ وقتي كأنه نار مشتعلة وسريعاً ما ستنطفئ= ولا يضئ لهيب ناره. النور يظلم في خيمته. وسراجه فوقه ينطفئ= كان العادة وضع السراج أعلي الخيمة حتي يضئ الخيمة كلها. والتشبيه معناه\'a1 أن نجاحه كسراج سريعاً ما ينتهي زيته وينطفئ وإذا فهمنا التشبيه الكتابي بأن الخيمة تشير للجسد\'a1 فهكذا الحياة ستنتهي سريعاً. 
تقصر خطوات قوته= بمعني الإرتباك والتردد. وتصرعه مشورته= يسلمه الله لمشورته فهذا ما يستحقه\'a1 وتدفعه مشورته الفاسدة لهلاكه (فرعون وهلاكه). لأن رجليه تدفعانه في المصلاة= المصلاة تعني الشرك. والمعني أنه هو صاحب قرار هلاكه فهو الذي قرر هذا الطريق المهلك لنفسه\'a1 وحين ينزع الله نوره أي الحكمة من الشرير فهذا يحدث فعلاً وتكون قرارات الشرير كلها خاطئة وتقوده عبر طريق مظلم من خراب إلي خراب\'a1 ولا يستطيع أن يتمم مقاصده. ويفشل في النجاة= ويمسك الفخ بعقبه وبينما هو يدبر الشر للأخرين سيقع هو في شبكة شره. مطمورة في الأرض حبالته الحبالة أو والأنشوطة هي نوع من الأشراك تخفي في الأرض\'a1 وتمسك برجل الفريسة فتتعلق الفريسة من رجلها في شجرة. ومصيدته في السبيل= أي وهو في طريقه تمسك به هذه المصيدة\'a1 وهكذا نفهم أن إبليس يضع هذه الشراك في طريقنا\'a1 لكن من ينير الله عينيه يري هذه الشراك ويهرب فينجو. 
الأيات 11-21:- """"ترهبه اهوال من حوله وتذعره عند رجليه\'a1 تكون قوته جائعة والبوار مهيا بجانبه\'a1 ياكل اعضاء جسده ياكل اعضاءه بكر الموت\'a1 ينقطع عن خيمته عن اعتماده ويساق الى ملك الاهوال\'a1 يسكن في خيمته من ليس له يذر على مربضه كبريت\'a1 من تحت تيبس اصوله ومن فوق يقطع فرعه\'a1 ذكره يبيد من الارض ولا اسم له على وجه البر\'a1 يدفع من النور الى الظلمة ومن المسكونة يطرد\'a1 لا نسل ولا عقب له بين شعبه ولا شارد في محاله\'a1 يتعجب من يومه المتاخرون ويقشعر الاقدمون\'a1 انما تلك مساكن فاعلي الشر وهذا مقام من لا يعرف الله"""". 
 بلدد يستمر ويسترسل في شرح نظريته. ترهبه أهوال من حوله\'a1 وتذعره عند رجليه= إذا أمسكت الحبالة (المصيدة) بقدميه يرتعب\'a1 ولن يجد ضميره راحة\'a1 بل يظن أن الخليقة كلها تحاربه\'a1 والسماء غاضبة عليه وهو وحده في رعب. تكون قوته جائعة ما إعتمد عليه من قوة وثروة وسلطان يخزيه يوم بليته\'a1 ولا يفيده كل ما عنده. البؤار مهيأ بجانبه= أي يري خرابه يقترب. ويري موته يقترب يأكل أعضاءه بكر الموت\'a1 يأكل أعضاء جسده= المرض الذي فيه تتأكل أعضاء الجسد هو مرض البرص المخيف. وأسماه بكر الموت\'a1 فالبكر هو الأقوي والأغني فله نصيب الضعف\'a1 وبكر الموت هو أقوي الأمراض المميتة. ينقطع عن خيمته عن إعتماده= يؤخذ كل ما كان له الذي كان معتمداً عليه\'a1 ويذهب عنه حتي خيمته التي كان يسكن فيها. يساق إلي ملك الأهوال= ملك الأهوال هو الموت\'a1 فكأنه في حياته أحاطت به الأهوال\'a1 وأعظم الأهوال هو الموت فهو ينهي سعادة الأشرار في هذه الدنيا ولا أمل لهم في العالم الآخر. يسكن في خيمته من ليس له= حسب ترجمة(الإنجليزية) لأنها ليست له= أي أملاكه يرثها غيره فهو لايستحق ما أخذه من الأبرياء بالظلم. يذر علي مربضه كبريت= إذا لم يأخذه أحد يحرقه الله بنار كما أحرق سدوم وهنا إشارة مؤلمة أوجع بها بلدد قلب أيوب لما حدث لأيوب حين إحترقت أملاكه بنار. 
من تحت تيبس أصوله ومن فوق يقطع فرعه= أي كل ما له سوف يباد\'a1 فبيت الشرير هنا مشبه بشجرة لها جذور(أملاكه/ صحته/ أمانه) ولها فروع( أولاده/ أحفاده/ أصهاره) والشرير كل ماله يزول. حتي أن ذكره يبيد من الأرض ولا إسم له علي وجه البر= حينما يموت وتموت عائلته كلها لا يوجد من يذكره(والبر هو الشارع في الإنجليزية) أي أن الناس في حياتهم العادية سوف ينسونه تماماً. يدفع من النور إلي الظلمة= النور في عرف الناس هو النجاح والإزدهار والشهرة\'a1 والظلمة هي الخراب والموت في النهآية. 
ومن المسكونة يطرد= رسل الموت يطردونه من العالم. لا نسل له ولا عقب= إشارة مرعبة لهلاك أولاد أيوب(هل هذا كلام تعزية) ولا شارد= فأسرته كلها تهلك يتعجب من يومه المتأخرون= ينذهل الجميع مما حدث له ذهولاً تماماً(المتأخرون= الذين سمعوا بقصته من أبائهم\'a1 أي أتوا بعده\'a1 والأقدمون من عاشوا في وقته)."
"أيوب",18,1,"الإصحاح الثامن عشر"
"أيوب",19,1,"الأصحاح التاسع عشر
نجد هنا خطاب أيوب ضد بلدد وفيه كالعادة يشكو من سوء معاملتهم\'a1 ثم يصف حالته المرة ولكننا نجد في هذا الإصحاح تحول أيوب من أفظع شعور بالهجر والرفض إلي أعظم كلمات معبرة عن إيمان\'a1 فيه رأي محامي إلهي يتولي الدفاع عن قضيته ويسمعه حكم البراءة ومما يعزي ويفرح إنتصار الإيمان في النهآية. 
الأيات 1-7:- """"فاجاب ايوب وقال\'a1 حتى متى تعذبون نفسي وتسحقونني بالكلام\'a1 هذه عشر مرات اخزيتموني لم تخجلوا من ان تحكروني\'a1 وهبني ضللت حقا علي تستقر ضلالتي\'a1 ان كنتم بالحق تستكبرون علي فثبتوا علي عاري\'a1 فاعلموا اذا ان الله قد عوجني ولف علي احبولته\'a1 ها اني اصرخ ظلما فلا استجاب ادعو وليس حكم"""". 
 حتي متي تعذبون نفسي= بإتهاماتهم أنه شرير افقدوه ما كان له من قليل تعزية بدلاً من أن يعزوه هم. أخزيتموني= عيرتموني وأطلقتم علي صفات شريرة. 
وقوله عشر مرات= أي مراراً وتكراراً\'a1 مرات كثيرة. تحكروني= اي استحوا منه إذ كان في نكبته وجعلوا أنفسهم غرباء عنه (حسب الترجمة الإنجليزية). وهبني ضللت حقاً عليَ تستقر ضلالتي= لنفترض أنني أخطأت عن طريق جهل أو أخطأت فعلاً( هو يشعر أنه لم يخطئ) ومن الجهل أن يظن إنسان أنه معصوم من الخطأ\'a1 فعاقبة خطاياي واقعة عليَ ولا دخل لكم بهذا\'a1 ولا تزيدوا ألامي بتعييراتكم. إن كنتم بالحق تستكبرون عليَ فثبِتوا عليَ عاري= هل لكي تتعظموا علي وتتفوقوا وتثبتون صدق كلامكم وأنكم المنتصرون في المناقشة تريدون وتصرون أن ما حدث لي هو بسبب خطيتي فتثبتون عاري\'a1 هل هذا طريق مقبول مع متألم مثلي. ويجب أن تعلموا لماذا أصرخ فأنا متألم من الوجع الذي أصابني به الله\'a1 فالله هو الذي فعل هذا بي فالله قد عوَجني= عوجني= هدمني(إنجليزية ويسوعية). ومهما صرخ فالله لا يستجيب. ووصل لحالة عدم الرجاء في عفو الله. 
الأيات 8-22:- """"قد حوط طريقي فلا اعبر وعلى سبلي جعل ظلاما\'a1 ازال عني كرامتي ونزع تاج راسي\'a1 هدمني من كل جهة فذهبت وقلع مثل شجرة رجائي\'a1 واضرم علي غضبه وحسبني كاعدائه\'a1 معا جاءت غزاته واعدوا علي طريقهم وحلوا حول خيمتي\'a1 قد ابعد عني اخوتي ومعارفي زاغوا عني\'a1 اقاربي قد خذلوني والذين عرفوني نسوني\'a1 نزلاء بيتي وامائي يحسبونني اجنبيا صرت في اعينهم غريبا\'a1 عبدي دعوت فلم يجب بفمي تضرعت اليه\'a1 نكهتي مكروهة عند امراتي وخممت عند ابناء احشائي\'a1 الاولاد ايضا قد رذلوني اذا قمت يتكلمون علي\'a1 كرهني كل رجالي والذين احببتهم انقلبوا علي\'a1 عظمي قد لصق بجلدي ولحمي ونجوت بجلد اسناني\'a1 تراءفوا تراءفوا انتم علي يا اصحابي لان يد الله قد مستني\'a1 لماذا تطاردونني كما الله ولا تشبعون من لحمي"""". 
 يكرر أيوب شكواه لعلهم يشفقوا عليه. وشكا من علامات غضب الله فقال أضرم عليَ غضبه= وماذا تكون نار جهنم إلا غضب الله. وحسبني كأعدائه= مع أن الله إعتبره كاملاً وكان يتفاخر به كأحد أحبائه وكثيراً ما نشك في محبة الله بينما قلب الله يكون مملوء محبة نحونا\'a1 وكل تدبيره لصالحنا ونحن لا نعلم. وهو شعر بعداء الله نحوه في أن الله حوط طريقي فلا أعبر= اي ليس لي طريق للنجاة\'a1 فالله يمنع عنه أي منفذ. 
أزال عني كرامتي= ثروتي وسلطتي. . . حتي أبنائي أماتهم وهم تاج رأسي. وشكا من أنه تحطم نهائياً بلا أمل في رجوع= قلع مثل شجرة رجائي= كأن الشجرة قلعت من جذورها لكي لا تنبت ثانية. معاً جاءت غزاته= هو إعتبر أن السبئيين. . . الخ مرسلين من الله وشكا من قسوة أقاربه وكل معارفه السابقين= قد أبعد عني إخوتي= فهم إبتعدوا لأنهم إزدروا بي بسبب قروحي. أقاربي قد خذلوني= بينما توقع أيوب منهم أن يقفوا بجانبه في شدته وجدهم قد تخلوا عنه. كرهني كل رجالي= بسبب حالي وقروحي. وحتي خدمه ما عادوا يحترموه أو يطيعوه= نزلاء بيتي وإمائي يحسبونني أجنبياً= عاملوه كأنه غريب ورفضوا الإستجابة له. بل عاملوه بغلظة= بفمي تضرعت إليه\'a1 عبدي دعوت فلم يجب. بل حتي إمرأته إشمئزت من رائحة فمه= نكهتي مكروهة عند إمرأتي. وخممت عند أبناء أحشائي= صرت شيئاً مقززاً عند أبناء أحشائي. وأبناء أحشاؤه ربما أحفاده أو أولاد عبيده الذين ولدوا في بيته\'a1 لأن أولاده ماتوا كلهم. وشكا من إنحلال جسده= عظمي قد لصق بجلدي. ونجوت بجلد أسناني= هو مثل شائع\'a1 فالأسنان ليس لها جلد. فيكون المعني أنه نجا لكنه نجا بحياته فقط بعد ما خسر كل شئ. ويدعوهم أن يتراءفوا عليه ولا يدينوه فيكفيه دينونة الله= لماذا تطاردونني كما الله= أي لماذا تجعلون أنفسكم كالديان الله. لماذا لا تشبعون من لحمي= أكل لحم الإنسان تعبير يعني النميمة\'a1 لأن النمام يتلف صيت خصمه كوحش يفترس لحمه. 
الأيات 23-29:- """"ليت كلماتي الان تكتب يا ليتها رسمت في سفر\'a1 ونقرت الى الابد في الصخر بقلم حديد وبرصاص\'a1 اما انا فقد علمت ان وليي حي والاخر على الارض يقوم\'a1 وبعد ان يفنى جلدي هذا وبدون جسدي ارى الله\'a1 الذي اراه انا لنفسي وعيناي تنظران وليس اخر الى ذلك تتوق كليتاي في جوفي\'a1 فانكم تقولون لماذا نطارده والكلام الاصلي يوجد عندي\'a1 خافوا على انفسكم من السيف لان الغيظ من اثام السيف لكي تعلموا ما هو القضاء"""". 
 نجد أيوب هنا كقيثارة ينفخ فيها الروح القدس فتعزف\'a1 وربما لم يفهم أيوب كل ما قاله\'a1 لكنه تعزي وتنبأ\'a1 ولعل كل ما فهمه أن الله سيبرأه أمام أصدقائه. هنا أيوب كان له شركة الصليب\'a1 ومن يشترك مع المسيح في إحتمال الألم والصليب تنفتح عيناه علي أسرار وأمجاد السماء. ففي هذه الكلمات نجد كلام عن المسيح وعن السماء. هنا نجد أيوب مسوقاً بالروح القدس الذي أنار بصيرته ووضع في فمه كلاماً بكيفية أذهلته\'a1 وبعد هذه الكلمات هدأت نبرة إنفعال أيوب كثيراً. حقاً هو إشتكي من آلامه بعد ذلك لكن النبرة هدأت وعاصفة الغضب سكنت. والروح القدس وحده هو الذي يعطي هذا العزاء للمتألم. ولقد راي أيوب رؤيا يقينية أراد تسجيلها للأجيال القادمة= ليت كلماتي الآن تكتب. ياليتها رسمت في سفر= أي كتاب. والله حقق له ذلك وكتب كلماته في الكتاب المقدس لتحفظ عبر الأجيال. ومعني كلام أيوب هنا: لقد قلت كلاماً كثيراً بلا معني وأما ما سأقوله الآن كلام خطير ليته يجد طريقه لكل إنسان بأن يسجل. نقرت إلي الأبد في الصخر. . . كانت طريقة الكتابة علي الصخر بأن تنقر الكتابة علي الصخر بقلم جديد ثم يسكب الرصاص المنصهر في مكان النقر فيثبت الكلام لفترات طويلة. أما أنا فقد علمت أن وليي حي= وليي= فاديَ وهذه إشراقة سماوية علي أيوب وسط أحزانه\'a1 لقد سبق أيوب وصور الله علي إنه خصم\'a1 أما الأن فهو يري المسيح وليه الحي\'a1 الذي حتي وإن مات أيوب سيشهد له هذا الولي ويبرره ويشهد ببره\'a1 والولي كان له أن يقتص من الجاني\'a1 والجاني هنا هو إبليس الذي هزمه ولينا المسيح لينقذنا من يده. والولي بحسب ناموس موسي هو الذي له الحق بأن يفك(يفدي) ما باعه أخوه أو رهنه ( لا 25:25). ولقد بيع ميراثنا السماوي بسبب الخطية ونحن عاجزون عجزاً كاملاً عن فكه (فدائه). والمسيح هو ولينا القادر أن يفك\'a1 ولقد وفي الدين عنا ووفي عدل الله عن الخطية. وفك الرهن وسوي الميراث. وأيوب يري أن وليه حي لا يموت حتي وإن مات هو فهو قادر أن يسوي المسألة\'a1 ولو تركه أصحابه وتخلوا عنه وإتهموه باطلاً فالله يأخذ بيده وينصره. هل يوجد ما يعزي أيوب بقدر هذه الرؤيا العجيبة\'a1 أن هنالك فادياً معداً للإنسان الساقط\'a1 وهو يسوع المسيح\'a1 الذي وإن ترك أيوب كل أحبائه 
والآخر علي الأرض يقوم= الآخر تعني إما اليوم الأخير\'a1 أو في زمن متأخر بمعني فيما بعد. وبعد ذلك فهمنا من بولس الرسول أن المسيح جاء متجسداً علي الأرض في ملء الزمان.  غل 4: 4\'a1  5. وفي العهد القديم كان يسمي وقت ظهور المسيح """"اليوم الأخير"""" والمسيح جاء وتجسد ومات وقام علي الأرض ليفك الدين الذي علينا. وبعد أن يفني جلدي هذا وبدون جسدي أري الله= هذا ما فعله المسيح بفدائه وقيامته أن أعطي لنا إمكانية أن نري الله بعد أن نموت\'a1 فالمسيح صالحنا مع الآب السماوي. نلاحظ أن أيوب هنا كان خاضعاً لعمل الروح القدس. ففكرة القيامة بهذه الصورة لم تكن واضحة بل هو تساءل قبل ذلك """"إذا مات إنسان أفيحيا"""". والجسد الممجد الذي سنحصل عليه بعد القيامة يمكنه أن يري الله. فنحن في هذا الجسد لا يمكننا أن نراه """"لا يراني الإنسان ويعيش"""". ولعل أيوب في رؤيته رأي شئ عبر عنه بقوله""""الذي أراه أنا لنفسى\'a1 وعيناي تنظران وليس أخر""""= لقد رأي وليه ورأي ما سيفعله وفهم أن ما يراه أكيد\'a1 رآه بنفسه ولم يحكيه له أحد. ففرح وتهلل فقال= إلي ذلك تتوق كليتاي في جوفي= أي بعد أن رأيت ما رأيت فكل مشاعري داخلي\'a1 (فالكلي مركز العواطف هي والقلب والأحشاء) أصبحت متجهة لهذا اليوم الذي يأتي فيه هذا الولي. 
وبعد الذي رآه وجه تحذيراً لأصحابه حتي يهدئوا هجومهم عليه وعلمهم ماذا يقولون الآن لماذا نطارده= ونهاجمه ونحزنه ونغيظه بإنتقاداتنا. وذلك لأن أيوب تأكد أن الله سوف يبرره أمام أصدقائه وسيكتشفون بعد ذلك صدق أيوب= والكلام الأصلي يوجد عندي= ربما يشير لرؤيته التي رآها أنها حقيقية وأصبح عنده الآن رؤية واضحة 
خافوا علي أنفسكم من السيف= اي سيف عدل الله. لأن الغيظ من أثام السيف= أي غيظهم وكلامهم الشرير ضد أيوب من الأثام التي تستحق عقوبة السيف أي غضب الله. فعليهم أن يخافوا ويكفوا عن ظلمهم لأيوب\'a1 فإذا لم تكفوا عن إتهاماتكم فسوف يأتي سيف غضب الله وستعلمون أنه قاضي عادل وقد حكم عليكم= لكي تعلموا ما هو القضاء."
"أيوب",19,1,"الأصحاح التاسع عشر"
"أيوب",20,1,"الإصحاح العشرون
كنا نتوقع بعد الإعتراف الرائع لأيوب أن يسكت أصحابه ولكن صوفر أخذ دوره في الهجوم عليه. 
الأيات 1-9:- """"فاجاب صوفر النعماتي وقال\'a1 من اجل ذلك هواجسي تجيبني ولهذا هيجاني في\'a1 تعيير توبيخي اسمع وروح من فهمي يجيبني\'a1 اما علمت هذا من القديم منذ وضع الانسان على الارض\'a1 ان هتاف الاشرار من قريب وفرح الفاجر الى لحظة\'a1 ولو بلغ السماوات طوله ومس راسه السحاب\'a1 كجلته الى الابد يبيد الذين راوه يقولون اين هو\'a1 كالحلم يطير فلا يوجد ويطرد كطيف الليل\'a1 عين ابصرته لا تعود تراه ومكانه لن يراه بعد"""". 
 من أجل ذلك هواجس تجيبي= هواجس هي الأفكار التي تدور في الخاطر فهو حتي لم يتأثر بشكوي أيوب من آلامه\'a1 بل إستدار عليه بعنف\'a1 كأنه كان غير متأكد من شر أيوب أما الأن فلقد تأكدت هواجسه\'a1 بل هو مهتاج لما إكتشفه من شر أيوب ولهذا هيجاني فيَ. وما سبب هذا الهيجان أن أيوب أغاظه جداً= تعيير توبيخي أسمع وكأنه إغتاظ من أن أيوب وبخهم\'a1 فهل شرير مثله له الحق أن يوبخ شرفاء مثلهم. 
وروح من فهمي يجيبني= الروح الذي يرشده للإجابة ناشئ من حكمته وفهمه وفطنته. ثم شرح الصديق صوفر نفسه ما قاله هو وأصدقائه من قبل\'a1 نظرية هلاك الأشرار. أما علمت هذا= هل يمكن أن تجهل حقيقة واضحة هكذا. أن هتاف الأشرار من قريب= أي لفترة قصيرة(حسب الترجمة الإنجليزية) وقريب الزوال(اليسوعية) أي فرحهم يكون لفترة قصيرة. ولو بلغ السموات طوله= مهما بلغ علو نجاح الشرير فسيزول. كجلته إلي الأبد يبيد= الجلة هي الروث والبراز\'a1 ويستخدمونه فى إيقاد الأفران وهو يحترق سريعاً\'a1 أي أن هلاكه سوف يكون عظيماً جداً وخرابه يكون سريعاً جداً= كالحلم يطير فلا يوجد. ويطرد كطيف الليل= فبعد اليقظة يكون من الصعوبة تذكر تفاصيل معظم أحلامنا. وهكذا الشرير لا يعود يذكر رخائه. وخرابه يكون كاملاً. عين أبصرته لا تعود تراه= ولن يعود ثانية نجاحه فخرابه يكون نهائياً. ومكانه لن يراه بعد= فهو ذهب نهائياًَ عن مكانه. 
الأيات 10-22:- """"بنوه يترضون الفقراء ويداه تردان ثروته\'a1 عظامه ملانة شبيبة ومعه في التراب تضطجع\'a1 ان حلا في فمه الشر واخفاه تحت لسانه\'a1 اشفق عليه ولم يتركه بل حبسه وسط حنكه\'a1 فخبزه في امعائه يتحول مرارة اصلال في بطنه\'a1 قد بلع ثروة فيتقياها الله يطردها من بطنه\'a1 سم الاصلال يرضع يقتله لسان الافعى\'a1 لا يرى الجداول انهار سواقي عسل ولبن\'a1 يرد تعبه ولا يبلعه كمال تحت رجع ولا يفرح\'a1 لانه رضض المساكين وتركهم واغتصب بيتا ولم يبنه\'a1 لانه لم يعرف في بطنه قناعة لا ينجو بمشتهاه\'a1 ليست من اكله بقية لاجل ذلك لا يدوم خيره\'a1 مع ملء رغده يتضايق تاتي عليه يد كل شقي"""". 
 بنوه يترضون الفقراء\'a1 ويداه تردان ثروته= بعد خرابه\'a1 أو بعد إنكساره يخاف من الفقراء الذين ظلمهم فيرسل بنيه ليرضوهم\'a1 بل هو بيداه يعيد ما إغتصبه منهم. والله في عدله\'a1 وإن مات الشرير غنياً فأولاده يبددون ثروته وبطريقة أو بأخري يعيدها الله للفقراء المظلومين. عظامه ملآنه شبيبة\'a1 ومعه في التراب تضطجع أي مع أن عظامه مازالت في قوتها ملآنة حيوية\'a1 إلا أنه بسبب غضب الله عليه يموت شاباً ومعه حيويته. وما السبب؟ إن حلا في فمه الشر¨= كان ضميره لأيؤنبه علي أفعاله الشريرة\'a1 بل كان للشر طعم حلو في فمه. بل حبسه وسط حنكه= إذا ما حصل عليه لا يشتهي شيئاً أخر\'a1 فلا يريد مثلاً أن يستبدله بالروحيات فهو لا يستطعمها[كمن أكل طعاماً يلذ له ولا يريد أن يأكل طعاماً أخر حتي لا يخسر مذاق الطعام الذي يحبه]. وبنفس المفهوم أخفاه تحت لسانه. والسبب أنه أشفق عليه أي إستبقاه وتمسك به\'a1 وأخفاه داخل قلبه لا يريد أن يتركه. وماذا تكون نتيجة الشر الكامن داخله. خبزه في أمعائه يتحول. مرارة أصلال فى بطنه= ما كان يخفيه داخله علي أنه لقمة لذيذة يتحول داخله إلي مرارة\'a1 ورعب وغيظ. ومرارة الأصلال أشد أنواع المر مرارة\'a1 وهي أكثرها فتكاً وقتلاً(الأصلال= الحيات وهي جمع صل أي حية). بلع ثروة فيتقيأها. الله يطردها= ما أخذه بالظلم لابد أن الله سيجعله يعيده\'a1 وسيأخذه منه\'a1 وهو سيعيدها بآلام وليس بإختياره كمن يتقيأ. سم الأصلال يرضع= الظالم واللص يظن أن ما يجمعه من الحرام هو فرصة يزيد بها ثروته\'a1 لكن للأسف لا يدري إن كل من يحتضن خطية أنه يحتضن ناراً ومن يأخذ مال بالظلم فكأنه يرضع سم الأصلال\'a1 فهل تتركه الحية\'a1 هي ستستدير. ويقتله لسان الأفعي. وسوف تخزيه كل أماله في زيادة ثروته التي مني بها نفسه باطلاً
لا يري الجداول= كان يحلم بأن تكون ثروته كثيرة كالجداول ولكن لا شئ يبقي لديه. يرد تعبه= هو تعب في تدبير المؤامرات ليحصل علي ما حصل عليه\'a1 لكنه ها هو يرد كل شئ ولا يبلعه= لا يكاد يشبع به\'a1 هو كأنه في فمه يتلذذ به\'a1 هو حبسه وسط حنكه. لا يستطيع أن يبلعه فالله لا يقبل أن يتمتع بما حصل عليه بالشر\'a1 ولابد أن يتقيأه ويعيده ولا يستفيد منه=كمال تحت رجع= كأنه كان عنده كأمانة يجب أن يرجعها. كانه أخذ المال ليرجعه. لأنه لم يعرف في بطنه قناعة= لا يعرف شيئاً إسمه راحة البال والإكتفاء لذلك لا ينجو بمشتهاه= فالكل سيذهب عنه. ولا ينجو بأي شئ منه= ليست من أكله بقية= لا تبقي شئ من ثروته التي طالما تلذذ بها. مع ملء رغده يتضايق= هو يشعر بالضيق والهم بالرغم من كثرة أمواله. ولاحظ الحال التي يصل إليها= تأتي عليه يد كل شقي= راجع  أش 33:1 +  تك 16:12. 
الأيات 23-29:- """"يكون عندما يملا بطنه ان الله يرسل عليه حمو غضبه ويمطره عليه عند طعامه\'a1 يفر من سلاح حديد تخرقه قوس نحاس\'a1 جذبه فخرج من بطنه والبارق من مرارته مرق عليه رعوب\'a1 كل ظلمة مختباة لذخائره تاكله نار لم تنفخ ترعى البقية في خيمته\'a1 السماوات تعلن اثمه والارض تنهض عليه\'a1 تزول غلة بيته تهراق في يوم غضبه\'a1 هذا نصيب الانسان الشرير من عند الله وميراث امره من القدير"""". 
سبق صوفر فشرح الأيام الشريرة التي يراها الخاطئ وهنا يشرح أن الله سيهلكه أخيراً هلاكاً تاماً. الله يرسل عليه حمو غضبه= ومن يثبت أمام غضب الله ويمطره عليه= كما أمطر ناراً وكبريتاً فوق سدوم وعمورة. عند طعامه= فكرة صوفر وقد شرحها من قبل أن الله لن يترك الشرير يبلع ما أخذه ليشبع به ويرتاح\'a1 بل عندما يبدأ يبلع يمطره الله بضربات غيظه[هنا ربما كان صوفر يشير لضربة أبناء أيوب أثناء طعامهم 1:18].  وهلاك الأشرار محتم\'a1 والله له أسلحة متنوعة\'a1 وإن هرب من أحدها(سلاح حديد) فسيهلك بالأخري(قوس نحاس) فلا إمكانية للنجاة. والهلاك سيكون نهائياً وتاماً جذبه فخرج من بطنه= فقوس الله لا يخطىء بل يموت فى رعب = عليه رعوب. وقوله جذبه فخرج من بطنه = أنه جذب السهم لا ليشفيه من أثاره بل ليمزق أحشائه= البارق من مرارته مرق= البارق هو حد السهم اللامع. كل ظلمة مختبأة لذخائره= الظلمة كنآية عن كل شر يصيب الشرير\'a1 وهذا الشر كامن يتربص بذخائره أي بما يملك\'a1 وفجأة تأكله نار\'a1 تنقض عليه نار(هي التي كانت مختبأة) تأكله نار لم تنفخ= أي لا يوجد تفسير بشري مقنع لمصدر هذه النار\'a1 فهي من عند الله. ترعي البقية في خيمته= هذه النار ستأكل ما تبقي في خيمة الشرير. وهلاكه سيكون واضحاً فيه غضب السموات عليه= السموات تعلن إثمه. وسيري الكل أنه جوزي بعدل حسب ما يستحق. والأرض تنهض عليه= الله يستخدم عبيده الذين في الأرض ليضربوه\'a1 كما إستخدم بابل لتؤدب أورشليم. الأن السموات والأرض لا يقبلانه فيكون نصيبه جهنم. كلام صوفر رائع ولكن تطبيقه علي أيوب البار شئ بشع. تزول غلة بيته= ثروته وأبنائه. تهراق في يوم غضبه= ثروته تتلاشي يوم غضب الله عليه."
"أيوب",20,1,"الإصحاح العشرون"
"أيوب",21,1,"الإصحاح الحادي والعشرون
نجد هنا رد أيوب علي صوفر. وفيه يصر أيوب علي كلامه أن الله قد يسمح بالألم للأبرار. 
الأيات 1-5:- """"فاجاب ايوب وقال\'a1 اسمعوا قولي سمعا وليكن هذا تعزيتكم\'a1 احتملوني وانا اتكلم وبعد كلامي استهزئوا\'a1 اما انا فهل شكواي من انسان وان كانت فلماذا لا تضيق روحي\'a1 تفرسوا في وتعجبوا وضعوا اليد على الفم"""". 
إسمعوا لي سمعاً وليكن هذا تعزيتكم= أنا فقدت الأمل أن أسمع منكم كلمة تعزيتي\'a1 وما يعزيني الأن أن تسمعوا فقط لي ما أود أن أشرحه لأدافع عن نفسي. 
هل أشكو من إنسان= أنا لا أشكو من أن السبئيين أو الكلدانيين إعتدوا عليَ. بل أنا أشعر أنني في يد الله\'a1 وكل ما حدث بسماح منه\'a1 وشكواي هي لماذا سمح الله بهذا؟ لماذا غضب عليَ. وإن كانت فلماذا لا تضيق روحي= تضيق روحي\'a1 أي ينفذ صبري. والمعني أنه لو كانت شكواي من إنسان ما كنت قد فقدت صبري وهدوئي لأنه كان سيكون لي حينئذ رجاء أن ينصفني الله\'a1 لكن سبب ألامي حقيقة هو أنني أشعر بتخلي الله عني وعدم رضائه عليَ\'a1 وإذا رفضني الله فلمن ألجأ؟ هذا سبب ضيقي. تفرسوا فيَ وتعجبوا= أنظروا للحال الذي وصلت إليه وتعجبوا كيف حدث هذا\'a1 بل سترون سبب ضيقي. عندما أتذكر أرتاع= عندما أذكر ذلك اليوم المرعب الذي خسرت فيه كل شئ. وأخذت بشري رعدة= بشري أي جسدي. 
الأيات 7-16:- """"لماذا تحيا الاشرار ويشيخون نعم ويتجبرون قوة\'a1 نسلهم قائم امامهم معهم وذريتهم في اعينهم\'a1 بيوتهم امنة من الخوف وليس عليهم عصا الله\'a1 ثورهم يلقح ولا يخطئ بقرتهم تنتج ولا تسقط\'a1 يسرحون مثل الغنم رضعهم واطفالهم ترقص\'a1 يحملون الدف والعود ويطربون بصوت المزمار\'a1 يقضون ايامهم بالخير في لحظة يهبطون الى الهاوية\'a1 فيقولون لله ابعد عنا وبمعرفة طرقك لا نسر\'a1 من هو القدير حتى نعبده وماذا ننتفع ان التمسناه\'a1 هوذا ليس في يدهم خيرهم لتبعد عني مشورة الاشرار"""". 
 أيوب يوافق علي أن الله يبغض الشرير ويعاقبه ولكنه يتساءل لماذا تنجح طريق الأشرار في بعض الأحيان\'a1 وهذا التساؤل ظل يسأله قديسو الله عبر العصور( مز 73:3-12 +  أر 12:1\'a1  2) ولكن حكمة الله لن ندركها بعقولنا المحدودة الآن. لماذا تحيا الأشرار ويشيخون= كانت أمام عينيه صورة أولاده الذين ماتوا شباباً\'a1 بينما أن هناك أشرار يعيشون حتي سن كبير فينالون كرامة لطول عمرهم. بل يصلون لمناصب عالية فتكون لهم قوة= ويتجبرون قوة. 
""""والله يسمح في بعض الأحيان بنجاح الأشرار ليس لأنه أغمض عينيه عنهم\'a1 بل لأن مكيال أثامهم لم يمتلئ بعد\'a1 والله يعطي لكل خاطئ زماناُ ليتوب فإن لم يتب تأتيه الضربات  رؤ 2:21-23. وهو يطيل أناته علي الخاطئ لعله يتوب  رو 2:4-6 وقد يحفظ الله الضربات للأشرار حتي اليوم الأخير  رو 2:4-11. ولكن هلاك الشرير الذي يستمر علي شره ولا يتوب مؤكد  مز 73:17-20. ولكن لكل شئ وقت""""
وأيوب يري أن الأشرار في سلام. ونسلهم قائم أمامهم. بينما أولاده هو ماتوا. وهم أغنياء وأملاكهم متزايدة وكمثال ثورهم يلقح ولا يخطئ. وهم في فرح يسرحون رضعهم مثل الغنم= أي يلعبون ويفرحون بأعداد وفيرة. وأولادهم يقفزون في فرح حولهم كما تقفز الغنم حول راعيها في المرعي. يقضون أيامهم بالخير= نجاحهم دائم ومستمر. وفي لحظة يهبطون إلي الهاوية= أي يموتون فجأة بلا أمراض ولا ألام\'a1 والموت في لحظة يعتبره أيوب ميزة ونعمة\'a1 فهم لا يعانون كما يعاني هو ألاماً مبرحة. فالأشرار في نظر أيوب حتي موتهم يكون وسط فرحهم. وبالرغم من كل غناهم فهم يزدادون وقاحة وبعداً عن الله= يقولون لله إبعد عنا= رغبة الشرير أن يختفي الله من حياته فهو لا يريد من يذكره بشره ويؤنبه\'a1 أو الشرير يتصور أن الله غير موجود كما فعل الملحدين فى أيامنا هذه وأنكروا وجود الله. وهم فى غناهم يتصورون أنهم لا يحتاجون لله. وبمعرفة طرقك لا نسر= الشرير الذي يفرح بخطيته لا يستجيب أبداً لأي نداء بالتوبة والرجوع لله. ويتكلمون بإستخفاف عن الله= من هو القدير حتي نعبده= كأنه شخص لا شأن لهم به\'a1 ولا شأن له بهم\'a1 فلماذا يعبدونه\'a1 وهذا منطق كثيرين حتي اليوم. . . لماذا التدين\'a1 نريد أن نحيا مثل سائر البشر؟! فهم لا يرون أي نفع مادي يعود عليهم من التدين= وماذا ننتفع إن التمسناه= فهم لا يفكرون سوي في النفع المادي. ثم يعلن أيوب عدم موافقته علي أرائهم حتي لا يتصور أصحابه أنه يوافق علي شرورهم فقال هوذا ليس في يدهم خيرهم= هم حمقي إذ تصوروا أن خيراتهم وقوتهم مصدرها أياديهم\'a1 هم مصدر غناهم وليس الله  تث 8:17. وحتي يؤكد رفضه لمبادئ الأشرار قال= لتبعد عني مشورة الأشرار فمهما كان نجاحهم فأنا لا أريده\'a1 فلا أريد أن أكون مثلهم\'a1 إن كان النجاح لا يأتي سوي بالشر. . . . هذه الآية تشبه قولنا الأن. . . """"الله الغني""""
الأيات 17-26:- """"كم ينطفئ سراج الاشرار وياتي عليهم بوارهم او يقسم لهم اوجاعا في غضبه\'a1 او يكونون كالتبن قدام الريح وكالعصافة التي تسرقها الزوبعة\'a1 الله يخزن اثمه لبنيه ليجازه نفسه فيعلم\'a1 لتنظر عيناه هلاكه ومن حمة القدير يشرب\'a1 فما هي مسرته في بيته بعده وقد تعين عدد شهوره\'a1 االله يعلم معرفة وهو يقضي على العالين\'a1 هذا يموت في عين كماله كله مطمئن وساكن\'a1 احواضه ملانه لبنا ومخ عظامه طريء\'a1 وذلك يموت بنفس مرة ولم يذق خيرا\'a1 كلاهما يضطجعان معا في التراب والدود يغشاهما"""". 
 كم مرة ينطفئ سراج الأشرار= أيوب هنا يستنكر ويشكك في مبادئ أصحابه الذين أكدوا وجوب إنطفاء سراج الأشرار\'a1 وهو هنا يسألهم كم مرة رأيتم هذا. . . هو يتكلم وأمام عينيه السبئيين والكلدانيين يفرحون بما إغتصبوه. كم مرة رأيتم أن الأشرار يأتي عليهم بوارهم= أي يخربون\'a1 كم مرة رأيتم الله يقسم لهم أوجاعاً في غضبه. كم مرة رأيتم هؤلاء الأشرار يكونون كالتبن قدام الريح. وكالعاصفة التي تسرقها الزوبعة= (العاصفة ليست هي الريح العاصفة بل معني الكلمة العصافة أي التبن الجاف حين تقوم الزوبعة فتعصف به). هنا أيوب كأنه يريد أن يقول لهم. . . هناك فرق يا أصحابي بين المعلومات النظرية والخبرة العملية فنظرياً يهلك الأشرار لأنهم في خطاياهم يغيظون الله البار القدوس الذي لا يحتمل شرورهم\'a1 ولكن عملياً لا نري هذا\'a1 فكم مرة رأيتم هلاك شرير كما قلتم """"لقد قلتم يا أصحاب"""" الله يخزن إثمه لبنيه= أي الله يفتقد إثم الأباء في الأبناء بل هو يري عقوبة الله ضده بنفسه= ليجازه نفسه فيعلم= أي يعلم ان الله يعاقبه علي شروره. لتنظر عيناه هلاكه\'a1 ومن حمة القدير يشرب= في رأيكم يا أصحاب أن الشرير لابد وينظر هلاك الله النازل علي رأسه\'a1 ولابد أن يشرب من كأس غضب الله (حمة القدير). وفي رأيكم أن الشرير تكون أيامه قصيرة= قد تعين عدد شهوره. وبعد ذلك يموت فجأة ولا يعود يري مسرات بيته= فما هي مسرته في بيته بعده. يا أصحاب كل هذه معلومات نظرية\'a1 فهل تحققتم من هذا؟!
أألله يُعَلَم معرفة وهو يقضي علي العالين= أنتم يا أصحاب بوضعكم نظريات كأنكم تعلمون الله كيف يتصرف\'a1 هل تفرضون علي الله أن يسلك بحسب الكمال الذي ترونه أنتم\'a1 يا أصحاب عليكم أن تقبلوا الواقع وتعلمون أن حكمة الله تفوق حكمتكم\'a1 وسلموا بأن كل تصرف لله هو الحق والتصرف السليم حتي ولو إختلف مع معلوماتكم النظرية. فليس من التقوي أن نعلم الله كيف يدين البشر\'a1 فحين نري إنسان شرير فيجب أن الله يقتص منه فوراً\'a1 لا يجب أن نفرض علي الله مبادئنا\'a1 أو الطريق الذي به يقضي علي المتكبرين الأشرار= يقضي علي العالين ولتعلموا يا أصحاب أن الله حر في أن يجعل الشرير يموت في عين كماله= أي وهو في صحته وإزدهار ثروته= وأحواضه ملأنة لبناً اي خيراته وفيرة. ومخ عظامه طري= أي وهو في أتم صحة. والله حر أيضاً أن يجعل البار يموت بنفس مرة وفي قول أيوب هذا إشارة إلي نفسه. ولكن يا أصحاب فالإثنين سواء البار الذي تألم أو الشرير الذي تنعم فكلاهما في التراب واحد\'a1 هذا لا يعود يذكر مرارته وذاك لا يعود يذكر تنعمه\'a1 وكلاهما يستعد لدينونة الله النهائية. 
الأيات 27-34:- """"هوذا قد علمت افكاركم والنيات التي بها تظلمونني\'a1 لانكم تقولون اين بيت العاتي واين خيمة مساكن الاشرار\'a1 افلم تسالوا عابري السبيل ولم تفطنوا لدلائلهم\'a1 انه ليوم البوار يمسك الشرير ليوم السخط يقادون\'a1 من يعلن طريقه لوجهه ومن يجازيه على ما عمل\'a1 هو الى القبور يقاد وعلى المدفن يسهر\'a1 حلو له مدر الوادي يزحف كل انسان وراءه وقدامه ما لا عدد له\'a1 فكيف تعزونني باطلا واجوبتكم بقيت خيانة"""". 
 هوذا قد علمت أفكاركم= إذ رأي أنهم لا يزالون متمسكين بفكرة وجوب هلاك الأشرار كما حدث لأيوب\'a1 وعلم أنهم لم يوافقوا علي ما يقوله\'a1 وأنهم مصرين أن يحكموا بأنه شرير= النبات التي بها تظلمونني. لأنكم تقولون أين بيت العاتي= أي أين بيت أيوب الظالم الشرير أو أين بيوت أولاده\'a1 أين خيمة مساكن الأشرار أفلم تسألوا عابري السبيل= أي أن أرائي يعرفها ويؤيدها كل إنسان حتي عابري السبيل\'a1 كل شخص محايد يؤيدني\'a1 كان أيوب في ثقته من عدالة قضيته علي إستعداد أن يقبل حكم اي عابر سبيل كشخص محايد. ولم تفطنوا لدلائلهم= لكنكم في عنادكم وحتي تثبتوا شري لن تفطنوا أن ملاحظات كل البشر متفقة مع ما أقوله. ثم يؤكد أيوب فكرة هلاك الأشرار لكن ذلك محفوظ لليوم الأخير\'a1 يوم الدينونة أو اليوم الذي يحدده الله حسب ما يري الله وليس كما يحدد الإنسان\'a1 فهم يتصورون أن هلاك الشرير يجب أن يأتي فجأة= أنه ليوم البوار يمسك الشرير. أي يستمر الشرير في نجاحه لفترة طويلة حتي يأتي ذلك اليوم الذي حدده الله لبواره. ولكن خلال إزدهاره يخافه الناس\'a1 ويخشون أن يعلنوا له شره= من يعلن طريقه لوجهه أي أنه في حياته يكون مطمئن فهو جبار عاتي. وحتي في موته يسير الجميع في جنازته\'a1 بل تكون جنازته فخمة\'a1 وقبره في أبهة= هو إلي القبور يقاد\'a1 وعلي المدفن يُسهر= يسهرون لحراسة قبره حتي لا يسرق اللصوص الكنوز المدفونة معه. بل حتي الطين المدفون فيه يعتنون بزهوره ورياحينه\'a1 فيكون رائحته حلوة= حلوٌ له مدر الوادي. ولاحظ جنازته يزحف كل إنسان وراءه. أو أن المعني قد سبق موته ملايين البشر وسيموت بعده الملايين فالموت طريق الجميع. فكيف تعزونني باطلاً= كل ما قلتموه عن وجوب هلاك الأشرار كلام فارغ. وأجوبتكم بقيت خيانة= أي في إثبات شري\'a1 هذا فيه خيانة للصداقة\'a1 وفيه تعد علي الله فأنتم تريدون إملاء نظرياتكم الباطلة علي الله."
"أيوب",21,1,"الإصحاح الحادي والعشرون"
"أيوب",22,1,"الإصحاح الثاني والعشرون
نري هنا هجوم أليفاز الثالث علي أيوب\'a1 وفيه إتهمه بالظلم والسلب والنهب. 
الأيات 1-4:- """"فاجاب اليفاز التيماني وقال\'a1 هل ينفع الانسان الله بل ينفع نفسه الفطن\'a1 هل من مسرة للقدير اذا تبررت او من فائدة اذا قومت طرقك\'a1 هل على تقواك يوبخك او يدخل معك في المحاكمة"""". 
 هل ينفع الإنسان الله= تقوي الإنسان لا تنفع الله\'a1 بل ينفع نفسه الفطن الفطن أي الحكيم هو من يتقي الله وهذا لن يزيد الله شيئاً بل هو سوف ينفع نفسه وهذا ما نقوله في القداس الغريغوري """"لست أنت المحتاج إلي عبوديتي بل أنا المحتاج إلي ربوبتيك"""". هل من مسرة للقدير إذا تبررت= الله لن تزيد قداسته لو تقدسنا\'a1 ولن يستفيد هو شخصياً من ذلك. كما أن الله لن تضيره أثامنا. لكن الله وضع الشريعة لصالح الإنسان وسعادته. هل علي تقواك يوبخك= قطعا لا! فالله لا يوبخ سوي علي الشرور وليس علي التقوي. إذاً يا أيوب كل تعاستك سببها أن الله يوبخك علي شرورك
الأيات 5-11:- """"اليس شرك عظيما واثامك لا نهاية لها\'a1 لانك ارتهنت اخاك بلا سبب وسلبت ثياب العراة\'a1 ماء لم تسق العطشان وعن الجوعان منعت خبزا\'a1 اما صاحب القوة فله الارض والمترفع الوجه ساكن فيها\'a1 الارامل ارسلت خاليات وذراع اليتامى انسحقت\'a1 لاجل ذلك حواليك فخاخ ويريعك رعب بغتة\'a1 او ظلمة فلا ترى وفيض المياه يغطيك"""". 
 فيها أليفاز يتهم أيوب بالسلب والنهب. وعجيب أن يتهم أليفاز أيوب بكل هذه التهم\'a1 فإن كان أيوب شريراً هكذا فلماذا أتوا ليعزوه. وكيف إستطاع أيوب أن يقول لهم إظهروا لي خطأ واحداً. والمعني أن أليفاز يتصور أن الله لا يمكن أن يعاقب أيوب بكل هذا العقاب إن لم يكن أيوب شريراً جداً. وأليفاز وبلدد وصوفر سبق لهم إن إتهموا أيوب بأنه شرير ولكن أليفاز زاد هنا بأن حدد هذه الشرور وذكر التفاصيل بينما لم يذكر أحدهم تفاصيل من قبل. وفي هذا أخطأ أليفاز خطيئة شنيعة في حق أيوب لا تقل عن خطية السبئيين والكلدانيين\'a1 فهو لم يكن عنده دليل واحد علي ما قاله. فقال عنه أنه كان قاسياً مع المساكين= لأنك إرتهنت أخاك بلا سبب= أي أخذت أخاك الذي إستدان منك ولم يكن عنده ما يسدد به الدين فأودعته السجن\'a1 أو أخذته عبداً لك وأنه كان يحابي الأغنياء= أما صاحب القوة فله الأرض= لم يسأل أيوب عن أحقيته في الأرض لكن طالما هو القوي فله الأرض\'a1 فكان يبرئ ساحة القوي وينصفه\'a1 فقط لأنه قوي. ذراع اليتامي إنسحَقَت= كانت قسوتك مع اليتامي حتي جعلتهم عاجزين غير قادرين أن يساعدوا أنفسهم. لأجل ذلك حواليك فخاخ العنآية الإلهية تقتص من الأشرار مثلك. يريعك رعب بغتة= لا يوجد خطية أشر من عدم الرحمة\'a1 ومرتكبها يفقد سلامه تماماً. وهذا الخاطئ يفقد بصيرته فيتخبط في قراراته= أو ظلمة فلا تري. وفيض المياه يغطيك= كأنك تكاد تغرق وتختنق. 
الأيات 12-14:- """"هوذا الله في علو السماوات وانظر راس الكواكب ما اعلاه\'a1 فقلت كيف يعلم الله هل من وراء الضباب يقضي\'a1 السحاب ستر له فلا يرى وعلى دائرة السماوات يتمشى"""". 
 هنا يتهمه بالإلحاد الذي تسبب في فساده. هوذا الله في علو السموات. وأنظر رأس (أعلي كوكب) الكواكب ما أعلاه. حين ننظر الكواكب نجدها عالية جداً والله أعلي من أعلاها. وكان هذا دافعاً لك يا أيوب أن تخشع أمام الله\'a1 لكنك تصورت أن علو الله يجعله لا يري ما يحدث علي الأرض من ظلم فقلت كيف يعلم الله. هل من وراء الضباب يقضي= هل يري الله من وراء السحاب ومن علي هذا البعد الشاسع. ربما تصور أليفاز أن أيوب قصد هذا حين قال أن الله لا يجازي الأشرار بمعني أنه لا يري شرهم\'a1 فتمادي أيوب في شره لأن الله لا يري. علي دائرة السموات يتمشي= هو في علو مجده يمتع نفسه بمجده وكمالاته\'a1 ولا يتعب نفسه بنا. هذا فكر الحادي ومن الظلم أن ينسبه أليفاز لأيوب. 
الأيات 15-20:- """"هل تحفظ طريق القدم الذي داسه رجال الاثم\'a1 الذين قبض عليهم قبل الوقت الغمر انصب على اساسهم\'a1 القائلين لله ابعد عنا وماذا يفعل القدير لهم\'a1 وهو قد ملا بيوتهم خيرا لتبعد عني مشورة الاشرار\'a1 الابرار ينظرون ويفرحون والبريء يستهزئ بهم قائلين\'a1 الم يبد مقاومونا وبقيتهم قد اكلها النار"""". هل تحفظ طريق القدم= هل تسير في شرك يا أيوب في الطريق الذي سلكه آدم\'a1 طريق السقوط الذي جلب الشقاء للبشر\'a1 أو طريق الأشرار الذين هلكوا أيام نوح\'a1 فالخطية قديمة قدم البشرية وهلاك أصحابها معروف. 
الذي داسه رجال الأثم= الطريق الذي تسلك فيه يا أيوب سبق وداسه أي سلكه كل الأشرار القدماء وهلكوا. الذين قبض عليهم قبل الوقت= أي ماتوا قبل أوانهم. الغمر إنصب علي أساسهم= يقصد الطوفان. وأساسهم هو الأرض التي بنوا عليها كل أحلامهم وأمالهم. وهذا إشارة لإنقلاب سدوم وعمورة تحت مياه البحر الميت التي غمرت مدنهم التي أسسوا عليها إقامتهم وظنوها دائمة. القائلين لله إبعد عنا= هم أسكتوا ضميرهم وتحدوا الله وتركوا التدين. وماذا يفعل القدير لهم ماذا يفعل لهم سوي ان يقطعهم. فهذا رأي أصحاب أيوب أن الخاطئ لابد أن يقطع ويضرب كما حدث لأيوب. وهو قد ملأ بيوتهم خيراً= ما يزيد خطيتهم أن الله وفر لهم خيرات كثيرة (هذا ما حدث لسدوم). لتبعد عني مشورة الأشرار= هذه قالها أيوب سابقاً بمعني لا أريد طريقهم حتي ولو جاءني منها خير فنهايتها خراب. الأبرار ينظرون ويفرحون بهلاك الأشرار\'a1 لأن بذلك تمجد الله وكلمته تمت وسلطان الظالمين تحطم. 
البرئ يستهزىء بهم= الأبرار حين يروا نهآية الأشرار يكتشفوا حمق طريقهم وسخافة مبادئهم. ألم يُبد مقاومونا وبقيتهم قد أكلها النار= النار أكلت سدوم وعمورة لكن الآية تنطبق أيضاً بصفة عامة علي إبادة الأشرار وفرح الأبرار بهذا. 
الأيات 21-30:- """"تعرف به واسلم بذلك ياتيك خير\'a1 اقبل الشريعة من فيه وضع كلامه في قلبك\'a1 ان رجعت الى القدير تبنى ان ابعدت ظلما من خيمتك\'a1 والقيت التبر على التراب وذهب اوفير بين حصا الاودية\'a1 يكون القدير تبرك وفضة اتعاب لك\'a1 لانك حينئذ تتلذذ بالقدير وترفع الى الله وجهك\'a1 تصلي له فيستمع لك ونذورك توفيها\'a1 وتجزم امرا فيثبت لك وعلى طرقك يضيء نور\'a1 اذا وضعوا تقول رفع ويخلص المنخفض العينين\'a1 ينجي غير البريء وينجي بطهارة يديك"""". 
 نجد هنا مشورة أليفاز الطيبة لأيوب وفيها يدعوه للتوبة. 
تعرف به وأسلم= تقرب إليه وصالحه (يسوعيين) تعرف به وكن في سلام(إنجليزية) وبالتأكيد فمن يقترب إلي الله يكون في سلام (مع الله ومع نفسه ومع الناس ومع كل الخليقة). أنت يا أيوب تشكو من أن الله قد صار عدواً لك\'a1 فإقترب إليه يقترب هو إليك عوضاً عن أن تظل مصراً علي الصدام معه(وهذا كلام رائع). إقبل الشريعة من فيه لم يكن في عصر أيوب كلام إلهي مكتوب فأول كتاب إلهي كتبه موسي\'a1 ولكن فيما قبل موسي كان هنالك إعلان عن إرادة الله يتطلب من البشر أن يقبلوه\'a1 وهذا مما يثبت فكرة التقليد التي تتبعها كنيستنا الأرثوذكسية. وضع كلامه في قلبك= لا يكفي أن نقتنع عقلياً بكلام الله\'a1 بل يدخل إلي أعماقنا ونحيا به. إن رجعت إلي القدير تبني= ترجع لحالتك الأولي والأيات(24-26) معناها لو ألقيت ذهبك الذي حصلت عليه ظلماً من الفقراء عنك\'a1 ووزعته علي الفقراء الذين ظلمتهم\'a1 وتركت تمسكك وإتكالك علي ثروتك التي حصلت عليها بطرقك الشريرة\'a1 وحسبت هذه الثروة كلا شئ عندئذ تفرح وتتلذذ بالله. لقد تحصنت بثروتك سابقاً والأن أنا أدعوك أن تتحصن بالقدير فتجد سلاماً. 
بل يكون القدير تبرك= التبر هو الذهب غير المضروب\'a1 والمعني يكون الله هو غناك وهو الذي يدافع عنك من السبئيين وخلافهم. وفضة أتعاب لك= سيكون الله أجرتك عن جهادك. ترفع إلي الله وجهك= ولا يكون ساقطاً كما هو الأن\'a1 بل يكون لك ثقة بالله. تصلي= تكلم الله. ونذورك توفيها= وتكون مقبولاً عند الله وصلاتك مقبولة. وكما قبل الله صلاتك إلتزم أمام الله بتعهداتك ونذورك توفيها. وآية(28) معناها تنجح كل أمورك حسب ما خططت لها\'a1 لأن الله أنار بصيرتك فتكون قراراتك صحيحة وبلا تخبط. إذا وضعوا تقول رفع= حتي في أيام المصائب العامة التي تصيب كل المحيطين يرفعك الله\'a1 وهذا حدث مع إسحق الذي أصاب 100 ضعف أثناء المجاعة  تك 26:12. ويخلص المنخفض العينين= الله يرفع المتضعين ولذلك لو تواضعت فإن الله يخلص\'a1 يخلصك ويخلص من حولك ببركتك\'a1 ينجي غير البرئ وينجي بطهارة يديك أي الله يخلص وينجي جيرانك إستجابة لصلواتك الطاهرة. وفي الترجمة الإنجليزية جاءت"""" ينجي جزيرة البرئ فتنجو بطهارة يديك. وهذه قوة الشفاعة."
"أيوب",22,1,"الإصحاح الثاني والعشرون"
"أيوب",23,1,"الإصحاح الثالث والعشرون
الأيات 1-7:- """"فاجاب ايوب وقال\'a1 اليوم ايضا شكواي تمرد ضربتي اثقل من تنهدي\'a1 من يعطيني ان اجده فاتي الى كرسيه\'a1 احسن الدعوى امامه واملا فمي حججا\'a1 فاعرف الاقوال التي بها يجيبني وافهم ما يقوله لي\'a1 ابكثرة قوة يخاصمني كلا ولكنه كان ينتبه الي\'a1 هنالك كان يحاجه المستقيم وكنت انجو الى الابد من قاضي"""". نجد هنا رد أيوب علي أليفاز. ونلاحظ أن أيوب بعد أن كان قد هدأ عاد للشكوي مرة أخري والسبب إثارة أليفاز له بإصراره علي الإتهام السابق فرفض أيوب الإستسلام لإتهامات أصحابه وبدأ يدافع عن نفسه. وهذا ما يسمي صراع الروح مع الجسد. فالروح كان نشطاً بسبب عمل الروح القدس فيه الذي أعطاه رؤية الولي الحي الذي يشهد له في السماء. ولكن الجسد إستجاب مرة أخري للغضب بسبب إتهامات الأصحاب. ونلاحظ أن أيوب لو كان قد دان نفسه فعلاً وإعترف أمام الله بخطيته لما أعطي الفرصة للجسد أن يهزمه فيثور مرة أخري\'a1 بل لأعطي الفرصة للروح القدس أن يبقيه في حالة السلام والفرح. 
اليوم أيضاً شكواي تمرد= لقد إعتبر الأصحاب شكوي أيوب أنها تمرد ضد الله بلا سبب. أما أيوب فيقول أأنا أشكو بلا سبب إن ضربتي أثقل من تنهدي= أي ألامي أكثر بكثير مما قلته. من يعطيني أن أجده= أيوب يتمني أن يري الله ويقف أمام كرسي قضائه فهو كان واثقاً من عدالة قضيته. وكان واثقاً أنه سوف يسمع الحكم وأنه في مصلحته فإشتاق أن يسمعه= فأعرف الأقوال التي بها يجيبني\'a1 أبكثرة قوة يخاصمني= كان أيوب هنا واثقاً أن الله لن يرهبه بمجده في تلك المحاكمة\'a1 ولن يكون قاسياً معه كما كان أصحابه في منتهي القسوة في مناقشاتهم وبالعكس فالله كان ينتبه إليَ= يشددني ويشجعني ويعطف عليَ لكي أستمر في كمالي. 
ومن ثقته في نتيجة المحاكمة قال. هنالك كان يحاجه المستقيم وكنت أنجو= أي أمام محكمة الله في السماء سوف أتناقش وأثبت إستقامتي وبري. وأخذ حكم البراءة للأبد. 
الأيات 8-12:- """"هانذا اذهب شرقا فليس هو هناك وغربا فلا اشعر به\'a1 شمالا حيث عمله فلا انظره يتعطف الجنوب فلا اراه\'a1 لانه يعرف طريقي اذا جربني اخرج كالذهب\'a1 بخطواته استمسكت رجلي حفظت طريقه ولم احد\'a1 من وصية شفتيه لم ابرح اكثر من فريضتي ذخرت كلام فيه"""". 
 اللسان بالنسبة للجسد كالدفة بالنسبة للسفينة\'a1 يقود الجسد حيث يشاء. ( يع3). ولقد بدأ أيوب بلسان الشكوي ثانية وها نحن نجده يعود للكلام القاسي عن الله. وهنا يشكو أيوب من أنه لا يجد الله\'a1 هو يتمني أن يظهر أمام محكمة الله ليظهر براءته\'a1 ولكن المشكلة أنه لا يجد الله ليبرر نفسه أمامه\'a1 وهو بحث شرقاً وغرباً وشمالاً وجنوباً فلم يجده\'a1 وكان خطأه أنه لم يبحث عن الله في الأعالي\'a1 هو لم ينظر إلي فوق\'a1 خطأ أيوب أنه بحث عن الله في مستواه. وخطأه الثاني أنه لم ينظر إلي داخله ليري شروره. والطريق للتبرير ليس بأن أدافع عن نفسي أمام الله لأثبت له بري\'a1 بل أن أقترب لله القدوس العالي الذي فوق وأشعر أنني تراب ورماد وخاطئ نجس ومحتاج للتبرير من الله\'a1 والله هو الذي يبررني\'a1 لذلك خرجت المرأة الخاطئة التي بكت وبللت قدمي المسيح بدموعها ومسحت قدميه بشعر رأسها\'a1 خرجت مبررة\'a1 أما الفريسي الذي هو في نظر نفسه بار لم يتبرر أمام الله بالرغم من أنه أولم وليمة للمسيح. وخرج العشار مبرراً حين قال اللهم إرحمني أنا الخاطئ ولم يتبرر الفريسي الذي تباهي ببره. مشكلة الإنسان أنه يريد أن يبرر ذاته أمام الله كأن البر يأتي من داخلي وبأعمالي\'a1 والحقيقة أن الله هو الذي يبرر\'a1 إذا شعر الإنسان بإحتياجه لهذا التبرير. وما صنعه أيوب هنا صنعه يوحنا أيضاً في سفر الرؤيا\'a1 فهو أخذ يبحث عمن هو مستحق أن يفتح السفر ويفك ختومه ولما لم يجد بكي كثيراً فنبهه الملاك أنه بحث كثيراً في مستواه ولم يجد\'a1 ولكن عليه أن ينظر للمسيح\'a1 الأسد الخارج من سبط يهوذا\'a1 ثم نظر يوحنا للأسد الذي قال عنه الملاك فوجد خروف قائم كأنه مذبوح\'a1 هذا هو الأسد الذي له الحق أن يفتح ولا أحد يغلق\'a1 وهو الذي يبرر بأن ذبح وإشترانا ( رؤ 5:1-14). وطريق التبرير الأن أن نعترف بخطايانا\'a1 وأننا لسنا أبراراً من أنفسنا\'a1 ونشعر في داخلنا بعدم الإستحقاق\'a1 والإحتياج لدم هذا الفادي\'a1 ودمه يطهرنا ( 1يو 1:7-9)
هأنذا أذهب شرقاً. . . . شمالاً حيث عمله فلا أنظره\'a1 يتعطف الجنوب فلا أراه= وكلمة يتعطف الجنوب أي يستتر بالجنوب أو يتغطي به. ففي نظر القدماء أن الجنوب مجهول ومكان ظلام\'a1 أما الشمال فهو مكان العمل. فكأن المعني أنني لا أجد الله في أي مكان لا في الشرق ولا في الغرب\'a1 لا في الشمال حيث تظهر أعمال الله (ونحن يجب أن نري الله من خلال أعماله وعنايته) ولا في الجنوب حيث إرتدي ثوب الإختفاء\'a1 أو إرتدي الجنوب كثوب يختبئ فيه. ومع أنه لا يجد الله ليقدم قضيته أمامه\'a1 إلا أنه متأكد من بره وكماله. إذا جربني أخرج كالذهب. [ولنلاحظ فعلاً أن الله يختبر أولاده ويؤدبهم بالتجارب\'a1 وتكون التجارب كنار ممحصة تنقيهم كما تنقي النار الذهب من شوائبه\'a1 لكن أيوب لا يقولها بهذا المفهوم\'a1 ولكن معني كلامه أنني بار وإن إختبرني الله سيجدني باراً]
أكثر من فريضتي ذخرت كلام فيك= الفريضة هي الطعام الضروري. فأيوب يقول أنه حفظ وكنز كلام الله أكثر من قوته\'a1 اي إهتم بحفظ وصايا الله أكثر من طعامه. وهذا ما يعلمنا إياه الكتاب فليس بالخبز وحده يحيا الإنسان\'a1 بكل كلمة تخرج من فم الله. وكلمة ذخرت تعني""""كما يذخر القوم المؤونة وقت الحصار""""
الأيات 13-17:- """"اما هو فوحده فمن يرده ونفسه تشتهي فيفعل\'a1 لانه يتمم المفروض علي وكثير مثل هذه عنده\'a1 من اجل ذلك ارتاع قدامه اتامل فارتعب منه\'a1 لان الله قد اضعف قلبي والقدير روعني\'a1 لاني لم اقطع قبل الظلام ومن وجهي لم يغط الدجى"""". 
لأن أيوب بدأ بالتبرم والشكوي\'a1 إنزلق لتبرير نفسه\'a1 ومن ثم هوي أكثر إلي الصدام مع الله. ولذلك علي الإنسان المتألم أن يصلي طالباً المعونة وأن يسلم لله فيجد سلاماً\'a1 هذا أفضل من الشكوي التي تزيد النفس مرارة\'a1 فالصبر يقود لحال أفضل. وهنا نجد أيوب يفسر آلامه بالرغم من بره بأن الله سيد له سلطان مطلق وفي سلطانه إن أراد أن يعذب بار ولا يستطيع أحد أن يقول له لا تفعل\'a1 وفي هذا منتهي القسوة علي الله. أما هو فوحده فمن يرده= هو له خطته التي لا تتغير ولا أحد يستطيع أن يقنعه ببري فيتوقف عن تعذيبي. لأنه يتمم المفروض علي= فهو سيتمم ويكمل كأس عذابي المفروض علي بلا رجوع. وكثير مثل هذه عنده= وما زال لديه الكثير من الآلام التي سيعذبني بها. من أجل ذلك أرتاع= مسكين أيوب فبعد أن بدأ الله يسكب تعزياته في قلبه\'a1 عاد وإنهزم وبدأ الشكوي ففقد سلامه ودخله الرعب. وهناك قانون يجب أن نعرفه. تعزيات الله وسلامه ينسكبان في النفس خلال قناة واحدة هي الثقة في الله والتسليم له= أي الإيمان بأنه إله صالح خير. أما الصدام مع الله فلا نتيجة منه سوي الإحساس بالمرارة. 
لأن الله قد أضعف قلبي= بالكوارث التي أتت واحدة تلو الأخري\'a1 والخوف من كوارث أشد ينتظرها في المستقبل. وأشد كارثة في نظره أنه لم يمت حتي الأن= لأني لم أقطع قبل الظلام= أي لم يمت قبل أن تحل به متاعبه. ومن وجهي لم يغط الدجي ولا من الدجي التي تغشى وجهي (اليسوعيين). أي كنت أتمني أن أموت قبل أن تأتي علي هذه الضربات التي مثل الظلام وقبل أن تغطي وجهي مثل الدجي (الظلام)"
"أيوب",23,1,"الإصحاح الثالث والعشرون"
"أيوب",24,1,"الإصحاح الرابع والعشرون
يستمر أيوب في إثبات نظريته\'a1 أنه ليس شرطاً أن يعاقب الشرير. 
الأيات 1-12:- """"لماذا اذ لم تختبئ الازمنة من القدير لا يرى عارفوه يومه\'a1 ينقلون التخوم يغتصبون قطيعا ويرعونه\'a1 يستاقون حمار اليتامى ويرتهنون ثور الارملة\'a1 يصدون الفقراء عن الطريق مساكين الارض يختبئون جميعا\'a1 ها هم كالفراء في القفر يخرجون الى عملهم يبكرون للطعام البادية لهم خبز لاولادهم\'a1 في الحقل يحصدون علفهم ويعللون كرم الشرير\'a1 يبيتون عراة بلا لبس وليس لهم كسوة في البرد\'a1 يبتلون من مطر الجبال ولعدم الملجا يعتنقون الصخر\'a1 يخطفون اليتيم عن الثدي ومن المساكين يرتهنون\'a1 عراة يذهبون بلا لبس وجائعين يحملون حزما\'a1 يعصرون الزيت داخل اسوارهم يدوسون المعاصر ويعطشون\'a1 من الوجع اناس يئنون ونفس الجرحى تستغيث والله لا ينتبه الى الظلم"""". 
 أيوب هنا يضرب أمثلة متعددة فيها الأبرار والأبرياء يتألمون بينما الأشرار يتنعمون ويبدأ بالتساؤل لماذا إذا لم تختبئ الأزمنة من القدير لا يري عارفوه يومه= الله لا يخفي عليه ما يحدث علي الأرض\'a1 هو يري أزمنة كل إنسان ويري شروره\'a1 والأبرار يؤمنون بعدل الله وأنه يجب أن يجازي الأشرار\'a1 لكنهم لا يرون يوم الدينونة هذا الذي فيه يعاقب الله الأشرار ويظهر عدل الله. 
فالأشرار يمارسون ظلمهم ولا أحد يردعهم. ينقلون التخوم= ينزعون أملاك جيرانهم(أخاب ونابوت) والتخوم هي حجارة تنصب للفصل بين أرضين.  تث 19:14 +  تث 27:17. ثم يتكلم عن إغتصاب أملاك الأبرياء(وقطعاً كان في ذهنه إغتصاب السبئيين لأملاكه). يستاقون حمار اليتامي= إذا كان ليتيم حمار واحد ينتفع به كمورد رزق يأخذونه منه. ويرتهنون ثور الأرملة= يأخذون ثور الأرملة إن لم تقدر أن تسدد دين بسيط. يصدون الفقراء عن الطريق= يغلقون طريق الشكوي أمام الفقراء المظلومين حتي لا يستمع أحد لشكواهم. مساكين الأرض يختبئون جميعاً= من بطش هؤلاء الظالمين. ها هم كالفراء. . أيات 6\'a1 5 يصور فيها بؤس الفقراء فهم هائمين علي وجوهم في الصحراء الحارقة يفتشون علي طعامهم\'a1 ربما في أعمالهم عند الأغنياء الظالمين\'a1 فهم يعطونهم أن يعملوا الأعمال الشاقة(ربما محاجر أو زراعة. . . . ) ويعطونهم القليل جداً. البادية لهم خبز لأولادهم= وماذا يجدون في هذا القفر طعاماً لأولادهم. والمعني أقل القليل أجرهم عن عملهم\'a1 أي يحيون هم وأولادهم علي الكفاف. والأغنياء يستخدمونهم في حقولهم ليحصدوا لهم. = في الحقل يحصدون علفهم ربما تعني أنهم بعد عملهم في حقول الأغنياء يكون نصيبهم ليس أكثر من أكل الحيوانات وربما تعني أن الفقراء يعملون في خدمة حيوانات الأغنياء في مقابل الكفاف. 
ويعللون كرم الشرير= يعلل الكرم أي يأكل من العنب المتساقط أثناء الجمع\'a1 أو يأخذ لنفسه عنقوداً منسياً في الكرم. ولاحظ فالغني الشرير له كرم\'a1 والفقير لا يخرج سوي بالعنب المتساقط أو المنسي. يخطفون اليتيم عن الثدي ومن المساكين يرتهنون= المسكين حين يضطر للإستدانة ليأكل هو وأولاده\'a1 يأتي الغني إذ لا يجد عند الفقير ما يسد به الدين يخطف إبن الفقير من علي ثدي أمه ليكون عبداً للغني في مقابل الدين. يعملون عند الأغنياء ويعصرون الزيت داخل أسوارهم يدوسون المعاصر ويعطشون= أي يكدون ويتعبون في المعاصر وفي عصر الزيت ولا يفكر الأغنياء في أن يعطيهم أحد ما يشربونه. . . . ونلاحظ شكوي أيوب الموجهة إلي الله. والله لا ينتبه إلي الظلم= أي الله لا يدين الأشرار علي أفعالهم. وهذا الكلام هو تعبير عن نفس مضطربة\'a1 هو إندفع في طريق الخصام مع الله فأخذ يصور ظلم الأبرار. وبينما أصر أصحابه علي نظرية وجوب عقوبة الأشرار أصر هو هنا علي نظرية وجوب ألم البار والمسكين وكلا الطرفين خطأ. كلا الطرفين سقط في خطأ فرض أراء شخصية لإثبات نظريته. أما داود البار في مزاميره فكان له رأي أخر في إهتمام الله بالمسكين وراجع مزامير[ 9:9 \'ba  9:12\'a1  18 \'ba 5:12 \'ba  34:10\'a1  19\'a1  7. ويأتي داود إلي المزمور 37 وفيه خلاصة القول كيف يتعامل الله مع الشرير. وقد يتألم البار لكنه إذا إلتجأ لله يحميه الله ويضع داود قاعدة ذهبية هي قلب هذا المزمور الرائع """"أيضاً كنت فتي وقد شخت ولم أر صديقاً تخلي عنه ولا ذرية له تلتمس خبزاً"""" 37:25 والمزامير موحي بها من الروح القدس مثل كل الكتاب المقدس. وبذلك نفهم أن هذا هو الرأي الصحيح\'a1 أن الله لا يتخلي عن أولاده أبداً\'a1 وإن سمح لهم بأن يكونوا تحت الآلام فلفترة قصيرة لينقيهم\'a1 ولا يترك الفترة تطول حتي لا يسقطوا في هوة اليأس وربما يخطئون """"لأنه لا تستقر عصا الأشرار علي نصيب الصديقين لكيلا يمد الصديقون إيديهم إلي الإثم  مز 125:3. فالله يعلم الزمن المناسب\'a1 وحين يسمح لشرير أن يضرب أحد أولاده فلفترة محددة يتنقي فيها ثم يزيل هذا الشرير وهذا ما حدث مع أيوب نفسه. ومن الخطأ أن نري إنسان يتألم ونحن نعرف أنه بار فتحكم بأن الله تخلي عنه فهناك إعتبارات كثيرة لا نراها نحن بعيوننا وعقولنا المحدودة ويراها الله كلي القدرة الضابط الكل\'a1 صانع الخيرات محب البشر الصالح الذي يحب أولاده حتي أنه بذل إبنه الوحيد عنهم فكيف لا يهبهم ايضاً كل شئ صالح  رو 8:32. 
الأيات 13-17:- """"اولئك يكونون بين المتمردين على النور لا يعرفون طرقه ولا يلبثون في سبله\'a1 مع النور يقوم القاتل يقتل المسكين والفقير وفي الليل يكون كاللص\'a1 وعين الزاني تلاحظ العشاء يقول لا تراقبني عين فيجعل سترا على وجهه\'a1 ينقبون البيوت في الظلام في النهار يغلقون على انفسهم لا يعرفون النور\'a1 لانه سواء عليهم الصباح وظل الموت لانهم يعلمون اهوال ظل الموت"""". 
هنا يتحدث أيوب عن أنواع أخري من الأشرار وهم الذين يمارسون شرورهم في الظلام متوهمين أنه لا يراهم أحد. وهم أيضاً لا يعاقبون. 
أولئك يكونون بين المتمردين علي النور= يختارون ظلمة الليل وقتاً لأعمالهم الشريرة. [وعموماً فالأعمال الشريرة تنسب للظلام وتسمي الخطايا أعمال الظلمة  أف 5:11 +  يو 3:20. فالخاطئ يسلك ضد نور ناموس الله وضد نور الضمير. هو يتمرد علي وصايا الله] ولا يعرفون طرقه= لا يرضون بأن يسلكوا ويعرفوا طرق النور. 
مع النور يقوم القاتل= يقوم القاتل ليقتل المسافرين المساكين الذين يبدأون سفرهم في الفجر\'a1 مع بدآية نور الصباح. وعين الزاني تلاحظ العشاء= أي تلاحظ القيمة (اليسوعيين)\'a1 إن لم يكن من باب الخجل فهو من باب الحذر ( أف 5:12). فالشرير يعتمد علي الظلام ليخبئ شره= يقول لا تراقبني عين. فيجعل ستراً علي وجهه= زيادة في التخفي يضع برقعاً علي وجهه حتي لا يُعرف [وهكذا يعمل كثير من اللصوص حتي الأن] ينقبون البيوت في الظلام= يذهبون للسرقة ليلاً حتي لا يراهم أحد. ولكن هل أعطاهم هذا طمأنينة؟! أبداً فهم في رعب مستمر= في النهار يغلقون علي أنفسهم= يهربون ويختفون ولا مطارد. فهم في رعب من لا شئ (مثل قايين). وفي رعبهم المستمر يكون سواءً بالنسبة لهم الصبح وظل الموت. لأنهم يعلمون أهوال ظل الموت= سبب رعبهم خوفهم من أن يقتلهم أحد (قايين)
الأيات 18-25:- خفيف هو على وجه المياه. ملعون نصيبهم فى الأرض. لا يتوجه إلى طريق الكروم. القحط والقيظ يذهبان بمياه الثلج كذا الهاوية بالذين أخطأوا. تنساه الرحم يستحليه الدود. لا يذكر بعد وينكسر الأثيم كشجرة. يسىء إلى العاقر التى لم تلد ولا يحسن إلى الأرملة. يمسك الأعزاء بقوته. يقوم فلا يأمن أحد بحياته. يعطيه طمأنينة فيتوكل ولكن عيناه على طرقهم. يترفعون قليلاً ثم لا يكونون ويحطون. كالكل يجمعون وكرأس السنبلة يقطعون. وإن لم يكن كذا فمن يكذبنى ويجعل كلامى لا شيئاً. 
في الأيات (18-20) هنا أيوب يكرر كلام الأصحاب الذين قالوا بأن الشرير يجب أن يهلك. ولذلك في بعض الترجمات سبق الآية """"18"""" أنتم تقولون خفيف هو علي وجه المياه= رأيكم أن الشرير مهما إغتني فهو يبيد سريعاً كغثاء علي وجه المياه ( هو 10:7). ملعون نصيبهم في الأرض= لا بركة لهم في شئ. 
لا يتوجه إلي طريق الكروم= الجلوس تحت الكرمة والتينة علامة الراحة. وهؤلاء الأشرار لا راحة لهم ولا سلام. وأن الله يصيبهم بالقحط والقيظ= أي أن الله في غيظه منهم يصيبهم بالقحط فيكونون في مجاعة وعطش يذهبان كل خيراتهم السابقة التي كانت كماء مثلج منعش= يذهبان بمياه الثلج. وأن الشرير لابد أن يموت شاباً= كذا الهاوية بالذين أخطأوا= أو أن المعني أن الشرير في أيام نجاحه يكون كمياه الثلج المنعشة\'a1 لكنه سينزل إلي الهاوية سريعاً. تنساه الرحم= من كثرة شروره حتي أمه تنساه. يستحليه الدود= مصيره للدود طعاماً له. لا يذكر بعد وينكسر الأثيم كشجرة= كان الأثيم كشجرة ولكنه ينكسر ولا يذكره أحد. ولا يذكر أحد كل عظمته. 
وفي الأيات (21-22) """"يسيء الى العاقر التي لم تلد ولا يحسن الى الارملة\'a1 يمسك الاعزاء بقوته يقوم فلا يامن احد بحياته"""". يقول لأصحابه بالرغم من أن هذه هي وجهة نظركم وجوب هلاك الشرير إلا أن الواقع يقول كلاماً آخر\'a1 أن الشرير يزدهر ويسيء للأبرار 
يسيء إلي العاقر. . . ولا يحسن إلي الأرملة= يسيء لهم وهم في ألمهم ليزيد ألاماً علي آلامهم. فالعقم كان يعتبر عاراً في العهد القديم. وأي شر أكثر من الإساءة للمجروح. 
يمسك الأعزاء بقوته= فهنا مثال علي جبروت الشرير. فلا أحد يأمن بحياته منه وفي الأيات (23-24) """"يعطيه طمانينة فيتوكل ولكن عيناه على طرقهم\'a1 يترفعون قليلا ثم لا يكونون ويحطون كالكل يجمعون وكراس السنبلة يقطعون"""". يوجه الإتهام لله أن يري هذا الشر ويسكت. بل هو يعطي للشرير بسكوته عن شره طمأنينة فيتوكل= أي يتكل علي سكوت الله ويزداد شراً. عيناه علي طرقهم= هو إتهام لله بأنه يري ويسكت ولا يعاقب. يترفعون قليلاً= يكون إزدهارهم لفترة قليلة(لأن أيام الحياة قليلة) ثم لا يكونون= أي يموتوا. وكرأس السنبلة يقطعون= أي بعد أن تنتهي أيامهم\'a1 فلا أحد يقطع السنبلة قبل أن تنضج. وهم مثلهم في هذا مثل سائر الناس الأبرار= كالكل يجمعون. فماذا خسر الشرير بشره وماذا إستفاد البار ببره. بل الشرير مات دون أن يتألم كما يتألم هو وهو البار. 
وفي الآية (25) """"و ان لم يكن كذا فمن يكذبني ويجعل كلامي لا شيئا"""". يتحدي الحاضرين أن يكذبه أحدهم."
"أيوب",24,1,"الإصحاح الرابع والعشرون"
"أيوب",25,1,"الإصحاح الخامس والعشرون
نجد هنا خطاب بلدد الأخير\'a1 وفيه رد موجز علي أيوب كأنه قد مل من الكلام في هذه القضية. وبعد هذا الخطاب من بلدد إنسحب الأصحاب وإمتنعوا عن الكلام. فهم وجدوا أيوب مصراً علي موقفه\'a1 وهم مصرين أيضاً\'a1 فالسكوت أفضل إذاً. 
الأيات 2-3:- """"السلطان والهيبة عنده هو صانع السلام في اعاليه\'a1 هل من عدد لجنوده وعلى من لا يشرق نوره"""". 
 فيهما شهادة لعظمة الله ومجده. السلطان والهيبة عنده= الله يري خلق الكون\'a1 له وحده حق التشريع والتصرف في هذا الكون\'a1 وبمقتضي سلطانه يتمم كل مشيئته. صانع السلام في أعاليه= الملائكة كلها تطيعه طاعة كاملة وهم خاضعين لمشيئته تماماً\'a1 ولأنهم خاضعين فلا مشاجرات بينهم وبين الله ولا بينهم وبين أنفسهم[كأن الكلام موجه لأيوب\'a1 لو كنت خاضعاً لله تماماً لما تشاجرت وتذمرت علي الله\'a1 ولما إختلفت معنا]. بل حتي الله يحفظ مسارات الكواكب وهي لا تصطدم ببعضها. هل من عدد لجنوده= تقاس عظمة الملوك بعدد جيوشهم. والله في عظمته له ملائكة بأعداد لا تحصي. وعنايته تشمل الجميع علي من لا يشرق نوره= هذا تعبير عن رعآية الله للجميع. 
الأيات 4-6:- """"فكيف يتبرر الانسان عند الله وكيف يزكو مولود المراة\'a1 هوذا نفس القمر لا يضيء والكواكب غير نقية في عينيه\'a1 فكم بالحري الانسان الرمة وابن ادم الدود"""". 
بعد أن تبين مقدار عظمة الله ومجده يستنتج مقدار إثم الإنسان ونجاسته أمام الله. كيف يتبرر الإنسان عند الله= بالمقارنة مع قداسة الملائكة فالإنسان نجس والله ينسب لملائكته حماقة. فماذا يكون حال الإنسان إذا وقف أمام الله القدوس. وبنفس المنطق فهل يمكن لإنسان أن يحكم علي تصرفات الله بأنها خطأ\'a1 هل يمكن لإنسان أن يتناقش ويجادل الله في أحكامه. كيف يزكو مولود المرأة= """"بالخطية ولدتني أمي""""فالمرأة الخاطئة كيف تلد مولوداً ويكون باراً مزكي أمام الله. فالإنسان يولد من أبويه وارثاً الخطية الأصلية. فنحن وارثين فساداً من أبائنا ونصنع فساداً في الأرض فكيف نظهر أمام الله كأبرار وكلنا نجاسة. بل حتي الأجرام السماوية برغم أنوارها فهي كتل من طين. هوذا نفس القمر لا يضئ. ما هو نور القمر أو نور الكواكب أو نور الشمس بالنسبة لنور الله وعظمته. بالمقارنة فكل الكواكب تصبح وكأنها مظلمة. 
""""وكلام بلدد هنا حق\'a1 وأيوب فعلاً كان في منتهي الجرأة حين إدعي البر أمام الله بل هي ليست جرأة\'a1 بل خطية كبرياء إنزلق إليها أيوب بسبب البر الذاتي"""" فكم بالحري الإنسان الرمة وإبن آدم الدود= الإنسان مهما كان غنياً\'a1 باراً\'a1 عظيماً أو شريراً حين يموت لا يزيد عن كونه نتانة يأكله الدود. بل الإنسان بالمقارنة بعظمة الله ما هو إلا دودة\'a1 ضعيف وعاجز ويُسحق بسرعة. ويالحماقة من يخاصم خالقه\'a1 الذي يستطيع أن يسحقه كما نسحق نحن الدودة."
"أيوب",25,1,"الإصحاح الخامس والعشرون"
"أيوب",26,1,"الإصحاح السادس والعشرون
الأيات 1-14:- """"فاجاب ايوب وقال\'a1 كيف اعنت من لا قوة له وخلصت ذراعا لا عز لها\'a1 كيف اشرت على من لا حكمة له واظهرت الفهم بكثرة\'a1 لمن اعلنت اقوالا ونسمة من خرجت منك\'a1 الاخيلة ترتعد من تحت المياه وسكانها\'a1 الهاوية عريانة قدامه والهلاك ليس له غطاء\'a1 يمد الشمال على الخلاء ويعلق الارض على لا شيء\'a1 يصر المياه في سحبه فلا يتمزق الغيم تحتها\'a1 يحجب وجه كرسيه باسطا عليه سحابه\'a1 رسم حدا على وجه المياه عند اتصال النور بالظلمة\'a1 اعمدة السماوات ترتعد وترتاع من زجره\'a1 بقوته يزعج البحر وبفهمه يسحق رهب\'a1 بنفخته السماوات مسفرة ويداه ابداتا الحية الهاربة\'a1 ها هذه اطراف طرقه وما اخفض الكلام الذي نسمعه منه واما رعد جبروته فمن يفهم"""". 
 أيوب هنا يرد علي بلدد متهكماً ويبين له أنه لم يأتي بجديد\'a1 بل كلامه بلا فائدة 
كيف أعنت من لا قوة له= هل كلماتك مهما بدا أنها كلمات عظيمة قد أعانتني أنا من لا قوة لي الآن\'a1 أنت جئت لتعزيني فهل فعلت= هل خلصت ذراعاً لا عز لها. 
هل أعطيتني كلمات تعزيني وتخلصني بعد أن إنكسر عزي وضاع. كيف أشرت علي من لا حكمة له\'a1 وأظهرت الفهم بكثرة= أي خير صنعت بكلامك\'a1 ما هي المشورة النافعة التي أعطيتها لي\'a1 هب أنني بلا حكمة\'a1 فماذا أشرت به علي\'a1 هل تظن حقاً أنني لا أؤمن بكل ما قلته عن عظمة الله وحقارة الإنسان\'a1 حتي تكرر ما قلتموه سابقاً وفي هذا تظن نفسك أنك تظهر فهماً وحكمة لا مثيل لهما. لمن أعلنت أقوالاً= هل تظنني جاهلاً لا أعرف الله حتي تعلمني عن الله كما تعلم ولد صغير. هناك فرق في طريقة التعليم\'a1 إذا ما كلمنا ولد صغير\'a1 أو شخص جاهل\'a1 أو شخص متعلم. (في حالة كأيوب المفروض أن يكون الكلام عن نعمة الله ورحمته لا عن عظمة الله وسلطانه)
ونسمة من خرجت منك= أي بإلهام من تكلمت\'a1 وهل تصورت أن كلامك هذا موحي به من الله\'a1 أنا أتعجب بأي روح تكلمت. وكان أيوب له الحق في الهجوم علي أصحابه فهم في مناقشاتهم كانوا يتكلمون بمنطق الخصوم الذين يبحثون كيف ينتصرون. والأصحاب في تعزياتهم قد يفشلون\'a1 أما الروح القدس فهو المعزي الحقيقي. 
الأيات 5-14:- هنا أيوب يظهر أمام أصحابه أنه يعرف عن الله كما يعرفون بل أكثر والذي ينبغي أن نعرفه\'a1 أنه عندما نتحدث عن مجد الله فإننا نعجز عن أن نعلن الأمر بوضوح كما هو  1كو 13:12. وعن عظمة الله إتفق الأصحاب ولم يختلفوا. 
الأخيلة ترتعد من تحت المياه وسكانها= الأخيلة أي الأموات ( أش 14:9 +  أش 26:14). وكانوا يتصورون أن الأموات يسكنون الهاوية\'a1 والهاوية تحت الأرض\'a1 تحت أعمق أعماق الماء\'a1 في مكان لا يدرك. والأموات فيها يرتعبون من الله مهما كان جبروتهم في حياتهم علي الأرض. الهاوية عريانه قدامه= نحن كبشر لا نستطيع أن نري الهاوية\'a1 لكنها مكشوفة أمام الله. والهلاك ليس له غطاء= المكان الذي يتعذب فيه الأشرار أيضاً مكشوف أمام الله. ولعلنا من هذه الآية نلمس فكر القدماء فهناك الهاوية وهي مكان للأبرار وهناك الهلاك وهي هاوية أخري خاصة بالأشرار\'a1 ولا يستطيع من في الهاوية الإتصال بمن في هاوية الهلاك\'a1 والعكس صحيح. ونفس المفهوم قاله سليمان في  أم 15:11. يمد الشمال علي الخلاء= يقصد النجوم التي في السماء وأجملها ما في الشمال (ولا يقصد طبعاً شمال الكرة الأرضية) وهذه النجوم قد تعلقت في السماء علي لا شئ والأقدمين كانوا يعتقدون أن السماء قبة تحوي النجوم ومثبتة علي الأرض أو فوق الأرض. والخلاء يقصد به الهواء. ويعلق الأرض علي لا شئ= عجيب أن يقول أيوب هذا حسب نظريات العصر الحديث. يصر المياه في سحبه= بالنسبة لهم فالماء محفوظ فوق السحب ومع هذا وبالرغم من وزن المياه الكبير فإن السحب لا تتمزق= فلا يتمزق الغيم تحتها= كأن المياه مصرورة بإحكام في كيس إلي أن تحين الفرصة لإستخدامها. وهنا قد يكون أيوب يقارن طريقة حفظ الماء قديماً في أزقة(جمع زقاق وهو كيس جلدي) وهذه الأزقة تتمزق أحياناً\'a1 أما السحب في نظره فهي لا تتمزق. يحجب وجه كرسيه باسطاً عليه سحابه الله في مجده لا يحتمل أحد ضياؤه ولذلك هو يخفي مجده حتي لا نموت نحن البشر. وهو هنا يصور السحاب أنه يغطي مجد الله كما يغطي نور الشمس وحرارتها. ولكن رأينا بعد ذلك أن هناك فعلاً سحابة حجبت المسيح في صعوده\'a1 وسحابة رافقت الشعب في مسيرته نحو كنعان. رسم حداً علي وجه المياه عند إتصال النور بالظلمة= القدماء تصوروا أن مياه البحر تحيط بالأرض كلها كدائرة\'a1 ونور الشمس ينير داخل هذه الدائرة أما خارج هذه الدائرة ظلمة\'a1 والله رسم حداً عند إتصال النور بالظلمة. أعمدة السماوات ترتعد\'a1 وترتاع من زجره= يقصد الجبال التي علي قممها ترتكز السماء وهذه ترتعد مع الرعود والزلازل. بقوته يزعج البحر= بالعواصف والأنواء وبقوته يضرب مصر= وبفهمه يسحق رهب= إذا فهمنا أن رهب إشارة إلي مصر. نري أن هذه الآية إشارة للضربات التي وجهت لفرعون وللمصريين\'a1 خصوصاً بشق البحر حين شقه الله= يزعج البحر. بنفخته السموات مسفرة= أي بنسمة فيه يطرد السحاب وتصبح السموات صافية فتظهر الكواكب. ولكن في ترجمات أخري ترجمت الآية بروحه زين السموات= فالله خلق السموات بكواكبها وإزدانت بلمعانها
ويداه أبدأتا الحية الهاربة= قد يقصد بها الحية التي تبتلع الشمس في الكسوف أو القمر في الخسوف كما كان القدماء يعتقدون. وسماها هاربة لسرعة حركاتها. وربما كانت الإشارة لإبليس فهو الحية الهاربة\'a1 وقد تكون الإشارة إلي لوياثان كما سيأتي الشرح في إصحاح(41). والبعض فسروا الآية بأنها مجموعة نجوم أسموها الحية الهاربة\'a1 وهي جزء من زينة السموات. ها هي أطراف طرقه كل ما قلته هو جزء لا يذكر من عجائب خلقة الله\'a1 هي أطراف فلا يوجد من يدعي أنه يعرف الأعماق. نحن معرفتنا بسيطة جداً بالله. ما أخفض الكلام الذي نسمعه منه= أي ما أقل ما نسمع عنه. وأما رعد جبروته فمن يفهم= أي إذا كنا بالكاد نعرف شيئاً من أطراف طرق الله\'a1 فمن الذي يفهم قوته ويدركها. كلمة أطراف طرقه تناظر ما أخفض الكلام الذي نسمعه منه. وبالتالي يصبح رعد جبروته كنآية عن معرفة أعماق الله."
"أيوب",26,1,"الإصحاح السادس والعشرون"
"أيوب",27,1,"الإصحاح السابع والعشرون
إنتصر أيوب بعد ما قاله في إصحاح(26) فلما لم يتكلم أحد من الأصحاب تكلم هو. 
الأيات 1-6:- """"و عاد ايوب ينطق بمثله فقال\'a1 حي هو الله الذي نزع حقي والقدير الذي امر نفسي\'a1 انه ما دامت نسمتي في ونفخة الله في انفي\'a1 لن تتكلم شفتاي اثما ولا يلفظ لساني بغش\'a1 حاشا لي ان ابرركم حتى اسلم الروح لا اعزل كمالي عني\'a1 تمسكت ببري ولا ارخيه قلبي لا يعير يوما من ايامي"""". 
 حي هو الله الذي نزع حقي= هو عظم الله إذ قال عنه أنه حي. فهو حي إلي الأبد. ومع ذلك تكلم عنه كلاماً قاسياً لا يليق إذ قال أن الله نزع حقه أي ظلمه\'a1 إذا سمح بإستمرار متاعبه. ولقد وبخه أليهو علي هذه الكلمة بالذات. فالله عادل ولا ينزع حق أحد. ولكن الإنسان يميل إلي اليأس إن لم يحل الله مشكلته سريعاً\'a1 الإنسان لا يحتمل الإنتظار\'a1 وهو غير صبور\'a1 لذلك يشكو\'a1 ولكنه حين يشكو تتمرر نفسه فيعود ويظن أن الله هو الذي مرر نفسه. القدير الذي أمر نفسى وآية (2) هي قسم وعلي ماذا يقسم أيوب؟ أنه طالما هو حي= نسمتي فيَ لن تتكلم شفتاي إثماً= مهما كانت الآلام التي يسمح بها الله عليَ لن أخطئ في حقه. 
ولا يلفظ لساني بغش=أي لو أظهر لي الله أو أي أحد أنني مخطئ سأعترف فوراً. 
حاشا لي أن أبرركم= علي إنتقاداتكم الظالمة لي. حتي أسلم الروح لا أعزل كما لي عني حتي وإن مت بسبب هذه النكبات\'a1 لن أخطيء إلي الله وسأظل في كمالي. 
تمسكت ببري ولا أرخيه= هذا هو موضوع فخري وفرحي. قلبي لا يعير يوماً من أيامي= لن أخطئ كما لم أخطيء من قبل\'a1 لذلك قلبي لا يلومني علي أي خطية سابقة ولن أعطي قلبي فرصة علي أن يلومني علي خطية في المستقبل. 
الأيات 7-10:- """"ليكن عدوي كالشرير ومعاندي كفاعل الشر\'a1 لانه ما هو رجاء الفاجر عندما يقطعه عندما يسلب الله نفسه\'a1 افيسمع الله صراخه اذا جاء عليه ضيق\'a1 ام يتلذذ بالقدير هل يدعو الله في كل حين"""". 
 أيوب يرفض أن يشابه الأشرار أو يكون مثلهم حتي لو كان شرهم يقودهم للغني والثروة. وقوله ليكن عدوي كالشرير= هذا قول مأثور كما يقول أحدهم الأن """"إنشا الله عدوك"""" حين يسمع كلاماً سيئاً عن شخص يحبه. وقد إستخدم دانيال هذا القول في  دا 4:19 """"الحلم لمبغضيك"""". ومعاندي كفاعل الشر= هي تكرار بنفس المفهوم. والمعني أن أيوب يفضل آلامه مع كونه باراً عن الغني والثروة مع طريق الشر. وما سبب رفض الشر؟ إيمانه بنهآية الشرير المخيفة= لأنه ما هو رجاء الفاجر عندما يقطعه الله أي يموت= عندما يسلب الله نفسه. هل بعد موته تنفعه ثروته أو عظمته. إنه سيترك كل هذا ويقف أمام الله. أفيسمع الله صراخه= حين يسمع الحكم بموته الأبدي. لا لن يسمع الله. وهذا ما حدث مع الغني """"بيننا وبينكم هوة عظيمة. . .  لو 16:19-31. والله يسمع الصراخ لو كان هنا في العالم\'a1 إذا قدم الشرير توبة. أم يتلذذ بالقدير= هناك مكانين بعد الموت أحدهما """"فيه يتلذذ الإنسان الصالح بالقدير"""" والأخر فيه الإنسان الشرير يصرخ فلا يستجاب له. ومن يتلذذ بالقدير يدعو لله كل حين اي هو في إتصال مع الله\'a1 يكلمه ويتلذذ به. أفهل أخسر أبديتي وأن أتلذذ بالله من أجل أن أفرح بالشر علي الأرض. هذا كلام أيوب. 
الأيات 11-23:- """"اني اعلمكم بيد الله لا اكتم ما هو عند القدير\'a1 ها انتم كلكم قد رايتم فلماذا تتبطلون تبطلا قائلين\'a1 هذا نصيب الانسان الشرير من عند الله وميراث العتاة الذي ينالونه من القدير\'a1 ان كثر بنوه فللسيف وذريته لا تشبع خبزا\'a1 بقيته تدفن بالموتان وارامله لا تبكي\'a1 ان كنز فضة كالتراب واعد ملابس كالطين\'a1 فهو يعد والبار يلبسه والبريء يقسم الفضة\'a1 يبني بيته كالعث او كمظله صنعها الناطور\'a1 يضطجع غنيا ولكنه لا يضم يفتح عينيه ولا يكون\'a1 الاهوال تدركه كالمياه ليلا تختطفه الزوبعة\'a1 تحمله الشرقية فيذهب وتجرفه من مكانه\'a1 يلقي الله عليه ولا يشفق من يده يهرب هربا\'a1 يصفقون عليه بايديهم ويصفرون عليه من مكانه"""". 
 إني أعلمكم بيد الله= بمعونة الله وقوته سوف أعلمكم ما هو الحق في موضوع خلافنا. لا أكتم ما هو عند القدير= أي مشورة الله ومقاصده
ها أنتم كلكم قد رأيتم= مشاهداتكم تؤيد وجهة نظري فلماذا تتبطلون تبطلاً= فما بالكم تنطقون بالباطل (ترجمة اليسوعيين). وأيوب إعتبر أن كلامهم باطل لأنهم قصدوا إثبات حتمية هلاك الأشرار ليصلوا إلي غرضهم أن أيوب كان شريراً لذلك سمح له الله بهذه الألام. وإعتبر أيوب أن كلامهم باطل لأنه كان ضد مشاهداتهم والتي أثبتها لهم أيوب أن الشرير قد ينجح وأن البار قد يتألم ويُظلم. ثم يورد أيوب عينة من أقوالهم التي قالوها= قائلين= هذا نصيب الإنسان الشرير. هم كانوا مصرين علي حتمية أن الله يعاقب الشرير. وبماذا يعاقب الله الشرير؟ هنا أيوب يكرر كلام أصحابه إن كبر بنوه فللسيف= لابد وأن يموتوا (وهذه العبارة كم أتعبت أيوب بسبب موت أولاده) وذريته لا تشبع خبزاً= من ذهب للسيف ذهب والباقي يكون في مجاعة. بقيته تدفن بالموتان= الموتان مرض يصيب المواشي\'a1 وحين يموت بقية أفراد عائلة الشرير به يصبح المعني أنهم يموتون كالمواشي بلا أي كرامة ( أر 22:19) """" يهوياقيم يدفن دفن حمار"""" أرامله لا تبكي= حتي أرملة الشرير لا تبكيه فهي إستراحت منه. إن كنز فضة كالتراب راجع  حب 2:6. مهما كان غني الشرير فكل ما كنزه يتحول لتراب\'a1 أو يتحول هو لتراب فلا يستفيد من ماله. 
وبتدبير من الله تذهب ثروته للبار المظلوم الذي ظلمه= فهو يعد والبار يلبسه. يبني بيته كالعث= العث حين يبني بيته يتصور أنه قوي ومتين وسيحميه ولا يدري أنه يهدم في لحظة\'a1 بل ينزع بيته كمظله صنعها الناطور= الناطور هو الحارس\'a1 وهو صباحاً يصنع لنفسه مظلة من حرارة الشمس\'a1 وإذا جاء المساء ينزعها. يضطجع غنياً ولكنه لا يضم= مهما مات في كرامة فهو لن ينضم لجماعة القديسين والأفاضل. يفتح عينيه ولا يكون= حين يفتح عينيه في مكانه الجديد في الهاوية الهلاك\'a1 لا يجد نفسه في كرامة مثل التي تركها علي الأرض. الأهوال تدركه كالمياه\'a1 ليلاً تخطفه الزوبعة الأهوال تحيط به كأنه محاط بمياه غامرة\'a1 يرتعب حين يدرك أنه سيغادر هذا العالم\'a1 وإذ يذكر إنتقاله للعالم الآخر. وفجأة تخطفه زوبعة غضب الله\'a1 أو عاصفة الموت. وهي تخطفه ليلاً\'a1 والليل يشير للظلام والغضب والخوف. تحمله الشرقية = الشرقية هي الريح الحارة الساخنة المدمرة والتي تدمر الزروع. وفي هذا إشارة لغضب الله الذي يقتلعه من وسط ثروته ونجاحه ويدمر له كل ما بناه. والآية (22) تترجم هكذا """"في ترجمة اليسوعيين """"تهوي عليه ولا تشفق وهو هارب من يديها"""" وهي الترجمة الأدق أي أن غضب الله يهوي عليه ويدمره ولا يستطيع أن يهرب يصفقون عليه= كل البشر حوله حين يروا سقوطه يفرحون"
"أيوب",27,1,"الإصحاح السابع والعشرون"
"أيوب",28,1,"الإصحاح الثامن والعشرون
كان أيوب وأصحابه يتناقشون حول طرق وأسباب تصرفات العنآية الإلهية في إدارة العالم. فقال أيوب وكيف بحكمتنا المحدودة نتكلم عن حكمة الله اللانهائية وكيف نفهم مشورات الحكمة الإلهية. هذا الإصحاح فيه نغمة مختلفة عن كل ما سبق. أيوب هنا لا يتكلم عن آلامه بل عن حكمة الله غير المحدودة. أيوب هنا يعترف أن حكمة الله لا تناقش ويعطي أدلة عديدة علي حكمة الله. ويقول أن الحكمة ثمنها لا يقدر. ولقد سبق صوفر وتمني ان أيوب تعلن له خفيات الحكمة 11:6 و هنا يرد عليه أيوب بأن هناك أنواع من الحكمة:-
1. حكمة علمها الله للإنسان ليستعمل الأرض وما فيها من كنوز(1-11)
2. حكمة إلهية ثمنها عظيم وهي خفية علي البشر(12-27)
3. حكمة معلنة لبني البشر وهي مخافة الرب(28)
وبالنسبة للأولي فقد أودع الله هذه الحكمة للإنسان لكي يعيش\'a1 فصار في قدرة الإنسان أن يزرع ليأكل ويستخدم المناجم. . . . إلخ. وأما الحكمة الإلهية غير المعلنة فهذه لم يعلنها الله لأننا لم نفهمها ولن نفهمها الأن\'a1 ولكن علينا بالتسليم بأن كل الأمور الحادثة هي بحكمة خاصة إلهية. وبالنسبة للإنسان فهناك حكمة من نوع ثالث إكتشفها القديسون ولا يعبأ بها الأشرار\'a1 وهي مخافة الرب ومن يتبع هذه الحكمة تكون له السماء نصيباً\'a1 ويحيا في بركة الله علي الأرض. 
الأيات 1-11:- """"لانه يوجد للفضة معدن وموضع للذهب حيث يمحصونه\'a1 الحديد يستخرج من التراب والحجر يسكب نحاسا\'a1 قد جعل للظلمة نهاية والى كل طرف هو يفحص حجر الظلمة وظل الموت\'a1 حفر منجما بعيدا عن السكان بلا موطئ للقدم متدلين بعيدين من الناس يتدلدلون\'a1 ارض يخرج منها الخبز اسفلها ينقلب كما بالنار\'a1 حجارتها هي موضع الياقوت الازرق وفيها تراب الذهب\'a1 سبيل لم يعرفه كاسر ولم تبصره عين باشق\'a1 ولم تدسه اجراء السبع ولم يعده الزائر\'a1 الى الصوان يمد يده يقلب الجبال من اصولها\'a1 ينقر في الصخور سربا وعينه ترى كل ثمين\'a1 يمنع رشح الانهار وابرز الخفيات الى النور"""". 
 الحكمة التي أودعها الله لكل البشر :- بواسطة هذه الحكمة الإنسانية إكتشف الإنسان الثروات المختبأة في باطن الأرض
يوجد للفضة معدن= معدن جاءت """"عرق"""" في الإنجليزية. بمعني أن الإنسان توصل لإستخراج هذه المعادن النفيسة من باطن الأرض (فضة/ ذهب/ حديد/ نحاس)
الحجر يسكب نحاساً= أي يحصل الإنسان علي النحاس بأن يصهر الخام (الحجر) فالحجر إذاً هو خام النحاس. قد جعل للظلمة نهآية= ظلمة المناجم لم تمنع الإنسان من الوصول لأعماق المناجم\'a1 بل هو وضع بحكمته نهآية لظلمتها ووصل لأعماقها وفحصها. 
وإلي كل طرف يفحص= """"بحثوا في كل قصي"""" (في ترجمة اليسوعيين). أي أن الإنسان في بحثه عن المعادن ذهب لكل مكان. حجر الظلمة= أي خام المعادن الموجود في ظلمات المناجم. وظل الموت= كم من أخطار تواجه عمال المناجم حتي أيامنا هذه\'a1 لكن الإنسان لم يمتنع عن إستخدام المناجم. متدلين. . . . يتدلدلون= كانوا يحفرون حفراً في الجبال ثم يتدلون فيها مربوطين بحبال\'a1 إلي أعماق كبيرة. وهذه المناجم في أماكن مسكونة= بعيداً عن السكان. أرض يخرج منها الخبز أسفلها ينقلب كما بالنار= تناقض بين ما هو أعلي المناجم وهي أرض زراعية وما يحدث أسفلها من تنقيب وتكسير. وهم قلبوا باطنها كما لو كان قد تم تدميره بالنار. التصوير هنا\'a1 أن الإنسان لو إكتشف منجماً في أرض زراعية سيقلب هذه الأرض ويحفر المنجم وتتحول الأرض الزراعية إلي خراب\'a1 وأفران للصهر. ويتركون بقايا أفران الصهر علي الأرض الزراعية فتخرب تماماً. حجارتها هي موضع الياقوت الأزرق. . . والذهب= ما يدفع الإنسان لقلب الأرض الزراعية أنه عرف كيف يستخرج من باطنها الجواهر والذهب. 
سبيل لم يعرفه كاسر\'a1 ولم تبصره عين باشق= النسور (كاسر/باشق) مشهورة بحدة البصر\'a1 فهي تري الفريسة من أبعاد كبيرة. وبالرغم من هذا فعيون النسر لم تكتشف هذه المناجم. ولم تدسه أجراء السبع ولم يعده الزائر= الزائر هو الأسد لأنه يزأر. أي الأسد بالرغم من قوته لم يستطع حفر منجم من هذه المناجم ومعني الأيتين أن الإنسان بالرغم من أنه ليس له حدة بصر النسر ولا قوة الأسد إلا أنه بحكمته إستطاع الحصول علي المعادن الثمينة والجواهر من باطن الأرض. فالنسور والأسود بالرغم من قواها الطبيعية الخارقة عاجزة عن إقتناء الحكمة التي أعطاها الله للإنسان ليستغل بها الأرض التي يحيا عليها. إلي الصوان يمد يده= إشارة للصعوبات التي يجدها عمال المناجم في حفرها. ينقر في الصخور سرباً= أي ينشئ سراديب وأنفاق في داخل المناجم وذلك لأن عينه تري كل ثمين يمنع رشح الأنهار= إخترع الإنسان طرقاً لمنع رشح الأنهار حتي لا تفسد المناجم وذلك ليستخرج من باطنها كل ما هو ثمين وأبرز الخفيات إلي النور. 
ولكن بالرغم من كل حكمة الإنسان هذه فهو عاجز عن أن يفهم حكمة الله\'a1 ولماذا يسمح بالشر للأبرار والعكس. فهناك نوع أخر من الحكمة وهو الحكمة الإلهية ومن له هذه الحكمة يفهم
1. أنه إن كان الذهب والفضة يجتهد الإنسان ليحصل عليهم ويحتمل في سبيل هذا كل هذه المشقات\'a1 فكم ينبغي أن نجتهد ليكون لنا النصيب السماوي ميراثاً. 
2. كيف نفهم حكمه الله\'a1 لندرك لماذا يعاقب الأبرار والعكس؟ هذه لايمكن أن ندركها بعقولنا المحدودة\'a1 فأسرار الله لا يعلنها سوى لأحبائه. 
3. كيف نكون محبوبين من الله حتي يعلن لنا أسراره
أ)أن نجتهد ونغصب أنفسنا في جهادنا الروحي فملكوت السموات يغصب  مت 11:12. 
ب)أن نخاف الله ولا نغضبه  أي 28:28
حـ)بقدر ما نجتهد يكون ما نحصل عليه أثمن. فبمجهود قليل يحصل الفلاح علي القمح بزراعة الأرض. ولكن لكي يحصل علي الجواهر والذهب فالمجهود أكبر. 
الأيات 12-19:- """"اما الحكمة فمن اين توجد واين هو مكان الفهم\'a1 لا يعرف الانسان قيمتها ولا توجد في ارض الاحياء\'a1 الغمر يقول ليست هي في والبحر يقول ليست هي عندي\'a1 لا يعطى ذهب خالص بدلها ولا توزن فضة ثمنا لها\'a1 لا توزن بذهب اوفير او بالجزع الكريم او الياقوت الازرق\'a1 لا يعادلها الذهب ولا الزجاج ولا تبدل باناء ذهب ابريز\'a1 لا يذكر المرجان او البلور وتحصيل الحكمة خير من اللالئ\'a1 لا يعادلها ياقوت كوش الاصفر ولا توزن بالذهب الخالص"""". 
 بعد أن تحدث أيوب عن النوع الأول من الحكمة\'a1 يتحدث هناعن النوع الثاني\'a1 وهو الحكمة الإلهية التي يعطيها الله لمحبيه. فالله أعطي حكمة لكل البشر بها يعيشون ويأكلون ويستخرجون من الأرض كل ثمين. ولكن هناك حكمة إلهية لا يأخذها سوي الخاصة الذين أحبوا الله فأحبهم الله وأعطاهم. 
أما الحكمة فمن أين توجد= لا يستطيع الإنسان العادي أن يحصل عليها. لا يعرف الإنسان قيمتها= جاءت في السبعينية طريقها. والمعنيين متكاملان\'a1 فلو عرف قيمتها لكد وتعب وإجتهد حتي يعرف طريقها ليحصل عليها. ولكن قليلين هم الذين عرفوا قيمتها الحقيقية. لا توجد في أرض الأحياء= لا يستطيع إنسان علي الأرض أن يدلك عليها\'a1 فمصدرها هو الله وحده\'a1 نحصل عليها من الكتاب المقدس ودراستنا فيه\'a1 بصلواتنا\'a1 بأصوامنا\'a1 نحصل عليها إن كنا نحب الله ونصنع كل هذا بمحبة. 
الغمر يقول ليست هي فيَ= الغمر هو البحر المحيط بالأرض حسب رأي القدماء. البحر يقول ليست هي عندي= فهي أعمق من أعماق المحيطات\'a1 فإذا كان الإنسان عاجزاً عن الوصول لأعماق البحر فهل يصل لأعماق حكمة الله. وهي أثمن من أثمن ما علي الأرض\'a1 فأثمن ما علي الأرض(ذهب/ فضة/ جزع/ ياقوت أزرق/ مرجان. . . الخ) كل هذا لا ينفع الإنسان سوي في حياته علي الأرض وهي أيام قليلة\'a1 أما الحكمة الإلهية فهي تنفع الإنسان علي الأرض وفي السماء\'a1 فهي تعطيه ميراث السماء وأيوب هنا ذكر أثمن أنواع اللاليء والجواهر\'a1 وكانت هذه موجودة بكثرة في الأثار المصرية. ولندرة الزجاج إعتبرت الأواني الزجاجية والبلور شيئاً ثمنياً كاللآليء. 
ولقد أعطي الله لكنيسته وشعبه أن يحل عليهم الروح القدس\'a1 روح الحكمة ليكشف لهم أسرار عجيبة  1كو 2:6-16. والروح القدس هو روح الحكمة  أش 11:2
الأيات 20-28:- """"فمن اين تاتي الحكمة واين هو مكان الفهم\'a1 اذ اخفيت عن عيون كل حي وسترت عن طير السماء\'a1 الهلاك والموت يقولان باذاننا قد سمعنا خبرها\'a1 الله يفهم طريقها وهو عالم بمكانها\'a1 لانه هو ينظر الى اقاصي الارض تحت كل السماوات يرى\'a1 ليجعل للريح وزنا ويعاير المياه بمقياس\'a1 لما جعل للمطر فريضة ومذهبا للصواعق\'a1 حينئذ راها واخبر بها هياها وايضا بحث عنها\'a1 وقال للانسان هوذا مخافة الرب هي الحكمة والحيدان عن الشر هو الفهم"""". 
 فمن أين تأتي الحكمة= أيوب يكرر السؤال\'a1 فهو سبق وتساءل نفس هذا السؤال في آية(12). وذلك لأهمية السؤال. ويشرح ثانية إستحالة أن يصل إليها الإنسان بمفرده. إذ أخفيت عن عيون كل حي= مهما بلغت فلسفتهم ومعلوماتهم. وسترت عن طير السماء. لأن الحكمة عالية جداً\'a1 والطير يطير عالياً\'a1 فهذا تشبيه يريد به القول\'a1 حتي وإن إرتفعت مثل طيور السماء لن تجدها فهي أعلي بكثير. الهلاك والموت يقولان= الهلاك هو مكان هاوية الأشرار والموت هو مكان هاوية الأبرار. والمقصود أن حتي من ماتوا لا يدركونها بأذاننا قد سمعنا خبرها. هم سمعوا بخبرها ولكنهم لم يدركوها. والله وحده هو الذي يعرفها= الله يفهم طريقها\'a1 ومعرفة الله كاملة وهو يدير العالم وحده فهو الذي يري وينظر إلي أقاصي الأرض. ليجعل للريح وزناً. ويعاير المياه بمقياس= فالله وحده الذي يعرف كل شئ يحدد حركات الريح والمياه ليجعلها رياحاً مدمرة أو ريح لطيفة منعشة\'a1 فيضان كله خير للزراعة\'a1 أو فيضان مدمر\'a1 أو جفاف. حكمة الله لن ندركها ولكنه وهو الذي يري كل شئ\'a1 قادر أن يضبط الكل. 
حينئذ رآها وأخبربها= الله وحده الذي رأي الحكمة وعرفها\'a1 ورسم خطة دقيقة لكل أعماله من البدآية للنهآية\'a1 والله وضع خطة يسير بمقتضاها الكون منذ الأزل فالأن لا شئ يسير عشوائياً بل بمقتضي خطة دقيقة. هيأها وأيضاً بحث عنها الله هيأ كل الأمور بحيث يسير كل شي بحسب خطته الإلهية المحكمة. وبحث عنها أي أعلنها بحيث تكون ظاهرة للناس. """"فالسموات تحدث بمجد الله والفلك يخبر بعمل يديه"""" (وراجع أيضاً  رو 1:20). والله علم الناس أن طرق الوصول لهذه الحكمة هو:-
مخافة الرب. هذا هو الطريق الوحيد لنعرف\'a1 أو نصل لمعرفة الحكمة. ولكن الكلام هنا عن الحكمة يشير للمسيح أقنوم الحكمة\'a1 اللوغوس  يو 1:1\'a1  2 +  أم 8:22\'a1  23. ويكون أن الله وحده هو الذي كان يعرف طريق تجسد الكلمة وهو الذي هيأ له جسداً وهو الذي بحث عن طريق الخلاص. 
هذا الإصحاح يكلمنا عن المسيح الكلمة\'a1 أقنوم الحكمة قبل أن يتخذ له جسداً."
"أيوب",28,1,"الإصحاح الثامن والعشرون"
"أيوب",29,1,"الإصحاح التاسع والعشرون
الإصحاحات 29\'a1 30\'a1 31 لها تسلسل
إصحاح (29) يكلمنا عن أيوب وأيامه السعيدة. 
إصحاح (30) يكلمنا عن تعاسة أيوب. 
إصحاح (31) يكلمنا عن رفضه لتهم أصحابه. 
فهو يحكي لأصحابه كيف كان عظيماً\'a1 كاملاً\'a1 في كرامة\'a1 شهماً. ثم كيف اصبح فقيراً معدماً\'a1 وهذا كله لكي يجعل أصحابه يشفقون عليه. ثم يبرر نفسه أمامهم حتي لا يظنوا أن التهم التي إتهموه بها لاصقة عليه. ونلاحظ الآتي:-
1. كان خطأ أيوب أن يظل يشكي ويشكي من آلامه فهذا يزيد مرارة النفس\'a1 ويضاعف من آلامه وأحزانه\'a1 خصوصاً حين يذكر أيام إزدهاره. وبينما يظن المتألم أنه يعزي نفسه حين يشكو حاله\'a1 إذ به يزيد مرارة نفسه دون أن يدري. 
2. نلاحظ في كلام أيوب أنه يتكلم عن نفسه كثيراً\'a1 وعن عظمته\'a1 ولا يأتي بأي سيرة عن الله\'a1 أو أن الله هو الذي أعطاه\'a1 لذلك نجد أن الله بحكمة يجرد أيوب من كل شئ\'a1 ليري نفسه علي حقيقتها ويذكر أن عظمته مصدرها هو الله. 
3. إذا فهمنا أن إصحاح """"28"""" يكلمنا عن أقنوم الحكمة. يأتي إصحاح """"29"""" ليكلمنا عن المسيح البار في حياته إذ كان بلا خطية يلومه أحد عليها\'a1 فأيوب في كماله كان يرمز للمسيح. ثم يأتي إصحاح """"30"""" ليكلمنا عن المسيح المتألم. وفي هذا نعلم أن أيوب كان يرمز للمسيح في آلامه. ويأتي إصحاح """"31"""" ليشرح أن آلام المسيح كانت بلا سبب """"من منكم يبكتني علي خطية. هذا من الناحية الرمزية\'a1 ولكن من يبرر نفسه هكذا يخطئ. 
الأيات 1-5:- """"و عاد ايوب ينطق بمثله فقال\'a1 يا ليتني كما في الشهور السالفة وكالايام التي حفظني الله فيها\'a1 حين اضاء سراجه على راسي وبنوره سلكت الظلمة\'a1 كما كنت في ايام خريفي ورضا الله على خيمتي\'a1 والقدير بعد معي وحولي غلماني"""". 
 ياليتني كنت. . . . أيام عظمتي وثروتي لكنت في فرح\'a1 وكان تعييركم لي قد توقف. ونسب هنا أيام راحته لحفظ الله له. وكانت علامات حفظ الله له كثرة ثروته. """"إسم الرب برج حصين يلجأ إليه الصديق ويتمنع"""". . ويحتمي به. وسراج الله هو علامة رضاه. والنور علامة علي أن أيامه كانت مفرحة ومشرقة. وكانوا يعلقون السراج وسط الخيمة فتضئ كلها\'a1 أي أن حياته كلها وكل أموره كانت مزدهرة. وقد أعطي الله أيوب تأكيدات بأنه راضي عنه= رضا الله علي خيمتي= فهو فهم أن ثروته وأولاده وصحته كانوا علامات رضا الله. فلما إختفوا\'a1 كان مما زاد ألمه أن شعر بأن الله لم يعد راضياً عليه. ولنلاحظ ان الله يعطينا الأن من علامات محبته ما هو عربون ما سنحصل عليه في السماء. ايام خريفي= تترجم في (اليسوعية) عنفواني أي أيام شبابي ونضجي. والقدير بعد معي= كان تصور أيوب الخاطئ أنه في أيام إزدهاره كان الله معه\'a1 أما في آلامه فالله قد تخلي عنه. 
الأيات 6-25:- """"اذ غسلت خطواتي باللبن والصخر سكب لي جداول زيت\'a1 حين كنت اخرج الى الباب في القرية واهيئ في الساحة مجلسي\'a1 راني الغلمان فاختباوا والاشياخ قاموا ووقفوا\'a1 العظماء امسكوا عن الكلام ووضعوا ايديهم على افواههم\'a1 صوت الشرفاء اختفى ولصقت السنتهم باحناكهم\'a1 لان الاذن سمعت فطوبتني والعين رات فشهدت لي\'a1 لاني انقذت المسكين المستغيث واليتيم ولا معين له\'a1 بركة الهالك حلت علي وجعلت قلب الارملة يسر\'a1 لبست البر فكساني كجبة وعمامة كان عدلي\'a1 كنت عيونا للعمي وارجلا للعرج\'a1 اب انا للفقراء ودعوى لم اعرفها فحصت عنها\'a1 هشمت اضراس الظالم ومن بين اسنانه خطفت الفريسة\'a1 فقلت اني في وكري اسلم الروح ومثل السمندل اكثر اياما\'a1 اصلي كان منبسطا الى المياه والطل بات على اغصاني\'a1 كرامتي بقيت حديثة عندي وقوسي تجددت في يدي\'a1 لي سمعوا وانتظروا ونصتوا عند مشورتي\'a1 بعد كلامي لم يثنوا وقولي قطر عليهم\'a1 وانتظروني مثل المطر وفغروا افواههم كما للمطر المتاخر\'a1 ان ضحكت عليهم لم يصدقوا ونور وجهي لم يعبسوا\'a1 كنت اختار طريقهم واجلس راسا واسكن كملك في جيش كمن يعزي النائحين"""". 
هنا يشرح أيوب حاله أيام إزدهاره وفيها كثير من إنتفاخ الذات. 
غسلت خطواتي باللبن= من وفرة الإنتاج في المراعي. والصخر سكب لي جداول زيت= كان الزيت وفيراً جداً كأن الصخر يسكبه. حين كنت أخرج إلي الباب= الباب هو مكان العظماء. فكان أيوب يذهب إليه لينصف المظلوم. ويتضح من هنا عظمة مركز أيوب وأن الناس كانوا يهابونه. (وإختيار الباب (باب المدينة) ليجلس فيه القضاة هو لتسهيل مهمة أن يصل كل مظلوم للقضاة لينصفونه). رآني الغلمان فإختبأوا= من هيبته وربما كانوا يخشونه لأنه يعاقب المخطئ. الأشياخ قاموا= إحتراماً. (وإن كان يجب إحترام الشخص المهم فكيف ينبغي أن نقف أمام الله في الصلاة). العظماء أمسكوا عن الكلام= إحتراماً\'a1 ولكي يسمعوا أقواله فهو إذا تكلم كانت له القدرة أن يظهر الحكمة ويحل المشاكل\'a1 ويظهر الحق. لأن الأذن سمعت فطوبتني= الرؤساء سمعوا حكمته فطوبوه والمساكين حين أنصفهم بعدله طوبوه أيضاً. بركة الهالك= أي الذي أنقذه من الهلاك بأن أنصفه\'a1 فبركته أي دعائه حل عليه. لبست البر فكساني أي عدله وبره ظهروا دائماً عليه فكانا كثوبه لا يظهر بدونه. وعمامة كان عدلي= العمامة تشير لأفكاره وقرارته وكلها عدل. عيوناً للعمي= أي مرشداً لمن فقد طريقه ولا يعرف ماذا يفعل. أرجلاً للعرج= أي من يعرف طريقه ولكنه ليس لديه القدرة علي حل مشكلته. 
دعوي لم أعرفها فحصت عنها= أي أنه أنصف حتي الغرباء الذين لا يعرفهم. فهو يبذل كل جهد لينصف أي مظلوم. وكان يعاقب الظالم= هشمت أضراسه. أي حرم الظالم من وسائل ظلمه التي بها يفترس ضحيته= ومن بين أسنانه خطفت الفريسة. 
وفي آية (18). كان مما سبب إنتعاشاً لأمال أيوب أنه تصور أن إزدهاره مستمر. حتي لو تعرض لتجارب\'a1 كان متأكداً أنه سيمر منها بسلام وكان يتعشم بأن تكون أيامه طويلة كأيام السمندل (phoenix). وهو طائر خرافي يتغذي علي نبات سام قاتل ولا يموت\'a1 يعيش 500 سنة وبعدها يحرق نفسه وعشه ومن خلال الرماد ينهض كأجمل ما يكون ليعيش 500 سنة أخري وهلم جرا. إني في وكري أسلم الروح اي سيظل آمناً في عشه وحتي لو أصابته التجارب سيخرج أقوي مما كان كالسمندل والسمندل يترجم أيضاً العنقاء. ولتشبيه حالته وإستقراره شبه نفسه كشجرة علي مياه كثيرة\'a1 لا خوف من أن تنضب وبالتالي لا خوف من أن تموت الشجرة فالمياه من الأرض متوفرة وكذلك الطل من السماء. كرامتي بقيت حديثة= أي أن الله كان مستمراً في إحساناته عليه. وكان من حوله لهم كل يوم شيئاً جديداً يقولونه لمدحه وكرامته. وكانت إحسانات الله عليه متجددة كل يوم. قوسي تجددت= أي قوته ظلت مستمرة يزعج بها أعداؤه وينصف بها المظلومين. وفي (21-23) يشير لأن أقواله كانت تقطر حكمة. لم يثنوا= لم يجدوا نقصاً فيما قلت فيكملونه أو خطأ يصححونه. ونلاحظ أن الله أعطي لأيوب الكثير وهو أعطي الأخرين. وكل رجال الله وخدامه يجب أن يكونوا هكذا يأخذون من الله ليعطوا الأخرين. كما أن السماء تأخذ من الأرض بخار الماء لتعيده للأرض مطراً. إن ضحكت عليهم لم يصدقوا= إن تبسمت إليهم (حسب اليسوعية). كان من يبتسم لهم يحسبون أنفسهم سعداء. وكانوا يبادلونه نفس الإبتسامات والمشاعر\'a1 وكان هذا يفرحه= ونور وجهى لم يعبسوا= أي كان في سلام كامل\'a1 سعيداً بحب الناس له. كنت أختار طريقهم= كان دليلاً ومرشداً للمظلوم وكان بسلطانه هو المسيطر الذي ينصف الجميع. 
في هذا الإصحاح أيوب كان رمزاً للمسيح الذي هو كلمة الله وحكمته تجسد لنراه مثلنا إنساناً كاملاً باراً يعزي النائحين\'a1 هو الذي يتكلم فتغلق كل الشفاه. وهو الحي أبداً لا يموت\'a1 حتي وإن مات كان لابد وسيقوم(هذا ما تشرحه قصة السمندل) رمزاً لقيامة المسيح وطول أيامه\'a1 ورمزاً لقيامة كل الموتي المؤمنين الذين ظلمهم إبليس."
"أيوب",29,1,"الإصحاح التاسع والعشرون"
"أيوب",30,1,"الإصحاح الثلاثون
نجد هنا أيوب المتألم رمزاً للمسيح المتألم. 
وفي هذا الإصحاح نري صورة معكوسة للإصحاح السابق\'a1 صورة نري فيها آلام أيوب وحين نقارنها مع إزدهاره السابق\'a1 تزداد آلامه بؤساً. فبينما كان العظماء يعظمونه\'a1 نجد المحتقرين الآن يسخرون منه. كان الله راضياً عليه والأن غاضباً منه ولا إنتظار له الآن سوي الموت. هذا كله جاء عليه بالرغم من كماله السابق. 
الأيات 1-8:- """"و اما الان فقد ضحك علي اصاغري اياما الذين كنت استنكف من ان اجعل اباءهم مع كلاب غنمي\'a1 قوة ايديهم ايضا ما هي لي فيهم عجزت الشيخوخة\'a1 في العوز والمحل مهزولون عارقون اليابسة التي هي منذ امس خراب وخربة\'a1 الذين يقطفون الملاح عند الشيح واصول الرتم خبزهم\'a1 من الوسط يطردون يصيحون عليهم كما على لص\'a1 للسكن في اودية مرعبة وثقب التراب والصخور\'a1 بين الشيح ينهقون تحت العوسج ينكبون\'a1 ابناء الحماقة بل ابناء اناس بلا اسم سيطوا من الارض"""". 
 ما زاد آلامه أن المحتقرين وأصاغر الناس ضحكوا عليه= الذين كنت أستنكف أن أجعل أبائهم مع كلاب غنمي= والمعني أنه كان لا يستأمنهم علي حراسة غنمة بينما كان يستأمن كلابه علي ذلك. (هذا كلام صعب كله إنتفاخ). وبينما كان يضحك لأمثال هؤلاء ليشجعهم ها هم الآن يسخرون منه. وهؤلاء الذين يسخرون منه كانوا بلا نفع إطلاقاً= قوة أيديهم ايضا ما هي لي= لم أنتفع باي منهم فيهم عجزت الشيخوخة= الشيخوخة تشتهر بالحكمة والمعني أن حتي شيوخهم كانوا بلا حكمة. ويكمل أوصاف من يسخرون منه قائلاً في العوز والمحل مهزولون= هذه ترجمت هكذا في (اليسوعية) """"وبراهم العوز والجوع وهم يعرقون القفر الخرب الغامر من قديم"""" أي هم في فقرهم ومجاعتهم يعملون بأيديهم في الخرب المهجورة اليابسة ينبشون فيها لعلهم يجدون ما يأكلونه. """"فمن الحاجة والمجاعة عاشوا منعزلين هائمين في البرية الخربة"""" في ترجمة أخري. يقطفون الملاح= هو نبات غير معروف علي وجه الدقة\'a1 ومن الإسم يتضح أنه نبات حمضي وكانوا يأكلون جذوره. المهم هذا إشارة لحقارة طعامهم. وكان مرفوضين من المجتمع بسبب شرورهم وتصرفاتهم المخزية (كذب/ سرقة. . . . )
يصيحون عليهم كما علي لص. يهربون إلي البرية من وجه الناس ويحتموا بالعوسج وكله شوك فيجرحهم وهم هاربون من مطارديهم. ينهقون= شبههم في صراخهم وهروبهم إلي البرية بالفرا (الحمار الوحشي). هم بلا إسم مرفوضين من كل الناس سيطوا من الأرض= طردوا من الأرض بعد أن ضربوهم بالسياط ليؤدبوهم. والضرب بالسياط هو للحقراء من الناس. وكم هو مؤلم أن إنسان حقير كهؤلاء\'a1 يزدري بمن هو عظيم كأيوب. ولكن أليس هذا ما حدث مع المسيح الذي ضربه عبد رئيس الكهنة\'a1 فعبد العبيد يلطم القدوس البار. حقاً هو كلام منتفح من أيوب ولكننا لو نظرنا له ككلام نبوة نري صورة لبشاعة ما حدث مع المسيح القدوس. 
الأيات 9-15:- """"اما الان فصرت اغنيتهم واصبحت لهم مثلا\'a1 يكرهونني يبتعدون عني وامام وجهي لم يمسكوا عن البسق\'a1 لانه اطلق العنان وقهرني فنزعوا الزمام قدامي\'a1 عن اليمين الفروخ يقومون يزيحون رجلي ويعدون علي طرقهم للبوار\'a1 افسدوا سبلي اعانوا على سقوطي لا مساعد عليهم\'a1 ياتون كصدع عريض تحت الهدة يتدحرجون\'a1 انقلبت علي اهوال طردت كالريح نعمتي فعبرت كالسحاب سعادتي"""". . 
 صرت أغنيتهم. . . أصبحت مثلاً= صار في أفواهم مادة للسخرية يتندرون بها. وأحقر شئ أن يحول أحد آلام الناس لتصبح مادة للسخرية. 
يكرهونني= ربما كان قد أصدر حكماً علي أحد منهم حينما كان يجلس في الباب. يبتعدون عني= هم الأن يزدرون بي ويهربون مني من رائحتي. وأمام وجهي لم يمسكوا عن البسق وقارن مع  مت 26:67. لأنه أطلق العنان= الله هو الذي أطلق العنان لهم فهو الذي نزع قوسه وقوته التي كانوا يخشونها\'a1 وتركني الله في ألامي وهم فهموا أن هذا علامة غضب الله فليفعلوا ما شاءوا بعد أن أزال الله كرامته. فنزعوا الزمام قدامي= ما أرادوا أن يفعلوه فعلوه. عن اليمين الفروخ يقومون= الفروخ هم الصغار سناً. وهذا ألم أيوب جداً أن حتي صغارهم إحتقروه. بل كانوا يزيحونه لكي يمروا هم\'a1 وربما فعلوا هذا لكراهيتهم السابقة أو لازدرائهم من منظره\'a1 وهم لم يراعوا سنه أو كرامته السابقة. (كل هذا رمز لما لاقاه سيدنا من إحتقار عبيده). يعدون عليَ طرقهم للبوار= أفعالهم هذه ستقودني للبوار أي الخراب الكامل. أفسدوا سبلي= بسبب أحقادهم عليَ بسبب أحكامي العادلة السابقة\'a1 يحاولون الآن في ضعفي أن يمرروا حياتي بمؤامراتهم. ولا مُساعِد عليهم ليس من يصدهم عني\'a1 فلا يمكنني الخلاص منهم. ولنذكر أنه طالما أنصف من كان مظلوماً منهم وأرشده والآن يزدرون به (رمز للمسيح الذي جال يفعل خيراً ثم صلبوه) يأتون كصدع عريض\'a1 تحت الهدة يتدحرجون= كنت بمركزي وثروتي السابقة كمن هو في حمآية سور مدينته\'a1 والأن بما سمح به الله كأن السور تكسر\'a1 وهم كانوا خارجاً كجيش منتظر هذه اللحظة\'a1 فحالما إنهدم السور إندفعوا ضدي. وقوله يتدحرجون اي يدخلون من كسر السور بكثرة مندفعين في فرح وكأنهم إنتصروا عليه (لننظر الأن تفاهة المراكز العالمية وأنها لا تستطيع حماية أحد). وعاد أيوب للصراخ بمرارة. طردت كالريح نعمتي= الأهوال طاردت كل أمل لي في الراحة\'a1 كالريح حملت كل شئ وكانت الأهوال كريح طردت السحاب الموجود. فكانت نعمته كسحابة زالت سريعاً. 
الأيات 16-24:- """"فالان انهالت نفسي علي واخذتني ايام المذلة\'a1 الليل ينخر عظامي في وعارقي لا تهجع\'a1 بكثرة الشدة تنكر لبسي مثل جيب قميصي حزمتني\'a1 قد طرحني في الوحل فاشبهت التراب والرماد\'a1 اليك اصرخ فما تستجيب لي اقوم فما تنتبه الي\'a1 تحولت الى جاف من نحوي بقدرة يدك تضطهدني\'a1 حملتني اركبتني الريح وذوبتني تشوها\'a1 لاني اعلم انك الى الموت تعيدني والى بيت ميعاد كل حي\'a1 ولكن في الخراب الا يمد يدا في البلية الا يستغيث عليها"""". 
 أنهالت نفسي عليَ= من شدة آلامه النفسية إنسكبت نفسه بلا أمل في رجوع\'a1 كماء منسكب علي الأرض\'a1 وهذا دليل علي عدم إحتماله أي شئ آخر  مز 22:14. والعرب يشبهون الإنسان الخائف بأن قلبه ذاب كالماء. ومعني كلام أيوب هنا أن ألامي جعلتني مستهلكاً تماماً. الليل ينخز عظامي= في الليل تنتخر عظامي (ترجمة يسوعية) آلامه وصلت لعظامه تنخر فيها كسيف فلا يستطيع النوم ليلاً. وآلامه لا تنام\'a1 أي لا تهدأ= عارقيَ لا تهجع (عارقيَ أي ألامي) ويقول البعض أن كلمة عارقي تشير للأضراس وآلامها ولكن كلمة عارقيَ مترجمة آلام في الإنجليزية ومن ترجمها أضراس قال أن آلام الأضراس من أعراض مرض البرص. بكثرة الشدة تنكر لبسى= جبته صارت واسعة عليه من شدة هزاله. مثل جيب قميص حزمتني= أي أحاطت بي ألامي من كل جهة كما يحيط القميص(الجلباب) بالإنسان. قد طرحني في الوحل= إختلط التراب بقروحه. وأكثر ما آلمه عدم إستجابة الله له= فما تستجيب لي ولكن كثرة الشكوي تزيد المرارة في القلب\'a1 وهذا ما حدث له هنا\'a1 فنجده بعد هذه الشكوي من آلامه يوجه لله كلمة صعبة جداً تحولت إلي جاف من نحوي= أي قلبك صار بلا رحمة من نحوي. بقدرة يدك تضطهدني= يضع كل قوته ضد أيوب ليحاربه. 
حَمَلْتَني أركبتني الريح= هنا يصور أن ضرباته كانت شديدة وأنها كالريح وأن الله ألقاه كريشة في مهب الريح\'a1 أو عصافة يلقيها الريح هنا وهناك. والله يظل يقسو عليه بلا أمل حتي الموت= لأني أعلم أنك إلي الموت تعيدني. ثم يقول\'a1 وأنا في ألامي هذه أصرخ طالباً القبر= ولكن في الخراب ألا يَمُد يداً= فهو يطلبه ولكن الله لا يعطيه له. وفي اليسوعية مترجمة= """"ويكون في هلاك الإنسان خلاصه""""
الأيات 25-31:- """"الم ابك لمن عسر يومه الم تكتئب نفسي على المسكين\'a1 حينما ترجيت الخير جاء الشر وانتظرت النور فجاء الدجى\'a1 امعائي تغلي ولا تكف تقدمتني ايام المذلة\'a1 اسوددت لكن بلا شمس قمت في الجماعة اصرخ\'a1 صرت اخا للذئاب وصاحبا لرئال النعام\'a1 حرش جلدي علي وعظامي احترت من الحرارة في\'a1 صار عودي للنوح ومزماري لصوت الباكين"""". 
ألم أبك لمن عَسَر يومه= لقد أظهرت مراحمي للمسكين أفلا تظهر مراحمك عليَ. حين ترجيت الخير جاء الشر= بسب كمالي ومراحمي ترجيت أن تزيد بركاتك عليَ\'a1 وإذا بكل هذه الشرور تأتي علي. أمعائي تغلي ولا تكف قد تفهم حرفياً بمعني آلام أحشائه وقد تفهم بمعني هياج عواطفه وإنفعالاته. فالأمعاء والأحشاء تشير للعواطف أش ( 16:11 \'ba 63:15) +  في 2:1. تقدمتني أيام المذلة= لقد جاءت أيام المذلة دون سابق إنذار\'a1 أيام المذلة تقدمت أيام السرور الذي إنتظرته فما جاء وجاء بدله المذلة والألم. إسوددت= نتيجة لمرضي وليس نتيجة لفحة شمس. تمت في الجماعة أصرخ= حتي في وسط أصحابه لم يستطيع أن يمنع نفسه من البكاء\'a1 أي كان بكاؤه مستمراً. صرت أخاً للذئاب= من كثرة صراخه شابه الذئاب والنعام وهذه لا تكف عن العواء وهي تحيا في البرية وحيدة. حرش جلدي عليَ= إسود لونه وخشن ملمسه. وعظامي إحترت= كمن هو في حميَ مستمرة وجسده يكون ساخناً. صار عودي للنوح= تحولت أفراحي لأحزان."
"أيوب",30,1,"الإصحاح الثلاثون"
"أيوب",31,1,"الإصحاح الحادي والثلاثون
فيه يشهد أيوب لنفسه بالبر ويدافع عن نفسه من كل الجرائم التي نسبها له أصحابه ظلماً (مثال للإتهامات 22:6) وفي  تبريره لنفسه كان يطلب أن يعاقبه الله بعقوبة مريرة لو كان قد فعل أي خطية من التي ينكر أنه فعلها. بل هو دافع عن نفسه بأن حتي لم يفعل خطايا سرية\'a1 أي خطايا لم يشهد أحد عليه أنه فعلها وبالتالي لا يستطيع أحد أن يحاسبه\'a1 ويذكر السبب أنه كان يخشي الخطية وهو أنه يخشي الله. 
الأيات 1-12:- عهداً قطعته لعينى فكيف أتطلع فى عذراء. وما هى قسمة الله من فوق ونصيب القدير من الأعالى. أليس البوار لعامل الشر والنكر لفاعلى الإثم. أليس هو ينظر طرقى ويحصى جميع خطواتى. إن كنت قد سلكت مع الكذب أو أسرعت رجلى إلى الغش. ليَزِنِى فى ميزان الحق فيعرف الله كمالى. إن حادت خطواتى عن الطريق وذهب قلبى وراء عينى أو لصق عيب بكفى. أزرع وغيرى يأكل وفروعى تستأصل. إن غوى قلبى على إمرأة أو كمنت على باب قريبى. فلتطحن إمرأتى لآخر ولينحنى عليها آخرون. لأن هذه رذيلة وهى إثم يعرض للقضاة. لأنها نار تأكل حتى إلى الهلاك وتستأصل كل محصولى. 
في الآية (1) """"عهدا قطعت لعيني فكيف اتطلع في عذراء"""". شهوة الجسد ومحبة العالم هما صخرتان يسقط عليهما الكثيرين وهنا يدافع أيوب عن نفسه أنه لم يسقط منهما. وفي هذه الآية يدافع عن نفسه في أنه لم يشته إمرأة قريبه\'a1 ولا أي إمرأة\'a1 بل كان أميناً لزوجته. وهو حافظ علي نفسه من أول خطوات الخطية وهي النظرة\'a1 فمن يريد أن يحفظ قلبه طاهراً فليحفظ عينيه أولاً فهي الطريق والمدخل إلي القلب. ونلاحظ أن أيوب كان يتكلم هنا بروح العهد الجديد وتعاليم السيد المسيح """" من نظر إلي إمرأة ليشتهيها فقد زني بها في قلبه"""". وأيوب أمسك عينيه عن أن تنظرا لتشتهيا حتي لا يضرم شهوات قلبه وفي (2) """"و ما هي قسمة الله من فوق ونصيب القدير من الاعالي"""". يقول لماذا فضل أن يعيش طاهراً\'a1 ومنع نفسه من التطلع في عذراء\'a1 لأنه عرف أن كل خطية تغضب الله تمنع عنه بركات السماء. وما هي قسمه الله من فوق= أي ماذا يتوقع الخاطئ من بركات السماء\'a1 الخاطئ لا ينتظر بركات سواء أرضية أو سماوية بعد الموت. 
وفي (3) """"اليس البوار لعامل الشر والنكر لفاعلي الاثم"""". هنا إجابة السؤال ما هي قسمة الله من فوق (آية 2) والأجابة البوار عوضاً عن البركة. وقد يستهتر الخاطئ بنتائج الخطية ولكن نصيب سدوم وعمورة تشهد بأن الخطية نتائجها مرعبة. وفي (4) """"اليس هو ينظر طرقي ويحصي جميع خطواتي"""". هو يشعر بأن الله عينه عليه دائماً ولا يخفي عليه شئ\'a1 وهكذا كان يوسف ( تك 39:9). هنا أيوب يعلن إيمانه بالله الذي لا يخفي عليه شئ\'a1 أي أن معرفته غير محدودة. وهو يحصي جميع خطواتي= أي أن الله يزن كل عمل من أعمالي\'a1 ويحاسبني علي ما هو صالح أو ما هو الشرير. 
وفيي (5) """"ان كنت قد سلكت مع الكذب او اسرعت رجلي الى الغش"""". يبرئ أيوب نفسه من أنه حصل علي أي ثروة بالغش أو الكذب. فهو يؤمن أن كل ما حصل عليه بالغش لابد وسيضيع. وفي (6) """"ليزني في ميزان الحق فيعرف الله كمالي"""". من ثقته في أمانته يود لو وزن الله كل خطواته ليعلن بره ويكون له هذا كرامة. هنا هو يستشهد الله علي صدق قوله وهذا يعني ضمناً أن الله قد ظلمه إذ أتي عليه بهذه الألام. وفي (7) """"ان حادت خطواتي عن الطريق وذهب قلبي وراء عيني او لصق عيب بكفي"""". يقول أنه لم يحد عن طريق الأمانة بل ربط نفسه بطريق البر\'a1 وقلبه لم يسير وراء شهوة عينيه\'a1 ولم يشتهي ما لغيره. ولم يلطخ يديه بأي شئ خاطئ\'a1 أي لم يحصل علي شئ بعدم أمانة\'a1 ولم يحتفظ بشئ ليس له\'a1 ولم يلطخ يديه بأجرة عبيده الذين لم يظلمهم\'a1 وكان يدفع أجرتهم ولم يحجزها عنهم. ولاحظ قوله ذهب قلبي وراء عيني= أخلاقيات أيوب علي مستوي العهد الجديد. فهو لا يحسب الخطايا التي ينفذها فقط أنها خطايا\'a1 بل يحسب علي نفسه ما فكر فيه في قلبه أيضاً. وفي (8) """"ازرع وغيري ياكل وفروعي تستاصل"""". يقول أنه لو كان قد فعل أي خطية فليعاقبه الله بأن يخسر كل شئ. 
وفي (9) """"ان غوي قلبي على امراة او كمنت على باب قريبي"""". إن غوي قلبي إمرأة= نري أن كل الخطايا منبعها قلب مخدوع. ولم يكمن علي باب قريبه= أي لم يدبر للزنا مع زوجته. فلتطحن إمرأتي لآخر= أي تصير عبدة لسيد أخر\'a1 والعبدة أو الجارية هي سرية لسيدها\'a1 له الحق أن يضطجع معها ولينحن عليها أخرون= أي إذا كنت فعلت هذا مع إمراة قريبي فليفعل هذا مع إمرأتي. وفي (11) """"لان هذه رذيلة وهي اثم يعرض للقضاة"""". في نظر أيوب أن الزنا جريمة حقيرة فهي تغيظ الله وتأتي علي الإنسان بالخراب (روحياً وجسدياً). ولنري الخراب الذي أتي علي بيت داود بسبب الزنا مع بثشبع. وهذه الجريمة تميت الضمير وتحرم الإنسان جميع الأفراح الطبيعية وتبعده عن الله. وفي (12) """"لأنها نار تاكل حتى الى الهلاك وتستاصل كل محصولي"""". نراه يصور الزنا علي أنه نار تأكل حتي الخراب النهائى. والشهوة نار للروح تحرق من تسيطر عليهم وتتحكم فيهم\'a1 وتذهب كل تعزياتهم تماماً\'a1 بل هي تشعل نار غضب الله الذي يؤدي لخراب النفس الأبدي. فالشهوات المشتعلة تأتي بالأحكام النارية ضد الإنسان (سدوم وعمورة). 
الأيات 13-23:-إن كنت رفضت حق عبدى وأمتى فى دعواهما علىَ. فماذا كنت أصنع حين يقوم الله وإذا إفتقد فبماذا أجيب. أوَليس صانعى فى البطن صانعه وقد صورنا واحد فى الرحم. إن كنت منعت المساكين عن مرادهم أو أفنيت عينى الأرملة. أو أكلت لقمتى وحدى فما أكل منها اليتيم. بل منذ صباى كبر عندى كأب ومن بطن أمى هديتها. إن كنت رأيت هالكاً لعد اللبس أو فقيراً بلا كسوة. إن لم تباركنى حقواه وقد إستدفأ بجزة غنمى. إن كنت قد هززت يدى على اليتيم لما رأيت عونى فى الباب. فلتسقط عضدى من كتفى ولتنكسر ذراعى من قصبتها. لأن البوار من الله رعب علىَ ومن جلاله لم أستطع. 
 في (13) """"ان كنت رفضت حق عبدي وامتي في دعواهما علي"""". نجده ينصف عبيده ويعطيهم حقوقهم\'a1 حتي لو إشتكوا منه هو. فهو لم يعتبر عبيده مجرد شئ يقتنيه وفي (14) """"فماذا كنت اصنع حين يقوم الله واذا افتقد فبماذا اجيبه"""". نجد عدله مع عبيده راجع لخوفه من الله وفي (15) """"اوليس صانعي في البطن صانعه وقد صورنا واحد في الرحم"""". هنا نظرة مسيحية لنظام العبيد\'a1 فهو وعبيده لهم سيد واحد هو الله. إذاً هم جميعاً\'a1 هو وعبيده إخوة. أما العهد القديم فقد أباح العبودية\'a1 ومن قول أيوب هذا نفهم أن نظام العبودية ليس بحسب قصد الله حين خلق الإنسان\'a1 فها هو إنسان من العهد القديم وقبل الناموس ويتكلم كلاماً فيه الفكر الصحيح عن العبيد وعلاقتهم مع سادتهم وأنهم إخوة ( غل 3:28). بل هو صنع له أصدقاء بمال الظلم وفي (16) """"ان كنت منعت المساكين عن مرادهم او افنيت عيني الارملة"""". يدافع عن نفسه فيما قاله أليفاز\'a1 فقد إتهمه أليفاز بأنه يظلم المساكين والأرامل\'a1 ويقول أنه كان يلبي لهم رغباتهم= لم يمنع مرادهم. 
أو أفنيت عيني الأرملة= لم يكن ينتظر الأرملة أن تطلب منه\'a1 بل كان يفهم من نظرة عينيها إحتياجها ويلبيه\'a1 أو لم يكن يتركها تنتظر عبثاً. وفي (17) """"او اكلت لقمتي وحدي فما اكل منها اليتيم"""". كان يأكل مع اليتامي وفي (18) """"بل منذ صباي كبر عندي كاب ومن بطن امي هديتها"""". نجده يربي اليتامي كأب لهم. ومن بطن أمي هديتها= المقصود أنه تعلم أعمال الرحمة علي اليتامي والأرامل من بطن أمه\'a1 هو مولود بها\'a1 منسوجة في طبيعته. 
وفي (20\'a1 19) """"ان كنت رايت هالكا لعدم اللبس او فقيرا بلا كسوة\'a1 ان لم تباركني حقواه وقد استدفا بجزة غنمي"""". لم يترك عارياً إلا وكساه\'a1 وحينما إستدفأت حقواه باركه الفقير أي دعا له بالبركة. وفي (21) """"ان كنت قد هززت يدي على اليتيم لما رايت عوني في الباب"""". هززت يدي علي اليتيم= اي لم أظلم يتيم\'a1 أو رفعت يدي عليه لأؤذيه أيام مجدي= لما رأيت عوني في الباب= حينما كان القضاة يلتفون حولي والكل يتمني رضائي\'a1 لم أستغل معارفي في ظلم أحد. وفي (22) """"فلتسقط عضدي من كتفي ولتنكسر ذراعي من قصبتها"""". لو كان قد إضطهد أرملة أو يتيم لتصبه أمراض صعبة فلتسقط عضدي= يتعفن لحمي علي عظامي. 
وتنكسر عظامي= وأيوب رأي أنه من العدل أن الذراع الذي إرتفع علي مسكين يكسر. وفي (23) """"لان البوار من الله رعب علي ومن جلاله لم استطع"""". هو لم يظلم أحد لخوفه من الله وعقوباته علي الظالم. فالظالم يتصور أنه لا يوجد من هو أعظم منه ليحاسبه\'a1 أما أيوب فيشعر أن عيني الله عليه كل اليوم
الأيات 24-25:-إن كنت قد جعلت الذهب عمدتى أو قلت للإبريز أنت متكلى. إن كنت قد فرحت إذ كثرت ثروتى ولأن يدى وجدت كثيراً. 
 في (24) """"ان كنت قد جعلت الذهب عمدتي او قلت للابريز انت متكلي"""". أيوب كان عنده أموال كثيرة\'a1 لكنه لم يكن يتكل عليها. وهذه الآية هي نفس تعليم السيد المسيح ( مر 10:24). أما من يتكل علي أمواله فهو عابد وثن\'a1 ولا يمكن لأحد أن يعبد سيدين الله والمال. (راجع  كو 3:5) وبنفس المفهوم في (25) """"ان كنت قد فرحت اذ كثرت ثروتي ولان يدي وجدت كثيرا"""". كان أيوب لا يفرح بزيادة أمواله. 
وفي الأيات (26-28) """"ان كنت قد نظرت الى النور حين ضاء او الى القمر يسير بالبهاء\'a1 وغوي قلبي سرا ولثم يدي فمي\'a1 فهذا ايضا اثم يعرض للقضاة لاني اكون قد جحدت الله من فوق """". 
 ينفي عن نفسه تهمة الوثنية. وأنه لم يمارس أي طقوس وثنية ولا إنحراف قلبه وراءها يوماً. وكانت عبادة الشمس والقمر منتشرة أيام أيوب والإغراءات كثيرة في أمثال هذه العبادات. أما أيوب فلم يكن ينظر للشمس ولا للقمر كألهة يبهر بها بل كمخلوقات الله. فهو ينظر لخالقهم ويسبحه علي أعماله العظيمة. [عبادة الأجرام السماوية هي أقدم عبادة\'a1 والأجرام السماوية يسمونها tsaba ومنها عبادة الأجرام السماوية sabaism وكرد علي هذه العبادات أطلق اليهود علي الله رب الصباؤوت فهي خليقته وهو ربها وخالقها]
لثم يدي فمي= علامة وثنية كانت منتشرة لتوقير الشمس والقمر. [وربما نشأت من أن الوثنيين كانوا يقبلون العجول  هو 13:2 \'ba  1مل 19:18. ولأن الإنسان لن يصل للشمس والقمر فكان يقبل يده عوضاً عن تقبيل آلهته الشمس والقمر] وأيوب يري أن من يفعل ذلك يستحق حكم علني من القضاة (آية 28) """"فهذا ايضا اثم يعرض للقضاة لأني اكون قد جحدت الله من فوق"""". ليرتدع الجميع. 
الأيات 29-40:- """"ان كنت قد فرحت ببلية مبغضي او شمت حين اصابه سوء\'a1 بل لم ادع حنكي يخطئ في طلب نفسه بلعنة\'a1 ان كان اهل خيمتي لم يقولوا من ياتي باحد لم يشبع من طعامه\'a1 غريب لم يبت في الخارج فتحت للمسافر ابوابي\'a1 ان كنت قد كتمت كالناس ذنبي لاخفاء اثمي في حضني\'a1 اذ رهبت جمهورا غفيرا وروعتني اهانة العشائر فكففت ولم اخرج من الباب\'a1 من لي بمن يسمعني هوذا امضائي ليجبني القدير ومن لي بشكوى كتبها خصمي\'a1 فكنت احملها على كتفي كنت اعصبها تاجا لي\'a1 كنت اخبره بعدد خطواتي وادنو منه كشريف\'a1 ان كانت ارضي قد صرخت علي وتباكت اتلامها جميعا\'a1 ان كنت قد اكلت غلتها بلا فضة او اطفات انفس اصحابها\'a1 فعوض الحنطة لينبت شوك وبدل الشعير زوان تمت اقوال ايوب"""". 
 أيوب لم يكن ينتقم من أعدائه\'a1 وكان لا يشمت فيهم إن أصابتهم بلية وهذا ما قيل في  أم 24:17\'a1  18 \'ba  25:21. من يشمت بعدوه يلحقه بالخراب. اما في العهد الجديد فالمسيح طلب """"أحبوا أعدائكم"""". وكان فكر أيوب بذلك أرقي من فكر الفريسيين الذين نادوا بأن """"حب قريبك وإكره عدوك  مت 5:43. وفي (30) """" لم يطلب أي لعنة تصيب أحد أعدائه. وفي (31) نري مثلاً كيف يربح إنسان أصدقاء بمال الظلم. وفي (32) نجد أن إضافة الغرباء التي عملها إبراهيم ولوط وأوصي بها معلمنا بطرس في العهد الجديد\'a1 قام بها أيوب ( 1بط 4:9) وفي (33) يدفع عن نفسه تهمة الرياء\'a1 فهو لم يظهر غير ما يبطن. وهذا ما إتهمه به صوفر 20:1 2. وفي (34) يدفع عن نفسه تهمة الجبن\'a1 فهو لم يرهب أحداً مهما كانوا جمهوراً. وأنه لمن الجبن أن نخفي الحق\'a1 أو نكتم شهادة الحق حين يجب أن نعلنها\'a1 أو لا نعطي المظلوم حقه خوفاً من الجمهور. فأيوب كان يخاف الله ولا يخاف صياح الظالمين. وروعتني إهانة العشائر= هو لم يرهب إهاناتهم بل شهد للحق حتي وإن أزعجهم ذلك فأهانوه وفي (35) يرفع أيوب قضيته لله. فهو عرض كل قضيته وأثبت براءته. هوذا إمضائي كأنه يوضع علي طلب رفع الدعوي أمام الله\'a1 وينتظر إجابة منه= ليجبني القدير. 
وفي (36) لو وجد شكوي كتبها خصم له\'a1 أي لو أدانه أحد بأي خطية أحملها علي كتفي أي أتحمل كل نتائجها وعقوباتها\'a1 أما لو ظهرت برائتي من هذه الشكوي= كنت أعصبها تاجاً لي= تاج يكلل كل أعمال بري. لقد بالغ أيوب في كماله وكان هذا رداً علي أصحابه الذين بالغوا في إدانته. وفي (37) من تأكده من براءته وكماله كان مستعداً أن يعطي لمقاوميه تقريراً عن كل خطوة من خطوات حياته. فهو لا يخجل من أي تصرف بل كان يدنو منه كشريف. 
وفي الأيات (38-40) يقول أن أرضه لم تصرخ عليه\'a1 أي هو لم يظلم أحد ليغتصبها ( حب 2:9-11). وصراخ الأرض هنا كأنها تطلب الإنتقام من الظالم\'a1 وكأن الأرض شاهدة ضد الظالم وتدينه بصراخها. ثم يصور الموضوع بصورة شعرية فيضيف= وتباكت أتلامها(خطوط حرثها بحسب الترجمة اليسوعية). أي أن الأرض كلها تبكي لو كان حدث ظلم لصاحبها. أطفأت أنفس أصحابها= قتل مالك الأرض ليغتصبها كما حدث مع نابوت. وأكلت غلتها بلا فضة= أي إشتري الأرض ولم يغتصبها وفي (40) الحكم الذي يصدره علي نفسه لو فعل أي من الأخطاء المذكورة. 
تمت أقوال أيوب= أنهي أيوب دفاعه عن نفسه هنا. ولن يظهر أيوب ثانية في الحوار إلا حين يعترف أمام الله بأنه خاطئ."
"أيوب",31,1,"الإصحاح الحادي والثلاثون"
"أيوب",32,1,"الإصحاح الثاني والثلاثون
الإصحاحات (32-37) هي خطاب أليهو
 تكلم أليهو بعد أن إنتهي حوار أيوب مع أصحابه. فلا أيوب إعترف بأنه أخطأ ولا أصحابه تنازلوا عن قضيتهم\'a1 وكان أليهو أصغر الموجودين سناً\'a1 وإعتذر عن كونه أصغرهم ومع هذا يبدي رأياً\'a1 وهو تكلم للأسباب الآتية:-
1. لأن أصحاب أيوب عجزوا عن الرد علي أيوب. 
2. لأن أيوب برر نفسه في كل شئ وألقي باللوم علي الله . 
3. هو لم يدين أيوب كالأصحاب\'a1 بل أدخل إعتباراً جديداً في المناقشة\'a1 وهو أن الآلام هي تأديب من 
 الله. والتأديبات علامة محبة. 
4. وهو تكلم لأنه وجد الرد في داخله ولم يستطع أن يكتمه. 
5. لأنه ثار غاضباً علي عدم إعطاء الله كرامته\'a1 لذلك قد يفهم كثيراً من كلماته أنها صادرة عن غرور أو كبرياء ولكن بالعكس نجد أليهو متواضعاً مملوءاً حكمة وفطنة ومعرفة لله\'a1 لم يقاطع الشيوخ وهم يتكلمون\'a1 بل تكلم أخيراً\'a1 لكن ثورته كانت علي الكلمات الصعبة التي قالها أيوب ضد الله مبرراً نفسه\'a1 وعلي منطق أصحاب أيوب أنهم لم يجدوا رداً علي أيوب في تبرير سبب النكبات سوي إتهاماتهم له بأنه شرير مما جعله يثور ثورة عارمة ضدهم بل ضد الله نفسه. 
وكان كلام أليهو مقنعاً جداً\'a1 وتكلم ولم يخطئ ولذلك لم يرد عليه أيوب كما رد علي أصحابه الأخرين\'a1 ولم يرد عليه الأصحاب بل ولا لامه الله كما لام الأصحاب الباقين ( 42:7)
آية 1:- """"فكف هؤلاء الرجال الثلاثة عن مجاوبة ايوب لكونه بارا في عيني نفسه"""". كف أصحاب أيوب عن الحوار لأنهم وجدوا أيوب باراً في عيني نفسه. وإنه من المستحيل النقاش مع مثل هذا الإنسان. ولقد رأي أصحاب أيوب أنه من العبث الإستمرار في النقاش\'a1 لا هم قادرين علي إقناعه ولا هو قادر علي إقناعهم. 
الأيات 2-5:- """"فحمي غضب اليهو بن برخئيل البوزي من عشيرة رام على ايوب حمي غضبه لانه حسب نفسه ابر من الله\'a1 وعلى اصحابه الثلاثة حمي غضبه لانهم لم يجدوا جوابا واستذنبوا ايوب\'a1 وكان اليهو قد صبر على ايوب بالكلام لانهم اكثر منه اياما\'a1 فلما راى اليهو انه لا جواب في افواه الرجال الثلاثة حمي غضبه"""". 
 أليهو= هو إلهي. برخئيل= بركة الله البوزي= من نسل بوز بن ناحور أخو إبراهيم  تك 22:21 (وهم من قبائل العرب  أر 25:23. فهو قريب لإبراهيم وهو شاب صغير لكنه حار في الروح. وتكلم ليعرف كل واحد خطأه ويقدم توبة. وهو أدان أيوب لأنه لم يتكلم علي الله بوقار كما يجب ولأن أيوب برر نفسه أكثر من الله\'a1 فهو أجهد نفسه ليثبت بره ولكنه لم يهتم أن يثبت بر الله ولم يبرر الله من الخطأ في تجربته. فهو إهتم بكرامته أكثر من كرامة الله. والطريق الصحيح في التعامل مع الله أن نبحث نحن عن مجد الله والله هو الذي يبررنا. وأدان أليهو الأصحاب لأنهم لم يقدموا ردودهم برفق لأيوب وإصرارهم علي أنه شرير مرائي وأيضاً لضعف حججهم. وأدان الجميع بسبب أن كل طرف أصر علي أن الطرف الأخر خاطئ\'a1 كل منهم كان يبحث عن خطأ في كلام الأخر ويضخم هذا الخطأ دون أن يبحث في النقاط الإيجابية التي قالها. ونلاحظ تصرف أليهو الصائب فهو لم يتدخل في المناقشة حتي أنهى الأكبر سناً كلامهم\'a1 فهو إحترمهم بسبب تقدمهم في الأيام بالرغم من أنه كان يري أخطائهم في المناقشة. وهذا يشير لتواضعه. وتكلم أليهو لأن الله أعلن له فكان سكوته بعد ذلك تردد في الشهادة لله. 
الأيات 6-22:- """"فاجاب اليهو بن برخئيل البوزي وقال انا صغير في الايام وانتم شيوخ لاجل ذلك خفت وخشيت ان ابدي لكم رايي\'a1 قلت الايام تتكلم وكثرة السنين تظهر حكمة\'a1 ولكن في الناس روحا ونسمة القدير تعقلهم\'a1 ليس الكثيرو الايام حكماء ولا الشيوخ يفهمون الحق\'a1 لذلك قلت اسمعوني انا ايضا ابدي رايي\'a1 هانذا قد صبرت لكلامكم اصغيت الى حججكم حتى فحصتم الاقوال\'a1 فتاملت فيكم واذ ليس من حج ايوب ولا جواب منكم لكلامه\'a1 فلا تقولوا قد وجدنا حكمة الله يغلبه لا الانسان\'a1 فانه لم يوجه الي كلامه ولا ارد عليه انا بكلامكم\'a1 تحيروا لم يجيبوا بعد انتزع عنهم الكلام\'a1 فانتظرت لانهم لم يتكلموا لانهم وقفوا لم يجيبوا بعد\'a1 فاجيب انا ايضا حصتي وابدي انا ايضا رايي\'a1 لاني ملان اقوالا روح باطني تضايقني\'a1 هوذا بطني كخمر لم تفتح كالزقاق الجديدة يكاد ينشق\'a1 اتكلم فافرج افتح شفتي واجيب\'a1 لا احابين وجه رجل ولا املث انسانا\'a1 لاني لا اعرف الملث لانه عن قليل ياخذني صانعي"""". 
 في (7) """"قلت الايام تتكلم وكثرة السنين تظهر حكمة"""". يعترف أن الأكثر أياماً أكثر حكمة. وفي (8) """"و لكن في الناس روحا ونسمة القدير تعقلهم"""". في الناس روحاً المقصود أن مصدر المعرفة للإنسان ليس فقط خبرته\'a1 بل إرشاد الروح القدس للإنسان\'a1 فهناك مصدر إلهي للمعرفة داخل الإنسان. وأليهو كان يعرف أنه خاضع لله وبالتالي فإن روح الله يرشده\'a1 وفي هذا يستوي الكبير والصغير وفي (9) """"ليس الكثيرو الايام حكماء ولا الشيوخ يفهمون الحق"""". المقصود أن الخبرة التي يكتسبها الشيوخ بالسن هي لا شئ بجانب الإعلان الإلهي الذي تكلم عنه في آية (8). بل لو إبتعد الإنسان عن الله لفقد حكمته تماماً بالرغم من سنه. وفي (10) """"لذلك قلت اسمعوني انا ايضا ابدي رايي"""". إسمعوني= لأنني أعلم أن الروح القدس هو الذي علمني ما أقول. وفي (11\'a1 12) """"هانذا قد صبرت لكلامكم اصغيت الى حججكم حتى فحصتم الاقوال\'a1 فتاملت فيكم واذ ليس من حج ايوب ولا جواب منكم لكلامه"""". هو سكت منتظراً من الأصحاب أن يجدوا رداً علي أيوب لكنهم لم يردوا\'a1 والسبب أنهم ما كانوا يبحثون عن مجد الله\'a1 ولا عن الرد الصحيح ولا عن الحكمة الإلهية بل كان كل همهم منصباً علي محاولة إثبات شر أيوب. وكان خطأ أيوب أيضاً أنه لم يحاول أن يبحث عن حكمة إلهية ترشده عن سبب آلامه\'a1 بل إنصبت كل محاولاته في تبرير نفسه. وحينما يكون لنا غرض مخالف عن البحث عن مجد الله نفقد حساسية الإستماع لصوت روح الله فينا\'a1 وفي هذا لم يخطئ أليهو. 
وفي (13) """"فلا تقولوا قد وجدنا حكمة الله يغلبه لا الانسان"""". لا تقولوا قد وجدنا حكمة= لا تقولوا إننا وجدنا في كلام أيوب حكمة لا تقاوم ولا تقولوا أننا لنا حكمة بسبب تقدمنا في الأيام\'a1 فبسكوتكم سيظن أيوب فعلاً أنه بار وأن الله أخطأ في تجربته لأيوب. الله يغلبه لا الإنسان= سيكون الرد عليه بحكمة إلهية\'a1 بصوت أسمعه من الله\'a1 لا بخبرات إنسانية وحكمة بشرية. 
وفي (14) """"فانه لم يوجه الي كلامه ولا ارد عليه انا بكلامكم"""". فإنه لم يوجه إلي كلامه= كانت المشكلة بين أيوب واصحابه أن الحوار إنقلب ليصبح صراعاً شخصياً بينهم. وأليهو يقول أنا خارج هذا الصراع ولا خصومة بيني وبين أيوب\'a1 وهو لم يوجه لي في خطاباته أي إتهام. ولا أرد عليه بكلامكم= فأنا لن أتهم أيوب بأنه مرائي وشرير كما فعلتم. وفي (15\'a1 16) """"تحيروا لم يجيبوا بعد انتزع عنهم الكلام\'a1 فانتظرت لانهم لم يتكلموا لانهم وقفوا لم يجيبوا بعد"""". ما دفع أليهو للكلام أنهم سكتوا بينما يجد هو القضية واضحة جداً. والكلام هنا بصيغة الغائب فربما كان أليهو يتكلم أمام حاضرين أخرين ووجه لهم الكلام\'a1 أو هو يناجي الله ويتكلم عنهم. 
وفي الأيات (18-20) """"لاني ملان اقوالا روح باطني تضايقني\'a1 هوذا بطني كخمر لم تفتح كالزقاق الجديدة يكاد ينشق\'a1 اتكلم فافرج افتح شفتي واجيب"""". لقد إنتظر أليهو أن يقول أحدهم رأياً صحيحاً يحسم القضية فلم يجد\'a1 بينما هو وجد الرد الصحيح داخله\'a1 ولم يستطع أن يكتمه\'a1 فهو كان كنار في داخله. وهكذا كل من يكلفه الله بكلمات يشهد بها\'a1 فهو لا يستطيع أن يكتمها وإن كتمها تكون كنار في داخله ( أر 20:9 +  مز 39:3). ملآن أقوالاً= فحين صمت الشيوخ ملأ الله أليهو الشاب فالله لا يبقي نفسه بلا شاهد. والله ملأه فكان لابد أن يتكلم\'a1 وإن لم يفعل يشعر أنه يكاد ينفجر هوذا بطني. . . كالزقاق. . . يكاد ينشق ولا طريقة يهدأ بها سوي أن يتكلم= أتكلم فأفرج. فالروح القدس يعطيه ما يتكلم به ويدفعه دفعاً أن يتكلم\'a1 فهو يعطي الكلمة والقوة على الكلام. [راجع  مت 9:17 فالزقاق القديمة لو وضعوا فيها خمراً جديدة تتشقق لأنهم يغلقونها جيداً\'a1 ومع تفاعلات الخمر الجديدة يكون هناك غازات وأبخرة تمزق الزقاق القديمة\'a1 فلابد من وضع الخمر الجديدة في زقاق جديدة لتتحمل ولا تتمزق. وأليهو هنا يشبه نفسه بالزقاق الجديدة المملوءة خمراً جديدة وبداخلها ضغوط حتي لتكاد تنفجر]
والأيات (22\'a1 21) """"لا احابين وجه رجل ولا املث انسانا\'a1 لاني لا اعرف الملث لانه عن قليل ياخذني صانعي"""". هو في كلامه لن يرائي ولن يبحث كيف يرضي البشر السامعين بل كيف يشهد لله\'a1 فلن يحابي أيوب بسبب آلامه ولن يحابي الأصحاب بسبب مراكزهم."
"أيوب",32,1,"الإصحاح الثاني والثلاثون"
"أيوب",33,1,"الإصحاح الثالث والثلاثون"
"أيوب",33,1,"الإصحاح الثالث والثلاثون
الأيات 1-7:- """"و لكن اسمع الان يا ايوب اقوالي واصغ الى كل كلامي\'a1 هانذا قد فتحت فمي لساني نطق في حنكي\'a1 استقامة قلبي كلامي ومعرفة شفتي هما تنطقان بها خالصة\'a1 روح الله صنعني ونسمة القدير احيتني\'a1 ان استطعت فاجبني احسن الدعوى امامي انتصب\'a1 هانذا حسب قولك عوضا عن الله انا ايضا من الطين تقرصت\'a1 هوذا هيبتي لا ترهبك وجلالي لا يثقل عليك"""". 
 أليهو هنا يقنع أيوب\'a1 أنه إنما يتكلم لفائدته وليس لغرض شخصي. فتحت فمي= بعد أن سكت طويلاً\'a1 فإعطني فرصة لأشرح لك. إستقامة قلبي كلامي= أي كلماتي تصدر من قلب مستقيم. ومعرفة شفتي هما تنطقان بها خالصة= شفتاي تتحدثان بإخلاص بما أعلم\'a1 وبما كشفه لي روح الله. ومعني كلامه هنا أنه لن يكون منحازاً لأحد\'a1 ولا حتي لرأي شخصي\'a1 ولا لنظرية أحاول إثباتها أو تطبيقها عليك كما حاول أليفاز وصاحبيه أن يطبقوا نظرية خاصة علي أيوب\'a1 ربما كانوا هم أول المقتنعين بأنها لا تنطبق عليه\'a1 فهم بالتأكيد كانوا يعرفون بره. روح الله صنعني هذا مصدر حكمة أليهو\'a1 الإعلانات التي يعلنها الله له\'a1 فالله هو المصدروليس خبرته الشخصية\'a1 ومعني كلامه\'a1 لا تحتقروا ما سوف أقول بسبب صغر سني. وفي (5) إنتصب= إن وجدت رداً يا أيوب علي ما أتكلم به فهيا قم وتحاور معي وفي (6) طلب أيوب من قبل أن يحاكم أمام الله 16:2 1 \'ba 23:3  \'ba 13:3 . وفي 16: 21 كان يتمني أن يحاكم عند الله كما يقف إنسان أمام إنسان. وهو طلب أن يحاكم أمام الله لكن بشرط أن لا يرعبه الله بمجده ونور بهائه 13:20 -22. وأليهو يقول له هنا ما تطلبه الآن موجود. فأنت عرضت قضيتك أمامي وسأرد عليك بالنيابة عن الله\'a1 وأنا إنسان مثلك\'a1 ولن أريعك فأنا أيضاً من الطين تقرصت= أي إنسان مخلوق من الطين مثلك\'a1 تقرصت= جبلت. ولاحظ أيضاً أن طلب أيوب أن يتصالح أيضاً مع الله. وهنا أليهو يقوم بهذا الدور. وقوله أنا طين يشير لأن أليهو يشعر بآلام أيوب\'a1 وهكذا ينبعي أن الخادم يشعر بآلام الناس. وما قاله أليهو هنا عن نفسه يشير لعمل المسيح\'a1 كلمة الله الذي تجسد ليصالحنا علي الله\'a1 ولكي نتكلم معه ولا نرتعب من جلاله فهو إبن الإنسان وهو يشعر بضعفاتنا ويرثي لنا فهو إجتازها من قبلنا  عب 2:17\'a1  18. 
الأيات 8-13:- """"انك قد قلت في مسامعي وصوت اقوالك سمعت\'a1 قلت انا بريء بلا ذنب زكي انا ولا اثم لي\'a1 هوذا يطلب علي علل عداوة يحسبني عدوا له\'a1 وضع رجلي في المقطرة يراقب كل طرقي\'a1 ها انك في هذا لم تصب انا اجيبك لان الله اعظم من الانسان\'a1 لماذا تخاصمه لان كل اموره لا يجاوب عنها"""". 
 هنا نجد أليهو يعاتب أيوب علي الأقوال الصعبة التي فلتت منه في أثناء نقاشه وهي الخاصة بعدل الله وصلاحه تجاه أيوب. قلت في مسامعي= أي سمعتك بنفسي ولم ينقل لي أحد. فأنا متأكد من هذا. وفي (9)-(11)يكرر كلام أيوب الصعب وإتهاماته لله وراجع[ 21:9 \'ba  10:7 \'ba  23: 10\'a1  1\'ba  27:5 \'ba  13:24 \'ba  13:27 \'ba  10:13 \'ba  30:21 \'ba  19:11] فهو يصور نفسه أنه كامل وبرئ. فالله إذاً يعاديه بلا سبب\'a1 وهو غير قادر علي الجدال مع الله ولا الهرب منه فرجله في المقطرة. والله كعدو يتصيد عليه أي خطأ ثم يعامله بجفاء وقسوة وهو يعلم أنه برئ. 
وفي (12) الله أعظم من الإنسان= حتي وإن لم نعرف حكمة الله فيما يفعله فعلينا أن نعترف بأنه أعظم وأحكم ونعترف بأننا أضعف وأجهل من أن نفهم كل حكمة الله. وبالتالي لا يليق أن تشكو الله يا أيوب= ها إنك في هذا لم تصب= عليك أن تكف عن الشكوي من الله وتتواضع أمامه\'a1 لتصطلح معه. ونلاحظ الفرق بين تهمة أليهو ضد أيوب وتهم أصدقاء أيوب له. فأليهو يقول لأيوب قد أخطأت في قولك هذا بينما أصحاب أيوب قالوا له أنت مخطئ في كل شئ دون تحديد. وهذا هو الحوار المقبول ومعني قول أو لوم أليهو أنه لا يصح أن ننسب لله تصرفات خاطئة فكل أعماله صالحة. 
 وفي (13) من يشتكي الله يقاومه\'a1 لأن من يشتكي الله يظهر الله كأنه مخطئ فيما عمل. وهل نخاصم الله غير المحدود في محبته وقدرته\'a1 وهل يتخاصم الإناء الخزفي مع صانعه ولنلاحظ أن الله غير ملزم بتقديم تفسير عن كل عمل يقوم به\'a1 بل علينا نحن أن نثق فيه وستثبت الأيام أن تدبير الله هو الذي كان صحيحاً. 
الأيات 14-16:- """"لكن الله يتكلم مرة وباثنتين لا يلاحظ الانسان\'a1 في حلم في رؤيا الليل عند سقوط سبات على الناس في النعاس على المضجع\'a1 حينئذ يكشف اذان الناس ويختم على تاديبهم"""". 
 لكن الله يتكلم= الله يكشف عن أسراره بقدر ما يحتمل الإنسان أن يعرف. وهذا رد علي أيوب حين قال أن الله تركه في ظلمة\'a1 لا يعرف لماذا حدث كل ما حدث. لذلك تصور أيوب أن الله يتصرف معه كعدو. ولذلك يرد عليه أليهو بأن الله قد تحدث معك وأنت لم تفهم\'a1 أو لم تدرك ولكن عموماً فكل تصرف من الله هو للخير. مرة وبإثنتين= فالله من محبته يسر بحديثه مع الإنسان. والروح القدس داخلنا عمله أن يبكت ويرشد ويعلم ويذكر ويقود. والله له وسائله المختلفة\'a1 فإن لم نستمع لصوت الروح القدس الهادئ داخلنا\'a1 نسمع لصوت كلمة الله في الكتاب المقدس أو في عظة\'a1 أو من أي إنسان يرسله الله. وإن لم يسمع الإنسان فهناك وسائل أخري يستعملها الله كإنذارات وتأديب\'a1 فإن فشل أحد الإنذارات في تنبيه الإنسان نجد الله يرسل إنذاراً آخر. . . وهكذا حتي يصير الإنسان بلا عذر. ولكن الإنسان لجهله لا يلاحظ طرق الله. وفي (15) نجد أليهو يحدد طرق إتصال الله بالإنسان\'a1 عن طريق الأحلام\'a1 وهناك أحلام من الله(يوسف النجار\'a1 فرعون\'a1 نبوخذ نصر) ويوجد أحلام من الشياطين وأحلام مصدرها خيال الإنسان\'a1 وهذه الأخيرة هي المصدر الأساسي للأحلام. وقد يسمع الإنسان صوت الله في خلوته مساءً وهو علي سرير فراشه\'a1 في هدوء الليل. ولكن أليهو هنا يقصد الأحلام. وفي (16) حينئذ يكشف أذان الناس= أي يزيل من أذانهم ومن قلوبهم معطلات السمع\'a1 فحين يسمح الله أن تصل لإنسان رسالة من السماء سيزيل كل العوائق التي نصنعها نحن بخطايانا. 
ويختم علي تأديبهم= يجعلها الله تسكن في قلوبهم حتي لا ينسون إنذار الله. 
الختم
1- يظهر من الختم من الذي وقع علي الورقة. 
2- يظهر علي الختم صورة نقش. 
3- الختم يوضع بعد أن تغلق الرسالة.
عمل الله
1- يظهر من التأديب أن الله هو الذي يؤدب. 
2- إذا إستفاد الإنسان من التأديب تظهر فيه صورة الله  غل 4:19. 
3- ثمار التأديب وعمل الله تكون داخلية. 
الأيات 17-22:- """"ليحول الانسان عن عمله ويكتم الكبرياء عن الرجل\'a1 ليمنع نفسه عن الحفرة وحياته من الزوال بحربة الموت\'a1 ايضا يؤدب بالوجع على مضجعه ومخاصمة عظامه دائمة\'a1 فتكره حياته خبزا ونفسه الطعام الشهي\'a1 فيبلى لحمه عن العيان وتنبري عظامه فلا ترى\'a1 وتقرب نفسه الى القبر وحياته الى المميتين """". ما فائدة التأديبات\'a1 يجيب في (17) ليحول الإنسان عن عمله= أي يقوده للتوبة عن خطيته. ويكتم الكبرياء= وهذا ما يعمله الله الآن مع أيوب شخصياً. 
وفي (18) الله ينذر ويوبخ ليمنع عنا الخطايا حتي لا نهلك فالخطايا تؤدي للهلاك. 
وفي (19) مفهوم أليهو رائع أن الله يسمح بالألم للتأديب\'a1 وهو نفس مفهوم بولس الرسول  عب 12:5-11. وهو هنا يرفض فكر أيوب وفكر أصحابه
فكر أيوب:- لماذا أتالم وأنا بار
فكر الأصحاب:- الألم علامة غضب الله علي الأشرار. ولذلك أيوب قطعاً شرير وأليهو بهذا الكلام يوجه نظر أيوب أن التأديب فيه محبة ورحمة من الله. فالتأديب أفضل بما لا يقاس من الهلاك في هوة الموت. وهنا نري إحدي وسائل التأديب التي يستخدمها الله ألا وهو المرض= يودب بالوجع. وهنا نري صورة مؤلمة لمرض مؤلم للعظام= مخاصمة عظامه دائمة= فالمرض شبهه بعدو يخاصم الإنسان فلا يتركه ليلاً أو نهاراً. وفي (20) أحد مظاهر المرض فقدان الشهية. وفي (21) يتحول المريض إلي هيكل عظمي. لتنبري عظامه= أي تتلاشى وهي مبالغة شعرية والمعني الضعف العام. 
وفي (22) يصل المريض لحافة اليأس وتظهر عليه كل علامات الموت. المميتين= هم إما آلام المرض التي تؤدي للموت أو هم الملائكة المرسلون من الله ليميتوا ويهلكوا\'a1  2صم 24:16. وهنا الأمراض والآلام تجعل الإنسان قريباً جداً من القبر. 
آية 23:- """"ان وجد عنده مرسل وسيط واحد من الف ليعلن للانسان استقامته"""". بعد أن تكلم عن الملائكة المميتين\'a1 نجده هنا يتكلم عن ملاك مرسل لينقذ الإنسان من أيديهم. والأن الله يؤدب أيوب\'a1 لكن كيف يفهم أيوب فيكون هذا التأديب لتبريره وتقديسه\'a1 ولا يكون سبب خصام مع الله؟ يكون هذا بأن يرسل الله وسيطاً كأليهو ليشرح لأيوب وليعلن للإنسان إستقامته= أي إستقامة الله\'a1 أي يبرر الله فيما سمح له به من آلام للتأديب. وتفهم كلمة إستقامته أنها عائدة علي أيوب فالمرسل بشرح لأيوب أنه مستقيم ومقبول من الله وليس شريراً وعدواً مرفوضاً من الله\'a1 وأن هذه الآلام سبب تأديب له. وإذا فهم أيوب يكون التأديب له فائدة. وهذا الوسيط هنا يعزي ويرافق ويشرح له تدبير الله لخلاص نفسه\'a1 الوسيط هو رجل حكيم يفهم معني القضيب المؤدب الذي يستخدمه الله. وهذا عمل خدام الله دائماً. واحد من ألف= تفهم بمعنيين (1) الله له 1000 وسيط يمكنهم أن يشرحوا لأيوب\'a1 والله أرسل واحد منهم هو أليهو (2) أن الوسيط أو الخادم الذي يفهم أساليب الله هو عينة نادرة وسط الخدام. فكل أصحاب أيوب فشلوا في شرح المعاني التي شرحها أليهو. 
والمرسل الذي إنتظرته البشرية هو المسيح\'a1 وهو الوسيط بين الله والإنسان. وهو وحده الذي يرافقنا في رحلة الألم في هذه الحياة\'a1 ولو قبلنا الآلام كشركة صليب معه نتعزي\'a1 وهو وحده الذي شرح معني الألم. فهل تألم المسيح لأنه شرير؟! حاشا (و في هذا رد علي منطق الأصحاب). بل فهمنا الآن بالمسيح معني الألم\'a1 وبالوسيط يسوع المسيح نتبرر. وكان أيوب مخطئاً حين ظن نفسه باراً فلا تبرير سوي بدم المسيح. ودمه هو الذي يحمينا من الهبوط في الحفرة والهلاك. ونجد الأن معني ثالث لقول واحد من ألف= فرقم 1000 يشير للسماء. والمسيح أتي من السماء كوسيط  يو 3:13. 
الأيات 24-33:- """"يترءاف عليه ويقول اطلقه عن الهبوط الى الحفرة قد وجدت فدية\'a1 يصير لحمه اغض من لحم الصبي ويعود الى ايام شبابه\'a1 يصلي الى الله فيرضى عنه ويعاين وجهه بهتاف فيرد على الانسان بره\'a1 يغني بين الناس فيقول قد اخطات وعوجت المستقيم ولم اجاز عليه\'a1 فدى نفسي من العبور الى الحفرة فترى حياتي النور\'a1 هوذا كل هذه يفعلها الله مرتين وثلاثا بالانسان\'a1 ليرد نفسه من الحفرة ليستنير بنور الاحياء\'a1 فاصغ يا ايوب واستمع لي انصت فانا اتكلم\'a1 ان كان عندك كلام فاجبني تكلم فاني اريد تبريرك\'a1 والا فاستمع انت لي انصت فاعلمك الحكمة"""". 
 آية (24) يبدأ من هنا شرح نتائج التجاوب الصحيح لتأديبات الله. الله الإله العطوف الذي تكلم في حلم وأدب بالمرض وأرسل وسيط ليتصالح مع أيوب. بل مع أي إنسان. فإذا تخلص الإنسان من خطيته التي جلبت عليه التأديب شفي من مرضه ويتبرر أمام الله\'a1 ويكون هذا الإنسان شهادة أمام الأخرين. ومعني كلام أليهو أن المتألم لو تجاوب مع عمل الله يقبله الله ويتراءف عليه\'a1 وينجو من الهلاك الأبدي= أطلقه عن الهبوط إلي الحفرة. قد وجدت فدية= أي حينما قدم توبة شفاه الله ورحمه. كأن الله هو الذي يقول قد وجدت فدية\'a1 فتوبة هذا الشخص كانت فداءً له\'a1 فسأعطيه أن ينجو من الموت. والتأديب لا يتوقف إلا إذا أتي بثماره. ولكن نري في آية (24) عجبا. فأليهو بروح النبوة إنفتحت عيناه. ورأي أنه لها خلاص من الهبوط للحفرة\'a1 أي الموت الأبدي إلا بوجود فدية\'a1 وليس من قدية تعطينا الخلاص إلا دم المسيح\'a1 الذي سبق وأسماه المرسل والوسيط. والمسيح هو نفسه الفادي وهو نفسه الفدية\'a1 هو الكاهن وهو الذبيحة\'a1 هو الشاري وهو الثمن (هو إشترانا وحررنا من يد إبليس بثمن هو دم نفسه)\'a1 وهو الذي بررنا وهو الذي صالحنا مع الأب. 
لقد سبق ورأينا أيوب قد إنفتحت عيناه ورأي الولي الحي\'a1 وكانت شركة الصليب هي السبب في فتح عينيه. وهنا نري أليهو تنفتح عينيه بسبب أخر هو الإيمان القوي ومحبته وغيرته علي مجد الله. 
وفي آية (25) التخلص من نتائج الخطية\'a1 أي شفاء المرض(مثال نعمان السرياني) لكن ليس في كل مرة يعود اللحم كلحم صبي صغير. ولكن هذا سيحدث في الجسد الممجد بعد القيامة. 
وفي (26) تسترد النفس سلامها وعلاقتها بالله\'a1 فالتائب يصلي والله يقبل صلاته\'a1 ويرتد غضب الله عنه\'a1 ويظهر علي وجهه نور رضا الله ويعيش في سلام داخلي (وهذا ما قاله المسيح """"سلامي أترك لكم. . . """" ويعاين وجهه= """"طوبي لأنقياء القلب لأنهم يعاينون الله"""". فبعد أن كان الخاطئ غير قادر أن يري وجه الله\'a1 يراه ويفرح به. ويقول فم الذهب """"الذين يعاينون وجه الله وهو راض عنهم يذوقون أفراح السماء وهم علي الأرض. فيرد علي الإنسان بره= الله يعيد للتائب بره بأن يغفر خطاياه. 
وفي (27\'a1 28). يغني بين الناس فيقول قد أخطأت. يغني إشارة لأفراح التائب الذي نال الغفران. وماذا يقول التائب في فرحه قد أخطأت. هذه تسبحة التائب الحقيقي\'a1 فالتائب لا ينكر خطيته أبداً. وسبب فرحه غفران الله له= لم أجاز عليه. فدي نفس من العبور إلي الحفرة= فالتأيب إنتقل من الموت إلي الحياة """"إبني هذا كان ميتاً فعاش"""" فتري حياتي النور= وينتقل من الظلمة إلي النور. لكن من الذي يستفيد من الفداء؟ التائب. ولنري هنا مفهوم أليهو أن فرح التائب يكون بغفران خطاياه\'a1 فهو يعترف أنه أخطأ وهو فرح بالغفران وهذا عكس ما كان أيوب يحاول إثباته\'a1 أنه بار ولا حاجة له لفداء فكان منطق أيوب سبباً لتعاسته ولنقارن قول داود """"لم يصنع معنا حسب خطايانا ولم يجازنا بحسب أثامنا  مز 103:10 فهو يشبه تماماً قول أليهو هنا يغني. . . قد أخطأت وهو عكس قول  أيوب 16:14-17. 
وفي (30\'a1 29). الله يفعل هذا دائماً\'a1 فهو لا يفرح بموت الخاطئ\'a1 بل بأن يفدي نفسه فيرجع ويحيا\'a1 وفي سبيل هذا يستخدم الإنذارات والألام. مرتين وثلاثاً= إن لم يستجب الإنسان للإنذار الأول يكون هناك إنذار ثانٍ. . وكل إنذار أصعب من الذي قبله. 
وفي (31\'a1 32):- أليهو يتمني أن أيوب يفهم أن أليهو ليس خصماً له\'a1 فهو ليس مثل الأصحاب يحاول إثبات شره\'a1 بل هو يسعي وراء الحق ليتوب أيوب فيتبرر= أريد تبريرك
وفي (33) إنصت فأعلمك الحكمة= من يتعلم أن ينصت في هدوء وليس بروح الجدل سيسمع وسيتعلم الحكمة\'a1 وأي حكمة أروع من التي قالها أليهو أن الله في محبته يسعي وراء الإنسان ليفتديه من الحفرة\'a1 وينقذه من الموت\'a1 ولا ينتظر من الإنسان إلا أن يعود إليه بالتوبة\'a1 ويظل الله وراء أولاده بالتأديبات حتي لا يهلكوا\'a1 بل يظلوا في طريق الخلاص. إستمع أنت لي= ما سيقوله بعد ذلك"
"أيوب",34,1,"الإصحاح الرابع والثلاثين"
"أيوب",34,1,"الإصحاح الرابع والثلاثين
الأيات 1-9:- """"فاجاب اليهو وقال\'a1 اسمعوا اقوالي ايها الحكماء واصغوا لي ايها العارفون\'a1 لان الاذن تمتحن الاقوال كما ان الحنك يذوق طعاما\'a1 لنمتحن لانفسنا الحق ونعرف بين انفسنا ما هو طيب\'a1 لان ايوب قال تبررت والله نزع حقي\'a1 عند محاكمتي اكذب جرحي عديم الشفاء من دون ذنب\'a1 فاي انسان كايوب يشرب الهزء كالماء\'a1 ويسير متحدا مع فاعلي الاثم وذاهبا مع اهل الشر\'a1 لانه قال لا ينتفع الانسان بكونه مرضيا عند الله"""". الحكماء. . . العارفون= أليهو كان مختلفاً معهم ومع هذا كان يحترمهم. الأذن تمتحن الأقوال= الأذن تمتحن بمعني العقل والإدراك. هو دعاهم أن يسمعوا أقواله ويتذوقوها ثم يحكموا هل كلامه فيه حكمة أم لا. لنمتحن لأنفسنا الحق= هنا جمع أليهو نفسه معهم\'a1 ومعني كلامه أنه يجب أن نمتحن كل ما نسمعه لنحكم عليه\'a1 فهو كمن يطلب أن يتحاور معهم للوصول إلي الحقيقة بلا فرض رأي. 
وفي (5) يلوم أيوب علي الكلام الصعب الذي قاله عن الله ( 13:18 \'ba  27:2\'a1  4\'a1  5) خصوصاً إصراره أنه برئ وأن الله ظلمه= نزع حقي. وميزة أليهو أنه يدين أيوب في أقوال محددة بينما الأصحاب أدانوه علي أعمال تصوروا هم أنه عملها وهو برئ منها مما أثاره. وفي (6) عند محاكمتي أكذب= ترجمتها هكذا اليسوعية """"أُكَذَبْ والحق لي"""" أي الله يعلم إنني برئ ومع هذا يتهمني أنني كاذب وخاطئ ليعذبني بلا سبب. جرحي عديم الشفاء من دون ذنب= آلامه ميئوس من شفائها وهو برئ. 
وفي (7) أليهو يلوم أيوب بشدة ويصوره كمن يجلس في مجلس المستهزئين ليهزأ بأحكام الله. يشرب الهزء كالماء= معناها أنه أخذ قدراً كبيراً في توجيه الإتهامات لله. وفي (8) يسير متحداً مع فاعلي الأثم= في إتهامات أيوب لله والهزء من أحكامه صار أيوب كأنه زميل لفاعلي الإثم الأشرار. وفي (9) إتهم أليهو أيوب ولامه لأنه فهم من كلامه أن أيوب يقصد أن الإنسان المتدين البار لن يستفيد من تدينه. كما لو كانت خدمة الله بلا جدوي. وهذا الكلام إستخلصه من 9: 22
الأيات 10-20:- """"لاجل ذلك اسمعوا لي يا ذوي الالباب حاشا لله من الشر وللقدير من الظلم\'a1 لانه يجازي الانسان على فعله وينيل الرجل كطريقه\'a1 فحقا ان الله لا يفعل سوءا والقدير لا يعوج القضاء\'a1 من وكله بالارض ومن صنع المسكونة كلها\'a1 ان جعل عليه قلبه ان جمع الى نفسه روحه ونسمته\'a1 يسلم الروح كل بشر جميعا ويعود الانسان الى التراب\'a1 فان كان لك فهم فاسمع هذا واصغ الى صوت كلماتي\'a1 العل من يبغض الحق يتسلط ام البار الكبير تستذنب\'a1 ايقال للملك يا لئيم وللندباء يا اشرار\'a1 الذي لا يحابي بوجوه الرؤساء ولا يعتبر موسعا دون فقير لانهم جميعهم عمل يديه\'a1 بغتة يموتون وفي نصف الليل يرتج الشعب ويزولون وينزع الاعزاء لا بيد"""". 
 في الأيات (10-12) كانت خطة أليهو أن يجعل أيوب يتقبل آلامه وهو في سلام. وسبق له في الإصحاح السابق أن شرح أن الله يقصد تاديب الإنسان بالألام\'a1 وبالتالي فالآلام هي لخير الإنسان. وهنا يثبت أن الله يعطي العقوبة أو التأديب بقدر إستحقاق الإنسان تماماً وليس بأكثر من ذلك. 
وفي (13) من وكله بالأرض= يريد أليهو أن يثبت عدل الله\'a1 وأنه له السلطان المطلق فهو الذي صنع المسكونة كلها فهو بالتالي الذي يحكمها\'a1 وسلطانه عليها لم يأتي من أحد\'a1 فلم يوكله أحد. وصاحب الشئ يهتم بما يملكه أكثر من إهتمام الوكيل به. بل هو لو أغفل عن إهتمامه لحظة تحطم كيان الكون في لحظة. فالله لأنه صاحب هذه الأرض يحكمها بالعدل\'a1 فلماذا يحكمها بالظلم\'a1 ولمصلحة من. لو كان هو يديرها كوكيل\'a1 ربما كان يخطيء لصالح نفسه (كوكيل الظلم)\'a1 ولكن هي أرضه فلماذا لا يعدل\'a1 هل هناك من هو أقوي أو أعدل منه. 
والأيات 15\'a1 14:- أنت يا أيوب تتهم الله بأنه يظلمك\'a1 وهو كعدو لك\'a1 جافٍ من نحوك\'a1 هل تتصور يا أيوب عمن تتكلم\'a1 الله الذي له كل السلطان\'a1 الله الذي بيده روحك\'a1 إن غفل عنك لحظة تموت\'a1 وإن وضع في نفسه أن يكون ضدك لهلكت في طرفة عين\'a1 فروحك في يده. فلماذا يعذبك إذاً\'a1 هو لو أراد\'a1 فهو قادر أن يهلكك في لحظة. إن جعل عليه قلبه= الله لو وضع قلبه\'a1 أي صمم علي ضرب شخص إن جمع إلي نفسه روحه ونسمته= ينزع منه روحه فيموت= يُسلم الروح كل بشر= هل يستطيع إنسان أن يمتنع. الله لا يحتاج لقوة حتي يسحق الإنسان الضعيف\'a1 فقط يسحب منه النسمة التي سبق فأعطاها له. إن جمع إلي نفسه روحه ونسمته= أي يسترد الله لنفسه هذه النسمة التي أعطاها للإنسان فيموت. 
وفي (16) فإن كان لك فهم= إفهم أن الله لا يمكن مخاصمته\'a1 وإفهم أنه ليس عدواً لك فلو عاداك الله لهلكت في لحظة. وفي (17) العل من يبغض الحق يتسلط= هل لو تصورت أن الله ظلمك من دون حق فكيف يكون الله وهو مبغض للحق يتسلط علي العالم. الملك الدنيوي لو حكم بلا عدل تنهار مملكته من الفساد\'a1 فهل يحكم الله العالم بلا عدل حتي ينهار العالم\'a1 ولمصلحة من يسمح الله بإنهيار العالم الذي خلقه أم البار الكبير تستذنب= الله هو البار العظيم\'a1 الذي يلا خطأ فهل تنسب له الظلم. 
وفي (18) إذا كان لا يليق أن نوجه إساءة للملوك الأرضيين والندباء= الأمراء فهل نوجه تهمة الظلم لله\'a1 وتهمة الظلم أو اللؤم لا يمكن ولا يصح أن نوجهها للملك الأرضي\'a1 فهل توجهها يا أيوب لملك الملوك. وفي (20\'a1 19):- الله في سلطانه المطلق لا يحابي أحد فهو خالق الجميع من تراب\'a1 فهو لن يجامل موسعاً= غنياً لأنه غني. ولن يجامل فقير لأنه مسكين. فكلهم يموتون لابيد= أي دون تدخل إنسان. 
الأيات 21-30:- """"لان عينيه على طرق الانسان وهو يرى كل خطواته\'a1 لا ظلام ولا ظل موت حيث تختفي عمال الاثم\'a1 لانه لا يلاحظ الانسان زمانا للدخول في المحاكمة مع الله\'a1 يحطم الاعزاء من دون فحص ويقيم اخرين مكانهم\'a1 لكنه يعرف اعمالهم ويقلبهم ليلا فينسحقون\'a1 لكونهم اشرارا يصفقهم في مراى الناظرين\'a1 لانهم انصرفوا من ورائه وكل طرقه لم يتاملوها\'a1 حتى بلغوا اليه صراخ المسكين فسمع زعقة البائسين\'a1 اذا هو سكن فمن يشغب واذا حجب وجهه فمن يراه سواء كان على امة او على انسان\'a1 حتى لا يملك الفاجر ولا يكون شركا للشعب"""". 
 إبتداء من هنا يثبت حتمية عدل الله بأن يعرف كل شئ دون أن يفحص. 
ففي (21) الله يفحص عمل كل واحد لذلك تكون عقوبته عادلة. وفي (22) لا ظلام ولا ظل موت= كل شئ مكشوف أمام عينيه\'a1 ولا شئ يختفي عنه من شرور عمال الإثم. ففاعلي الشر قد يختبأون في الظلام فلا يراهم إنسان\'a1 فهل يختفون من أمام الله. 
وفي (23)\'a1 (24) لأنه لا يلاحظ الإنسان زماناً للدخول في المحاكمة مع الله= القاضي البشري يحتاج زماناً لمراقبة المتهم\'a1 وفحص قضيته ولكن الله\'a1 لأن طرق الإنسان كلها مكشوفة أمامه ففي لحظة يحطم الأعزاء الأشرار من دون فحص= أي لا يحتاج لوقت لفحص قضيتهم. هذا إثبات أن حياتنا بتفاصيلها كلها مكشوفة أمامه. 
وفي (26\'a1 25) الله يسحق بعدل فهو يعرف أعمال الجميع. وحين يضرب يضرب أمام الناظرين ليرتدع الجميع. ويقلبهم ليلاً= هكذا ضرب بيلشاصر ليلاً. ولكن قوله ليلاً يشير لشرهم. فالليل يشير لأعمال الظلمة. والمعني الله يضربهم بسبب شرهم. 
وفي (28\'a1 27) شر هؤلاء الخطاة أنهم متمردين علي الله لا يخافون منه ولا يراعوا في شرورهم إنسان\'a1 فصاروا طغاة ضد المساكين ( لو 18:2). وسر شر الأشرار أنهم تصوروا أنهم بلا إله في هذا العالم= إنصرفوا من ورائه. ولم يعودوا يخافون من أحكامه\'a1 لأنهم لم يتأملوا في عقاب الله للأشرار= وكل طرقه لم يتأملوها. 
وفي (29) الله له السلطان المطلق علي كل الخليقة وما يقرره لا يمكن لأحد أن يغيره. إن حجب وجهه= يحزن الإنسان\'a1 وفي هذه الحالة لن يستطيع إنسان تعزيته\'a1 وحجب الله لوجهه عن المتألم معناه أنه لا عزاء لهذا الإنسان. وفي سلطان الله المطلق يحفظ العدل لكل الناس= حتي لا يملك الفاجر= الله لا يترك الفاجر يتحكم في الأبرار حتي لا يكون شركاً للشعب. حتي وإن سمح الله للفاجر أن يملك زمناً فهو لا يتركه دائماً  مز 125:3. وإن ملك فاجر علي شعب يكون هذا بسماح من الله لكي يؤدب هذا الشعب. وبعد أن يأتي التأديب بثماره ينزع الله هذا الفاجر. 
الأيات 31-37:- """"و لكن هل لله قال احتملت لا اعود افسد\'a1 ما لم ابصره فارنيه انت ان كنت قد فعلت اثما فلا اعود افعله\'a1 هل كرايك يجازيه قائلا لانك رفضت فانت تختار لا انا وبما تعرفه تكلم\'a1 ذوو الالباب يقولون لي بل الرجل الحكيم الذي يسمعني يقول\'a1 ان ايوب يتكلم بلا معرفة وكلامه ليس بتعقل\'a1 فليت ايوب كان يمتحن الى الغاية من اجل اجوبته كاهل الاثم\'a1 لكنه اضاف الى خطيته معصية يصفق بيننا ويكثر كلامه على الله"""". 
 أليهو يعلم أيوب ماذا يجب أن يقول\'a1 فبعد أن لامه يضع في فمه كلاماً يقوله. (وخطوات التوبة أن نمتنع عن التكلم بكلام شرير ثم نبدأ نتعلم أن نتكلم كلاماً صالحاً). ولكن هل لله قال إحتملت= عليك يا أيوب إن كنت رجلاً باراً حقاً أن تقول لله\'a1 أنا أحتمل كل ما تسمح به\'a1 أحتمل لأنه تأديب\'a1 ولأنني واثق في أنك لا تفعل سوي الخير. لا أعود أفسد= لا أعود لخطاياي. هنا يدعوه للإعتراف بأنه أخطأ\'a1 وبأن يقدم توبة فلا يعود لخطيته ثانية. ويفهم أن يحتمل التأديب كأنه علاج لحالته حتي لا يهلك بسبب خطاياه\'a1 كما يحتمل المريض الدواء ليشفي. ما لم أبصره فأرينه أنت= أنا إكتشفت بعضاً من أخطائي\'a1 فإكشف لي يارب ما لا أستطيع أن أراه\'a1 إكشف المختبئ فيَ والذي لا أعلمه فلا أعود إليه. بهذا يعترف أيوب أمام الله كما فعل اللص اليمين """"أنا بعدل جوزيت"""". وقول أليهو هل لله قال= المقصود أيوب أو أي تائب. 
وفي (33) هل كرأيك يجازيه= هنا يسأل أليهو أيوب """"هل كرأيك يا أيوب يجازي الله الإنسان التائب\'a1 أو هل يستشير الله إنسان فيما يفعله\'a1 أو في طريقة التأديب المناسبة\'a1 الإنسان قاصر في معرفته فكيف يختار. والكلام هنا كأن الله يوجه الكلام لأيوب لأنك رفضت= لأنك يا أيوب ترفض حكمي وطرقي وتظن أنني أخطأت. فأنت تختار لا أنا= تفضل يا أيوب أختار التصرف السليم بدلاً مني. 
وفي (34\'a1 35) يستشهد أليهو بكل العقلاء والفهماء\'a1 وبأنهم يؤيدوه في أن أيوب تكلم بلا عقل. هنا يقول أليهو لأيوب ما سبق وقاله أيوب لزوجته """"تتكلمين كإحدي الجاهلات"""". وفي بعض الأحيان نشير علي الناس بنصائح نحتاج أن نسمعها لأنفسنا. 
وفي (36) يتمني أليهو أن الله يترك أيوب لآلامه حتي آخر المشوار لتنكشف كل أخطائه ويسحب كل الكلام الصعب الذي قاله ويقدم توبة حقيقية فيصير باراً فعلاً. 
وفي (37) يصفق بيننا= علامة علي إستمرار تمرده وغضبه\'a1 وأنه مستمر في إتهامه لله بالظلم. وبهذا أضاف لخطاياه خطية جديدة."
"أيوب",35,1,"الإصحاح الخامس والثلاثين"
"أيوب",35,1,"الإصحاح الخامس والثلاثين
الأيات 1-8:- """"فاجاب اليهو وقال\'a1 اتحسب هذا حقا قلت انا ابر من الله\'a1 لانك قلت ماذا يفيدك بماذا انتفع اكثر من خطيتي\'a1 انا ارد عليك كلاما وعلى اصحابك معك\'a1 انظر الى السماوات وابصر ولاحظ الغمام انها اعلى منك\'a1 ان اخطات فماذا فعلت به وان كثرت معاصيك فماذا عملت له\'a1 ان كنت بارا فماذا اعطيته او ماذا ياخذه من يدك\'a1 لرجل مثلك شرك ولابن ادم برك"""". يعاتب أليهو هنا أيوب علي خطأين له في كلامه
1. أنه يبرر نفسه أكثر من الله\'a1 بمعني أن أيوب تصور أنه قدم لله الكثير\'a1 بل أكثر كثيراً مما قدمه الله له\'a1 وفي الموازين أصبح أيوب دائناً لله\'a1 وأن أعمال أيوب البارة كافأه الله عليها بأقل مما يستحق\'a1 وجازاه علي شروره بأكثر مما يستحق. 
2. إعتباره أن علاقته بالله لا تفيده شيئاً. 
أنا أبر من الله= هذه شرحها في نقطة (1). بماذا أنتفع أكثر من خطيتي. . نقطة (2) وراجع 9:30\'a1  31\'ba 1 0:15 . 
 بماذا أنتفع أكثر من خطيتي= قلت ماذا يفيدني وأي شئ أنفع لي من أن أخطأ. (حسب ترجمة اليسوعيين). أي ماذا سيعود عليَ بالنفع لو تطهرت من خطيتي\'a1 وإن كنت خاطئاً فالويل لي\'a1 ولكن إن كنت باراً فماذا أستفيد ( مز 73:13\'a1  14) والمقصود بالنفع هنا\'a1 النفع المادي كالصحة والثروة. ولكن هنا خطأ في الحساب فعطايا الله ليست كلها مادية\'a1 بل عطاياه أساساً روحية. وهذا ما توصل إليه كاتب  مزمور 73 (راجع 73:23-26). ولكن خطأ أيوب في حساباته أنه نظر إلي الخيرات الجسدية ورأي أنها تعطي أحياناً للأشرار وليس للأبرار فحسب هذا ظلماً وليس بحكم عادل. وعموماً فمثل هذا التفكير أي وجوب مجازاة البار علي الأرض بخيرات مادية هو تفكير يهودي بعيد عن الروح المسيحية. وأنها لأنانية أن يظل الإنسان يطلب خيرات مادية\'a1 فالمسيحي يجب أن يكون صورة للمسيح الذي جاء يبذل نفسه ويطلب ما للأخرين ولا يطلب ماله. 
وفي (4) أليهو يرد علي كل من يقول هذا أيوب أو أصحابه
وفي (5) أليهو يثبت أن الله أعلي من الجميع فالسموات فوق الجميع\'a1 فالله أعظم من جميع خلائقه ولا يحتاج لأحد منهم\'a1 ولا يطمع في أحد منهم\'a1 لذلك لن يظلمهم. أما ملوك الأرض فهم قد يظلمون رعاياهم ليربحوا منهم. 
وفي (7\'a1 6) يطلب أليهو من أيوب أن يغير طريقه تفكيره فأيوب يتصور أن الله يراقب الإنسان وحين يخطئ يعاقبه. وأليهو يقول أن أخطأ الإنسان فالله لن ينقص. ولو كان الإنسان باراً فهذا لا يزيد الله شيئاً. وهذا رد من أليهو علي تفكير أيوب ماذا أنتفع لو تطهرت من خطيتي. فالله يهتم بأن الإنسان يتوب ليس لأن هذا في مصلحة الله بل في هذا خير الإنسان والله يحب البشر. 
وفي (8) شرورنا وبرنا لا يتأثر بهما الله\'a1 بل نحن نتأثر بهما\'a1 فالله أسمي من أن نصل إليه سواء بشرورنا أو ببرنا. والله كقاضٍ عادل يكافئ الأعمال البارة ويجازي علي الأعمال الشريرة. فالخطية عقوبتها فيها ومن يخطيء كمن يلعب بالنار والنار سوف تؤذيه. ومن يحيا في البر سيتمتع بحمآية وبركة الله. والله حين أعطي الوصايا للإنسان لم يكن يريد أن يتحكم فيه\'a1 بل كان يطلب الخير له. 
الأيات 9-13:- """"من كثرة المظالم يصرخون يستغيثون من ذراع الاعزاء\'a1 ولم يقولوا اين الله صانعي مؤتي الاغاني في الليل\'a1 الذي يعلمنا اكثر من وحوش الارض ويجعلنا احكم من طيور السماء\'a1 ثم يصرخون من كبرياء الاشرار ولا يستجيب\'a1 ولكن الله لا يسمع كذبا والقدير لا ينظر اليه"""". 
 كان أيوب قد قال إن المظلوم يصرخ والله لا يستجيب له. وأليهو هنا يقدم تفسير رائع لماذا لا يستجيب الله لصراخ بعض المظلومين. وربما يشرح معلمنا يعقوب نفس المنطق بقوله """"تطلبون ولستم تأخذون لأنكم تطلبون ردياً  يع 4:3. فأليهو يبرر الله في أنه لا يستجيب بأن الخطأ ليس في الله ولكن فيمن يصرخ. والسؤال الآن هل هناك صراخ بطريقة صحيحة\'a1 وصراخ آخر بطريقة خاطئة؟ وهنا نقول أن الله سمح بالألم لأن هناك خطية ما في هذا الشخص\'a1 يريد الله أن يتوب عنها فتكون له حياة\'a1 فإذا صرخ الخاطئ المتألم طالباً أن يرفع الله عنه التجربة دون أن يقدم توبة عن خطاياه\'a1 فالله لا يستجيب لأن الألم أو التجربة التي سمح بها الله لم تؤتي ثمارها بعد. وهذا ما قاله هوشع النبي 7:14  """"ولا يصرخون إليَ بقلوبهم حينما يولولون علي مضاجعهم\'a1 يتجمعون لأجل القمح والخمر ويرتدون عني"""" أي هم يصرخون في المجاعة وحينما يتوفر لهم القمح والخمر يرجعون عن الله مرتدين كما قال أحدهم """"صام وصلي لأمر ما\'a1 فلما إنقضي الأمر لا صام ولا صلي"""" فالله بحكمته طالما يري الإنسان مازال بعيداً غير تائب\'a1 لا يرفع الألم عنه حتي يتوب وإلا فماذا كانت فائدة التجربة. الله مستعد دائماً أن يسمع وينقذ\'a1 إذا كان المظلوم يصرخ في قلبه طالباً الله= أين الله صانعي. ولنلاحظ أن المظلوم لو عاد لله بقلبه وصلي بأمانة لوجد تعزية كافية حتي تُرفع الضيقة\'a1 والضيقة ترفع حين تؤتي ثمارها. فالتائب حين يذكر أن الله صانعه يذكر أن الله مسئول عنه\'a1 عينه عليه دائماً:-
1- عينه عليه ليدبر أموره. . فيطمئن2- عينه عليه يراه وهو يخطئ…. فيتوب. 
ولاحظ الصرخة التي يسمعها الله أين الله صانعي مؤتي الأغاني في الليل= في الترجمة اليسوعية """"أين الله الذي صنعني الذي ينعم بالترنيم ليلاً""""= أي وسط ليل ألامنا وأحزاننا\'a1 إلهنا قادر أن يعطي تعزيات سماوية فنسبحه بأغاني وتسبيح. والليل فيه إشارة للحزن والخوف والضيق. وفي وسط الضيقة الله قادر أن يعزي ( أع 16:25) فأليهو يصور الله هنا أنه إله خير صنع الإنسان وأعطاه أن يفرح ويتعزي حتي في الضيقة. 
الذي يعلمنا أكثر من وحوش الأرض ويجعلنا أحكم…= الوحش أو الطير إذا تألم فهو يصرخ ويعوي ولكنه لا يقول """"أين الله صانعي\'a1 ومن يصرخ بدون أن ينتبه لله صانعه\'a1 أي دون أن يقدم توبة يشابه صراخ الوحوش والطيور\'a1 ولكن الله أعطانا حكمة أكثر من كل خليقة\'a1 وبهذه الحكمة يجب أن ندرك أن الله صانع خيرات ولا يمكن أن يسمح بألم أو ضيقة إلا لو كان بعدها بركة وخير. لذلك فمن له هذه الحكمة فليصرخ لله تائباً\'a1 مسبحاً وشاكراً. وهذه هي الصرخة المقبولة. ومهما صرخ المظلوم من كبرياء الأشرار دون أن يكون تائباً فالله لا يستجيب هذا مفهوم آية (13). فالله لا يسمع كذباً= الله لن يستجيب لصراخ غير التائب الذي يصرخ لرفع التجربة دون توبة. 
الأيات 14-16:- """"فاذا قلت انك لست تراه فالدعوى قدامه فاصبر له\'a1 واما الان فلان غضبه لا يطالب ولا يبالي بكثرة الزلات\'a1 فغر ايوب فاه بالباطل وكبر الكلام بلا معرفة"""". 
 بعد هذا الدرس من أليهو\'a1 يوجه أليهو الكلام لأيوب مقدماً له نصيحة ذهبية= فأصبر له= وعلي كل من يصلي أن لا ييأس من رحمة الله بل بصبر ينتظر يوم يرفع عنه هذه التجربة. وأليهو هنا يوبخ أيوب علي قوله أنه لا يري عدل الله= إنك لست تراه= هنا أيوب قد تسرع فعدل الله يأتي ولكن علينا أن نصبر فالله ليس متسرعاً كالبشر بل هو طويل الأناه\'a1 وهو وحده الذي يعرف الوقت المناسب لرفع التجربة. وطول أناة الله ليست فقط في طول المدة التي بعدها ترفع التجربة\'a1 بل أيضاً تظهر طول أناة الله في أنه إحتمل الكلام الصعب الذي قاله أيوب= فلأن غضبه لا يطالب بينما لو كان الله متسرعاً كما يطلب البشر لجازي أيوب وعاقبه عقاباً شديداً علي كل ما تفوه به. وكثيراً ما نطالب الله في أن يجازي ويعاقب من سبب لنا ألماً وظلماً\'a1 علي أن يكون هذا علي وجه السرعة. ولكن هل بنفس السرعة سنقبل أن يعاقبنا الله لو أخطأنا في حق الأخرين. يجب أن نعلم أن الله ليس كالبشر. ولكن أيوب إستغل طول أناة الله وأنه لم يعاقبه فتطاول عليه وتكلم كلاماً صعباً= فغر أيوب فاه بالباطل. وكبَر الكلام= قال كلاماً صعباً بلا معرفة"
"أيوب",36,1,"الإصحاح السادس والثلاثين"
"أيوب",36,1,"الإصحاح السادس والثلاثين
إتهم الأصحاب أيوب بأنه شرير\'a1 وبسبب شروره أصابه الله بما أصابه\'a1 وطالت فترة آلامه لأنه مصر علي شره\'a1 لا يريد أن يتوب عنه. ورفض أيوب كلامهم. أما أليهو الحكيم\'a1 فلم يتهم أيوب بتهمة تخيلها هو\'a1 بل لامه بشدة علي الأقوال الصعبة التي قالها عن الله\'a1 وشرح له أن آلامه هي للتأديب\'a1 وأن آلامه طالت لأنه يصرخ ويصرخ دون أن يتواضع بين يدي الله\'a1 وكان دليله أنه لم يتواضع هو أقواله الصعبة\'a1 لذلك دعاه أليهو للتواضع بين يدي الله\'a1 وهنا يضرب أليهو أمثلة عن عظمة الله وقدرته غير المتناهية\'a1 وعظمته الظاهرة في جميع أعماله وفي خليقته\'a1 ليحثه علي أن يتواضع أمام الله القدير. كأنه يقول له أنظر علي من تكلمت هذا الكلام الصعب\'a1 وهل كان هذا يليق؟!!
الأيات 2-4:- """"اصبر علي قليلا فابدي لك انه بعد لاجل الله كلام\'a1 احمل معرفتي من بعيد وانسب برا لصانعي\'a1 حقا لا يكذب كلامي صحيح المعرفة عندك"""". 
 لأجل الله كلام= (في الترجمة الإنجليزية) بالنيابة عن الله\'a1 هو يريد أن يدافع عن الله ضد أي كلام خاطئ قيل عنه. أحمل معرفتي من بعيد= كلمة بعيد قد تعني:-
1. أن أليهو علي إستعداد لبذل أقصي جهده ليصل إلي أعماق الحقيقة\'a1 ومهما كلفه هذا من وقت وعناء\'a1 سيحاول أن يصل إلي أي مكان يمكن أن يجد فيه إثبات لبر الله\'a1 أو أمثلة علي بر الله. وأنسب براً لصانعي. 
2. أن أليهو لن يناقش الأمور السطحية بل سيناقش أساس المشكلة التي بين أيوب وبين الله\'a1 وسيدخل إلي أعماق الموضوع ليثبت بر الله. وعموماً فالحقائق الروحية هي بعيدة عن تفكير الإنسان السطحي العادي. 
حقاً لا يكذب كلامي= لن أكذب حتي أثبت بر الله\'a1 ولن ألجأ لقصص ملفقة كاذبة. فالله لا يحتاج أن نبرره بمخترعاتنا\'a1 بل الحقيقة وحدها كافية للشهادة له. صحيح المعرفة عندك= ها أنا أقول لك يا أيوب المعلومات الصحيحة\'a1 فأنا لا أبحث سوي عن الحقيقة ولذلك إسمعني. فأنا أختلف في الرأي عن أصحابك الذين أثاروك. 
الأيات 5-15:- """"هوذا الله عزيز ولكنه لا يرذل احدا عزيز قدرة القلب\'a1 لا يحيي الشرير بل يجري قضاء البائسين\'a1 لا يحول عينيه عن البار بل مع الملوك يجلسهم على الكرسي ابدا فيرتفعون\'a1 ان اوثقوا بالقيود ان اخذوا في حبالة الذل\'a1 فيظهر لهم افعالهم ومعاصيهم لانهم تجبروا\'a1 ويفتح اذانهم للانذار ويامر بان يرجعوا عن الاثم\'a1 ان سمعوا واطاعوا قضوا ايامهم بالخير وسنيهم بالنعم\'a1 وان لم يسمعوا فبحربة الموت يزولون ويموتون بعدم المعرفة\'a1 اما فجار القلب فيذخرون غضبا لا يستغيثون اذا هو قيدهم\'a1 تموت نفسهم في الصبا وحياتهم بين المابونين. \'a1 ينجي البائس في ذله ويفتح اذانهم في الضيق"""". 
 تبدأ من هنا شهادة أليهو عن الله. هوذا الله عزيز= كلمة عزيز تترجم عظيم أو قدير. فهو قادر علي كل شئ. ومع كل عظمته= لا يرذل أحداً. الإنسان قد يرذل أخيه الإنسان أما الله فلا يرذل أحداً. مهما كان صغيراً أو حقيراً هو """"الناظر إلي المتواضعات… القداس الباسيلي"""" ولأن الله لا يرذل أحداً فهو حاكم عادل وقاض منصف\'a1 لا ينسب إليه ظلم\'a1 وأيوب إتهم الله بأنه تركه لأنه مخلوق صغير ولكنها تهمة باطلة\'a1 فالله لا يجد غضاضة في أن يهتم بأقل المخلوقات. وهذا لأن الله غير متناهي ولا نهائى في قدرته فلن يقلل من شأنه أن يهتم بالصغير. بل أن الإنسان كلما إزداد صلاحه يهتم بالصغار فكم وكم الله. ولكن الله يفيض من نعمه علي الأمناء له. عزيز قدرة القلب= أي الفهم والحكمة. فالإنسان لو رذل أحداً يكون هذا لأنه ذا قدرات محدودة ولا يعرف قلوب من أمامه\'a1 أما الله فيعرف كل شئ 
والآية (5) رد علي قول أيوب في """" 7:19 \'ba  23:13""""
وفي (6) لا يحيي الشرير= قال أيوب في """" 7:21 لماذا تحيا الأشرار ويشيخون """"وهنا يرد أليهو أن الله لا يحيي الشرير لأنه غير مهتم بشروره أو هو موافق علي شروره. بل 
1. ربما في طول أناته يعطي له فرصة التوبة 2. يستغل شره في تأديب أولاده
3. إذا حفظ الله حياة شرير فإن يذخرها ليوم الغضب  رو 2:5. 
 فأليهو إعترض علي فكر أيوب\'a1 بل أكد أن الله ينصف البائس= يجري قضاء البائسين= وينقذهم من أيدي الذين ظلموهم\'a1 بل هو يقضي علي الظالمين. 
وفي (7) لا يحول عينيه عن البار= هذه مثل عيني عليك من أول السنة إلي آخرها. مع الملوك يجلسهم= (مثل يوسف ودانيال وداود. . ). بل سيجلس الله قديسيه مع ملائكته في الأعالي. 
في الأيات (8-10) نجد هنا رأي أليهو أنه مختلف عن رأي الأصحاب\'a1 فهنا يشرح أليهو أن الله قد يسمح بالآلام للأبرار. ومن عينات الآلام أن يوثقوا بالقيود أو أخذوا في حبالة الذل (وهذا حدث مع بولس/ بطرس/ يوسف…) ومثال واضح الأن أنت يا أيوب. لكن إذا سمح الله بالألم للأبرار فهو لتنقيتهم من خطيئة لا يعرف البار عنها شيئاً وقد تكون سبباً في هلاكه دون أن يعلم= فيظهر لهم أفعالهم ومعاصيهم. فمهما كان الإنسان باراً فهو عرضة للخطية ومحتاج للتأديب. والقيود والذل كنآية عن الضيق عموماً.  رؤ 3:19 والله يظهر لهم معاصيهم ليتوبوا عنها. ولكن ألا توجد طريقة أخري يتوب بها البار غير الضيق؟‍!‍من المؤكد أنه لو وجدت طريقة أخري لما لجأ الله لأي طريق مؤلم. ومن المؤكد أن الله إستخدم وسائل متعددة مع هذا البار الخاطئ ولكنه لم يقبل أن يسمع\'a1 ربما كان في كبريائه يظن أنه فوق مستوي الخطية لذلك قال لأنهم تجبروا وكلمة تجبروا معناها سلكوا بكبر وعجب. والألم يهيئ أذن المتألم ليسمع صوت الله. 
في الأيات (12\'a1 11) لو إستجاب الخاطئ لصوت الله ترفع عنه التأديبات ويعود لسابق حالته وسعادته ويقضوا سنيهم بالنعم= هذا لو إستمروا في حالة التوبة التي بدأوها وهم تحت عصا التأديب. وإن لم يسمع الخاطئ يساق للهلاك= حربة الموت. بعدم المعرفة= الأشرار بإرادتهم يظلو في حالة جهل وعدم معرفة\'a1 عميان روحياً\'a1 فهم لم ينتبهوا إلي تأديب الله. عموماً الله لا يسر بموت الخاطئ بل بأن يرجع ويحيا  مز 18:23. 
وفي (14\'a1 13) فجار القلب= يقصد المرائين الذين شرهم داخل قلبهم\'a1 يمكنهم خداع البشر\'a1 أما الله فلا يخدع. فيذخرون غضباً= الله يخزن لهم شرورهم ليوم الغضب  رو 2:5. هؤلاء الفجار لا يستغيثون إذا قيدهم= لا يرفعون قلوبهم بالتوبة إلي الله ويصلوا ويقدموا توبة\'a1 بل يتقسى قلبهم في عناد. لذلك تموت نفسهم في الصبا= يموتون فجأة في شبابهم\'a1 ويهلكوا ونصيبهم الجحيم. وحياتهم بين المأبونين= المأبونين هم رجال كرسوا أنفسهم لممارسة الشذوذ الجنسي في هياكل الأوثان. فالشرير الذي يتقسى قلبه أمام الله ينضم إلي هذه الجماعة (خطية سدوم وعمورة) وخطيتهم أبشع خطية في نظر الله إستوجبت حريق سدوم وعمورة وإنقلابهما. 
وفي (15) أما البائس البار الذي دعا الله ففي ضيقته يفتح الله أذنه= ليسمع صوت الله ويفهم معني التجربة ويسمع تعزية الله. وبعد ذلك يعود لسابق إزدهاره= ينجي البائس
الأيات 16-21:- """"و ايضا يقودك من وجه الضيق الى رحب لا حصر فيه ويملا مؤونة مائدتك دهنا\'a1 حجة الشرير اكملت فالحجة والقضاء يمسكانك\'a1 عند غضبه لعله يقودك بصفقة فكثرة الفدية لا تفكك\'a1 هل يعتبر غناك لا التبر ولا جميع قوى الثروة\'a1 لا تشتاق الى الليل الذي يرفع شعوبا من مواضعهم\'a1 احذر لا تلتفت الى الاثم لانك اخترت هذا على الذل"""". 
 أليهو يدعو أيوب أن يتواضع بين يدي الله فيعود لما كان عليه= إلي رحب أي يخلصك من ألامك ويعيد لك ثروتك ومائدتك تمتلئ بأفخر الطعام= تملأ مائدتك دهناً. وفي (17) حجة الشرير أكملت فالحجة والقضاء يمسكانك= مترجمة في الإنجليزية أنت مملوء من القضاء الذي علي الأشرار\'a1 ولذلك سيلحقك القضاء والعدل. أما في ترجمة اليسوعيين """"ولكن إذا إستوفيت دعوي النفاق فالدعوي والقضاء يمسكانك"""" ويصير المعني لو إستمريت يا أيوب في مسلكك بلا توبة فأنت في طريق الأشرار ولسوف تدان معهم. وفي (18) تحذير لأيوب بأنه لو إستمر في طريق الأشرار فالله سيضربه ضربة شديدة= لعله يقودك بصفقة= صفقة تعني ضربة شديدة. ولن ينفعك أحد\'a1 ولن يفديك شئ من يدي الله= كثرة الفدية لا تفكك= مهما كان لك من مالك لن ينفعك\'a1 أو ربما يتصور أيوب أن ما كان له من آلام قد يفديه من غضب الله. . لا شئ سوي التوبة هو الذي ينجي. لا تشتاق إلي الليل= لاتشتاق إلي الموت ليخلصك\'a1 والموت معبر عنه هنا بالليل. وأيوب طالما تكلم عن الموت كنهآية لآلامه. وأليهو ينبه أن الموت لن يحل مشكلته فهناك دينونة\'a1 فلا تتعجل المثول أمام كرسي الله. 
وفي (21) الذل= المقصود به آلام أيوب. وهنا أليهو يحذر أيوب من أن يختار طريق الشجار مع الله وتبرير نفسه عن الخضوع لتأديب الله. إحذر لأنك إخترت هذا = أي إخترت الإثم والشجار مع الله. . . وفي هذا هلاكك. . علي الذل= أي إحتمال الألم بصبر أليهو هنا يؤنب أيوب علي عدم إحتماله\'a1 وخضوعه بين يدي الله بتواضع. 
الأيات 22-33:- """"هوذا الله يتعالى بقدرته من مثله معلما\'a1 من فرض عليه طريقه او من يقول له قد فعلت شرا\'a1 اذكر ان تعظم عمله الذي يغني به الناس\'a1 كل انسان يبصر به الناس ينظرونه من بعيد\'a1 هوذا الله عظيم ولا نعرفه وعدد سنيه لا يفحص\'a1 لانه يجذب قطار الماء تسح مطرا من ضبابها\'a1 الذي تهطله السحب وتقطره على اناس كثيرين\'a1 فهل يعلل احد عن شق الغيم او قصيف مظلته\'a1 هوذا بسط نوره على نفسه ثم يتغطى باصول اليم\'a1 لانه بهذه يدين الشعوب ويرزق القوت بكثرة\'a1 يغطي كفيه بالنور ويامره على العدو\'a1 يخبر به رعده المواشي ايضا بصعوده"""". 
هي شهادة لعظمة الله. فهل مع كل قدرته وعظمته نجادله نحن الضعفاء. أليهو يحاول أن يرسم لأيوب صورة يشهد فيها عن عظمة الله ليقنعه بالخضوع بفرح لمشئيته تعالي. من مثله= هو يعرف جميع الأشياء وجميع الناس ويعرف أحسن الطرق وأنسبها لتعليم كل شخص= من مثله معلماً= فهناك من يفيض عليه بمراحمه لأنه يجده في إحتياج إليها\'a1 وهناك من يؤدبه ليرتدع\'a1 والله وحده يعلم الأسلوب الذي يناسب كل شخص وهو وحده مصدر كل نور ومعرفة وتعليم ويحب البشر محبة خالصة. وتعليم الله يكون بالإقناع للعقل والقلب\'a1 وأمام إمكانيات الله اللانهائية فليخف كل إنسان من أن يملي علي الله طريقة التصرف فهو يتعالي بقدرته. وفي (25\'a1 24) أذكر أن تعظم عمله الذي يغني به الناس= المقصود أن خلقة الله عظيمة وعجيبة وكلها حكمة ومقدرة عجيبة وكلها صلاح ومحبة للبشر\'a1 وكل أعماله ظاهرة أمام أعيننا. وأينما نظرنا نجد أننا بسهولة نعاين إصبع الله ظاهراً في خلقة السماء والأرض  رو 1:20 +  مز 19:3. وكل من يشعر بعمل الله يسبحه علي عمله= يغني به. الناس ينظرونه من بعيد= نحن ندرك الله من أعماله ولكنه بعيد عن أن ندركه إدراكاً كاملاً ونلاحظ أعمال الله العظيمة\'a1 الخلق والعنآية بخليقته ثم الفداء\'a1 وكل إنسان يبصر عمل الله\'a1 ولكننا لا نستطيع أن ندرك الله نفسه\'a1 فمن أعماله ندركه كأننا ننظر من بعيد 
وفي (26) الله غير مفحوص ولا نهائي\'a1 عظيم ومكتفي بنفسه بل يكفي كل الخليقة\'a1 نحن نعرف أنه هو كائن ولكن لا نعرف ما هو وكيف هو\'a1 نعرف عنه جزئياً ولا يمكننا أن نعرفه بالتمام. لذلك فمن المستحيل أن نسأله علي كل تصرف له\'a1 ومن الخطأ أن ننسب له خطأ في أعماله. فنحن أمام إله أزلي أبدي= عدد سنيه لا يفحص
وفي (28\'a1 27):- أليهو طلب من أيوب في 35:5 أن ينظر إلي السماء. وهنا يشرح له ما سوف يراه لو نظر من أعمال تمجد الله. فالله يجذب قطار الماء= قطار أي قطرات. والقدماء لم يفهموا أمر تحويل الماء إلي بخار وصعوده إلي الجو وصنعه السحب بل ظنوا أن الأوقيانوس(البحر المحيط بالأرض) تعود إليه كل مياه الأنهار والأمطار وبسواقي تحت الأرض تعود للسحاب\'a1 ثم تهطل مطراً علي الأرض فتتجمع في الأنهار والأنهار تصب في البحار\'a1 ومن البحار للأوقيانوس ومنه إلي السحاب عن طريق السواقي وهلم جرا. وهكذا شرح الأمر في الترجوم العبراني\'a1 وهكذا ذكره سليمان في  جا 1:7 وهكذا صوروه شعراء اليونان واللاتين. وتقطره علي أناس كثيرين المطر هو عطية الله الصالحة\'a1 التي تنزل من فوق من عند أبي الأنوار\'a1 فالله مصدر كل الخيرات( مت 5:45) ولكل الناس. ولاحظ أن قوله تقطره عكس ما قيل في  تك 7:11 أن الله يفتح كوي السماء. فالمطر حين ينزل كقطرات يكون له فائدة للبشر فهو يتوزع توزيعاً جيداً\'a1 أما لو إنفتحت كوي السماء فهي تدمر الأرض. فقوله تقطر هو إعلان عن مراحم الله من نحو البشر. وسؤال أليهو هل تفهم يا أيوب كيف يحدث كل هذا؟ وفي (29) هل يستطيع أحد أن يفسر إنتشار السحاب كستارة فوق الأرض أو كمظلة. فإذا لم نستطع تفسير ما نراه كل يوم\'a1 فهل نطالب الله بتفسير كل تصرف تجاهنا\'a1 وهل نطالبه بتقديم تبرير لكل شئ. شق الغيم= بواسطة البرق قصيف مظلته= صوت الرعد حين يقصف. فهل عند أيوب تبرير للبرق والرعد. 
وفي (30) هوذا بسط نور علي نفسه ثم يتغطي بأصول اليم= الله منير ونوره عجيب لا نقدر أن نراه\'a1 وهو مستتر علينا حتي لا يقتلنا إشراقه وضياؤه. وهو يستتر بالسحاب الذي تكون من الماء الصاعد للسماء من البحر= أصول اليم= الماء الذي أصله من اليم أي البحر. التصوير هنا يرسم صورة السحاب الذي يغطي نور الشمس فلا تحرق حرارتها البشر. وأليهو يتصور أن شيئاً مثل هذا يحجب نور الله حتي لا يموت البشر. وهذا صحيح تماماً لذلك حجبت سحابة السيد المسيح في صعوده\'a1 لأنه في صعوده إستعاد صورة مجده\'a1 وصار وجهه يلمع كالشمس وهي تضئ في قوتها  رؤ 1:16
وفي (31) لأنه بهذه يدين الشعوب= الله يعاقب الشعوب بأن يفتح كوي السماء\'a1 وبأن تزداد الأمطار جداً فتأتي الفيضانات الكاسحة. أو يمنع المطر فيحدث الجفاف والجوع وهو لو سمح بنزول المطر علي هيئة قطرات= يرزق القوت بكثرة. والمطر في يده فهو ضابط الكل. وفي (32) يغطي كفيه بالنور= كأن الله أمسك بالبروق في يديه كسهام يضرب بها أعداؤه. فالصواعق تقتل الناس. وفي (33) يخبر به رعده= حتي المواشي تفهم أن صوت الرعد مقدمة للمطر فتبحث عن ملجأ. المواشي أيضاً بصعوده= صوت الرعد ينبئ بحدوث العاصفة المطيرة\'a1 وحتي المواشي تفهم إذا كان صوت الرعد عالياً مخيفاً فهناك عاصفة مطيرة مرعبة. وفي هذه الحالة يكون صوت الرعد إشارة لغضب الله. ومما يخجل أن الحيوانات تفهم الإنذارات مثل الرعد وتفهم أن هناك عاصفة\'a1 بينما الإنسان يسمع صوت غضب الله ولا يفهم أن هناك ضربات قادمة ( لو 12:54-57)."
"أيوب",37,1,"الإصحاح السابع والثلاثين"
"أيوب",37,1,"الإصحاح السابع والثلاثين
يستمر هنا أليهو في وصف عظائم الله في خلقه للطبيعة\'a1 فيري يد الله في الرعد والبرق(1-5) وفي الثلج والمطر والريح (6-13). وتحدي أيوب أن يجد تفسيراً لكل ما يراه. 
الأيات 1-5:- """"فلهذا اضطرب قلبي وخفق من موضعه\'a1 اسمعوا سماعا رعد صوته والزمزمة الخارجة من فيه\'a1 تحت كل السماوات يطلقها كذا نوره الى اكناف الارض\'a1 بعد يزمجر صوت يرعد بصوت جلاله ولا يؤخرها اذ سمع صوته\'a1 الله يرعد بصوته عجبا يصنع عظائم لا ندركها"""". 
 أليهو أنهي الإصحاح السابق بقوله أن حتي الماشية تخاف من صوت الرعد وتفهم أن هناك عاصفة مطيرة قادمة. وهنا يقول فلهذا إضطرب قلبي= فربما هو شعر أن غضب الله أت بسبب تعديات أيوب في أقواله علي الله. فالله لا يبقي نفسه بلا شاهد. ومن خلال الطبيعة فالبرق والرعد الذين يرعبون الناس هما شاهدان لله\'a1 وعلامة لقدرته ومجده. فكما أن المطر والزرع يشهدان لصلاح الله فالبرق والرعد يشهدان لجبروته وأنه إله جبار قادر أن يخيف ويرعب أعدائه (ومن الذي لا يخاف من صوت الرعد ومن البرق الذي يقتل بصواعقه\'a1 وهذا نموذج بسيط لما يمكن أن يفعله الله بالعالم الخاطئ\'a1 والأشرار لهم هذه العلامات مرعبة\'a1 ويقال أن الإمبرطور الروماني كاليجولا كان يحتمي تحت السرير أو في أي ركن إذا سمع الرعد) والله قادر دائماً أن يرعب الأشرار. 
ولكن غالباً حين بدأ أليهو أقواله عن الرعد كان السحاب قد تجمع بصورة عجيبة وبدأت البروق والرعود\'a1 فأشار أليهو لما يسمعه الجميع ويرونه كدليل علي عظمة الله\'a1 وغالباً كان يشير في هذه الأيات لعاصفة رعدية كانت قد بدأت فعلاً\'a1 لأنه بعد أن أنهي أليهو كلامه في هذا الإصحاح تكلم الله من العاصفة ( 38:1) وأليهو إضطرب قلبه لأنه تصور إن كان صوت الرعد مخيفاً هكذا فكم بالأولي صوت الله. وربما من صوت الرعد إضطرب قلبه ولكن غالباً هو كان قد بدأ يشعر بأن قوة غريبة تسيطر علي المكان\'a1 وهذا صحيح تماماً فالله تكلم بعد دقائق فعلاً. ولكن صوت الرعود والبروق هو فقط مجرد علامات مقدمة تسبق كلام الله كما حدث علي جبل سيناء ثم مع إيليا\'a1 ولكن الله حين يتكلم\'a1 يتكلم في صوت هادئ\'a1 والبروق والرعود مقدمة لمجيئه\'a1 يلقيان الخشية والرهبة في قلوب السامعين ليكونوا مستعدين لسماع صوت الله. وعموماً فمن لا يري يد الله الصالحة في أعماله فيؤمن ويتوب يري بروقه فيرتعب\'a1 ومن لا يسمع صوت الله الخفيض داخله يسمع صوت الرعد فيرتعد. 
والزمزمة الخارجة من فيه= الرعد يسمي صوت الله  مز 29:3. كذا نوره= البرق أكناف الأرض= أطرافها وأقاصيها. بعد يزمجر صوت= هذه تفهم أنه بعد البرق يزمجر صوت الرعد. فالصوت أبطأ من الضوء. ولا يؤخرها= أي الأمطار وهذا هو التسلسل الطبيعي برق فرعد فأمطار. وقد يفهم من قوله بعد يزمجر صوت أنه بعد هذه العلامات من الرعود والبروق فالله نفسه سيتكلم. وقوله في (5) لا ندركها= أي أننا لا ندرك كل أسرار الطبيعة من حولنا\'a1 ولا كل حكمة الله فيها. 
الأيات 6-8:- """"لانه يقول للثلج اسقط على الارض كذا لوابل المطر وابل امطار عزه\'a1 يختم على يد كل انسان ليعلم كل الناس خالقهم\'a1 فتدخل الحيوانات الماوي وتستقر في اوجرتها"""". 
 لأنه يقول للثلج= أليهو وكل الموجودين من العرب الذين يسكنون مناطق ساخنة\'a1 وهؤلاء يندهشون إذا رأوا الثلج. ويندهشون كيف أن السماء تمطر ماءً وبعد ذلك تمطر ثلجاً\'a1 ويرون من وراء هذا كله يد الله. الوابل= المطر الشديد. يختم علي يد كل إنسان= مع تساقط الثلوج أو المياه الغزيرة من الوابل لا يذهب الإنسان إلي عمله\'a1 بل يحتمي في منزله\'a1 فكون الإنسان لا تمتد يده للعمل كأن الله ختم علي يده بواسطة أعماله في الطبيعة(الوابل والثلج) فيتعلم الإنسان أن رزقه ليس بيده\'a1 فالله حين يريد أن الإنسان يعمل يهيئ له الجو\'a1 بصمة الله وختمه واضحان في رزق الإنسان. بل حتي الحيوانات التي يستخدمها الإنسان في عمله تهرب وتختبئ في أوجرتها. 
الأيات 9-13:- """"من الجنوب تاتي الاعصار ومن الشمال البرد\'a1 من نسمة الله يجعل الجمد وتتضيق سعة المياه\'a1 ايضا بري يطرح الغيم يبدد سحاب نوره\'a1 فهي مدورة متقلبة بادارته لتفعل كل ما يامر به على وجه الارض المسكونة\'a1 سواء كان للتاديب او لارضه او للرحمة يرسلها"""". 
 في (9) من الجنوب تأتي الأعصار=الجنوب مصدر الرياح الساخنة ومن الشمال= الشمال مصدر الرياح الشمالية الباردة. من نسمة الله يجعل الجمد نسمة الله هي إما الرياح الشمالية الباردة التي تجمد الأنهار والبحيرات أو هي إشارة لكلمة قدرته التي إذا شاءت تجمد الماء. والتفسير الأول متمشى مع فكر أليهو فكما أن الرعد يشير به لصوت الله فالريح يشير إليها أنها نسمة الله. وتتضيق سعة المياه= في اليسوعية """"تتخثر سطوح المياه"""" أي مع مجئ البَرْدْ يبدأ الماء السائل يأخذ أشكال ثلجية جامدة وسط المياه\'a1 كما يتخثر الجبن وسط اللبن. وفي الترجمة الإنجليزية """"والمياة العريضة الواسعة تتجمد"""" بمعني أن الأنهار أو البحيرات الواسعة التي كانت تتحرك بحرية وتفيض تتوقف عن سيرها وحركتها. 
أيضا برىٍ يطرح الغيم= في اليسوعية """"ثم إنه يشحن السحاب بالندي"""" ونفس الترجمة في الإنجليزية. فالله يشحن السحاب بالندي ليعيده السحاب للأرض يرويها. يبدد سحاب نوره= في اليسوعية """"يشق الغمام بنوره"""" إذا فهمناها هكذا يكون الكلام عن البرق\'a1 وفي الإنجليزية """"يشتت السحب المنيرة"""" وفي هذا تتفق ترجمتنا العربية مع الإنجليزية\'a1 ويصبح المعني\'a1 أن هناك سحاب خفيف منير لا يحمل مطراً\'a1 وهذا النوع ينقشع دون أن يمطر. [ففي آية (12) نجد نوعين من السحاب\'a1 السحاب المشبع بالمطر وهو سحاب كثيف مظلم\'a1 والسحاب الخفيف المنير وهذا غير ممطر]
والآية برىٍ يطرح الغيم= تشير للسحاب الممطر الذي شحنه الله مطراً ثم بدأ يمطر علي الأرض ليرويها وهو يظل يمطر حتي آخر قطرة فيه\'a1 فأصل كلمة يطرح أنها تظل تقطر حتي تتعب وذلك لتعطي للإنسان ما يروي أرضه به. والمعني من هذا كله أن في يد الله أن يحدد نوع السحاب\'a1 فإما يكون سحاب مفيداً للإنسان يروي أرضه\'a1 أو مجرد سحاب منير ينقشع دون أن يرزق الإنسان بالمطر. 
فهي مدورة متقلبة= أي السحب هي بيد الله يدورها وينقلها من مكان لآخر كما يشاء وهو يرسلها أحياناً للتأديب(13) أو لأرضه (لريها). أو للرحمة= للرزق والفرق بين قوله لأرضه وقوله للرحمة:- أن في قوله لأرض يشير لسقوط المطر في مواعيده حسب ما تعود الإنسان وكقطرات وليس كسيل مدمر. وفي قوله للرحمة يشير لعودة المطر بعد أن كان الله قد أمر بقطعه للتأديب. 
الأيات 14-20:- """"انصت الى هذا يا ايوب وقف وتامل بعجائب الله\'a1 اتدرك انتباه الله اليها او اضاءة نور سحابه\'a1 اتدرك موازنة السحاب معجزات الكامل المعارف\'a1 كيف تسخن ثيابك اذا سكنت الارض من ريح الجنوب\'a1 هل صفحت معه الجلد الممكن كالمراة المسبوكة\'a1 علمنا ما نقول له اننا لا نحسن الكلام بسبب الظلمة\'a1 هل يقص عليه كلامي اذا تكلمت هل ينطق الانسان لكي يبتلع"""". 
 ما زال أليهو في خطته أن يذكر أيوب بأعمال الله العجيبة\'a1 ليعلم أيوب ضعفه وجهله فيسلم لله ويخضع. وهنا يضع أليهو أمام أيوب بعض الأمور في الطبيعة التي لا يستطيع أيوب أن يفهمها\'a1 ولا أن يسيطر عليها\'a1 ولا يتوقع المستقبل بالنسبة لها. ففي (14) قف وتأمل= إعط نفسك فرصة للتأمل في أعمال الله. والكتاب المقدس يدعونا في مناسبات عديدة إلي أن نقف ونتأمل عمل الله في خليقته لنري عظمة الله وعنايته ورعايته لخليقته. فسليمان طلب دراسة النمل والمسيح قال أنظروا لزنابق الحقل وأشعياء طلب أن ينظروا للسموات يتعرفوا من خلق كل هذا
وفي (15) أتدرك إنتباه الله إليها= أي هل تفهم كيف يصرف الله أمورها وكيف هي مضبوطة بأعمال عنايته. أو إضاءة نور سحابه= قد يكون البرق أو قوس قزح. وفي (16) أتدرك موازنة السحاب= (راجع 26:8 ) الله يُصِر مياه الأمطار الغزيرة في سحبه\'a1 والتصوير هنا بمعني أن السحاب كنسيج رقيق من الحرير ومع هذا لا يتمزق. وقد تعني موازنة السحاب كيف يقف وسط السماء معلقاً بمياهه ومتزناً ولا يسقط بفعل الجاذبية الأرضية\'a1 وكيف تنهمر المياه منه كقطرات ولا تندفع مرة واحدة. وفي (17) كيف تسخن ثيابك= كيف تسخن ثيابك من رياح الجنوب الساخنة التي تندفع بعد إنتهاء موسم الشتاء بأمطاره. أي كيف تفسر تغير درجات الحرارة علي التوالي. وفي (18) المرآة المسبوكة= كانت المرايا قديماً تصنع من النحاس المصقول صنعة سباكة\'a1 أي بصهره وتشكيله. والتشبيه هنا هل كنت مع الله حين أسس السماء وصنعها فكانت كالمرأة المسبوكة جمالاً. والمرآة نري فيها وجوهنا ولكن مرآة السماء نري فيها نقاء وعظمة ولمعان العالم العلوي ومجد ساكنيه. ونلاحظ أن الجلد الصافي أي منظر السماء بنجومهاحين لا يكون هناك سحاب يكون كمنظر قبة عظيمة راكزة علي أطراف الأرض. وفي (19) الظلمة هي ظلمة عقول الناس وقلة معرفتهم بأمور الله\'a1 وأليهو هنا يقول أنا عاجز ولا أفهم فهل تساعدني يا أيوب\'a1 يقول هذا في سخرية\'a1 بمعني إن كنت قد وجدت نفسك كفؤاً أن تجادل الله وتنسب له ظلماً وتنسب له أخطاء فعلمنا ماذا نقول. ولذلك فحينما نتكلم عن الله ينبغي أن نتكلم بتواضع شديد وبخجل فهل نحن نحسب أنفسنا عارفين شيئاً\'a1 نحن أجهل من أن نصف الله أو نتكلم عنه. 
وفي (20) أليهو في تواضع حقيقي يقول أنه خائف مما تكلم به عن الله\'a1 خائف أن يكون قد أخطأ فيبتلعه الله بسبب جهله وأخطاؤه. وهو ليس خائفاً من القضية التي يناقشها وهي بر الله\'a1 لكنه خائف أو خجل من الطريقة التي عالجها بها فهو يري نفسه أنه أحقر من أن يدافع عن الله. هل ينطق الإنسان لكي يبتلع= إذا تكلم أحد عن الله بكبرياء وغرور يبتلعه غضب الله أي يفنيه. بل حتي لو تكلم حسناً سوف لا يجد نفسه أمام عظمة ومجد جلال الله وغموض معرفته عنه. وربما بهذا أراد أليهو أن يوبخ أيوب إذ طلب أن يبسط دعواه أمام الله 13:3  \'ba 23:3 \'a1 4. 
الأيات 21-24:- """"و الان لا يرى النور الباهر الذي هو في الجلد ثم تعبر الريح فتنقيه\'a1 من الشمال ياتي ذهب عند الله جلال مرهب\'a1 القدير لا ندركه عظيم القوة والحق وكثير البر لا يجاوب\'a1 لذلك فلتخفه الناس كل حكيم القلب لا يراعي"""". 
 في (21) رجاء حلو معزي. فبعد السحاب الذي يحجب نور الشمس\'a1 تهب الريح فتنقشع السحب ويظهر النور. وفي هذا عزاء لأيوب فالسحب التي تحجب نور الشمس رمز للضيقات التي حلت به فلم يري مراحم الله\'a1 ولكن كما ذكر الله نوحاً  تك 8:1 فأجاز ريحاً لتهدأ المياه\'a1 فأليهو رأي في هذه الرياح دليل علي عودة إحسانات الله
وفي (22) من الشمال يأتي ذهب= الذهب هو نور الشمس الذهبي\'a1 وقيل أنه من الشمال لأن الريح التي تطرد السحاب هي ريح شمالية\'a1 وتأتي لتنقي الجلد\'a1  أم 25:23. وهنا إحساس بأن مراحم الله قريبة وسوف تشرق علي أيوب كما تشرق الشمس. ونلاحظ أن الذهب يرمز للسماويات\'a1 فإحسانات الله الأتية من السماء لابد وأن تأتي علي التائبين كما تشرق الشمس من خلف الغيمة
وفي (23) القدير لا ندركه= يجب علي البشر أن لا يحكموا علي تصرفات الله بل يخافوه ويسلموا له أمورهم في خضوع\'a1 وهو لا يجاوب\'a1 لأهم لا يقدرون أن يفهموا كل ما يعمله\'a1 وليس لهم أن يحكموا فيما لا يعلمونه= لذلك فلتخفه الناس (24). كل حكيم القلب لا يراعي المقصود بحكيم القلب هو الحكيم في عيني نفسه\'a1 أي المتكبر\'a1 هذا لن يخاف ولن يعرف كيف يقترب من الله\'a1 فطريق الإقتراب لله هو الخشوع والمهابة والتواضع فالله يستجيب صلاة المتواضعين ولا يهتم بإعتراض المتكبرين ولن يغير خططه بسبب إعتراض هؤلاء الحكماء المتكبرين. وجاءت الآية في ترجمة اليسوعيين """"فلذلك يرهبه الأنام وكل حكيم القلب لا يدركه""""."
"أيوب",38,1,"الإصحاح الثامن والثلاثون"
"أيوب",38,1,"الإصحاح الثامن والثلاثون
الله يتكلم في معظم المجادلات ينتصر أحد المتنازعين وتكون له الكلمة الأخيرة. والنزاع هنا كان أولاً بين أيوب وأصدقائه\'a1 وتنازل الأصدقاء وتركوا الحلبة لأيوب وحده\'a1 إلي أن دخل أليهو فإنسحب أيوب. وكان أليهو خادماً للرب يهيئ الطريق أمامه\'a1 مثل يوحنا المعمدان قبل المسيح\'a1 وهذا لأن المناقشة إنتهت بتدخل الله شخصياً. وكان كلام الله لأيوب أنك لا تعرف كذا وكذا. . من الأمور الطبيعية التي تجري أمام عينيك كل يوم\'a1 فكيف تجرؤ أن تناقش الله في أحكامه. والله هنا يلجأ لأمثلة من الطبيعة التي يراها كل إنسان\'a1 وعلي كل إنسان أن يري الله فيها\'a1 فلم يكن هناك كتاب مقدس يكلم الله البشر به\'a1 فخاطبهم بما يفهمونه ويرونه. وهكذا كان السيد المسيح يكلم الناس بأمثال مما يرونه في حياتهم (الزارع والصياد. . . الخ). والله بدأ هنا بذكر المخلوقات التي بلا روح كالأرض والبحر والنور والمطر والأجرام الفلكية ( 38:1-38) ثم إنتقل لما له روح كالوعول والفرا والثور الوحشي. . . الخ. ووبخ أيوب علي جسارته فإنه كان قد نسب الظلم إلي الله ( 16:6-17 \'ba  19:7-12). فقال له الله """"هل يخاصم القدير موبخه أم المحاج الله يجاوبه ( 40:2). وقال أيضاً لعلك تناقض حكمي. تستذنبني لكي تتبرر أنت. فأظهر له الله أن الإنسان لا يقدر أن يدبر العالم ولا يليق به أن يجعل نفسه في مكان الخالق. 
وربما وجد العلم الحديث إجابات بعض الأسئلة التي وردت هنا\'a1 وإكتشف العلماء بعض القوانين الطبيعية التي تحكم حركة الأجسام والكواكب مثل قوانين الجاذبية والطرد الذاتي وقوانين القوة. . . الخ. ولكن من كان وراء هذه القوانين ومن الذي وضعها ومن الذي يضمن لها أن تنفذ؟ الله وحده. فهو الذي يدبر ويضبط الطبيعة ويهتم بها ويظهر أنه يطعم الحيوانات فكم وكم بالأولي يهتم ويشفق علي الإنسان الذي يحبه\'a1 وهو خلقه لأنه يحبه وليظهر له أعمال محبته\'a1 ثم لم تظهر محبته كما ظهرت في الصليب. فإذا كان الله يحب الإنسان فكيف يسمح بأذيته وضرره. وهذا الكلام موجه لأيوب الذي يحتج علي أحكام الله بل إعتبرها موجهة ضده. 
وهكذا شرح المسيح أنه إن كان الله يهتم بزنابق الحقل وطيور السماء فبالأولي يهتم بالإنسان. ونلاحظ هنا أن الله لم يشرح لأيوب لماذا سمح له بهذه الآلام بل لقد إستخدم الله معه طريقة جميلة. هنا يضع الله في قلب أيوب الثقة فيه. الله يضع في قلب أيوب الثقة بعدالة حكم الله وحكمته ومحبته حتي للحيوانات\'a1 هو أتي بأيوب وجهاً لوجه أمام إمكانياته فظهر لأيوب عجزه\'a1 وأمام عجزه وأمام قوة الله التي رآها ووثق فيها إرتمي أيوب في أحضان الله طالباً حمايته. 
وهكذا بالنسبة لكل إنسان يعترض علي أحكام الله كما إعترض أيوب\'a1 عليه أن لا يطلب تفسيراً لما يحدث له بل يطلب الثقة والإيمان بالله والشعور بمحبته. ولو شعرنا بمحبة الله سنقول مع بولس الرسول """"من يفصلني عن محبة المسيح أشدة أم ضيق أم. . . .  رو 8:35. وذلك لأن بولس شعر أولاً بأن محبة المسيح تحصره. 
آية 1:- """"فاجاب الرب ايوب من العاصفة وقال"""". 
فأجاب الرب أيوب من العاصفة= عادة تسبق الرعود والبروق والزلازل والنار والسحاب الثقيل كلام الرب للإنسان\'a1 أو ظهور مجد الرب للبشر ( خر 19:16-18 + مز 8:9-13 \'ba  1مل 19: 12\'a1  11) وهذا ما حدث في سيناء مع موسي ثم مع إيليا ولكن حين يتكلم الرب يتكلم بصوت منخفض خفيف يصل للقلب. وكان أيوب قد طلب أن يتناقش مع الله """"ليرفع عني عصاه ولا يبغتني رعبه"""" ولكن الله لم يستجب له في ذلك\'a1 وكانت العاصفة المرعبة أولاً ليرعبه\'a1 وذلك لتوبيخه أولاً علي جسارته\'a1 ثم ليضعه في موقف الخاشع أمام مجد الله\'a1 ومن هذا الموقف يمكنه أن يستفيد من الكلام الذي سيسمعه من الله\'a1 ويدخل صوت الله المنخفض الخفيف إلي قلبه\'a1 حينئذ تزول الشكوك وتُحَلْ مشاكل الذي يسمع والله يقصد أن يرعب السامع أولاً إن كان في موقف كبرياء وتعالي\'a1 فالكبرياء تضع حاجزاً بيننا وبين الله. وبعد ذلك يصل كلام الله لأيوب فيصرخ مع أرمياء """"أقنعتني يا رب فإقتنعت. . . وحين إقتنع أيوب صرخ قائلاً أخطات. . توبنى يارب فأتوب بعمل روحك القدوس داخلى الذى يقنعنى بأن أتوب. فلن يندم إنسان ويتوب إن لم يعمل الله في داخله ويبكته علي خطيته ويقنعه أن يتوب عنها\'a1 بشرط أن لا يقاوم الإنسان عمل روح الله فيه بل يتجاوب معه. أما خدام الله فمثل أليهو عملهم التمهيد لعمل الله في الداخل. وسيسمع صوت الله ويتوب كل من يريد حقاً مثلما كان أيوب هنا في حالة إستعداد. والله تكلم ثم عاد الروح القدس ليوحي ويملي علي كاتب سفر أيوب ما قاله الله ليسجل في الكتاب المقدس. فالروح القدس يذكرنا ويعلمنا ولنعلم أن الكتاب كله موحي به من الله  2تي 3:16 \'ba  2بط 1:21. 
آية 2:- """"من هذا الذي يظلم القضاء بكلام بلا معرفة"""". 
 من هذا الذي يُظْلِم القضاء= يظلم أي يحيط الأحكام بظلمة ويجعلها تبدو كما لو كان خاطئة\'a1 أحكام الله منيرة ولكن الإنسان في جهله وظلمته يبدو له أنها غير ذلك\'a1 أو هو بأرائه الإنسانية وحكمته البشرية الخاطئة يصدر ضد أحكام الله أراء خاطئة ظالمة مظلمة تجعل الصورة الظاهرة للبشر لأحكام الله أن هذه الأحكام فيها ظلمة وليست كلها نيرة. وهذا الكلام يشير لأيوب الذي نسب الظلم لقضاء الله وتكلم بلا معرفة أي بجهل وكبرياء. من هذا= من هذا الإنسان الضعيف الذي يجسر أن يوجه إلي القدير الظلم؟! هل هو أيوب الذي نسبت له الكمال فيتهمني هو بالظلم\'a1 هل وصل أيوب إلي أن يقف في موقف الأشرار\'a1 هل هذا أيوب الذي كان كاملاً. وكانت هذه الكلمة هي التي أثرت في قلب أيوب وقادته للتوبة فعاد وكررها في 42:3. وقرر أنه كان غبياً بلا معرفة حين نسب الظلم لقضاء الله. 
آية 3:- """"اشدد الان حقويك كرجل فاني اسالك فتعلمني"""". 
 أشدد الأن حقويك كرجل= أي تشدد لأنني سوف أسالك عدة أسئلة\'a1 حاول أن تجاوب عنها لو كنت تقدر\'a1 قبل أن أجاوب أنا أسئلتك\'a1 وهنا يرد الله علي قول أيوب ادع فأنا أجيب 13:2 2. بمعني أنا مستعد يارب أن أجيب علي أي سؤال لك\'a1 وطبعاً أيوب كان يقصد بهذا أنه مستعد أن يجاوب عن أي إتهام قد يوجهه الله وذلك ليبرر نفسه\'a1 ولكن الله كما قلنا لم يسلك طريق الحوار العادي\'a1 يوجه لأيوب تهمة وينتظر تبريره أو دفاعه عن نفسه\'a1 ثم يشرح له لماذا فعل ما فعل\'a1 هذه الطريقة في الحوار طريقة بشرية تصلح للحوار بين إنسان ومثيله الإنسان\'a1 ولكن الله كما قلنا إستخدم طريقة أخري هي وضع الثقة في قلب أيوب من نحو الله\'a1 وبعد أن يثق أيوب فليتصرف الله كيفما شاء. لأنه حتي لو حاول الله أن يدين أيوب في أي تصرف لحاول أيوب أن يبرر نفسه وهذا ما فعله مع أصحابه\'a1 وهَبْ أن أيوب إقتنع بأنه أخطأ فهل كان سيقتنع بالتأديب\'a1 فأي إنسان يرفض أن يتألم\'a1 وهَبْ أن أيوب إقتنع بأن الله يجب أن يؤدبه فهل هو يعرف طريقة التأديب لذلك لا يدخل الله في المناقشة مع أولاده لأنهم لم يعرفوا أين هو الصالح لهم وعليهم فقط أن يثقوا فيه. وكلمة رجل هنا تعني رجل مقاتل وهي تهكم\'a1 فهو تصور أنه في صراع مع الله. ولنري طريقة الله في الحوار مع أيوب وكيف أثمرت\'a1 فأيوب المقاتل بعد أن إنتهي الله من كلامه نجده وقد تواضع وإعترف بأنه لا شئ وإزداد كماله في نظر الله. فتعلمني= هي سخرية من أيوب\'a1 فهل يقدر الإنسان أن يعلم الله\'a1 وبالتالي لا حق للإنسان أن يعترض علي الله أو علي ما يعمله\'a1 وأن لا يشكك في عدله وحكمته لذلك يتحدي الله أيوب أن يظهر حكمته ليبرر تساؤلاته عن الحكمة الإلهية التي كان يشكك في عدالتها. والله لن يتأثر جلاله لو إعترضنا علي حكمته\'a1 وهو لن يزيد مجداً لو نسبنا إليه الحكمة في تصرفاته\'a1 ولكن الله يهتم جداً بأن نسبحه ونمجده وأن نتصالح معه ليس من أجله هو ولكن لصالحنا نحن\'a1 ولقد رأينا أيوب وهو في حالة صراع مع الله كيف كان هو نفسه ممزقاً متألماً\'a1 وكيف إنتهت مشاكله حين تصالح مع الله\'a1 ولهذا أتي المسيح. 
الأيات 4-7:- """"اين كنت حين اسست الارض اخبر ان كان عندك فهم\'a1 من وضع قياسها لانك تعلم او من مد عليها مطمارا\'a1 على اي شيء قرت قواعدها او من وضع حجر زاويتها\'a1 عندما ترنمت كواكب الصبح معا وهتف جميع بني الله"""". 
سؤال الله الأول عن الأرض ليدعو أيوب للتواضع\'a1 فها هو يحيا علي الأرض ويراها كل يوم\'a1 فهل هو يا تري يفهم أسرار خلقة الأرض\'a1 هل كان مع الله حين أسسها أو هو أشار علي الله كيف يؤسسها\'a1 هل تعلم يا أيوب كيف وضعت قياسات الأرض ثم يضع الله عدة تشبيهات للشرح. فصوَر الله تأسيس الأرض كمن يبني بيتاً فهو أولاً يضع القياسات والرسومات ثم يبدأ في البناء والبنائين يستعملون المطمار ليكون البناء مستوياً رأسياً حتي لا يسقط (المطمار خيط به ثقل يتدلي لأسفل). 
ثم ليشير لثبات الأرض وأنها لا تسقط من الفضاء يقول أن لها قواعد ثابتة عليها ولها حجر زاوية في بنائها\'a1 فهي متماسكة ثابتة\'a1 وبالتالي يستحيل أن يكون كل هذا قد تم بالمصادفة. وكان عمل الله في خلقته كاملاً وفرح الملائكة= كواكب الصبح= بما عمل الله\'a1 فرنموا تسبيحاً للخالق\'a1 والنور عموماً هو صفة لله\'a1 والملائكة هم أول خليقة الله أبو الأنوار وأورشليم السمائية لن يكون فيها مساء  رؤ21:25\'a1  22:5. وهم بني الله لأنهم يحملون صورته\'a1 ويخدمون الله كما يخدم الإنسان أباه. ونري هنا الله الممجد في خليقته أي الملائكة فعمل الله وخلقته تستوجب منا أن نسبحه عليها\'a1 وهذا معني قولنا في التسبحة """"سبحي الرب يا كل الجبال والبحار. . . ألخ أي هذه الخليقة تشهد بعظمة الله التي يجب أن نسبحه عليها. 
الأيات 8-11:- """"و من حجز البحر بمصاريع حين اندفق فخرج من الرحم\'a1 اذ جعلت السحاب لباسه والضباب قماطه\'a1 وجزمت عليه حدي واقمت له مغاليق ومصاريع\'a1 وقلت الى هنا تاتي ولا تتعدى وهنا تتخم كبرياء لججك"""". 
 سؤال الله الثاني لأيوب عن البحر\'a1 وهو يراه أمامه ويتعامل معه يومياً ولكنه أبعد نسبياً من الأرض\'a1 فهو لا يستطيع أن يصل إلي أعماقه. وخلق البحر هنا تشبه بولادة طفل لباسه السحاب وقماطه الضباب. وهنا إشارة إلي خلقة الله في اليوم الثالث  تك 1:9 حين جمع الله المياه\'a1 فأطاعت كما لو كانت طفل صغير مولود. والضباب مترجمة الظلام الكثيف في الإنجليزية. وكما أن الطفل نغطيه بلباس وقماط فالبحر مغطي من أعلي بالسحاب والضباب الكثيف. وكما يعد الوالدين سريراً (مهداً) لينام فيه المولود الجديد\'a1 أعد الله منخفضات كافية في القشرة الأرضية بقدر مياه البحار والمحيطات\'a1 لينام فيها البحر ومياهه في هدوء\'a1 ولكل منا قبل أن يخلقه الله مكاناً يأوي إليه. ولكن هذا الطفل طفل جبار فحينما تصدمه الرياح يثور\'a1 وثورته هذه تخيف الإنسان وكم دمرت ثورته مدناً ساحلية\'a1 والأن عرف الإنسان بعض المعرفة عن القوي التي تؤثر في البحر (حركة الشمس والقمر وعلاقتها بالمد والجذر\'a1 والرياح والعواصف. . . ) لكن هل يستطيع الإنسان أن يتحكم في مياه البحر ويمنع هياجها\'a1 أما الله فهو القادر أن يسيطر عليها= جزمت عليه حدي= أي فرضت عليه حكمي\'a1 فالله ألزمه بحدود ومغاليق ومصاريع\'a1 فلا يقدر أن يتجاوز الحد الذي وضعه الله له. وهذه اليد الرحيمة التي تحدد حدوداً للبحر فلا يتجاوزها هي يد الله التي تعتني بالإنسان حتي لا يغرق. ولنتأمل مع أيوب فالبحر المرعب بأمواجه وظلامه ما هو إلا طفل في يد الله قادر أن يسكته وقتما يريد. 
الأيات 12-15:- """"هل في ايامك امرت الصبح هل عرفت الفجر موضعه\'a1 ليمسك باكناف الارض فينفض الاشرار منها\'a1 تتحول كطين الخاتم وتقف كانها لابسة\'a1 ويمنع عن الاشرار نورهم وتنكسر الذراع المرتفعة"""". السؤال الثالث الموجه من الله لأيوب عن شروق النور علي الأرض. ها أنت يا أيوب تفرح بشروق الشمس يومياً حين يخرج نورها\'a1 لكنك أنت لا تستطيع أن تحدد ميعاد الشروق أو تتحكم فيه فهو ثابت ومحدد قبل أن تخلق أنت= هل في أيامك أمرت الصبح= أي هل بدأ النور يشرق صباحاً في أيامك أنت ولأجلك أنت فقط أو بأمر منك. ولقد سبق وقال أيوب في 24:13-17 أن الأشرار يخشون النور\'a1 وهنا يسأله الله هل لك فضل في شروق النور ليسدي خدمة للبشر بإبتعاد الأشرار= فَيُنفَض الأشرار منها. لكن الله هو الذي يرسل النور فينفضح الأشرار ويدانون. ويمنع عن الأشرار نورهم= فنور الأشرار هو الظلام ففيه يعملون أعمالهم الشريرة\'a1 فهم يختفوا نهاراً ويعملون ليلاً. وبالتالي فالنور هو علامة قدرة الله ورحمته بل هو صفة من صفاته\'a1 وهذا عكس الأشرار الذين يسلكون في الظلمة فيكون النور هو علامة أيضاً لقضاء الله العادل الذي يفضح شر الأشرار. وينفض الأشرار منها كما ينفض أحداً بعض التراب من علي ثوب. وتنكسر الذراع المرتفعة= أي يفقدوا قوتهم وتفسد تخطيطاتهم وحريتهم وربما حياتهم\'a1 وتنكسر ذراعهم التي إرتفعت علي الله أو علي شعبه فلا تعود لهم قوة أن يصنعوا شرورهم. وحين يظهر النور يبدأ شكل الجبال والأراضي والبحار. . . الخ في الظهور. فحين يكون الظلام سائداً والأرض غارقة في بحر الظلمة لا يكون لها شكل وحين يبدأ النور في الظهور يبدأ يكون لها شكل بجبالها ومياهها وألوانها. وهنا تشبيه لطيف بأن الأرض قبل أن يشرق عليها النور كانت كأنها طين بلا شكل\'a1 وحين أشرق عليها النور كأنها ختمت بخاتم شكل هذا الطين وأعطاه شكلاً هو شكل الخاتم\'a1 وكأن الأرض لبست هذا الثوب النوراني. وما أجمل هذه الصورة هنا فالمسيح حين أشرق بنوره (هو شمس البر) كسر ذراع الشيطان وفضح عمله وختم المسيح فينا صورته في قلوبنا ( مل 4:2\'a1  3 +  حز 30:21\'a1  22\'ba  كو 2:15 +  غل 4:19 +  لو 1:78 +  لو 1:51 \'ba  2كو 4:6)
آية 16:- """"هل انتهيت الى ينابيع البحر او في مقصورة الغمر تمشيت"""". 
 السؤال التالي لأيوب. هل وصلت إلي أعماق البحر وعرفت من أين ينبع البحر. هل عرفت كيف يمتلئ البحر\'a1 وكيف يصب النهر في البحر ولا يفرغ. أو في مقصورة الغمر تمشيت= المقصورة هي الدار المحصنة أو المكان الخاص الذي في الدار ولا يدخله سوي صاحبه. ومعني الكلمة الأصلية ما لا يفحص\'a1 والمعني هل تعرف جميع أسرار قاع المحيط  مز 77:19. فهل من لا يدرك أسرار البحر سيدرك عمق مشورة الله. 
آية 17:- """"هل انكشفت لك ابواب الموت او عاينت ابواب ظل الموت"""". السؤال التالي عن أبواب الموت= فالموت سر عظيم\'a1 ونحن لا ندري كيف أو متي نموت. ولا يمكننا وصفه أو كيف ينحل الرباط بين الروح والجسد. والقدماء تصوروا مكاناً للموت تحت أعماق البحر والأرض لا يعرفه أحد من الناس وقالوا لم يرجع أحد من الأموات ليخبرنا عن طريق باب الموت. 
آية 18:- """"هل ادركت عرض الارض اخبر ان عرفته كله"""". والسؤال التالي عن الأرض\'a1 وكأن الله يقول له لا داعي أن أسألك عن الموت الذي لم تختبره فأنا سأسألك عن الأرض التي تعيش عليها. هل تستطيع أن تعرف أبعادها\'a1 وفي أيام أيوب لم يكن أحد قد دار حول الأرض\'a1 والقدماء تصوروا أن الأرض منبسطة وليست كرة ولا يستطيع أحداً أن يصل إلي أبعادها. 
الأيات 19-24:- """"اين الطريق الى حيث يسكن النور والظلمة اين مقامها\'a1 حتى تاخذها الى تخومها وتعرف سبل بيتها\'a1 تعلم لانك حينئذ كنت قد ولدت وعدد ايامك كثير\'a1 ادخلت الى خزائن الثلج ام ابصرت مخازن البرد\'a1 التي ابقيتها لوقت الضر ليوم القتال والحرب\'a1 في اي طريق يتوزع النور وتتفرق الشرقية على الارض"""". 
 نجد الله هنا يسأل أيوب عدة أسئلة محيرة له. هل تعرف كيف خلق النور\'a1 حين كانت الظلمة سائدة ثم بسط الله نوره علي الأرض\'a1 هل كنت هناك يا أيوب لتشترك مع الله في خلقة النور\'a1 أو هل تعرف كيف يتوزع النور علي الأرض. وربما يتوزع النور بمعني أن يتحلل لألوان الطيف السبعة. والإحتمال الأكبر\'a1 أن ما كان يحير القدماء\'a1 كيف أن النور يبزغ فجأة وفي لحظات تنير الأرض كلها. ورسموا صورة لهذا:- أن نور الصباح يمتطي أجنحة الريح الشرقية ليتوزع سريعاً علي كل الأرض ( مز 139:9) والريح الشرقية سريعة جداً وقوية جداً فتنشر النور بسرعة وتشتت الظلام كما تصنع الريح الشرقية بالسحب فتنقشع. والريح الشرقية نسبة لشروق الشمس من الشرق. ولو عرفت أسرار النور هل تعرف طرقها وكيف يشرق النور\'a1 هل وصلت إلي منابع هذا النور حيث يسكن= حتي تجعله يخرج متي تريد أو يغرب النور وقتما تريد. والآية (21) سخرية من أيوب فهو لم يكن موجوداً وقتها. 
وفي (22\'a1 23) هل تعرف كيف يتكون البَرَدْ والجليد\'a1 والله يستعملهم أحياناً ضد الأشرار. حدث هذا مع فرعون ومع يشوع وسيحدث في نهآية الأيام  رؤ 8:7. وراجع  يش 10:11 +  مز 68:14 +  خر 13:13= أبقيتها لوقت الضر ليوم القتال والحرب أدخلت إلي خزائن. . أو مخازن= فكأن الله يبقي حجارة البرد كأسلحة في مخازنها حتى يأتى يوم القتال ينفتح المخزن فجأة. الثلج Snow هو بخار ماء تجمد فى السحاب قبل أن يتجمع كقطرات. والبرد هو تحول أولاً لقطرات ماء وتجمعت في السحب ثم تجمدت. 
الأيات 25-28:- """"من فرع قنوات للهطل وطريقا للصواعق\'a1 ليمطر على ارض حيث لا انسان على قفر لا احد فيه\'a1 ليروي البلقع والخلاء وينبت مخرج العشب\'a1 هل للمطر اب ومن ولد ماجل الطل"""". 
السؤال هنا عن المطر. فهل لإنسان سلطان علي المطر\'a1 لينزله في المكان الذي يريده\'a1 فالله وحده له هذا السلطان\'a1 لينزل المطر بالكمية التي يحددها وفي المكان الذي يحدده. وكأن المطر ينزل من خلال قنوات حددها الله. والمطر قد يكون قطرات حتي لا تفسد الأرض\'a1 قد يكون طوفاناً يغرق الأرض\'a1 والله وعد نوحاً بعدم تكراره وبهذا نفهم أن مفاتيح قنوات المطر في يدي الله. وفي يده أيضاً البروق والصواعق\'a1 لأن الله في يده مفاتيح المطر فهو لا ينسي الأراضي القفر والخلاء والصحاري فهناك مخلوقات تحيا فيها فالله لا يهتم فقط بالإنسان\'a1 بل بكل خليقته= ليمطر علي أرض حيث لا إنسان. والله هو مصدر المطر= هل للمطر أب= نعم فهو الله الذي يولده ويأتي به ويتحكم فيه\'a1 بل حتي في أصغر قطرات المطر أو الطل فهو يحكمها= المآجل. المأجل هي نقط الندي الصغيرة جداً. 
الأيات 29\'a1 30:- """"من بطن من خرج الجمد صقيع السماء من ولده\'a1 كحجر صارت المياه اختبات وتلكد وجه الغمر"""". 
 الله صاحب السلطان أن يجمد الماء. وربما تساءل الإنسان من أين جاء هذا الجليد= من بطن من خرج الجمد= ما هو مصدر هذه القدرة العظيمة. 
الأيات 31-33:- """"هل تربط انت عقد الثريا او تفك ربط الجبار\'a1 اتخرج المنازل في اوقاتها وتهدي النعش مع بناته\'a1 هل عرفت سنن السماوات او جعلت تسلطها على الارض"""". 
السؤال الأن حول الكواكب. والنجوم تحت سيطرة الله وحده  مز 147:4 +  تك 1:14. وليس للإنسان سلطان علي تغيير شئ. الثريا= مجموعة من النجوم مرتبطة بعضها ببعض كعقد من الجواهر. والجبار= اسم برج تصوره القدماء كجبار مربوط. 
المنازل= مجموعة من الكواكب عبدها الوثنيين  2مل 23:5. النعش مع بناته= بنات نعش الكبري 7 كواكب منها أربعة علي شكل مربع فأسموها النعش والثلاثة الباقين أسموها بنات نعش. وهناك مجموعة أخري أسموها بنات نعش الصغري. هل تعرف سنن السموات= ومهما عرف العلماء عن أسرار الكواكب فمعرفتهم لا شئ حتي اليوم. والله وحده وضع حركة الكواكب ويضبطها فتتسلط علي الأرض= أو جعلت تسلطها علي الأرض= فالشمس تحدد بحركتها مع الأرض الفصول (الربيع/ الخريف/ الشتاء/ الصيف) والقمر يحدد المد والجذر. ويلاحظ أن الثريا تظهر في الربيع والجبار في أول الشتاء. وإنتهاء فصل الشتاء وقدوم الربيع صوروه كأنه ربط الجبار= تفك ربط الجبار. فهل تتحكم أنت في هذا يا أيوب ( تك 1:14-19). وربما تسلط الكواكب علي حركة الأرض أن الكون كله مرتبط بقوانين حركة\'a1 وكل الكواكب تؤثر علي الأخري. فحركة الأرض متأثرة بكواكب مجموعتنا الشمسية. ومجموعتنا الشمسية متأثرة بباقي الكواكب مجرتنا. ومجرتنا متأثرة بباقي المجرات ووراء كل هذا ضابط الكل واضع قوانين الحركة لكل هذا. 
الأيات 34-38:- """"اترفع صوتك الى السحب فيغطيك فيض المياه\'a1 اترسل البروق فتذهب وتقول لك ها نحن\'a1 من وضع في الطخاء حكمة او من اظهر في الشهب فطنة\'a1 من يحصي الغيوم بالحكمة ومن يسكب ازقاق السماوات\'a1 اذ ينسبك التراب سبكا ويتلاصق المدر"""". 
 الله يظهر للإنسان هنا ضعفه وعدم مقدرته علي التحكم في الطبيعة\'a1 فهو لا يستطيع أن يأمر المطر أن ينزل ليروي الأرض إن جفت. ولكن إن أردنا المطر فعلينا أن نرفع أصواتنا لله ونصلي فيعطي الله المطر\'a1 كما فعل إيليا وكما تفعل الكنيسة الأن إذ تصلي من أجل مياه الأنهار والزروع والرياح. ولكننا لا نستطيع أن نرفع أصواتنا بالأمر للمطر مباشرة فهو في يد الله لذلك لم ينزل المطر بصلوات كهنة البعل أيام إيليا فهم لم يرفعوا صلواتهم لله. الطخاء= السحاب المرتفع= أي الله بحكمته يضبط السحاب والشهب\'a1 فهو ليس فقط له السلطان عليها بل بحكمة يضبطها. وحكمة الله التي بها يضبط السحب تظهر في انه يقدر كمية الماء المنسكب من السحاب= من يحصي الغيوم بالحكمة= ليحدد كمية المطر. أزقاق السموات= الغيوم هنا مشبهة بأزقاق (جمع زق) ملآنة ماءً. المدر= الطين. فالله يسكب مياه المطر علي تراب الأرض فيتكون الطين وتصبح الأرض صالحة للزراعة. ودقائق التراب والرمل ومكونات التربة الأصلية تتجاذب وتلتصق كالمعدن المنصهر المنسكب وتصير مكونات التربة كلها متجانسة ذات كثافة واحدة ذائبة في كيان واحد. ثم تشرق الشمس عليها فتتجمد كما يتجمد المعدن المنصهر. 
الأيات 39-41:- """"اتصطاد للبوة فريسة ام تشبع نفس الاشبال\'a1 حين تجرمز في عريسها وتجلس في عيصها للكمون\'a1 من يهيئ للغراب صيده اذ تنعب فراخه الى الله وتتردد لعدم القوت"""". 
إبتداء من هنا بالإضافة للإصحاح 39 كله يتكلم الله عن سلطانه وجودة مشوراته وصلاحه من نحو خليقته الحيوانية. أتصطاد للبوة فريسة= هل تستطيع أنت يا أيوب أن تطعم الحيوانات مثل الأسود وتهتم بالخليقة كلها. حين تجرمز في عريسها= جرمز الرجل= إنقبض. . . وإجتمع بعض إلي بعض عريس- عرين الأسد= تربض في العرائن (حسب ترجمة اليسوعيين). وتجلس في عيصها للكمون= العيص هو الشجر الكثير الملتف. والمعني من يرزق هذه الحيوانات حين تكمن في وسط الأشجار\'a1 أو تربض في عرينها\'a1 ومن علمها أن تصنع هذا لتأكل وتعيش\'a1 ومن الذي يرزقها فلا تموت. من يهيئ للغراب صيده= إختار الله الغراب لأن الإنسان يحتقره ويكرهه\'a1 وإختار الأسد لأن الإنسان يخاف منه\'a1 بل لو وجده يقتله. وبينما لا أحد يهتم بهذه الحيوانات يهتم بها الله. تنعب فراخه= تنعق أي تمد عنقها وتصيح طالبة الطعام. ويظهر من حياة هذه الحيوانات والطيور صلاح الله الذي يحفظها ويطعمها لتبقي حية. والله يهتم بكل خليقته حتي المتوحش منها\'a1 وهو لم يتكلم عن الدواب والحملان لأن الإنسان يستخدمها ويطعمها لتخدمه. فالله أعطي لكل الحيوانات حكمة وغريزة بها تعيش. وإن كان الله يهتم بالحيوانات المتوحشة فهل لا يهتم بالإنسان. كلام الله في هذا الإصحاح هو دعوة لأيوب أن لا يثق في ذاته بل يثق في الله المحب لخليقته ويدبر كل أمورها بحكمة\'a1 هو دعوة للتواضع بين يدي الله."
"أيوب",39,1,"الإصحاح التاسع والثلاثون"
"أيوب",39,1,"الإصحاح التاسع والثلاثون
يستمر الله في عتاب أيوب لأنه إتهمه بالظلم\'a1 بينما هو يراعي حتي المخلوقات الأخري المتوحش منها والضعيف ويهتم بها ويرزقها. والله يعاتب أيوب لأنه في خطبه الكثيرة إهتم بأن يذكر صلاحه وإهتمامه بالفقراء وأعماله الصالحة\'a1 وكأن الله يقول له\'a1 إن كنت أنت قد عملت بعض الأعمال الصالحة\'a1 فأنا كل أعمالي صالحة وأنظر للخليقة حولك وأنت تري أنني لا أنسي أحد\'a1 وإن كان هناك بعض الأعمال التي لا تستطيع حكمتك الإنسانية أن تفهمها\'a1 فتواضع وأشعر بأن معرفتك بسيطة حتي بما حولك من الخليقة\'a1 فكم وكم بالأمور التي تجهلها. 
الأيات 1-4:- """"اتعرف وقت ولادة وعول الصخور او تلاحظ مخاض الايائل\'a1 اتحسب الشهور التي تكملها او تعلم ميقات ولادتهن\'a1 يبركن ويضعن اولادهن يدفعن اوجاعهن\'a1 تبلغ اولادهن تربو في البرية تخرج ولا تعود اليهن"""". 
 تأوي الوعول والأيائل إلي الصخور في الجبال العالية البعيدة عن مساكن الناس\'a1 فيصعب علي الإنسان إن يعرف طباعها وعاداتها\'a1 وأما الرب فلا يعرفها فقط بل يدبرها ايضاً لأن الكل منه. ومن عجائب عنآية الله أنه أعطي هذه الحيوانات حتي الصغير منها سناً غريزة بها تقدر أن تدبر ذواتها بخلاف أطفال البشر الذين يحتاجون إلي أن يراعيهم والديهم عدة سنين إلا هلكوا. ولقد حدد الله لكل نوع من الحيوانات ميعاد للحمل والولادة بل هي تلد بسهولة أكثر كثيراً من الأنسان. ولا يعين الإنسان هذه الحيوانات حتي تلد\'a1 بل هي تلد وحدها والله يرعاها حتي تلد ثم يرعي صغارها\'a1 فإن إهتم الله بهذه الحيوانات فكم بالأولي يكون إهتمامه ببني البشر. 
الأيات 5-8:- """"من سرح الفراء حرا ومن فك ربط حمار الوحش\'a1 الذي جعلت البرية بيته والسباخ مسكنه\'a1 يضحك على جمهور القرية لا يسمع زجر السائق\'a1 دائرة الجبال مرعاه وعلى كل خضرة يفتش"""". 
 الفرا هو فتي حمار الوحش وهو أجمل وأسرع من الحمار الأليف ولا يمكن تذليله وتربيته ولا الإستفادة منه= لا يسمع زجر السائق= فلا يمكن ربطه إلي عربة ليجرها. ويحب أن يعيش منطلقاً في البرية= جعلت البرية بيته. السباخ= الأرض القفر. فالبرية والسباخ مكان الفرا. ولا يدخل إلي قرية ليعيش فيها= يضحك علي جمهور القرية أي لا يقبل أن يكون له مالك يعمل عنده. وعلي كل خضرة يفتش= لأن لا مالك له فهو المسئول عن نفسه\'a1 يفتش عن أماكن الخضرة ليأكل. بينما الحمار الذي يتم ترويضه فهو يعمل ويعطيه سيده طعامه. ويؤخذ الفرا رمزاً للإنسان الخاطئ الشهواني الذي يجري وراء شهوته ويدعي أنه حر يفعل ما يريد  أر 2:24 +  هو 8:9. فكما أن الفرا أيضاً لا نفع منه هكذا مثل هذا الإنسان الشرير. أما الحمار الأليف المروض هو الذي يقبل التأديب من يدي سيده فيطعمه سيده. والإنسان الذي يقبل تأديب الله يسكنه الله في مراع خضر\'a1 بينما تكون حياة الشرير في قفر وسباخ اي في خراب
الأيات 9-12:- """"ايرضى الثور الوحشي ان يخدمك ام يبيت عند معلفك\'a1 اتربط الثور الوحشي برباطه في التلم ام يمهد الاودية وراءك\'a1 اتثق به لان قوته عظيمة او تترك له تعبك\'a1 اتاتمنه انه ياتي بزرعك ويجمع الى بيدرك"""". 
الثور الوحشي= أكبر وأقوي من الثور الأليف. وهو أيضاً لا يمكن أستخدامه كما يستخدم الثور الأليف. وفيه يظهر قوة الخالق وضعف الإنسان الغير قادر حتي أن يروض حيواناً. والثور الوحشي كان يوجد قديماً في فلسطين ولا يوجد الأن ( عد 23:22 +  مز 92:10). والله يظهر لأيوب أنه لا يمكنه إخضاع هذا الثور الوحشي ليخدمه\'a1 وذلك لن أيوب كان يتصور أن كل الأمور يجب أن تخضع لفكره ولحكمته\'a1 وأن كل شئ يجب أن يسير علي حسب هواه\'a1 وكأن الله يقول له فلنبدأ بالثور الوحشي\'a1 هل تستطيع أن تجعله يسير وفق إرادتك. وقبل سقوط الإنسان كان له سلطان علي كل الوحوش. لكن بعد السقوط تمردت عليه الحيوانات وفقد سلطانه\'a1 ولكن الله أبقي بعض الحيوانات تحت سلطان الإنسان لتخدمه\'a1 ولم يعطه سلطاناً علي الباقي ليعرف ضعفه ولا يتكبر. 
الأيات 13-18:- """"جناح النعامة يرفرف افهو منكب راوف ام ريش\'a1 لانها تترك بيضها وتحميه في التراب\'a1 وتنسى ان الرجل تضغطه او حيوان البر يدوسه\'a1 تقسو على اولادها كانها ليست لها باطل تعبها بلا اسف\'a1 لان الله قد انساها الحكمة ولم يقسم لها فهما\'a1 عندما تحوذ نفسها الى العلاء تضحك على الفرس وعلى راكبه"""". توجد النعامة في بلاد العرب وفي إفريقيا وأماكن أخري ويربونها لريشها الجميل والثمين. وهي لها جناحان ولكن لا يمكنها الطيران فجناحيها صغيران بالنسبة لطولها (يزيد علي المترين) ووزنها. ولكن جناحيها يساعدانها في الركض وهي سريعة جداً\'a1 وأسرع من الخيل= تضحك علي الفرس وعلي راكبه. فطول خطوتها حوالي 8 أمتار. تحوذ نفسها إلي العلاء= أي ترفع رأسها حين تركض. وحين تبيض تضع بيضها في الرمال\'a1 قد تحتضنه أحياناً\'a1 ولكنها أحياناً تتركه حين يشتد الحر فيفقس بفعل الحرارة دون أن تتعب هي. وهي تترك بيضها مكشوفاً معرضاً أن يدوسه أي أحد (أيات 14\'a1 15). وإذا كانت النعامة تترك بيضها هكذا فكيف يخرج الصغار؟ بالتأكيد هي عنآية الله """"فإن نسيت الأم رضيعها فأنا لا أنساكم"""" وليتعلم الأباء من النعامة\'a1 فسيكون أباً لا حكمة له إن ترك أولاده في العالم بلا رعآية روحية\'a1 فمن المؤكد سوف تسحقهم شهوات هذا العالم وتدوسه أرجل الناس الأشرار. ويصير كل تعب الوالدين باطلاً= باطل تعبها بلا أسف= أي أن النعامة لا تأسف علي بيضها لو ضاع أو إنكسر. وفي إهتمامها بذاتها إذا خافت أو شعرت بخطر تجري بسرعة عظيمة وتترك صغارها= تقسو علي أولادها وهذا مثال للخدام غير الأمناء. وكنيستنا القبطية تضع دائماً بيض نعام قدام الهياكل بهذا المفهوم\'a1 أن الله هو الذي يرعي شعبه حتي لو نسيه كل أحد\'a1 ولو نسيتنا أمهاتنا وخدامنا فالله لا ينسانا فعينه علينا دائماً. تترك بيضها وتُحميه في التراب= تتركه ليفقس في التراب الساخن الحامي\'a1 ولذلك شاع أن النعامة جائرة الطبع وقليلة المحبة لفراخها وبلا حكمة= لأن الله قد أنساها الحكمة ولم يقسم لها فهماً. فبينما ريشها ثمين تتباهي به\'a1 إلا أنها بلا حكمة. فأيهما نفضل الحكمة مع كوننا فقراء\'a1 أم كبرياء الغني مع عدم الحكمة. وإتخذ خيلاء النعامة بريشها علامة علي كبرياء الأغنياء بثرواتهم وملابسهم. 
الأيات 19-25:- """"هل انت تعطي الفرس قوته وتكسو عنقه عرفا\'a1 اتوثبه كجرادة نفخ منخره مرعب\'a1 يبحث في الوادي وينفز بباس يخرج للقاء الاسلحة\'a1 يضحك على الخوف ولا يرتاع ولا يرجع عن السيف\'a1 عليه تصل السهام وسنان الرمح والمزراق\'a1 في وثبه ورجزه يلتهم الارض ولا يؤمن انه صوت البوق\'a1 عند نفخ البوق يقول هه ومن بعيد يستروح القتال صياح القواد والهتاف"""". 
 الفرس= بعد أن إستعرض الله قوته وقدرته في خلق ورعآية حيوانات غير مروضة\'a1 يظهر قدرته في حيوان عجيب\'a1 له شجاعة غريبة في الحروب لذلك استخدموه في الحرب\'a1 ولكن مع هذه الشجاعة فطفل صغير قادر أن يقود هذا الفرس\'a1 والفرس لا يتمرد علي صاحبه. عُرفاً= هو غالباً غطاء مصفح يوضع حول رقبة الحصان ليحميه وهو ذاهب للقتال. والكلمة الأصلية في العبرية رعداً\'a1 وبهذا يفهم معني الكلمة أنها إشارة لمنظر الفرس الجميل والمخيف وهو ذاهب للقتال في شجاعة. ثم يصور شجاعته في القتال. أتوثبه كجرادة= فقزته قوية بالرغم من وزنه. يَنْفِزْ ببأس= أي يثب ويطفر بقوائمه جميعاً ويضعهن معاً من غير تفريق بينهن. تصل السهام= هو صوت السهام في الجعبة. ولكن لا شئ يرعبه. لا يؤمن أنه صوت البوق= كأنه مشتاق للقتال ومن شدة فرحه إن سمع صوت البوق لا يصدق أن القتال قد بدأ فيندفع للمعركة\'a1 مشتاقاً للقتال\'a1 لا يكاد يصدق أذنيه أنه إستمع لصوت بوق القتال من فرحه به. يلتهم الأرض= إشارة لسرعة ركض الفرس فيري راكب الفرس الطريق أمامه وكأن فرسه يبتلعه. والسؤال لأيوب هل أعطيت الفرس هذه الشجاعة فلا يخاف الموت. 
الأيات 26-30:- """"امن فهمك يستقل العقاب وينشر جناحيه نحو الجنوب\'a1 او بامرك يحلق النسر ويعلي وكره\'a1 يسكن الصخر ويبيت على سن الصخر والمعقل\'a1 من هناك يتحسس قوته تبصره عيناه من بعيد\'a1 فراخه تحسو الدم وحيثما تكن القتلى فهناك هو"""". 
 النسر والعقاب= العقاب شبيه بالنسر. يستقل العقاب= يحلق بجناحيه عالياً جداً. ويمتاز كلاهما بالطيران عالياً جداً. وحدة بصرهما\'a1 فهما يريان الفريسة أو الجيفة من علي مسافات لا تدركها عين الإنسان وينقضان عليها. ويمتاز النسر بعلو أوكاره وشراهته في أكل اللحم والدم= فراخه تحسو الدم= فصغار النسور لا تستطيع أكل اللحم فتلحس الدم. والكبار تأكل جيف القتلي= وحيثما تكن القتلي فهناك هو يسكن الصخر= يقيم النسر أوكاره عالياً حتي لا يصل إليه أيدي الأعداء. فمن الذي أعطي النسر هذه الحكمة والقوة علي الطيران عالياً وحدة البصر. ومن الذي يرشد الطيور المهاجرة التي تتجه نحو الجنوب الحار في فصول الشتاء الباردة= وينشر جناحيه نحو الجنوب= من أعطي لهذه الطيور هذه الغريزة التي تميز بها الجنوب الجغرافي دون أن تخطئ\'a1 وهي تطير نحو الجنوب في خط مستقيم دون خطأ ليلاً ونهاراً حتي تصل إلي مكانها. فهل لك حكمة هذه الطيور يا أيوب أو قدراتها\'a1 ولكن الله أعطي لها حكمة وقدرات مميزة حتي تستطيع أن تعيش. 
تعليق علي الإصحاحات 39\'a1 38
الإصحاحين 39\'a1 38 هما دعوة من الله للإنسان أن يرفع عينيه للخليقة حوله فيدرك قوة الله وصلاحه وعنايته فيثق فى الله. وقوة الله ظاهرة في الأجرام السماوية\'a1 وفي الأرض التي نحيا عليها\'a1 وفي خليقته الحيوانية سواء الجبار منها كالأسد والنسر أو ما هو ضعيف منها كالنملة بل المخلوقات الميكروسكوبية. والله يرعي الجميع. والإنسان عموماً يحاربه الشيطان بفكرة أن الله أهمله خصوصاً إذا كان الإنسان في ضيقة\'a1 وهنا الله يرد علي هذا الفكر. إن كنت لا أهمل كل خليقتي سواء جماد أو حيوان فهل أهملكم أنتم أحبائي""""
وعرض صور خليقة الله الحيوانية أمام الإنسان تجعله يتواضع\'a1 فأين نحن من قوة الأسد أو حدة بصر النسر وإرتفاعه أو شجاعة الفرس. فما الذي يحمينا حتي نحيا سوي رعآية الله وأعمال عنايته بالرغم من محدودية قدراتنا
وهناك تأمل في هذه الحيوانات يظهر صفات معينة للإنسان
1. الفرا:- يشير للإنسان الخاطئ الشهواني\'a1 الذي يكسر كل القيود المعروفة\'a1 دينية كانت أو إجتماعية 
 جرياً وراء شهواته\'a1 وهذا يحيا في خراب لا يجد طعاماً. 
2. ثور الوحش:- يشير للقوة التي لم تخضع تحت الترويض\'a1 فلا يمكن أن يكون لها نفع ويندرج تحت 
 هذه القوي\'a1 قوتنا الجسمانية والشهوانية والعقلية والروحية. 
3. النعامة:- هي رمز للأنانية\'a1 بلا قلب ومتكبرة\'a1 جبانة فهي تهرب تاركة صغارها فالأنانية
 والكبرياء تقس القلب\'a1 أما الحب فيجعل من الإنسان بطلاً يفدي غيره وكل خاطئ يمكن أن نقول عنه 
 أنه أناني منغلق علي ذاته\'a1 وكما تدفن النعامة رأسها في الأرض حين تري الخطر قادم عليها هكذا 
 يفعل الخاطئ إذ يري الخطر قادم فيخدع نفسه قائلاً سلام سلام ويرد عليه الله لاسلام قال الرب 
 للأشرار. والنعامة تمثل الإنسان المتكبر عموماً الذي يزهو بما عنده. 
4. الفرس:- هو يمثل المؤمن الذي يقوده المسيح الذي خرج غالباً ولكى يغلب  رؤ 6:2. وهذا لا 
 يهتم بحروب الشيطان حوله مهما كانت عنيفة مخيفة بل لا يهاب الموت. 
5.النسر:- يمثل الإنسان الروحي\'a1 الذي يحلق عالياً في السموات\'a1 له حدة بصر يري بها أعدائه
 الشياطين بحيلهم ويقف علي الصخر ( 39:28) وصخرتنا هي المسيح"
"أيوب",40,1,"الإصحاح الأربعون"
"أيوب",40,1,"الإصحاح الأربعون
الأيات 1-5:- """"فاجاب الرب ايوب فقال\'a1 هل يخاصم القدير موبخه ام المحاج الله يجاوبه\'a1 فاجاب ايوب الرب وقال\'a1 ها انا حقير فماذا اجاوبك وضعت يدي على فمي\'a1 مرة تكلمت فلا اجيب ومرتين فلا ازيد"""". 
 بعد أن أعطي الله لأيوب الدرس\'a1 سكت الله وأعطي أيوب فرصة ليتأمل فيما سمعه. ولكن أيوب سكت ولم يتكلم. ولما سكت أيوب تكلم الله= فأجاب الرب أيوب مع أن أيوب لم يكن قد تكلم قيل أن الرب أجاب\'a1 فالله يعرف ما في القلوب دون أن يفتح الإنسان فمه. وكان أيوب بعد ما قيل في خجل شديد\'a1 وربما كان شاعراً أنه تجرأ علي الله ولابد أن الله سوف يطرده من حضرته ويخاصمه للأبد. ولكننا نجد الله يطمئن هذا القلب القلق من خصام الله. هل يخاصم القدير موبخه= وكلمة موبخه تعني لائمه\'a1 ولاحظ أنه لم يقل هنا من العاصفة. فهذه الكلمة كانت في هدوء بلا غضب لتعطي هدوءاً لقلب أيوب. فحينما يقول أن الله تكلم من العاصفة فهذا يعني أن الله تكلم في غضبه. والله في محبته يعرف متي يستخدم أسلوب القسوة مع الخاطئ ليخاف ويتوب\'a1 ومتي يستخدم أسلوب الحب ليطمئن القلب الذي في حالة جزع. 
ها أنا حقير فماذا أجاوبك= هنا يظهر أن الدرس الذي أعطاه الله لأيوب قد أتي بثماره. هنا شفي أيوب تماماً وتاب. وضعت يدي علي فمي= أي لن أتكلم ثانية
مرة تكلمت فلا أجيب ومرتين فلا أزيد= أي في جهلي وكبريائي تكلمت سابقاً كثيراً. ولكن الآن بعد أن تاب أيوب تماماً يقول لن أتكلم وقارن مع 31 :37 \'ba 23 :3 الآن في توبته رأي الله القدوس البار المحب\'a1 ورأي نفسه في نجاستها وجهلها وكبريائها فذاب خجلاً\'a1 راي تحديه لله السابق وكلامه الصعب من نحو الله\'a1 وها هو يري الله وقد إحتمل كل كلامه السابق\'a1 بل أتي ليعاتبه ويعلمه ويكمله ويشفيه فأسكته جلال الله وتواضعه بالمقارنة مع تعاليه وهو الحقير أمام الله. هو لم يتب من محاولات أصحابه\'a1 أما أمام الله فتاب توبة حقيقية وهذا هو عمل الله\'a1 لذلك قال النبي """"توبني يارب فأتوب"""". فصوت الله الذي يدعو للتوبة أقوي وأعلي من صوت الإنسان وقادر علي أن يقنع الإنسان الخاطئ بالتوبة. والتائب الحقيقي يشعر أنه حقير جداً أمام الله ويكون كارهاً لنفسه  حز 36:31. وبقدر ما عظم نفسه أمام الناس يحتقر نفسه أمام الله. فأيوب حين قارن نفسه بأصحابه وجد نفسه عظيماً فجادلهم ولم يقتنع بكلامهم\'a1 أما حين يقف أمام الله سيدرك حقيقة خطيته فيحتقر نفسه\'a1 حين نقف أمام نور الله يكشف نوره خبايا قلوبنا النجسة فتحتقر ذواتنا. لذلك لم يستطع أيوب أن ينطق أمام الله. لقد سببت كلمة الله تحولاً جذرياً في تفكير أيوب عجزت محاولات أصحابه أن يعملوه. وحين أتت كلمة الله إنتهي نزاع الألفاظ. لقد أظهر الله قدراته لأيوب فرأي أنه يستطيع أن يثق بإله مثل هذا\'a1 وأقتنع أيوب أن عنآية الله به كانت أكثر شمولاً ودقة مما تصورها. وحتي هذه اللحظة كانت آلام أيوب كما هي ومشاكله كما هي\'a1 ولكن حدث شئ جديد في داخله\'a1 لقد شفي من جروح قلبه أي كبريائه وإحساسه بأن الله ظلمه. هو لم يأخذ رداً علي تساؤلاته\'a1 لماذا حدث ما حدث ولكنه شعر أنه في سلام طالما كان في يد الله مهما حدث. لقد كان عمل الله ورد الله عليه سبباً في حالة من السلام الداخلي والتسليم الهادئ اللذان ملئا قلبه. لقد تأثر أيوب وسلم نفسه لإله له قدرة علي رعآية خليقته كلها (كواكب وحيوانات) فكم بالأولي البشر. وكم وكم يجب علينا أن نسلم لإلهنا الذي فدانا علي الصليب. 
وهكذا تصالح كل الأتقياء القديسين مع الله بعد أن تخاصموا معه  أر 12:1 +  مز 73:21-28. فقال أرمياء """"أبر أنت يارب من أن أخاصمك""""
الأيات 6-14:- """"فاجاب الرب ايوب من العاصفة فقال\'a1 الان شد حقويك كرجل اسالك فتعلمني\'a1 لعلك تناقض حكمي تستذنبني لكي تتبرر انت\'a1 هل لك ذراع كما لله وبصوت مثل صوته ترعد\'a1 تزين الان بالجلال والعز والبس المجد والبهاء\'a1 فرق فيض غضبك وانظر كل متعظم واخفضه\'a1 انظر الى كل متعظم وذلله ودس الاشرار في مكانهم\'a1 اطمرهم في التراب معا واحبس وجوههم في الظلام\'a1 فانا ايضا احمدك لان يمينك تخلصك"""". 
 رأينا أيوب في توبته كيف قال أنا حقير\'a1 وكيف تواضع بين يدي الله. ولكن الله المعلم الذي يعرف مكنونات قلب عبيده وتلاميذه رأي أن أيوب مازال محتاجاً لدرس آخر حتي يكون تأثير كلام الله عليه كاملاً وتكون توبته بلا رجعة ويتصالح مع الله مصالحة تكون بلا تردد ولباقي أيام عمره. وعاد الله لنبرة الصوت الغاضبة= فأجاب الرب أيوب من العاصفة. وفي (7) لقد كنت تجادلني بشدة والأن تشدد وحاول الإجابة علي أسئلتي. وفي (8) لعلك تناقض حكمي= أي حين نسب الظلم إلي الله كان كأنه قد نقض حكم الله. وكل من يتذمر علي الرب كأنه يناقض حكمه. فالتذمر علي أحكام الله تعني أن المتذمر يظن أنه يعرف أكثر من الرب\'a1 وأنه لو كان في مكان الرب لكان تدبيره غير تدبير الرب\'a1 لكن كان تدبيره سيكون بطريقة أفضل. تستذنبني لكي تتبرر أنت= الله يلوم أيوب هنا أنه في خلال حواره مع أصحابه أراد حتي يبرر نفسه ويظهر باراً أمامهم أن يلقي باللوم علي الله. فأيوب نظر إلي بره وإفتخر به وكان غايته إظهار ذلك أمام أصحابه فلم يهتم بأن يظهر الله كأنه أخطأ معه. وعلي كل إنسان أن يقول مع داود """"لكي تتبرر في أقوالك وتغلب إذا حوكمت  مز 51:4 +  دا 9:7. 
ولقد تكلم الله سابقاً عن عمله العجيب في الفلك والخليقة الحيوانية\'a1 والآن يتكلم عن النظام الأدبي في العالم وأنه وحده القادر علي السيطرة علي الأشرار. 
ففي (9) هل لك ذراع كما لله= الذراع دليل القوة. فكيف نختلف مع الله القدير القوي وبصوت مثل صوته ترعد= لاحظ أن الله الأن يتكلم من العاصفة وبصوت مخيف كالرعد\'a1 وأيوب خائف من هذا الصوت. ولنعلم أن كل قوة الإنسان أمام قوة الله ما هي إلا أشواك أمام نار هائلة. فنحن لا نستطيع أن نعمل شيئاً بدونه ولكنه يستطيع أن يعمل كل شئ بدوننا. ونلاحظ أن صوت الله ليست قوته في رعده المخيف فقط بل في قوة إقناع صوت الله لقلوبنا. فأصحاب أيوب فشلوا في إقناعه بالتوبة بينما نجح صوت الله في ذلك. وتحدي الله لأيوب هنا معناه: لقد نسبت الظلم لي يا أيوب\'a1 فهل تستطيع بقوتك أن تأخذ حكم العالم وتديره بذراعك\'a1 وهل لك صوت يرعب الأشرار\'a1 أو صوتك قادر أن يدعوهم للتوبة. 
وفي (10) يسخر الله من أيوب داعياً إياه أن يتزين ويلبس اللبس الملوكي حتي يحكم العالم\'a1 فهل تستطيع يا تري مهما تزينت بالبهاء أن ترعب الأشرار. 
وفي (11-13) دعوة لأيوب\'a1 بل تحدي أن يخفض كل متعظم شرير متكبر ظالم وأن يحبسهم في الظلام ويدوسهم. لقد إشتكي أيوب أن الله يترك الأشرار ينعمون والله يقول له أرني قوة ذراعك ودسهم أنت. ولنعلم أن الله في مجده وبهائه وبذراعه قادر وحده أن يفعل هذا\'a1 هو وحده الذي يرعب الأشرار ويدوسهم فلا يخرجون لإتمام مقاصدهم. وقادر وحده أن يحبس وجوههم في الظلام= أي في غياهب السجون\'a1 وإن لم يكن هنا في سجون العالم ففي ظلام السجون الأبدية في الجحيم. إن الخطية التي تضايق الله جداً هي خطية الكبرياء فهي خطية إبليس. والله وحده هو القادر أن يخفض وجوه المتكبرين حين يسقط غضبه عليهم. إطمرهم في التراب ألم يصنع هذا بجيش فرعون وأهل سدوم وعمورة ثم مع قورح وداثان وجماعتهما. والمقصود بالتراب بالأكثر أن يميت الأشرار فيذهبوا للتراب. الله وحده القادر أن يذل الأشرار لكنه وحده الذي يحدد الميعاد وهو """"ملء الزمان"""". ليس هذا فقط فالإنسان في ضعفه يتصور أن كل ظالم يجب أن ينتقم منه الله بأن يقتله\'a1 لكن الله له طرق أخري\'a1 فهو وحده الذي يعلم ما في القلوب\'a1 وهل قلب هذا الظالم يمكن أن يتحول بالتوبة\'a1 هنا لا يقتله الله بل يعطيه فرصة للتوبة\'a1 فالله لا يسر بموت الخاطئ بل بأن يرجع ويحيا  حز 18:23. ونري هذا مع بولس الرسول\'a1 فهل كان الله يجب عليه أن يقتله حين قاد المسيحيين للقتل في دمشق وحين كان راضياً بقتل إسطفانوس\'a1 وهل كان الله عليه أن يقتل موسي الأسود أثناء شروره\'a1 وربما نتصور أن الله كان يجب عليه إفناء الدولة الرومانية لأنها إضطهدت المسيحيين لكن الله حولها للمسيحية. """"ولنعلم أن طرق الله غير طرق الإنسان"""" 
وفي (14) كان أيوب قد إعترض علي حكم الله فعليه أن يثبت أنه قادر أن يحكم الكون كله حكماً حسناً\'a1 وأحسن من حكم الله\'a1 وفي هذه الحالة سيعترف له الله= فأنا أيضاً أحمدك= أي أقر بقوتك وقدرتك وقوة ذراعك. هذه سخرية من أيوب. وما علينا سوي أن نعترف بأننا في حمآية ذراع الله في أمان. 
الأيات 15-24 +  41:1-34
بهيموث ولوياثان
يستمر الله في إثبات عجز أيوب بأن يستعرض أمام أيوب قدراته في الخلق وهنا يشير الله لحيوانين مرعبين لضخامتهما ويضع أوصافاً تعبر عن حجمهما الهائل وقوتهما الجسدية. ومما لاشك فيه فإن كان هناك حيوان مخيف بهذه الصورة\'a1 فماذا تكون قوة الإنسان بجانبه\'a1 من المؤكد هو سيفزع وإن كان هذا الحيوان يفزع الإنسان وهو من خليقة الله فكم وكم الله الذي خلقه
1- بهيموث:- """"قاموس الكتاب المقدس""""
لها تفسيرين
1) جمع بهيمة بالعبرية. وبهيمة هو حيوان يدب علي أربعة لا يصدر أصواتاً. وتطلق علي
 الماشية """"قاموس strongs
2) قال آخرين أنها كلمة مصرية قديمة معناها """"ثور الماء"""". وقد ترجمت في بعض المواضع وحوش
 ( أي 35:11 +  مز 73:22)
أما علماء أليهود فيزعمون أن بهيموث حيوان كبير الحجم ذو قدرة عظيمة ومنظره هائل\'a1 ومن شأنه أنه كان ولا يزال يسمن منذ إبتداء الخليقة إلي مجئ المسيح\'a1 فإذا جاء\'a1 قُدِمَ عندها وليمة للمؤمنين. 
والرأي مستقر علي أن بهيموث هو فرس البحر الموجود قديماً في أرض مصر والآن في النيل الأعلي حيث يقضي نهاره في المياه وبين الأشجار\'a1 فإذا جاء الليل خرج إلي الحقول المجاورة في طلب المرعي\'a1 ويتلف مزروعاتها وأشجارها لما هو عليه من شدة النهم. وهو حيوان عظيم الحجم ضخم الجسم (طوله 16 قدماً وعلوه 7 أقدام)
2- لوياثان:-
""""أنت شققت البحر بقوتك\'a1 كسرت رؤوس التنانين علي المياه"""" مز 74:13
""""هذا البحر الكبير. . . لوياثان هذا خلقته ليلعب فيه"""" مز 104:25\'a1  26
"""" في ذلك اليوم يعاقب الرب بسيفه القاسي العظيم الشديد لوياثان الحية الهاربة. لوياثان الحية المتحوية ويقتل التنين الذي في البحر أش 27:1
ليلعنه لاعنو اليوم المستعدون لإيقاظ التنين (لوياثان) أي 3:8
لوياثان إسم عبري معناه """"ملفوف"""" وهو حيوان مائي هائل ذكر في الأسفار الشعرية في الكتاب المقدس. يعيش في البحر. ويقصد به غالباً التمساح. وهو من أكبر الحيوانات التي تدب. وظهره ورأسه وذنبه مغطاة بحراشف قرنية لا تخترقها السهام أو الرماح أو الرصاص إلا في أماكن معينة فيه. ولكن في المعني الأصلي أنه حيوان يلتف كالحية لذلك كثيراً ما تترجم الكلمة حية أو تنين. ولكن بالرجوع لأصل الكلمة العبري (لوفا) نجده يعني أيضاً ينشق/ ويقرض. 
ما هو المعني الروحي لبهيموث ولوياثان
لقد أثبت الله لأيوب فيما قبل سلطانه المطلق علي كل من الطبيعة والخليقة الجامدة كلها (كواكب وأرض وشمس بنورها) وكل الظواهر الطبيعية (البحر بأمواجه والسحاب والأمطار المفيد منها والمؤذي\'a1 والجلد والثلج والبروق والصواعق والرعد) وعلي الخليقة الحيوانية (أسود ووعول. . الخ). وعلي الأشرار فهو وحده الذي يؤدبهم ويخضعهم. فماذا تبقي؟. . . . من القوي التي تحارب الإنسان وتخيفه لم يتبقي سوي قوتين قوة الشهوة وحب العالم في داخل الإنسان وقوة إبليس. 
فنحن يمكننا أن نفهم كلام الله لأيوب علي أنه نوع من التوبيخ أو نوع من التعليم
1.  فكلام الله توبيخ لأيوب\'a1 ففيه يشرح الله أنه وحده القادر علي كل شئ فيكف يعارضه؟!
2. وكلام الله تعليم لأيوب ولكل واحد منا\'a1 ففيه يشرح أنه الإله المحب لخليقته وهو وحده له سلطان علي كل الخليقة (جماد أو حيوان أو إنسان ظالم) فلماذا الخوف من الخارج. هنا الله يعلم الإنسان ألا يخاف من أي شئ يراه\'a1 فهو قادر أن يذلله له. وعلينا أن نؤمن بهذا فيملأ السلام قلوبنا """"أنا هو لا تخافوا"""". إذا كان الله ضابط الكل المحب لشعبه وفي يده السلطان علي كل شئ\'a1 فليطمئن شعبه. 
وبعد أن طمأن الله أيوب وطمأن كل البشر أنه المسيطر علي كل القوي التي تحيط بنا نجده الأن يهدئ النفس المضطربة من1) القوي الداخلية (الشهوة المشتعلة)
 2) القوي غير المنظورة (إبليس)
وأيضاً إذا كان الله ضابط الكل. وكل شئ في يده فهو قادر أن يسيطر علي هذه القوي غير المنظورة ولكننا نشعر بحروبها ضدنا. وإتخذ الله الرموز طريقاً يشرح به هذه الفكرة. فنجد حيوانين هائلين يعبران عنهما وهما:-
1- بهيموث:- هو تعبير عن الشهوات الكامنة فينا ومحبة العالم. 
2- لوياثان:- هو إبليس بكل قواته الموجهة ضد البشر. 
فبهيموث يشير للشهوة أو للجسد الذي تسكن فيه الشهوة\'a1 شهوة البطن (أكل أو شهوات زنا) أو محبة العالم  1يو 2:15-17. ونلاحظ في هذه الأيات أن من يحب العالم ليست فيه محبة الآب. وقطعاً من لا يحب الآب فهو ميت في خطاياه. ومن هنا ندرك أن الإنسان الشهواني يعرض نفسه للموت الروحي. ومن سمات الإنسان الشهواني أنه لا يشبع. ونجد هذه المواصفات في بهيموث """"يطمئن ولو إندفق الأردن في فمه"""" بل هو يشرب ولا يحس بالإرتواء  أر 2:13. والشهوة موجودة في الإنسان """"بالخطية حبلت بي أمي  مز 51:5"""" وبهذا يعترف بولس الرسول """"أما أنا فجسدي مبيع تحت الخطية. . . فالأن لست بعد أفعل ذلك أنا بل الخطية الساكنة فيَ. . .  رو 7:14-25. ولكن بولس لم يتوقف عند هذا بل أكمل عمل نعمة المسيح """"لأن ناموس روح الحياة في المسيح يسوع قد أعتقني من ناموس الخطية والموت  رو 8: 3\'a1  2. والأن كل من يسلك حسب الروح خاضعاً لوصايا الله مجاهداً حتي الدم\'a1 ولا يسلك بحسب الجسد مندفعاً وراء شهواته. يجد هناك قوة تسانده هي نعمة الله العاملة فينا. ومهما كانت الحروب الناشئة من الشهوة التي فينا\'a1 فلنا أسلحة جبارة بها نحارب  أف 6:10-20. وأسلحتنا ليست ضعيفة  2كو 10:3-5. 
فالشهوة للعالم وللخطية هي قوة لا يستهان بها\'a1 بل يقول الكتاب  أم 7:26 طرحت كثيرين جرحي وكل قتلاها أقوياء. ولكن الله قادر أن يعطي لأولاده قوة يقدرون بها أن يطفئوا سهامها الملتهبة. الله أعطي الإمكانية والنعمة التي نستفيد منها ونختبرها إذا جاهدنا بصلواتنا وأصوامنا وبتوبتنا. ونلاحظ قول الرب لقايين عند الباب خطية رابضة وإليك إشتياقها وأنت تسود عليها. وتصوير بهيموث هنا بقوته الهائلة هو تقرير لواقع سيطرة الشهوة بقوة علي الإنسان. ولكن الله قادر أن يعطي قوة من عنده تسيطر عليها. فمن الذي يقدر أن يسيطر علي الشئ إلا خالقه. وها هو الإنسان عاجز عن أن يسيطر علي بهيموث القوي لكن الله يقدر أن يذلله له. وهكذا الشهوة التي أسقطت كثيرين الله يقدر أن يذللها للإنسان\'a1 علي أن يجاهد في سبيل ذلك\'a1 لذلك إمتلأ تاريخ الكنيسة بالقديسين. 
ولوياثان. الحية الملفوفة هو إشارة لإبليس. وسواء في مواصفات بهيموث أو مواصفات لوياثان نلمس أن التصوير يخرج عن أي واقع ملموس مما نراه في الحيوانات التي علي الأرض. وربما هو تصوير لجأ لخيال الشعراء ليصور قوتهم\'a1 أو هو أخذ من الأساطير المصرية هذه المواصفات لحيوانات أسطورية. ولكن الله الذي أوحي بكل ما كتب سمح بهذا لنري فيه صورة للقوة غير العادية سواء للشهوة أو لإبليس. والله وحده هو القادر أن يهزم لنا إبليس ويضربه ويذلله. بل هذا ما رأيناه في الأيات التي ذكر فيها لوياثان. والله هو الذي سيعطينا الخلاص منه\'a1 حينما يأتي بالخلاص  مز 74:10-14. وراجع  أش 27:1 نجد وعداً بأن الله سيضربه بسيفه. ونلاحظ من الأيات المذكورة فيها إسم لوياثان أنه وحش بحري. فالعالم مشبه بالبحر
1. متقلب كأمواج البحر\'a1 يوماً يكون فيه الإنسان إلي فوق وآخر إلي تحت. 
2. وكما أنه غير مضمون فهو كماء البحر المالح لا يروي بل يقتل. 
هكذا فإبليس يستخدم العالم ليجذب أولاد الله بأن يغريهم بما في العالم وحينما ينجذبون يجرفهم العالم بتياراته القوية غير المضمونة العواقب\'a1 بل هي ستقودهم للهلاك كماء البحر القاتل. والله يَعِدْ أنه سيسحق لوياثان أخيراً. والتصوير الذي نراه هنا أن لوياثان الساكن البحر يجعله مضطرباً 41:31.  فهو رئيس هذا العالم\'a1 يقدر أن يعطي لمن يسجد له أن يمتلكه ( يو 14:30 +  مت 4:9) ولكن يا ويل من يستجيب فمصيره الهلاك. بل هو سيعاني من إضطراب كل الأمور حوله إذا إنجذب من شهواته فإبليس يهيج العالم كما يهيج لوياثان البحر الساكن فيه. ونلاحظ أن إبليس قد شبه بالحية وفي  رؤ 13:2 شبه ضد المسيح بوحش شبه نمر وقوائمه كقوائم دب وفمه كفم أسد وأعطاه التنين قدرته. علامة علي دمويته. وفي  رؤ 13 نجد وحشين. الأول خارج من البحر  رؤ 13:1 والأخر خارج من الأرض  رؤ 13:11. ووراء الوحشين إبليس الحية القديمة. ومصير هذه الحية البحيرة المتقدة بالنار ومعها الوحوش.  رؤ 19:20. فإبليس يحارب كيفما شاء ولكن الله وحده هو المسيطر عليه والقادر علي إخضاعه. وسيهلكه أخيراً. والآن ما هي الصورة التي يراها كل إنسان من تصوير سلطة الله علي الخليقة:-
نري الله كإله ضابط الكل\'a1 مسيطراً علي كل القوي المحيطة بنا سواء منظورة أو غير منظورة\'a1 الكواكب والسماء\'a1 الأرض والبحر\'a1 الحيوانات بكل أنواعها\'a1 إبليس وكل أعوانه\'a1 بل حتي الشهوة التي في داخل الإنسان. هي صورة تعطي طمأنينة وثقة في إلهنا القادر علي كل شئ. 
الأيات 15-24:- """"هوذا بهيموث الذي صنعته معك ياكل العشب مثل البقر\'a1 ها هي قوته في متنيه وشدته في عضل بطنه\'a1 يخفض ذنبه كارزة عروق فخذيه مضفورة\'a1 عظامه انابيب نحاس جرمها حديد ممطول\'a1 هو اول اعمال الله الذي صنعه اعطاه سيفه\'a1 لان الجبال تخرج له مرعى وجميع وحوش البر تلعب هناك\'a1 تحت السدرات يضطجع في ستر القصب والغمقة\'a1 تظلله السدرات بظلها يحيط به صفصاف السواقي\'a1 هوذا النهر يفيض فلا يفر هو يطمئن ولو اندفق الاردن في فمه\'a1 هل يؤخذ من امامه هل يثقب انفه بخزامة"""". 
 بهيموث= فرس البحر(سيد قشطة). وهو موجود في أنهار إفريقيا ومنها نهر النيل. وهو ضخم جداً وفمه عريض وأنيابه ضخمة وجلده سميك وقاسى جداً حتي الرصاص لا يكاد يخترقه. ولا يأكل سوي العشب والنباتات. 
صنعته معك¨= حتي لا يفتخر أيوب بل يتذكر أنه هو أيضاً من جملة خلائق الله. بل إن الله بوحي من روحه القدوس أتي بموضوع بهيموث بعد أن أثبت لأيوب عجزه عن أن يسيطر علي الأشرار\'a1 وذلك ليضعه مرة أخري أمام التساؤل\'a1 لقد إعترضت علي أن الظالمين يتحكمون في العالم\'a1 فهل تستطيع أن تدير أنت شئون العالم الأدبية وتسيطر علي الأشرار\'a1 إن كنت لا تستطيع أن تسيطر علي العالم المادي وعلي حيوان مثل بهيموث. وإذا فهمنا أن بهيموث يشير للشهوة داخل الإنسان نفهم أن الله قد خلق الإنسان وخلق معه الشهوة\'a1 ولكن حين خلق الله الشهوة كانت شهوة مقدسة وحب مقدس لم تلوثه الخطية\'a1 فإذا قال داود في المزمور  مز 27:4 واحدة سألت من الرب وأياها ألتمس. أن أسكن في بيت الرب كل أيام حياتي لكي أنظر إلي جمال الرب وأتفرس في هيكله. ويقول بولس الرسول """"لي أشتهاء أن أنطلق وأكون مع المسيح فذاك أفضل جداً  في 1:23(  رو 6:12\'ba  غل 5:17\'ba أف2:3\'ba  2 بط2:10\'ba  لو22:15\'ba  1تس2:17\'ba  مز119:20). فماذا كان الحال قبل السقوط؟ من المؤكد كانت شهوة آدم هي وجوده المستمر في حضرة الله. آدم يشتاق لله ويحب الله\'a1 هذه هي الشهوة التي خلق الله آدم بها. ولكن للأسف فسدت الصورة المثالية التي خلق الله الإنسان بها\'a1 وإنحرفت شهوة الإنسان. 
يأكل العشب مثل البقر= مع كل حجمه وقوته فهو يتغذي علي العشب\'a1 مثل البقر\'a1 ولا يفترس الحيوانات ليأكلها. وفي آية (20) لأن الجبال تخرج له مرعي= طعامه النبات
وجميع وحوش البر تلعب هناك= لأنه حيوان نباتي فالحيوانات الصغيرة لا تخافه فهو لا يأكلها بل تلعب بجانبه. وهذا من صلاح الله فلو كانت الحيوانات الضخمة مثل سيد قشطة والفيل من أكلات اللحوم ما تركت حيوان حي بجانبها
ولو فهمنا أن بهيموث يشير للشهوة نفهم أن الجبال تخرج له مرعي= بأن شعب الله الذين هم كالجبال ( أش 2:2)\'a1 هم الذين بحريتهم يقدمون المرعي لشهوتهم\'a1 إن تركوا لشهواتهم العنان ولكن الخطورة أن جميع وحوش البر تلعب هناك. فحيثما سمح إبن الله لشهواته أن تنطلق سيعرض نفسه لمخاطرة كثيرة من الوحوش المفترسة. ونحن نعلم أن خصمنا إبليس يجول كأسد زائر يلتمس من يبتلعه. 
ولنري قوة بهيموث يخفض ذنبه كأرزة= فعضلاته قوية وصلابته كالخشب عظامه أنابيب نحاس. جرمها حديد ممطول= مترجمة عن اليسوعيين """"عظامه قصب من نحاس وغضاريفه حديد مطرق"""". وترجمتها الإنجليزية """"عظامه قصب من نحاس وضلوعه حديد (قضبان حديدية). عروق فخذيه مضفورة= أي قوية ومتشابكة فعظامه وعروقه وأطرافه لو قورنت بباقي الحيوانات تظهر كأنها حديد ونحاس. 
ملحوظة:- من يرفض أن يصوم حسب نظام كنيستنا أي علي الطعام النباتي ألا يلاحظ قوة هذا الحيوان وهو نباتي وهكذا الفيل مثلاً. 
هو أول أعمال الله¨. الذي صنعه أعطاه سيفه= """"هو أول طرق الله في الخلق"""" (بحسب ترجمة اليسوعيين والإنجليزية). قد تعني أنها اكبر أعمال الله من ناحية الخليقة الحيوانية. وسيفه هو أنيابه التي يقطع بها الحشائش كما بخجل. 
أو إذا فهمنا أن بهيموث يشير للشهوة. فالله خلق فينا الشهوة\'a1 وهي في صورتها الأولي عبارة عن طاقة حب مقدسة كالسيف تقطع كل إرادة خاطئة وترفضها ويكفي أن نسمع قول بولس الرسول في(  رو 8:35-39)\'a1 أو تري الشهداء ذاهبين لساحات الإستشهاد في فرح مسبحين لتعرف قوة شهوة الحب التي فاقت علي قوة رهبة الموت. ولكنها متي إنحرفت صارت قوة رهيبة مدمرة للإنسان وتصير كسيف يقطع ويدمر كل ما هو حلو ومفرح ومعزى فى حياته. (مراثى4:1)  تحت السترات يضطجع= هو نبات ينمو في مصر علي شطوط النيل وأوراقه كبيرة وأزهاره منها ما هو أبيض ومنها ما هو أزرق (ومترجم في بعض الترجمات اللوتس)
ملحوظة:- 
1.  هو يضطجع في سلام لأنه آكل نباتات فالحيوانات لا تهرب منه\'a1 وهو لا يخاف من أحد\'a1 فمن
 يُرعِب الآخرين يعيش هو أيضاً في رعب. ومن يحيا في سلام مع الأخرين لا يحمل لهم شراً يحيا 
 هو أيضاً في سلام مع نفسه. 
2- هذا الحيوان لا يأكل اللحوم ولكن لشراهته يدمر كل ما هو أخضر\'a1 حتي أنه يبحث في الجبال عن
 كميات تكفيه. وشهوة الإنسان إذا إشتعلت بالخطية تدمر كل ما هو أخضر فيه\'a1 أي كل ما هو 
 مفرح وحي فيه. 
هوذا النهر يفيض فلا يفر هو\'a1 يطمئن ولو إندفق الأردن في فمه= يظهر نهمه في أن لا يكفيه أي كميات من الماء\'a1 بل هو يفرح كلما إزدادت كميات المياه ولو كانت كل نهر الأردن. وهو تصوير شعري يعبر عن نهمه وقوته وسعة معدته. ولكننا نفهمها بأسلوب روحي إذا فهمنا أن بهيموث يشير للشهوة ومحبة العالم فالإنسان الدنيوي لا يكتفي بما يملك\'a1 ومهما أخذ فهو يريد المزيد\'a1 ونلاحظ أن المسيح قال للسامرية عن العالم """"من يشرب من هذا الماء يعطش  يو 4:13 وأما من يعطش للماء الذي يعطيه المسيح فهو لا يعود يعطش لماء العالم بل تجري من بطنه أنهار ماء حي (قارن  يو 4:14 مع  يو 7:37\'a1  38)
فالإنسان الدنيوي الذي يشتهي العالم\'a1 لا يكفيه كل العالم في نهمه\'a1 مثال:- سليمان حينما ترك نفسه وراء شهوة النساء\'a1 كان له 1000 زوجة وسرية. وداود بقدر ما كان له إشتهي بثشبع زوجة أوريا. أما يوسف الذي رفض الخطية فاض منه أنهار ماء حي أشبعت العالم. وكل من يرفض الخطية يمتلئ بل يفيض من الروح القدس علي الآخرين. أما هذا العالم بشهوته وأمجاده الزائلة فسيجف  رؤ 16:12. 
ونلاحظ أن كلمة الأردن معناها الذي ينزل إلي أسفل. إشارة للإنسان الذي لا يشبع من ثروات وشهوات هذا العالم السفلي. وآية (24) مع قوة بهيموث هل تستطيع يا أيوب أن تسيطر عليه أو تأخذ شيئاً من أمامه أو تثقب أنفه بخزامة"
"أيوب",41,1,"الإصحاح الحادي والأربعون"
"أيوب",41,1,"الإصحاح الحادي والأربعون
بهيموث ولوياثان ربما يكونان وصف لفرس النهر (سيد قشطة) وللتمساح. ولكن نجد في أوصافهما مبالغات شديدة والسبب في ذلك:-
1. قد يكون بهيموث ولوياثان حيوانات منقرضة تشبه سيد قشطة والتمساح. 
2. قد يكون كاتب السفر إستفاد من أوصاف شعرية مصرية لحيوانين مرعبين لهما هذه الأسماء\'a1 
 وبحسب الثقافة المصرية وجد الكاتب هذه المواصفات فإقتبسها. 
3. قد يكون كلاهما رمز لقوي غير مرئية كما سبق وقلنا. 
والله الذي أوحي للكاتب بما كتب وافق علي هذه الإقتباسات لأنها معبرة عن مدي قوة القوي المعادية للإنسان وإمكانية هذه القوي أن تدمره لولا يد الله التي تعين الإنسان. ونري أنه بنفس الفكر صور سفر الرؤيا ضد المسيح الذي سيكون له قوة الشيطان كاملة بأن له قوائم دب وفمه كفم أسد وهو شبه نمر. إذاً التشبيهات موجودة في الكتاب المقدس. والأسد نفسه مشبه بالشيطان  1بط 5:8. وبولس يقول حاربت وحوشاً في أفسس  1كو 15:32. والمسيح يقول أرسلتكم كحملان وسط ذئاب. فتكون هذه التشبيهات كلها للشرح. 
وفي هذا الإصحاح يكلمنا الوحي عن لوياثان\'a1 وهو إقتبس صورة لوحش مصري أو تشبيه للتمساح مبالغ فيه ليرمز للشيطان وفيه نري بعض مواصفات الشيطان. 
1. أنه جبار في قوته. . . . دائرة أسنانه مرعبة (آية 14). . . والمسيح قال عن إبليس أنه كان قتالاً للناس
 منذ البدء ( يو 8:44)
2. الإنسان وحده غير قادر عليه """"أتصطاد لوياثان بشص(1) = بدوني لا تقدروا أن تفعلوا شئ. . . ويكمل بولس الرسول """"أستطيع كل شئ في المسيح الذي يقويني. 
3. قاسى جداً. . . قلبه صلب كالحجر (24)
4. من يسير وراء ينخذع. . . . هوذا الرجاء به كاذب آية (9)
5. هو في حمآية من أعدائه. . . مطاوي لحمه متلاصقة (23) فالبشر وحدهم لا يطولونه. 
6. رغبته الشديدة في هلاك البشر\'a1 هذه هي إرادته\'a1 فهو في حالة حقد وغليان ضد الإنسان. . . . من فيه تخرج مصابيح. شرار نار تتطاير منه الأيات (18-21)
وهذه المواصفات قطعاً لا توجد في أي حيوان معروف أو غير معروف\'a1 فلا يوجد حيوان خلقه الله يتطاير منه الشرار\'a1 أو يخرج دخان من منخريه\'a1 إنما هو تعبير شعري أو رمزي لقوة حقد إبليس ضد البشر وأنه لا يهدأ إن لم يسقط القديسين في خطايا مهلكة\'a1 ولنري مثالاً لقوته\'a1 لو لم يقصر الرب تلك الأيام لم يخلص جسد. لكن يضلوا لو أمكن المختارين أيضاً.  مر 13:20\'a1  22. ولكثرة الإثم تبرد محبة الكثيرين  مت 24:12. 
وكلمة لوياثان leviathan وأصل الكلمة من lava بمعني ينشق أو يقرض. وهذا ينطبق تمام الإنطباق علي إبليس الذي يقرض الإنسان الخطايا التي تشتهيها نفسه\'a1 ثم يطالبه بسداد الدين عبودية له """"أعطيك كل هذه إن خررت وسجدت لي"""" وفي السجود لإبليس إنشقاق وإنفصال عن الله. ولكن كان البشر قبل المسيح في موقف العاجز أمام إبليس\'a1 حتي جاء المسيح وإشترانا وسدد الديون عنا
آية 1:- """"اتصطاد لوياثان بشص او تضغط لسانه بحبل"""". 
 أتصطاد لوياثان بشص أو تضغط لسانه بحبل= نلاحظ هنا اللهجة التهكمية بمعني هل تستطيع أن تفعل هذا يا أيوب مع التمساح\'a1 أو هذا اللوياثان\'a1 أنت لا تقدر. وبنفس المعني\'a1 أنت يا أيوب لا تقدر أن تخلص نفسك من يد إبليس\'a1 فكل الضربات التي أتتك هى منه\'a1 وأنت لا تقدر علي أن تخلص نفسك منه سوي بواسطتي. وهذا الكلام موجه لكل البشر فنحن أعجز من أن نخلص من يده سوي بواسطة المسيح. وإذا كان سفر أيوب قد بدأ بضربات موجعة وجهها إبليس لأيوب\'a1 فها هو السفر ينتهي وأيوب أفضل حالاً بالضعف عن حالته أولي\'a1 وهذا بالضبط ما عمله المسيح\'a1 فالمسيح بكرنا جاء ليجعلنا أبكاراً لنرث معه وهو حررنا لنصير أبناء وارثين. فنحن كبشر ضعاف لا يمكننا أن نصطاد لوياثان بشص ولكنه هو صنع حين قيده بصليبه 1000 سنة بعد معركة الصليب  رؤ 20:1-3
ونلاحظ أن كلمة لوياثان عبرية معناها الملتوي أو الملتف\'a1 لذلك نفهم أنها قطعاً تشير إلى الثعبان\'a1 ولكن المواصفات مواصفات تمساح. فإبليس له قوة التمساح ومكر وسم الحية. ولقد ترجمت كلمة لوياثان بالتنين كثيراً ( أي 3:8). والترجمات المختلفة للكلمة راجعة غالباً لأن المترجمين لم يعرفوا بالضبط معناها\'a1 أو لأن التصوير اليهودي لهذا اللوياثان أنه وحش بحري له مواصفات مخيفة أسموه اللوياثان أو التنين. والتمساح يوجد في أنهار إفريقيا وأمريكا وطوله يصل  إلي 10 أمتار وجسمه مغطي بحراشيف قرنية تمنع دخول الرماح والسهام فيه\'a1 وفمه كبير جداً وأسنانه كثيرة وحادة يأكل الحيات ولكنه يبلعها كما هي بلا مضع. ويتنفس كحيوانات اليابس ولكنه غالباً يطفو علي وجه الماء ولا يري فوق الماء\'a1 إلا الماء المندفع منه. ويقدر أن يبقي تحت الماء زماناً. وقوله أتصطاده بشص= الشص لا يصلح سوي لصيد السمك الصغير وقطعاً لا يصلح للتمساح. تضغط لسانه بحبل= حبل يوضع في فمه لإذلاله. 
الأيات 2-11:- """"اتضع اسلة في خطمه ام تثقب فكه بخزامة\'a1 ايكثر التضرعات اليك ام يتكلم معك باللين\'a1 هل يقطع معك عهدا فتتخذه عبدا مؤبدا\'a1 اتلعب معه كالعصفور او تربطه لاجل فتياتك\'a1 هل تحفر جماعة الصيادين لاجله حفرة او يقسمونه بين الكنعانيين\'a1 اتملا جلده حرابا وراسه بالال السمك\'a1 ضع يدك عليه لا تعد تذكر القتال\'a1 هوذا الرجاء به كاذب الا يكب ايضا برؤيته\'a1 ليس من شجاع يوقظه فمن يقف اذا بوجهي\'a1 من تقدمني فاوفيه ما تحت كل السماوات هو لي"""". 
 الأسلة= الأسل عيدان تنبت بلا ورق يعمل منها الحصر في مصر والمفرد أسلة. ويصنع منها حبال. والمعني أن الإنسان لا يستطيع أن يضع حبلاً في خطم التمساح أي أنفه. أو خزامة في فكه ليقوده مثل باقي البهائم. هل يقطع معك عهد أي هل تستأمنه في عهد ليخدمك كما تفعل مع الحيوانات المستأنسة. الكنعانيين= هو لفظ يطلق علي التجار= أي أن صيد التمساح والتجارة فيه خطر جداً. إلال السمك= الحراب الصغيرة التي تستخدم في صيد السمك. ونعرف أن جسمه مصفح ضد الحراب. ضع يدك عليه لا تعود تذكر القتال= هي سخرية\'a1 فمن يحاول أن يقترب من التمساح سيمزقه ويموت. [ولكن بالمفهوم الروحي\'a1 فمن يقترب من إبليس ينسى الجهاد الروحي. مثال إنسان قديس\'a1 ظن بجهل أنه صار قوياً غير قابل لأن يخطئ\'a1 فيذهب لأماكن خاطئة هي عرين إبليس الأسد الزائر. وهنا لا يعود يذكر جهاده وقتاله ضد إبليس. """"كل من يظن أنه قائم فليحذر لئلا يسقط"""". 
هوذا الرجاء به كاذب= من يظن أنه في أمان ويأتي ليلعب مع التسماح يخدعه ويقتله وهكذا كل من يظن أنه يسير في طريق إبليس ويتصور أنه قادر علي النجاة. 
ألا يكب ايضاً برؤيته= يُكَبْ أي يقلب علي وجهه ويسقط علي الأرض من يراه فقط. 
من يقف إذا بوجهه= إذا كنت لا تستطيع أن تقف أمام خليقتي يا أيوب فهل تقف أمامي. والله يدعوه أن يلتمس سلامه مع مخلوق كهذا\'a1 وبالأولي أن يتصالح مع الله ليلتمس سلامه. فعليك يا أيوب أن تتصالح معي ولاتهاجمني فهذا أفضل لك. من تقدمني فأوفيه= هي نفسها  رو 11:35 فالله ليس مديناً لأحد\'a1 بل هو الذي أعطانا كل شئ\'a1 فكيف نناقشه. 
الأيات 12-34:- """"لا اسكت عن اعضائه وخبر قوته وبهجة عدته\'a1 من يكشف وجه لبسه ومن يدنو من مثنى لجمته\'a1 من يفتح مصراعي فمه دائرة اسنانه مرعبة\'a1 فخره مجان مانعة محكمة مضغوطة بخاتم\'a1 الواحد يمس الاخر فالريح لا تدخل بينها\'a1 كل منها ملتصق بصاحبه متلكدة لا تنفصل\'a1 عطاسه يبعث نورا وعيناه كهدب الصبح\'a1 من فيه تخرج مصابيح شرار نار تتطاير منه\'a1 من منخريه يخرج دخان كانه من قدر منفوخ او من مرجل\'a1 نفسه يشعل جمرا ولهيب يخرج من فيه\'a1 في عنقه تبيت القوة وامامه يدوس الهول\'a1 مطاوي لحمه متلاصقة مسبوكة عليه لا تتحرك\'a1 قلبه صلب كالحجر وقاس كالرحى\'a1 عند نهوضه تفزع الاقوياء من المخاوف يتيهون\'a1 سيف الذي يلحقه لا يقوم ولا رمح ولا مزراق ولا درع\'a1 يحسب الحديد كالتبن والنحاس كالعود النخر\'a1 لا يستفزه نبل القوس حجارة المقلاع ترجع عنه كالقش\'a1 يحسب المقمعة كقش ويضحك على اهتزاز الرمح\'a1 تحته قطع خزف حادة يمدد نورجا على الطين\'a1 يجعل العمق يغلي كالقدر ويجعل البحر كقدر عطارة\'a1 يضيء السبيل وراءه فيحسب اللج اشيب\'a1 ليس له في الارض نظير صنع لعدم الخوف\'a1 يشرف على كل متعال هو ملك على كل بني الكبرياء"""". 
 إستمرار لوصف قوة التمساح كخليقة قوية مرعبة تثبت قوة الله وقدرته علي الخلق. ورمزاً لإبليس بقوته الهائلة ودمويته وحقده علي البشر. 
لا أسكت علي أعضائه= دعني أحدثك عن وصف قوة أعضاء لوياثان. بهجة عدته أي حراشفه وهي مبهجة لأنها توافق حاجته في الحمآية ضد أعدائه\'a1 وترد ضرباتهم كأنها من نحاس ومع ذلك فهي خفيفة ولينة ولا تمنع التمساح من الدوران والسير في الماء بسرعة عجيبة. من يكشف وجه لبسه= لبسه أي حراشفه\'a1 فهل يقدر أحد أن يجرده من حراشفه أولاً ليحاربه. من يدنو من مثني لجمته= فللتمساح صفان من الأضراس (36 ضرس من فوق\'a1 30 من تحت) وهي كأسنان المنشار وحينما يغلق فمه تشتبك الأسنان بعضها ببعض فلا يمكن الخلاص منه. مثني لجمته= صفي أضراسه
وفي (15-17). وصف لحراشفه\'a1 فهي كالمجن (الترس الذي يستخدمه المحارب للدفع عن نفسه). وهي محكمة مضغوطة بعضها علي بعض\'a1 ومختومة فلا تدخل الريح منها. فهو في حمآية حراشفه في أمان تام\'a1 وكان إبليس يظن قبل الصليب أنه في أمان تام. ونحن لا نستطيع أن نهاجم إبليس بدون المسيح فهو اقوي بما لا يقاس بالمقارنة مع البشر ولكنه أضعف بما لا يقاس من الله. وإذا كان الله معنا فمن علينا. 
وفي (18-21) يتنفس التمساح ويمسك في داخله الهواء الذي تنفسه\'a1 وهو يأخذ كمية كبيرة من الهواء حتي ينتفخ ثم يغطس في الماء\'a1 ويخرج نفسه من منخريه\'a1 فيظهر هذا في نور الشمس¨ كأنه شرار نار ومصابيح. وفي الكتابات المصرية وجد أنهم يقولون عن عيني التمساح أنها كنآية عن الصبح. والهواء الخارج من منخريه يكون ساخن بسبب سخونة جسمه. ولكن واضح أن الوصف فيه مبالغات شعرية مأخوذة من الأساطير المصرية. والله سمح بهذا لأن فيه رمزاً لحقد إبليس وغضبه علي البشر. ويل لساكني الأرض والبحر لأن إبليس نزل إليكم وبه غضب عظيم  رؤ 12:12 (ومازلنا حتي الأن نقول عن الإنسان الغضوب أن عينيه يخرجان شراراً)
ملحوظة:- إذا كان غضب إبليس بهذا الكم المخيف وهذا التصوير المرعب فكم وكم يكون غضب الله علي الأشرار. وراجع  مز 18:7\'a1  8 +  أش 30:33 \'ba  2تس 2:8. 
وفي (22-28) أمامه يدوس الهول= في ترجمات أخري """"أمامه يرقص الهول"""" أو في ترجمة اليسوعيين أمامه يعدو الهول أي الحيوانات تجري أمامه وتعدو كمن يرقص أو كمن يترنح من الهول أو يتخبط في عدوه من شدة هلعه. فالتصوير هنا كأن الخوف هو خادم يمشي أمام التمساح فيهرب منه كل حي. مطاوي لحمه متلاصقة= أي ما تحت عنقه وبطنه\'a1 وهذه ليست لينة كما في باقي الحيوانات. بل هي لا تتحرك عند مشيه كالرحي= حجر الطاحونة صلب جداً\'a1 وهذا وصف لشجاعته في الهجوم علي فريسته يتيهون= يدهشون ويتيهون لإضطراب أفكارهم من الخوف. سيف الذي يلحقه لا يقوم أي إذا حاول إنسان أن يلاحقه ويضربه بسيف\'a1 لن يقوم سيف هذا الشخص مرة أخري\'a1 لأن في هذه المحاولة ستكون نهآية هذا الشخص. وحتي الأسلحة العادية مثل السيف والرمح والمزراق لا تصلح لضربه. والدرع لا يصلح في الحمآية منه وفي آية(29)المقمعة= خشبة يضربه بها الإنسان علي رأسه ليذله ويهينه. 
ولنلاحظ أن الإنسان الخاطئ المستهتر يكون بلا قوة أمام إبليس وتصير أسلحته بلا نفع 
وفي (30) تحته قطع خزف حادة\'a1 يمدد نورجاً علي الطين= بطنه كقطع الخزف الحادة تترك أثراً في الطين كأثر النورج. وإبليس لا يترك أثاره\'a1 ولا سلطة له إلا علي من عاش في الخطية (كالطين). فالله قال للحية """"تراباً تاكلين كل أيام حياتك"""" وقال لآدم """"إلي التراب تعود"""" بسبب خطيته فكل من يرجع لخطيته تاركاً طريق التوبة يكون للحية لوياثان سلطان عليه ويدوسه ويأكله. 
وفي (31) المقصود بالبحر 1) النهر لو كان التمساح. . . . أو 2) العالم لو كان إبليس
فالتمساح بحركته العنيفة يهيج الطين في النهر ويجعله كقدر به أنواع من العطارة فيغلي فيقلب هذه التوابل داخله (أي ماء غير نقي). وهكذا إبليس في حركاته في هذا العالم فهو يجعله مضطرب كأنه قدر يغلي\'a1 ولكنه يخدع الذين ينجذبون له ببعض الملذات التي هي كعطور العطار\'a1 ولكن ما فائدتها في عالم يغلي. العطور في هذه الحالة تكون كقدور اللحوم والكرات لشعب الله بينما هم مستعبدين في مصر. 
يضئ السبيل وراءه فيحسب اللج أشيب= من سرعته في حركته في المياه يترك وراءه خطاً من زبد أبيض فيخيل للناظر أن البحر قد وخطه الشيب (من رغاوي الماء). 
وإبليس خداع يصور للخاطئ أن طريق الخطية طريق حلو كأنه مضئ. 
وفي (33) صنع لعدم الخوف= حسب ترجمة اليسوعيين """"وقد طبع علي عدم الخوف""""
وفي (34) يشرف علي كل متعال. هو ملك علي كل بني الكبرياء= إن كان الكلام علي التمساح فهذا يعني أنه أقوي من كل الوحوش\'a1 لا يخافها بل يملك عليها. لكن الكلام يكون أوضح عن إبليس المتكبر والذي يملك علي كل متكبر. فكل متكبر هو تابع (لإبليس) والعكس فالله عند المنسحق يسكن وعند المتواضع يجد منزلاً  أش 57:15. فالله يملك علي المتواضعين. 
إلي هنا إنتهي رد الله علي أيوب لكن لم يوضح الله الأسباب والأمور التي أقلقت أيوب فلماذا؟
1. لا أيوب ولا أصدقائه كانوا في ذلك الوقت قادرين علي فهم هذه الأمور. ونحن حتي الآن غير قادرين
 أن نفهم كل شئ. 
2. لم يكن الوقت مناسباً لشرح قضايا روحية كالقيامة والفداء وعمل الروح القدس المعزي. 
3. طالما لن يستطيع بشر أن يفهم كل أمور الله فعلينا أن نسلم لله. 
4. الله غير مطالب بتقديم تفسير عن كل تصرف\'a1 وما علينا إلا أن نقبل من يده كل شئ فهو بالتأكيد
 في صالحنا. وما حدث هنا أن الله أثبت لأيوب صلاحه ومحبته له. فما كان من أيوب إلا أن إستسلم
 ليدي الله كما يستسلم المريض ليدي جراح ماهر دون أن يسأله\'a1 ودون أن يدري ما يفعل الجراح\'a1 بل
 كل ما يعرفه أن فيما يفعله الشفاء. ومناقشات أيوب مع أصحابه زادته هياجاً\'a1 فالمنطق البشري لا
 يعزي إنسان\'a1 ولكن أيوب كان له سلام حينما تكلم معه الله\'a1 فالله ألقي سلامه عليه ليتقبل إرادته. 
5.ونلاحظ أن الله تكلم مباشرة مع أيوب مستخدماً التشبيهات الطبيعة فلم يكن هناك كتاب مقدس. 
6.لو قال الله مثلاً لأيوب """" أنا فعلت كذا وكذا فيك بسبب كذا وكذا. . . . . """" لصار الله مطالباً بأن يرد على كل إنسان عبر العصور عن كل تصرف يعمله. ولكن هذا ضد كرامة الله. وكان رد الله على أيوب ملخصه """" ثق فىَ وإن وثقت فىَ ستقبل أى شىء أفعله"""". ونحن ما علينا سوى أن نؤمن بالله صانع الخيرات القدير الذى يحبنا\'a1 وبذل إبنه عنا فكيف لا يهبنا معه أيضاً كل شىء  رو 8:32. وبهذا نقبل أى أمر من الأمور التى يسمح بها الله فى حياتنا واثقين بأن هذا الأمر مهما كان صعباً فهو للخير ولخلاص نفوسنا."
"أيوب",42,1,"الإصحاح الثاني والأربعون"
"أيوب",42,1,"الإصحاح الثاني والأربعون
قال سليمان """"نهآية أمر خير من بدايته""""  جا 7:8. ونري هنا في هذا الإصحاح إثبات ذلك. 
1. عودة أيوب إلي الله وندمه عن كل الكلام الصعب الذي قاله. فكان من المحزن حقاً أن رجلاً كاملاً 
 كأيوب يتخاصم مع الله. 
2. عودة الصداقة بين أيوب وأصحابه وإنتهاء الجدال بالمصالحة فكان من المحزن أيضاً أن
 هؤلاء الأصدقاء وكلهم كاملين نجدهم في إختلاف وخصام. 
3. نهآية أحزان وآلام أيوب\'a1 بل عاد له كل شئ مضاعفاً. 
آية 1:- """"فاجاب ايوب الرب فقال"""". 
فأجاب أيوب الرب= لقد قال أيوب سابقاً أنه لن يتكم ثانية 40:4\'a1  5 ولك نه كان يقصد أنه لن يتكلم كلام إحتجاج أو جدال مع الله\'a1 أو يبرر نفسه ثانية. ونجده هنا يتكلم كلمات توبة وشهادة لله. وما أحلي كلمات التوبة في أذني الله. 
آية 2:- """"قد علمت انك تستطيع كل شيء ولا يعسر عليك امر"""". 
 لقد وصلت رسالة الله\'a1 وعلم أيوب أن الله يستطيع كل شئ. لقد بدأ أيوب كلمات التوبة في 40:4\'a1 5. وهنا هو يكملها ليفرح السمائيين. فالسماء كلها تفرح بخاطئ واحد يتوب\'a1 وتفرح بكل متمرد علي الله حين يعلن خضوعه لله. 
قد علمت أنك تستطيع كل شئ= هنا أيوب ينسب لله المعرفة والقوة اللانهائيين. فالتصرفات الفاسدة والإحتجاج ضد الله ينشئ مبادئ فاسدة منها عدم تصديق الحقائق الإلهية. أما التوبة الصادقة فعلامتها تصديق المبادئ الإلهية والحق الإلهي\'a1  2تي 2:25. لقد أمن أيوب أنه من الصعب أن يتخاصم مع الله القدير. وإذا كان أيوب قد إعترف هنا بأن الله يستطيع كل شئ\'a1 فقد إعترف ضمناً أن الله قادر أن يرفع عنه آلامه\'a1 الأمر الذي كان ينكره قبل ذلك. ولقد سبق أيوب في مرارته السابقة أن قال هذا المعني أن الله يستطيع كل شئ ولكنه قالها بنوع من اليأس والشكوي من إله جبار يسحق من يريد 23:1 3. ولكنه يقولها الآن بفرح علي أن الله قادر أن يخلصه. 
آية 3:- """"فمن ذا الذي يخفي القضاء بلا معرفة ولكني قد نطقت بما لم افهم بعجائب فوقي لم اعرفها"""". 
 لقد وبخ الله أيوب في 38:2 حين قال """"من هذا الذي يظلم القضاء بكلام بلا معرفة"""" وهنا يرد أيوب علي الله معترفاً بإنسحاق وخجل بأنه هو هذا الشخص\'a1 فهو يعترف بغبائه وجهله أنه فعل هذا. وإعترف بخطيته السابقة. لقد شعر أيوب هنا بفظاعة خطيته التي عملها حين إتهم الله بالظلم في قضائه ضده\'a1 وفي أنه تشاجر مع الله ليبرر نفسه. فأمور الله وقضائه أعلي من أن نفهمه. ولكن علينا أن نقر بأن الله لا يخطئ فيما يفعل ولكننا نحن الذين لا نفهم. وهنا كأن أيوب يقول""""أنا أعترف بخطأي فأنا الذي أخفيت القضاء"""" وبدآية طريق الشفاء من الخطية أن يدرك الإنسان خطورتها وأنها قاتلة. 
آية 4:- """"اسمع الان وانا اتكلم اسالك فتعلمني"""". 
إسمع الآن= يقولها أيوب ليس بكلمات إحتجاج بل بروح الصلاة والتضرع. وهنا يقولها بروح مخالفة لما قاله من قبل في 13:22 \'ba 9:15. فما قاله من قبل كان يريد أن يتكلم أمام الله كخصم ليبرر نفسه أمام الله. ولكنه هنا يتكلم كتائب يريد أن يتعلم وليس كمن يريد أن يُعَلِم. وكأن لسان حاله يقول """"لا تلقي عليَ يارب مزيداً من الأسئلة المحيرة فقد إقتنعت بجهلي وأريد أن أقف أمامك كجاهل لتعلمني""""
آية 5:- """"بسمع الاذن قد سمعت عنك والان راتك عيني"""". 
يسمع الأذن قد سمعت عنك والآن رأتك عيني. ما أحلي التوبة وأقواها\'a1 فهي تنقي القلب فيعاين الله """"طوبي لأنقياء القلب لأنهم يعاينون الله""""
لقد سمع أيوب عن الله من الآخرين\'a1 سمع عن قدرته وعظمته ومراحمه والآن هو قد إختبر هذا كله= رأتك عيني. فالسمع فقط يكون للعقل\'a1 وهذا وحده يثير الجدل الذي ينشأ من البر الذاتي\'a1 والسمع فقط لا يمنع البر الذاتي. أما الرؤيا فهي للقلب\'a1 وهي بعكس السمع تدعو التائب الحقيقي ليصمت في حضرة الله شاعراً بعدم استحقاقه فالرؤيا تدعو للتواضع\'a1 وكلما إزداد الإنسان معرفة بالله إزداد تواضعاً فهو سوف يري حقارته بالنسبة لعظمة الله\'a1 وسيدرك جهله فيكف عن المناقشة والجدال. 
حين كان أيوب في الماضي يسمع فقط عن الله طلب في بره الذاتي أن يتناقش مع الله. والآن بعد توبته وبعد أن رأي الله وإختبره سكت ولم يتكلم حتي يتعلم من الله. 
وعمل الخدام أن يعلموا الناس عن الله\'a1 أن يسمعوهم عن الله. أما عمل الروح القدس فهو أن يفتح أعين قلوبنا لنري الله. بل أن يعلن المسيح فينا  غل 1:16 فيحولنا إلي صورته  2كو 3:18. عمل الخدام أن يعطوننا معرفة ولكن عمل الله نفسه يذهب إلي أبعد من المعرفة النظرية\'a1 يذهب إلي حد الإعلان عن نفسه داخلنا فكأننا رأيناه. وأيوب وصل لهذا الإختبار بعد أن أدبه الله\'a1 فالله إذا سمح بعصاه لتؤدب أولاده فهي تعطي حكمة وإستنارة. 
وهناك كثيرين سمعوا عن الله من العائلة ومن الكنيسة ولكن قليلين هم الذي رأوا الله\'a1 قليلين هم الذين صنع الله عندهم منزلاً وأعلن ذاته لهم\'a1 وحتي يصنع الله ذلك هناك شرط أن نحفظ وصاياه. هنا يعلن الله له ذاته ( يو 14:21-26) + ( مت 5:8). 
آية 6:- """"لذلك ارفض واندم في التراب والرماد"""". 
 لذلك أرفض وأندم في التراب والرماد= في آية (5) كانت عينا أيوب علي الله الذي رآه وهنا نجد عينيه علي نفسه\'a1 فرأي حقيقة حاله فندم في التراب. ورفض نفسه كما قيل في  حزقيال 6:9 \'ba  20:43 \'ba  36:31. ومن تكرار هذه الجملة في نفس السفر نفهم أنها علامة من علامات التوبة أن يكره الإنسان نفسه بسبب نجاساته. 
هنا نجد أن روح الله الذي بكت أيوب قد أقنعه إقناعاً كاملاً. فكانت توبته من قلبه وليس من شفتيه. لقد كان رفضه لحالته الخاطئة شعوراً داخلياً وليس شعوراً سطحياً. لقد سبق ورقد أيوب في الرماد حزناً علي آلامه والأن كتائب حقيقي يندم في التراب والرماد\'a1 فمن المؤكد أن التائب الحقيقي يشعر أن خطاياه محزنة جداً أكثر من آلامه الجسدية. والتائب الحقيقي يندم علي أنه صار هكذا أمام الله القدوس. وبقدر ما نري مجد الله وحقيقة أنفسنا سنحتقر أنفسنا. 
ولقد جاءت كلمة أرفض في الأنجليزية(يمقت بشدة ويشمئز). والكلمة في أصلها العبري جاءت بمعني أختفي أو أسحب نفسي وأختفي. هنا نري أيوب ينكمش أكثر وأكثر. هو سبق وقال أنا حقير. ولكنه هنا يقول""""أريد أن أتلاشئ نهائياً"""" أمسح نفسي من الوجود وأخلي نفسي من المركز الذي إتخذته سابقاً أو ظننت نفسي فيه. لقد سبق أليفاز ونصحه بأن يلقي التبر علي التراب ليرى الله ويعرفه ولكنه هنا لم يكتفي بأن يلقي التبر فقط بل ألقي نفسه وتلاشي بالكلية أمام الله القدير. وهذا لا يأتي لنا سوي بالتوبة. ولكن هذا ليس نهآية الطريق. . . فأيوب توقف عند الجانب السلبي من التوبة ولكن بولس وصل للجانب الإيجابي منها حين قال """"مع المسيح صلبت فأحيا لا أنا بل المسيح يحيا فيَ. فبالتوبة تشرق رؤيا الله علي الإنسان فيأتي وجهاً لوجه أمام الله فيشعر أنه لا شئ وتتلاشي ذاته أمام الله. ولكن المسيح سيحيا فيه ليرفعه من التراب إلي ملء الحياة. فلا قيامة بدون صليب(صلب الأهواء والشهوات)
آية 7:- """"و كان بعدما تكلم الرب مع ايوب بهذا الكلام ان الرب قال لاليفاز التيماني قد احتمى غضبي عليك وعلى كلا صاحبيك لانكم لم تقولوا في الصواب كعبدي ايوب"""". 
 إبتداء من هذه الآية عاد الكاتب يكتب نثراً لا شعراً. 
ونري هنا الله يشهد ببر أيوب. ونلاحظ أن الله يكرر قوله """"عبدي أيوب"""" 4مرات في الأيتين (8\'a1 7) وقبل ذلك قالها  في 1:8\'a1  2:3. وهذا يشير لرضا الله\'a1 وأن الله يفرح بأن عبده أيوب يعبده بأمانة وها هو يشهد له. وإذا شهد الله لإنسان فماذا يهم هذا الإنسان إذا قال عنه الآخرون أي شئ\'a1 فإذا مدحوه فلن يزيدوه كرامة بعد أن كرمه الله وإذا إتهموه بالشر فهذا لن ينقصه شيئاً بعد أن شهد له الله. والله شهد لأيوب ببره ولكنه كان يؤدبه كإبن\'a1 كان يؤدبه بينما هو يشهد لبره أمام الأخرين. وفي أثناء التأديب قد تخفي سحب التأديب والآلام بر البار. لكن سريعاً ما يسمح الله ويزيل هذه السحب ليبرر الله عبده البار أمام الآخرين """" مز 37:6""""
قد إحتمي غضبي عليك وعلي كلا صاحبيك= لأنهم أدانوا أيوب بلا مبرر والله لا يحب أن أحداً يدين الآخرين فالدينونة هي عمله وحده فهو الديان العادل\'a1 بل هم بدلاً من أن يقوموا بدور المصالحة بين الله وبين أيوب حولوا جدالهم وتعزيتهم إلي صراع شخصي مع أيوب حاولوا من خلاله الإنتصار عليه بلا مبرر. وكلام أصحاب أيوب كان كله حكمة وشهادة لله\'a1 لكن الله رأي خطأ الإدانة في قلوبهم فلامهم علي ذلك. ولقد نطق أيوب ببعض الأخطاء لكنه شهد لله ولم ينكره ولم يجدف\'a1 والله سامحه إذ قالها في مرارة آلامه العنيفة\'a1 ولكنه لام الأصحاب بشدة علي إتهاماتهم لأيوب فهم لم يكونوا في مرارة نفس مثله\'a1 بل وهم في كامل صحتهم وإزدهارهم كانوا في منتهي القسوة علي أيوب بلا أي محبة أو شفقة. وربما كان كلام أيوب أفضل منهم فهو بروح النبوة رأي خلاص المسيح\'a1 وهو رأي أن مكافأة الأبرار تكون في العالم الآخر بينما أصر الأصحاب أنها لابد أن تكون هنا علي الأرض. وكان كلام أيوب أفضل فهو في كل جداله كان يبحث عن الحق وكان سؤاله """"لماذا يسمح الله بالآلام للأبرار"""" هو حقاً في إحتداده فقد الرؤية الصحيحة\'a1 لكنه كان يبحث عن الحق بينما كان كل هم أصحابه أن يدينوه. والله لم يوجه أي إدانة لأليهو لأنه شهد للرب وكان خادماً أميناً. بل هو وحده الذي أجاب علي سؤال أيوب\'a1 أن الله يسمح بالتأديب للبار. فالألم هو للتأديب. 
آية 8:- """"و الان فخذوا لانفسكم سبعة ثيران وسبعة كباش واذهبوا الى عبدي ايوب واصعدوا محرقة لاجل انفسكم وعبدي ايوب يصلي من اجلكم لاني ارفع وجهه لئلا اصنع معكم حسب حماقتكم لانكم لم تقولوا في الصواب كعبدي ايوب"""". 
 نري هنا أيوب بعد أن كان كشحاذ وسط أصدقائه وكانوا هم كأمراء\'a1 أن الله قلب الأوضاع. فرفع أيوب من المزبلة بعد أن جعله تائباً متواضعاً ( لو 1:52). فرفعه وكرمه وعزاه. وهكذا لكي نتعزي بتعزيات الله علينا أن نخضع أولاً لتبكيت الروح القدس داخلنا ونتواضع أمام الله. بل جعل الله أيوب كاهناً وشفيعاً عن أصحابه\'a1 وهكذا عمل مع إبراهيم  تك20:7. فالله يكرم الذين يكرمونه. هنا أعاده الله لسابق عهده حين كان يقدم ذبائح عن أولاده\'a1 بل جعله رمزاً للمسيح الذي يشفع في البشر
حسب حماقتكم= لأنهم كانوا معجبين بأنفسهم وبكلامهم\'a1 يظنون أن كلامهم هو منتهي الحكمة ولكنه إذ كان مملوءاً عداوة وإدانة لأيوب كان في نظر الله حماقة. فعلينا أن نتواضع. ولا نسمع هنا عن ذبائح خطية فهذه بدأت مع موسي. ورقم 7 هو رقم الكمال. 
آية 9:- """"فذهب اليفاز التيماني وبلدد الشوحي وصوفر النعماتي وفعلوا كما قال الرب لهم ورفع الرب وجه ايوب"""". 
حينما قدم أيوب ذبائح عن أصحابه علم الله الأصحاب التواضع فهم كانوا يظنون أنهم الأقرب للسماء\'a1 فأظهر الله لهم العكس. هم ظنوا أنهم أحباب الله المقربين منه لأنهم في صحة ولم يمسهم شر بينما أيوب هو رجل شرير لذلك ضربه الله بهذه الألام. فأظهر الله عدم صحة نظريتهم. ولاحظ أن الصراع بين أيوب وأصحابه لم ينتهي بجدال جديد بل الكل تصالح في الذبيحة(لذلك نبدأ قداساتنا بصلاة الصلح) هي صلح بين الله والإنسان وبين الإنسان وأخيه الإنسان. وأصحاب أيوب نراهم هنا لا يترددوا في تقديم الذبيحة طالما أن هذه هي إرادة الله وهذا يثبت صلاحهم. 
ونري هنا قوة الشفاعة\'a1 فأيوب تشفع في أصحابه حتي لا ينصب عليهم غضب الله وهل الشفاعة تتوقف بموت البار؟ أبداً بل هي تصبح أقوي. فداود في مزموره يقول الصديق كالنخلة يزهو كالأرز في لبنان ينمو  مز 92:11 والأرز لا تظهر فائدته كخشب ثمين إلا بعد أن يقطع. وعموماً فإله إبراهيم وإسحق ويعقوب هو إله أحياء وليس إله أموات. فكل القديسين الذين نتشفع بهم هم أحياء وشفاعتهم قوية. ونلاحظ أنه بمجرد توبة أيوب سامحه الله علي كل أخطائه
آية 10:- """"و رد الرب سبي ايوب لما صلى لاجل اصحابه وزاد الرب على كل ما كان لايوب ضعفا"""". 
الله كافأ أيوب ببركات أرضية فالبركات الروحية السماوية لم تكن مفهومة في العهد القديم. وكانت البركات المادية الأرضية علامة لرضا الله ورمزاً للبركات الروحية. بل أن العهد الجديد نري فيه أن الآلام هي طريق المجد وهي لا شئ بجانب المجد المعد لنا  رو 8:18 ومعلمنا يعقوب يعطينا أيوب كمثال علي الصبر( يع 5:11). بصبره كافأه الله. والكتاب يعلمنا """"بصبركم تقتنون أنفسكم"""" فالله سيعطينا مجداً إذا صبرنا وإحتملنا الصليب الموضوع علينا في هذا العالم. والله كعلامة علي رضاه علي أيوب أعاد له الضعف. فالله لا يريد أن يخسر أحد بسببه. وكان هذا مكافأة علي صبره وشهادة أمام الكل علي رضا الله عليه
ضعفاً= الضعف هو نصيب الأبكار  تث 21:17. وفي هذا فأيوب كان يرمز للمسيح البكر وسط إخوة كثيرين\'a1 وأعطانا الميراث وصرنا فيه أبكاراً نرث ملكوت السموات معه راجع  عب 12:23 +  رو 8:16\'a1  17 +  عب 1:2\'a1  6 +  عب 2:11 +  رو 8:29. وكل من يصبر ويحتمل التجربة يرث مع المسيح  يع 1:12. ويكون له نصيب الأبكار في السماء\'a1 ونصيب من يرث السماء بمجدها وأفراحها سيكون أضعاف الأفراح الأرضية العالمية. لقد بدأت آلام أيوب بحسد الشيطان وشره وإنتهي في مجد بدأ بمراحم الله ومحبته وهذه لا يستطيع الشيطان أن يقاومها. لقد إشتكي أيوب سابقاً من أن الله ضده ولكننا ها نحن نري الله معه ويحبه ويباركه. 
ورد الرب سبي أيوب= هو بفقده كل شئ صار كمسبي في بلاد بعيدة\'a1 وهو في خصومته مع الله كان كمسبي. وبرؤيته الرب رُدَ سبيه من يد إبليس. 
ونلاحظ أن الله لم يطلب من أيوب في مقابل كل ما أعطاه له من بركات إلا أن يصفح عن أصحابه ويصلي لأجلهم. والله سامح أصحاب أيوب إذ إتضعوا
آية 11:- """"فجاء اليه كل اخوته وكل اخواته وكل معارفه من قبل واكلوا معه خبزا في بيته ورثوا له وعزوه عن كل الشر الذي جلبه الرب عليه واعطاه كل منهم قسيطة واحدة وكل واحد قرطا من ذهب"""". 
 شكا أيوب سابقاً أن أصدقاؤه قد تركوه في ضيقته. والله نجده هنا قد عزاه بعودتهم ومشاركتهم القلبية والمادية\'a1 وربما كانت عطاياهم المادية هي بداءة بدأ بها أيوب وبارك الله في القليل فصار كثيراً. بل صار ضعف ما كان عنده قبلاً. وربما كانت عودة أصحابه له حينما عرفوا أن الله قد قبله وكانوا قد إبتعدوا إذا شعروا أن نكباته علامة غضب الله. قسيطة=  تك 33:19 +  يش 24:32 وهي وزنة أو عيار للذهب
آية 12:- """"و بارك الرب اخرة ايوب اكثر من اولاه وكان له اربعة عشر الفا من الغنم وستة الاف من الابل والف فدان من البقر والف اتان"""". 
 واضح أن ما صار له هو ضعف ما كان له سابقاً بالتمام. 
آية 13:- """"و كان له سبعة بنين وثلاث بنات"""". 
أولاده لم يتضاعفوا والسبب أن من ماتوا هم أحياء. وبذلك يصير عدد الأولاد الكلي هو ضعف ما كان لأيوب قبل التجربة. فهو كان له سبعة بنين وثلاث بنات وهؤلاء ماتوا في التجربة. والآن صار له سبعة بنين وثلاث بنات. ويصير العدد الكلي 14 ولد\'a1 6 بنات أي ضعف ما كان له قبل التجربة. النصف في السماء والنصف الآخر علي الأرض مثال لكنيسة المسيح الواحدة فهي جزئين كنيسة منتصرة في السماء وكنيسة مجاهدة علي الأرض. 
آية 14:- """"و سمى اسم الاولى يميمة واسم الثانية قصيعة واسم الثالثة قرن هفوك"""". 
 نساء جميلات= في العهد القديم كانت المرأة تمدح لجمالها والرجل لقوته وثروته\'a1 وقد تكرر وصف بعض النساء بأنهن جميلات مثل سارة/ رفقة/ راحيل ثم بنات أيوب لكننا لم نسمع في العهد الجديد أن هناك إمرأة جميلة\'a1 ولم يقال هذا حتي علي العذراء. فجمال المرأة في نظر العهد الجديد هو جمال قداستها. بل أن المسيح وحده هو الذي قيل عنه أنه أبرع جمالاً من بنى البشر. وصارت كنيسته هي أيضاً جميلة بسببه """"أنا سوداء وجميلة""""  نش 1:5 فالعروس سوداء أي قبيحة بسبب خطاياها ولكنها صارت جميلة بمسيحها سبب جمالها. 
يميمة= معني الأسم يمامة/ نهار/ فجر. بسبب بزوغ فجر بركات الله عليه بعد ليل آلامه. والإسم يشير للجمال وأيضاً لبركات الله. 
قصيعة= هي عطر ذو عبير ورائحة جميلة ويسمي سنا. وهذا في مقابل رائحة قروحه سابقاً. والإسم يشير لبركات الله وأفراح أيوب. 
قرن هفوك= قرن الدهن. وتعني أيضاً أن الله أعاد ورمم وأصلح بوفرة والإسم يشير لأن الله حول آلامه لأفراح بمراحم كثيرة. 
آية 15:- """"و لم توجد نساء جميلات كبنات ايوب في كل الارض واعطاهن ابوهن ميراثا بين اخوتهن"""". أعطاهن أبوهن ميراثاً= رمز للميراث الذي أعطاه المسيح لكنيسته. 
آية 16:- """"و عاش ايوب بعد هذا مئة واربعين سنة ورأى بنيه وبني بنيه الى اربعة اجيال"""". 
 عاش أيوب 140 سنة= قيل في السبعينية أن عمر أيوب وقت التجربة كان 70 سنة. وعموماً فرأي كثيرين أن ما دام كل ما لأيوب قد تضاعف فمن المنطقي أن عمره أيضاً قد تضاعف ليصير العمر الكلي لأيوب 210 سنة وهذا يوافق الأعمار في أيام إبراهيم."
