book,chapter,verse,tafsir
باروخ,1,1,"ثالثًا:
زمن كتابتها:
كتبه باروخ بعد وصوله إلى بابل عام 581 ق.م، وبعد
استشهاد إرميا، أي بعد حرق أورشليم وهيكلها بخمس سنوات.
رابعًا:
مكان كتابتها:
في بابل.
خامسًا:
أغراضها:
رفض العبادة الوثنية المحيطة باليهود في بابل
(با6: 3-4).
إظهار خطأ الخطية وشناعتها، ودعوة للتوبة
والاعتراف بالخطية (با3: 2).
تعزية اليهود المسبيين وتشجيعهم على التمسك
بوصايا الله وشريعته، للرجوع إليه والثبات فيه (با4: 1).
الرجاء في الحياة الجديدة بعد التوبة، وذلك من
خلال أمرين هما:
أ - الرجوع من السبي (با4: 21؛ با6: 2).
ب - الخلاص في ملء الزمان من خلال تجسد المسيح
وفدائه (با5: 1).
إعلان رسالة إرميا للمسبيين حتى يبتعدوا عن
الأوثان ويحيوا مع الله الذي سيعيدهم من السبي.
سادسًا:
سماته:
كتب باللغة العبرية، ثم تُرجم في القرن الثاني
الميلادى إلى اليونانية واختفت من ذلك الوقت النسخة العبرية.
يهاجم بشدة الخطية وعبادة الأوثان؛ لينقذ شعب
الله منها، ويعلمهم أنها سبب ضيقتهم.
يتكلم بصراحة وقوة عن رفض الشر وضرورة الحياة مع
الله.
يمدح الحكمة الإلهية ويدعو شعب الله للتمتع بها.
يصف الله بالحاكم العادل القائد لشعبه، الذي يظهر
محبته ورحمته لشعبه عندما يتوب ويرجع إليه.
يبين مشاعر المسبيين أثناء السبي، فيظهر حنينهم
لأورشليم مدينتهم المقدسة، وصلواتهم ورجاءهم في المسيا المنتظر الذي يخلصهم من
خطاياهم، مع مراعاة إخلاصهم للسلطة المدنية، أي حكام بابل، وأمانتهم لعهدهم مع
الله الذي قطعوه أيام موسى النبي، وتأملهم المستمر في الأسفار المقدسة.
يتميز بصلاة توبة عميقة في (با 2) والتي تشبه
الصلوات المذكورة في (عز9؛ نح9؛ يهو9؛ دا9).
سابعًا:
أقسامه:
مقدمة تاريخية (با 1: 1-14).
الاعتراف بالخطية (با 1: 15 - 3: 8).
قبول التأديب والعودة للشريعة (با 3: 9 - 4: 20).
الفرح بالخلاص (با 4: 21 - 5: 9).
رسالة إرميا النبي (با 6).
ثامنا: النبوات:
الكنيسة والأبدية:
نبوة عن العهد الذي يقطعه الله مع شعبه في المسيح الفادى وكنيسة العهد الجديد
(با 2: 35).
التجسد: تجسد المسيح في ملء الزمان (با 3: 36-38).
الانتصار على البابليين وعلى الشيطان: هلاك
الأعداء الذين استعبدوا شعب الله، الذي تمتع بالمجد والرفعة على أعدائه، وهلاك
الشيطان في يوم الدينونة (با 4: 25).
العودة من السبي: الفرح في أورشليم (با 4: 37؛ 5: 5، 9).
تاسعًا: قانونيته:
يوجد هذا السفر في الترجمة السبعينية التي تمت
سنة 285-247 ق.م.
اعترفت المجامع بقانونية هذا السفر، ومن أهمها
مجمع قرطاجنة المنعقد عام 419 م، والذي أقر واعتمد قوانين ستة عشر مجمعًا سابقًا
له. وتعترف بهذا السفر جميع الكنائس الأرثوذكسية والكاثوليكية.
اعترف به كبار القديسين وشهدوا له، مثل القديس
أثناسيوس الرسولى، والقديس يوحنا ذهبى الفم، والبابا كيرلس عمود الدين.
تستخدم الكنيسة القبطية الأرثوذكسية فصول من هذا
السفر في طقوسها، مثل اللقان وسبت النور.
إن كان اليهود لا يعترفون بقانونيته، ولكنهم
يعلنون أنه سفر يحمل معانى روحية عميقة ومفيدة لكل الأتقياء.
مازال يهود سوريا يقرأون هذا السفر في شهر
ديسمبر؛ لأنه يتكلم عن تجسد المسيح المنتظر.
ترتيب هذا السفر في الكتاب المقدس بعد مراثى
إرميا ورمزه (با).
← تفاسير أصحاحات
باروخ:
مقدمة |
1 |
2 |
3 |
4 |
5 |
6
تفاسير أسفار الكتاب المقدس
1- تفاسير سفر التكوين
2- تفاسير سفر الخروج
3- تفاسير سفر اللاويين
4- تفاسير سفر العدد
5- تفاسير سفر التثنية
6- تفاسير سفر يشوع
7- تفاسير سفر القضاة
8- تفاسير سفر راعوث
9- تفاسير سفر صموئيل الأول
10- تفاسير سفر صموئيل الثاني
11- تفاسير سفر الملوك الأول
12- تفاسير سفر الملوك الثاني
13- تفاسير سفر أخبار الأيام الأول
14- تفاسير سفر أخبار الأيام الثاني
15- تفاسير سفر عزرا
16- تفاسير سفر نحميا
17- تفاسير سفر طوبيا
18- تفاسير سفر يهوديت
19- تفاسير سفر أستير + التتمة
20- تفاسير سفر أيوب
21- تفاسير سفر المزامير + مز 151
22- تفاسير سفر الأمثال
23- تفاسير سفر الجامعة
24- تفاسير سفر نشيد الأناشيد
25- تفاسير سفر الحكمة
26- تفاسير سفر يشوع بن سيراخ
27- تفاسير سفر إشعياء
28- تفاسير سفر إرميا
29- تفاسير سفر مراثي إرميا
30- تفاسير سفر نبوه باروخ
31- تفاسير سفر حزقيال
32- تفاسير سفر دانيال + التتمة
33- تفاسير سفر هوشع
34- تفاسير سفر يوئيل
35- تفاسير سفر عاموس
36- تفاسير سفر عوبديا
37- تفاسير سفر يونان
38- تفاسير سفر ميخا
39- تفاسير سفر ناحوم
40- تفاسير سفر حبقوق
41- تفاسير سفر صفنيا
42- تفاسير سفر حجي
43- تفاسير سفر زكريا
44- تفاسير سفر ملاخي
45- تفاسير سفر المكابيين الأول
46- تفاسير سفر المكابيين الثاني
1- تفاسير إنجيل متى
2- تفاسير إنجيل مرقس
3- تفاسير إنجيل لوقا
4- تفاسير إنجيل يوحنا
5- تفاسير سفر أعمال الرسل
6- تفاسير الرسالة إلى رومية
7- تفاسير رسالة كورنثوس الاولى
8- تفاسير كورنثوس الثانية
9- تفاسير الرسالة إلى أهل غلاطية
10- تفاسير الرسالة إلى أفسس
11- تفاسير الرسالة إلى فيلبي
12- تفاسير الرسالة إلى كولوسي
13- تفاسير تسالونيكي الأولى
14- تفاسير تسالونيكي الثانية
15- تفاسير رسالة تيموثاوس الأولى
16- تفاسير تيموثاوس الثانية
17- تفاسير الرسالة إلى تيطس
18- تفاسير الرسالة إلى فيلمون
19- تفاسير رسالة العبرانيين
20- تفاسير رسالة يعقوب
21- تفاسير رسالة بطرس الأولى
22- تفاسير رسالة بطرس الثانية
23- تفاسير رسالة يوحنا الأولى
24- تفاسير رسالة يوحنا الثانية
25- تفاسير رسالة يوحنا الثالثة
26- تفاسير رسالة يهوذا
27- تفاسير سفر الرؤيا"
باروخ,1,0,"(1:1): [2]
جمع الفضة لإرسالها لأورشليم (ع5-14)
5-
فَبَكَوْا وَصَامُوا وَصَلَّوْا أَمَامَ الرَّبِّ 6- وَجَمَعُوا مِنَ
الْفِضَّةِ قَدْرَ مَا اسْتَطَاعَتْ يَدُ كُلِّ وَاحِدٍ 7- وَبَعَثُوا إِلَى أُورُشَلِيمَ إِلَى يُويَاقِيمَ بْنِ حِلْقِيَّا بْنِ
شَلُّومَ الْكَاهِنِ وَإِلَى الْكَهَنَةِ وَإِلَى جَمِيعِ الشَّعْبِ الَّذِينَ
مَعَهُ فِي أُورُشَلِيمَ 8- عِنْدَمَا أَخَذَ آنِيَةَ بَيْتِ الرَّبِّ
الْمَسْلُوبَةَ مِنَ الْهَيْكَلِ لِيَرُدَّهَا إِلَى أَرْضِ يَهُوذَا فِي
الْعَاشِرِ مِنْ سِيوَانَ وَهِيَ آنِيَةُ الْفِضَّةِ الَّتِي صَنَعَهَا
صِدْقِيَّا بْنُ يُوشِيَّا مَلِكُ يَهُوذَا 9- بَعْدَمَا أَجْلَى نَبُوخَذْنَصَّرُ مَلِكُ بَابِلَ يَكُنْيَا
وَالرُّؤَسَاءَ وَالْمُحَصِّنِينَ وَالْمُقْتَدِرِينَ وَشَعْبَ الأَرْض مِنْ
أُورُشَلِيمَ وَذَهَب بِهِمْ إِلَى بَابِلَ 10- وَقَالُوا إِنَّا قَدْ
أَرْسَلْنَا إِلَيْكُمْ فِضَّةً فَابْتَاعُوا بِالْفِضَّةِ مُحْرَقَاتٍ
وَذَبَائِحَ لِلْخَطِيَّةِ وَلُبَانًا وَاصْنَعُوا تَقَادِمَ وَقَدِّمُوهَا
عَلَى مَذْبَحِ الرَّبِّ إِلهِنَا. 11- وَصَلُّوا مِنْ أَجْلِ حَيَاةِ
نَبُوكَدْنَصَّرَ مَلِكِ بَابِلَ وَحَيَاةِ بَلْشَصَّرَ ابْنِهِ لِكَيْ تَكُونَ
أَيَّامُهُمَا كَأَيَّامِ السَّمَاءِ عَلَى الأَرْضِ 12- فَيُؤْتِيَنَا
الرَّبُّ قُوَّةً وَيُنِيرَ عُيُونَنَا وَنَحْيَا تَحْتَ ظِلِّ
نَبُوكَدْنَصَّرَ مَلِكِ بَابِلَ وَظِلِّ بَلْشَصَّرَ ابْنِهِ وَنَتَعَبَّدَ
لَهُمَا أَيَّامًا كَثِيرَةً وَنَحْنُ نَائِلُونَ لَدَيْهِمَا حُظْوَةً 13-
وَصَلُّوا مِنْ أَجْلِنَا إِلَى الرَّبِّ إِلهِنَا فَإِنَّا قَدْ خَطِئْنَا
إِلَى الرَّبِّ إِلهِنَا وَلَمْ يَرْتَدَّ سُخْطُ الرَّبِّ وَغَضَبُهُ عَنَّا
إِلَى هذَا الْيَوْمِ. 14- وَاتْلُوا هذَا الْكِتَابَ الَّذِي أَرْسَلْنَاهُ
إِلَيْكُمْ لِيُنَادَى بِهِ فِي بَيْتِ الرَّبِّ فِي يَوْمِ الْعِيدِ وَفِي
أَيَّامِ الْمَحْفِلِ
ع5:
عندما سمع اليهود بفئاتهم المختلفة كلام
الرب على لسان باروخ تاثروا جدًا، وفعلوا ثلاثة أفعال هي:
بكوا
: إذ ندموا على خطاياهم وقدموا توبة، بل توبة عميقة مصحوبة بالدموع طالبين
مراحم الله.
صاموا
: إعلانًا لزهدهم في الماديات، وطلبهم إرضاء الله، متذللين أمامه لينالوا
الغفران.
صلوا
: متضرعين إليه ليسامحهم، ويعطيهم فرصة أن يحيوا معه ويعدوه أن يتمسكوا بوصاياه
وشريعته.
ع6: لم يكن تأثر اليهود تأثر عاطفى وقتى فقط،
ولكنه تحول إلى فعل توبة عملى، إذ قاموا بجمع فضة ليشتروا بها ذبائح تقدم في
أورشليم، وقدم كل واحد بحسب قدرته المالية، فالغنى قدم كثيرًا، والفقير قدم قدر
استطاعته ولو قليلًا، أي أن الكل أعلن حاجته إلى مراحم الله من خلال تقديم
الذبائح. فالتوبة في العهد القديم مرتبطة بتقديم ذبيحة خطية وإثم أمام الله
ليغفر لهم خطاياهم، وهي ترمز في العهد الجديد إلى سر الاعتراف الذي يعتمد على
ذبيحة المسيح على الصليب، إذ أنه ""بدون سفك دم لا تحصل مغفرة"" (عب9: 22).
ع7: أرسل اليهود المسبيون في بابل إلى يواقيم
الكاهن، والمقصود به رئيس الكهنة، أو الكاهن العظيم. وذكر منفردًا وحده وليس
باقى الكهنة؛ لأنه هو رئيسهم. وأرسلوا أيضًا إلى الشعب، ويقصد بالشعب الشيوخ
قادة الشعب حتى يبتاعوا بهذه الفضة حيوانات تقدم ذبائح خطية وإثم عن اليهود
المسبيين التائبين. وهذا يبين توبة اليهود في السبي، وصلواتهم لله التي سمعها
فأعادهم فيما بعد من السبي، وجمعهم بطريقة معجزية لأجل توبتهم.
ع8، 9: سيوان
: الشهر الثالث في السنة العبرية، ويقابل التاسع في السنة المدنية. وهو يقابل
الآن النصف الثاني من شهر مايو والنصف الأول من شهر يونيو، أي في الصيف. ويقع
فيه عيد الخمسين.
يبدو أن
الملك البابلي أنعم على اليهود بآنية الفضة الخاصة بهيكلهم، والتي صنعها صدقيا
ملك يهوذا، وتم الاستيلاء عليها بواسطة نبوخذنصر ملك بابل، وهي غير الآنية
الذهبية التي استولى عليها نبوخذنصر من الهيكل عندما هاجم أورشليم وسبى ملكها
يكنيا ورؤساء مملكة يهوذا والمحصنين أي ذوى النفوذ، والمقتدرين أي الصناع
المهرة، وكثير من شعب الأرض وأخذهم سبايا من أورشليم إلى بابل، وأخذ قائد
اليهود هذه الآنية والفضة المجمعة من اليهود لشراء ذبائح تقدم في أورشليم. وقد
يكون قائد اليهود هو باروخ نفسه الذي سافر ومعه هذه الفضة، ثم عاد إلى بابل.
وكان ذلك في اليوم العاشر من شهر سيوان. بحسب التقويم الكلدانى.
ع10: تقادم
: أي تقدمات للرب بشكل ذبائح وقرابين وعطايا مختلفة.
أوصى
اليهود المسبيون في بابل إخوتهم في أورشليم أن يشتروا بالفضة المرسلة لهم
حيوانات تقدم ذبائح محرقات إرضاء للرب، وذبائح خطية لمغفرة خطاياهم، وقرابين مع
لبان (لا6: 15) لكي يقدموها للرب في أورشليم.
وحيث أن
الهيكل كان قد تم تدميره وحرقه منذ خمس سنوات بيد نبوخذنصر، فغالبًا قدموا هذه
الذبائح على مذبح مؤقت أقيم في موضع الهيكل المتهدم. وهذا يظهر إيمان هؤلاء
اليهود المسبيين، ومشاركتهم لإخوتهم المقيمين بأورشليم في الإيمان. وتبين أيضًا
أشواقهم لاستعادة بناء هيكل الرب، وعودة العبادة الكاملة فيه. ومن أجل هذا -
كما ذكرنا - نظر الله إلى توبتهم، ومحبتهم، وأشواقهم، ومد يده بعد سنوات
وجمعهم، وأعادهم إلى أورشليم مع بداية الدولة الفارسية.
ع11: يظهر من هذه الآية خضوع باروخ النبي
للسلطة المدنية الحاكمة، الممثلة في نبوخذنصر الملك، الذي أحرق الهيكل منذ خمس
سنوات، وولى عهده بلشصر، وهو أحد أحفاد نبوخذنصر، والذي ملك في نهاية المملكة
البابلية، وانتهت المملكة في أيامه باستيلاء الفرس على بابل وكل العالم (دا5: 30، 31). وهذا الفكر أوصى به الكتاب المقدس كما قال إرميا (إر29: 7)، وظهر في
يوناثان الذي تملك على اليهود أيام المكابيين، وأظهر خضوعه وصلواته لأجل حكام
أسبرطة وروما (1 مك12: 11)، وأيضًا أكده في العهد الجديد بولس الرسول (1 تى2: 1-3). والكنيسة ما زالت تصلي من أجل الرؤساء والحكام في القداس الإلهي في أوشية
السلامة.
يظهر
باروخ هدف صلواته أن يحيوا في سلام في حكم بابل، ويتمتعوا بعلاقة مع الله، كما
يسود السلام في السماء، هكذا يكون أيضًا على الأرض في بلاد المملكة البابلية.
ع12: حظوة
: مكانة خاصة ورضى ومعاملة طيبة.
يضيف
باروخ أيضًا أنه يطلب صلوات اليهود في أورشليم أمام الله لينال اليهود المسبيون
ما يلي:
قوة من
الله للثبات في الإيمان.
ينالوا
استنارة روحية، فيعبدوا الله، ويرفضوا عبادة الأوثان وكل ما يتصل بها من خطايا.
حياة
هادئة وسلام في المملكة البابلية.
حظوة
ومعاملة طيبة من الملك والرؤساء، فيكونوا عبيدًا صالحين لنبوخذنصر وولى عهده
بلشصر.
ع13: يستكمل باروخ دوافع صلوات اليهود في
أورشليم لأجل اليهود المسبيين، مظهرًا حاجة المسبيين بشدة إلى الصلاة بأنهم
أخطأوا في حق الله، فعاقبهم بالسبي، وما زال عقابه مستمرًا حتى الآن، أي لم يسمح
الله برجوعهم من السبي إلى أورشليم؛ ليبنوا الهيكل ويعبدوه فيه. وهذا يبين
اتضاع باروخ في اعترافه عن المسبيين بالسقوط في الخطايا، مع أن باروخ شخصيًا
يسلك باستقامة أمام الله، ولكن كخادم يحمل - بروح المسئولية - خطايا شعبه، ويضم
نفسه إليهم، طالبًا الغفران؛ ليرجعهم الله من السبي. ويظهر لطفه ورقته في أنه
نسب الخطية للمسبيين ولم ينسبها لليهود في أورشليم، مع أن الكل قد أخطأ.
ع14: يطلب أيضًا باروخ من اليهود في أورشليم
أن يقرأوا كتابه هذا، أي نبوته في مكان بيت الرب المنهدم والمحروق، حتى يأتي
الوقت الذي يبنى فيه بيت الرب ثانية، فيستمروا في قراءة هذه النبوة في يوم
العيد، ولعله يقصد عيد الفصح، أو الأعياد الكبرى الثلاثة، وهي الفصح والخمسين
والمظال. ويقرأ أيضًا في أيام المحفل، ويقصد بها أيام الأعياد السبعة المعروفة
عند اليهود وهي مذكورة في ( لا23).
والغرض من
قراءة النبوة على الشعب هو تذكيرهم بخطاياهم في كل وقت ليتوبوا عنها؛ حتى
ينالوا مراحم الله، ويبتعدوا أيضًا عن عبادة الأوثان.
†
اهتم أن تقترب إلى المذبح لتنال حياة من
أعظم ذبيحة وهي جسد الرب ودمه، فتنال غفران خطاياك، وقوة، وحياة جديدة وتتمتع
بعشرته.
←
وستجد
تفاسير أخرى
هنا في
[3]
الاعتراف بالخطايا (ع15-22)
15- وَقُولُوا لِلرَّبِّ إِلهِنَا الْعَدْلُ
وَلَنَا خِزْيُ الْوُجُوهِ كَمَا فِي هذَا الْيَوْمِ لِرِجَالِ يَهُوذَا
وَسُكَّانِ أُورُشَلِيمَ 16- وَلِمُلُوكِنَا وَرُؤَسَائِنَا وَكَهَنَتِنَا
وَأَنْبِيَائِنَا وَآبَائِنَا 17- لأَنَّا خَطِئْنَا أَمَامَ الرَّبِّ
وَعَصَيْنَاهُ 18- وَلَمْ نَسْمَعْ لِصَوْتِ الرَّبِّ إِلهِنَا لِنَسْلُكَ فِي أَوَامِرِ
الرَّبِّ الَّتِي جَعَلَهَا أَمَامَ وُجُوهِنَا. 19- مِنْ يَوْمَ أَخْرَجَ
الرَّبُّ آبَاءَنَا مِنْ أَرْضِ مِصْرَ إِلَى هذَا الْيَوْمِ مَا زِلْنَا
نُعَاصِي الرَّبَّ إِلهَنَا وَنُعْرِضُ عَنِ اسْتِمَاعِ صَوْتِهِ 20- فَلَحِقَ بِنَا الشَّرُّ وَاللَّعْنَةُ اللَّذَانِ أَمَرَ الرَّبُّ مُوسَى
عَبْدَهُ أَنْ يُوعِدَ بِهِمَا يَوْمَ أَخْرَجَ آبَاءَنَا مِنْ أَرْضِ مِصْرَ
لِيُعْطِيَنَا أَرْضًا تَدُرُّ لَبَنًا وَعَسَلًا كَمَا فِي هذَا الْيَوْمِ. 21- فَلَمْ نَسْمَعْ لِصَوْتِ الرَّبِّ إِلهِنَا وَلاَ لِجَمِيعِ كَلاَمِ
الأَنْبِيَاءِ الَّذِينَ أَرْسَلَهُمْ إِلَيْنَا 22- وَمَضَيْنَا كُلُّ وَاحِدٍ
عَلَى إِصْرَارِ قَلْبِهِ الشِّرِّيرِ عَابِدِينَ آلِهَةً أُخَرَ صَانِعِينَ
الشَّرَّ أَمَامَ عَيْنَيِ الرَّبِّ إِلهِنَا.
ع15، 16:
يعترف باروخ عن كل شعبه أمام
الله، فيعلن أن الله عادل عندما قضى عليهم وعاقبهم بالسبي. أما هم ففى خزى
ووجوههم تنظر نحو الأرض من الخجل بسبب خطاياهم.
وبداية أي إصلاح هو التوبة
والاعتراف لنوال مراحم الله. ويعلن باروخ أن الكل خطاة بكل فئات الشعب اليهودي
الذين عاشوا قبل السبي، وهذه الفئات هي:
رجال يهوذا
: أي سبط يهوذا بكل أفراده؛ رجال ونساء وفتيان؛ لأن الرجل يمثل الأسرة كلها.
سكان أورشليم
: وهم الساكنون في المدينة المقدسة بجوار الهيكل، ومرتبطون أكثر من غيرهم
بعبادة الله. وقد أخطأوا إذ ظنوا أن سكناهم بجوار الهيكل يحميهم، ونسوا أن الله
عادل، ولا يقبل التمادي في الشر.
ملوكنا ورؤساؤنا
: أي القادة المدنيون الذين قادوا الشعب في الشر وعبادة الأوثان.
كهنتنا وأنبياؤنا
: وهم القادة الدينيون الذين لم يوبخوا الشعب على خطاياهم، بل اشتركوا معهم في
شرورهم. والمقصود بالأنبياء هنا هم الأنبياء الكذبة الذين أضلوا الشعب، أما
أنبياء الله، مثل باروخ فقد عملوا كل ما في وسعهم، ولكن باتضاع يعلنون اعترافهم
بخطاياهم ومسئوليتهم عن خطايا الشعب.
آباؤنا
: ويقصد بهم الآباء الجسديون المسئولون عن تربيتنا. الذين قد أخطأوا ونحن نقدم
توبة واعتراف عن أنفسنا وعن الكل؛ ليرحمنا الله.
ع17، 18: يذكر باروخ أسباب غضب الله على شعبه
بالسبي، أو تفاصيل خطاياهم، وهي:
عصيان
الله بعبادة الأوثان، بالإضافة إلى جميع الخطايا والشهوات التي سقطوا فيها.
إهمال
وصايا الله وعدم طاعتها، مع أنها معلنة أمام وجوههم، وأكدها الأنبياء على مر
الأجيال.
ع19-21: يواصل باروخ اعترافه عن كل شعبه.
وهذا يظهر أبوته الروحية، وإحساسه بالمسئولية الرعوية عنهم، فيعلن ما يلي:
عصيان
شعبه لله بدأ منذ زمان طويل من بعد خروجهم من أرض مصر على يد موسى. فرغم أعمال
الله العظيمة معهم في إخراجهم من مصر، ورعايتهم في سيناء، وتمليكهم أرض
الميعاد، لكنهم استمروا في خطاياهم.
استهانوا
بتحذيرات الله لهم ليبتعدوا عن الخطية، وعرضوا أنفسهم للعقاب، كما أعلن لهم
موسى عند جبل جرزيم وجبل عيبال (تث28: 15-68).
رفضوا
أيضًا تحذيرات الأنبياء على مر التاريخ من عهد موسى حتى السبي.
تظهر هنا
توبة باروخ العميقة، إذ يذكر تفاصيل خطايا الشعب أمام الله، والتي من أجلها
استحقوا السبي.
ع22: في الختام يلخص باروخ خطايا شعبه فيما
يلى:
الإصرار
على الخطية والعناد.
السقوط في
عبادة الأوثان.
صنع شرور
كثيرة مرتبطة بعبادة الأوثان؛ كل هذا أمام الله بدون حياء، وبالتالي استحقوا
عقاب العدل الإلهي بالسبي لتأديبهم.
†
ليتك يا أخى تسرع إلى التوبة،
وتظهر شناعة خطاياك أمام الله، فيسامحك. واحذر من أن تبرر أخطاءك، أو تلتمس
العذر لنفسك، بل افضح كل شر كما هو بانسحاق؛ ليغفر لك الله كل خطاياك.
← تفاسير أصحاحات
باروخ:
مقدمة |
1 |
2 |
3 |
4 |
5 |
6
تفاسير أسفار الكتاب المقدس
1- تفاسير سفر التكوين
2- تفاسير سفر الخروج
3- تفاسير سفر اللاويين
4- تفاسير سفر العدد
5- تفاسير سفر التثنية
6- تفاسير سفر يشوع
7- تفاسير سفر القضاة
8- تفاسير سفر راعوث
9- تفاسير سفر صموئيل الأول
10- تفاسير سفر صموئيل الثاني
11- تفاسير سفر الملوك الأول
12- تفاسير سفر الملوك الثاني
13- تفاسير سفر أخبار الأيام الأول
14- تفاسير سفر أخبار الأيام الثاني
15- تفاسير سفر عزرا
16- تفاسير سفر نحميا
17- تفاسير سفر طوبيا
18- تفاسير سفر يهوديت
19- تفاسير سفر أستير + التتمة
20- تفاسير سفر أيوب
21- تفاسير سفر المزامير + مز 151
22- تفاسير سفر الأمثال
23- تفاسير سفر الجامعة
24- تفاسير سفر نشيد الأناشيد
25- تفاسير سفر الحكمة
26- تفاسير سفر يشوع بن سيراخ
27- تفاسير سفر إشعياء
28- تفاسير سفر إرميا
29- تفاسير سفر مراثي إرميا
30- تفاسير سفر نبوه باروخ
31- تفاسير سفر حزقيال
32- تفاسير سفر دانيال + التتمة
33- تفاسير سفر هوشع
34- تفاسير سفر يوئيل
35- تفاسير سفر عاموس
36- تفاسير سفر عوبديا
37- تفاسير سفر يونان
38- تفاسير سفر ميخا
39- تفاسير سفر ناحوم
40- تفاسير سفر حبقوق
41- تفاسير سفر صفنيا
42- تفاسير سفر حجي
43- تفاسير سفر زكريا
44- تفاسير سفر ملاخي
45- تفاسير سفر المكابيين الأول
46- تفاسير سفر المكابيين الثاني
1- تفاسير إنجيل متى
2- تفاسير إنجيل مرقس
3- تفاسير إنجيل لوقا
4- تفاسير إنجيل يوحنا
5- تفاسير سفر أعمال الرسل
6- تفاسير الرسالة إلى رومية
7- تفاسير رسالة كورنثوس الاولى
8- تفاسير كورنثوس الثانية
9- تفاسير الرسالة إلى أهل غلاطية
10- تفاسير الرسالة إلى أفسس
11- تفاسير الرسالة إلى فيلبي
12- تفاسير الرسالة إلى كولوسي
13- تفاسير تسالونيكي الأولى
14- تفاسير تسالونيكي الثانية
15- تفاسير رسالة تيموثاوس الأولى
16- تفاسير تيموثاوس الثانية
17- تفاسير الرسالة إلى تيطس
18- تفاسير الرسالة إلى فيلمون
19- تفاسير رسالة العبرانيين
20- تفاسير رسالة يعقوب
21- تفاسير رسالة بطرس الأولى
22- تفاسير رسالة بطرس الثانية
23- تفاسير رسالة يوحنا الأولى
24- تفاسير رسالة يوحنا الثانية
25- تفاسير رسالة يوحنا الثالثة
26- تفاسير رسالة يهوذا
27- تفاسير سفر الرؤيا"
باروخ,1,5,"(1:5): عندما سمع اليهود بفئاتهم المختلفة كلام
الرب على لسان باروخ تاثروا جدًا، وفعلوا ثلاثة أفعال هي:
بكوا
: إذ ندموا على خطاياهم وقدموا توبة، بل توبة عميقة مصحوبة بالدموع طالبين
مراحم الله.
صاموا
: إعلانًا لزهدهم في الماديات، وطلبهم إرضاء الله، متذللين أمامه لينالوا
الغفران.
صلوا
: متضرعين إليه ليسامحهم، ويعطيهم فرصة أن يحيوا معه ويعدوه أن يتمسكوا بوصاياه
وشريعته.
ع6:"
باروخ,1,6,"(1:6): لم يكن تأثر اليهود تأثر عاطفى وقتى فقط،
ولكنه تحول إلى فعل توبة عملى، إذ قاموا بجمع فضة ليشتروا بها ذبائح تقدم في
أورشليم، وقدم كل واحد بحسب قدرته المالية، فالغنى قدم كثيرًا، والفقير قدم قدر
استطاعته ولو قليلًا، أي أن الكل أعلن حاجته إلى مراحم الله من خلال تقديم
الذبائح. فالتوبة في العهد القديم مرتبطة بتقديم ذبيحة خطية وإثم أمام الله
ليغفر لهم خطاياهم، وهي ترمز في العهد الجديد إلى سر الاعتراف الذي يعتمد على
ذبيحة المسيح على الصليب، إذ أنه ""بدون سفك دم لا تحصل مغفرة"" (عب9: 22).
ع7:"
باروخ,1,7,"(1:7): أرسل اليهود المسبيون في بابل إلى يواقيم
الكاهن، والمقصود به رئيس الكهنة، أو الكاهن العظيم. وذكر منفردًا وحده وليس
باقى الكهنة؛ لأنه هو رئيسهم. وأرسلوا أيضًا إلى الشعب، ويقصد بالشعب الشيوخ
قادة الشعب حتى يبتاعوا بهذه الفضة حيوانات تقدم ذبائح خطية وإثم عن اليهود
المسبيين التائبين. وهذا يبين توبة اليهود في السبي، وصلواتهم لله التي سمعها
فأعادهم فيما بعد من السبي، وجمعهم بطريقة معجزية لأجل توبتهم.
ع8، 9: سيوان
: الشهر الثالث في السنة العبرية، ويقابل التاسع في السنة المدنية. وهو يقابل
الآن النصف الثاني من شهر مايو والنصف الأول من شهر يونيو، أي في الصيف. ويقع
فيه عيد الخمسين.
يبدو أن
الملك البابلي أنعم على اليهود بآنية الفضة الخاصة بهيكلهم، والتي صنعها صدقيا
ملك يهوذا، وتم الاستيلاء عليها بواسطة نبوخذنصر ملك بابل، وهي غير الآنية
الذهبية التي استولى عليها نبوخذنصر من الهيكل عندما هاجم أورشليم وسبى ملكها
يكنيا ورؤساء مملكة يهوذا والمحصنين أي ذوى النفوذ، والمقتدرين أي الصناع
المهرة، وكثير من شعب الأرض وأخذهم سبايا من أورشليم إلى بابل، وأخذ قائد
اليهود هذه الآنية والفضة المجمعة من اليهود لشراء ذبائح تقدم في أورشليم. وقد
يكون قائد اليهود هو باروخ نفسه الذي سافر ومعه هذه الفضة، ثم عاد إلى بابل.
وكان ذلك في اليوم العاشر من شهر سيوان. بحسب التقويم الكلدانى.
ع10:"
باروخ,1,10,"(1:10): تقادم
: أي تقدمات للرب بشكل ذبائح وقرابين وعطايا مختلفة.
أوصى
اليهود المسبيون في بابل إخوتهم في أورشليم أن يشتروا بالفضة المرسلة لهم
حيوانات تقدم ذبائح محرقات إرضاء للرب، وذبائح خطية لمغفرة خطاياهم، وقرابين مع
لبان (لا6: 15) لكي يقدموها للرب في أورشليم.
وحيث أن
الهيكل كان قد تم تدميره وحرقه منذ خمس سنوات بيد نبوخذنصر، فغالبًا قدموا هذه
الذبائح على مذبح مؤقت أقيم في موضع الهيكل المتهدم. وهذا يظهر إيمان هؤلاء
اليهود المسبيين، ومشاركتهم لإخوتهم المقيمين بأورشليم في الإيمان. وتبين أيضًا
أشواقهم لاستعادة بناء هيكل الرب، وعودة العبادة الكاملة فيه. ومن أجل هذا -
كما ذكرنا - نظر الله إلى توبتهم، ومحبتهم، وأشواقهم، ومد يده بعد سنوات
وجمعهم، وأعادهم إلى أورشليم مع بداية الدولة الفارسية.
ع11:"
باروخ,1,11,"(1:11): يظهر من هذه الآية خضوع باروخ النبي
للسلطة المدنية الحاكمة، الممثلة في نبوخذنصر الملك، الذي أحرق الهيكل منذ خمس
سنوات، وولى عهده بلشصر، وهو أحد أحفاد نبوخذنصر، والذي ملك في نهاية المملكة
البابلية، وانتهت المملكة في أيامه باستيلاء الفرس على بابل وكل العالم (دا5: 30، 31). وهذا الفكر أوصى به الكتاب المقدس كما قال إرميا (إر29: 7)، وظهر في
يوناثان الذي تملك على اليهود أيام المكابيين، وأظهر خضوعه وصلواته لأجل حكام
أسبرطة وروما (1 مك12: 11)، وأيضًا أكده في العهد الجديد بولس الرسول (1 تى2: 1-3). والكنيسة ما زالت تصلي من أجل الرؤساء والحكام في القداس الإلهي في أوشية
السلامة.
يظهر
باروخ هدف صلواته أن يحيوا في سلام في حكم بابل، ويتمتعوا بعلاقة مع الله، كما
يسود السلام في السماء، هكذا يكون أيضًا على الأرض في بلاد المملكة البابلية.
ع12:"
باروخ,1,12,"(1:12): حظوة
: مكانة خاصة ورضى ومعاملة طيبة.
يضيف
باروخ أيضًا أنه يطلب صلوات اليهود في أورشليم أمام الله لينال اليهود المسبيون
ما يلي:
قوة من
الله للثبات في الإيمان.
ينالوا
استنارة روحية، فيعبدوا الله، ويرفضوا عبادة الأوثان وكل ما يتصل بها من خطايا.
حياة
هادئة وسلام في المملكة البابلية.
حظوة
ومعاملة طيبة من الملك والرؤساء، فيكونوا عبيدًا صالحين لنبوخذنصر وولى عهده
بلشصر.
ع13:"
باروخ,1,13,"(1:13): يستكمل باروخ دوافع صلوات اليهود في
أورشليم لأجل اليهود المسبيين، مظهرًا حاجة المسبيين بشدة إلى الصلاة بأنهم
أخطأوا في حق الله، فعاقبهم بالسبي، وما زال عقابه مستمرًا حتى الآن، أي لم يسمح
الله برجوعهم من السبي إلى أورشليم؛ ليبنوا الهيكل ويعبدوه فيه. وهذا يبين
اتضاع باروخ في اعترافه عن المسبيين بالسقوط في الخطايا، مع أن باروخ شخصيًا
يسلك باستقامة أمام الله، ولكن كخادم يحمل - بروح المسئولية - خطايا شعبه، ويضم
نفسه إليهم، طالبًا الغفران؛ ليرجعهم الله من السبي. ويظهر لطفه ورقته في أنه
نسب الخطية للمسبيين ولم ينسبها لليهود في أورشليم، مع أن الكل قد أخطأ.
ع14:"
باروخ,1,14,"(1:14): يطلب أيضًا باروخ من اليهود في أورشليم
أن يقرأوا كتابه هذا، أي نبوته في مكان بيت الرب المنهدم والمحروق، حتى يأتي
الوقت الذي يبنى فيه بيت الرب ثانية، فيستمروا في قراءة هذه النبوة في يوم
العيد، ولعله يقصد عيد الفصح، أو الأعياد الكبرى الثلاثة، وهي الفصح والخمسين
والمظال. ويقرأ أيضًا في أيام المحفل، ويقصد بها أيام الأعياد السبعة المعروفة
عند اليهود وهي مذكورة في ( لا23).
والغرض من
قراءة النبوة على الشعب هو تذكيرهم بخطاياهم في كل وقت ليتوبوا عنها؛ حتى
ينالوا مراحم الله، ويبتعدوا أيضًا عن عبادة الأوثان.
†
اهتم أن تقترب إلى المذبح لتنال حياة من
أعظم ذبيحة وهي جسد الرب ودمه، فتنال غفران خطاياك، وقوة، وحياة جديدة وتتمتع
بعشرته.
←
وستجد
تفاسير أخرى
هنا في
[3]
الاعتراف بالخطايا (ع15-22)
15- وَقُولُوا لِلرَّبِّ إِلهِنَا الْعَدْلُ
وَلَنَا خِزْيُ الْوُجُوهِ كَمَا فِي هذَا الْيَوْمِ لِرِجَالِ يَهُوذَا
وَسُكَّانِ أُورُشَلِيمَ 16- وَلِمُلُوكِنَا وَرُؤَسَائِنَا وَكَهَنَتِنَا
وَأَنْبِيَائِنَا وَآبَائِنَا 17- لأَنَّا خَطِئْنَا أَمَامَ الرَّبِّ
وَعَصَيْنَاهُ 18- وَلَمْ نَسْمَعْ لِصَوْتِ الرَّبِّ إِلهِنَا لِنَسْلُكَ فِي أَوَامِرِ
الرَّبِّ الَّتِي جَعَلَهَا أَمَامَ وُجُوهِنَا. 19- مِنْ يَوْمَ أَخْرَجَ
الرَّبُّ آبَاءَنَا مِنْ أَرْضِ مِصْرَ إِلَى هذَا الْيَوْمِ مَا زِلْنَا
نُعَاصِي الرَّبَّ إِلهَنَا وَنُعْرِضُ عَنِ اسْتِمَاعِ صَوْتِهِ 20- فَلَحِقَ بِنَا الشَّرُّ وَاللَّعْنَةُ اللَّذَانِ أَمَرَ الرَّبُّ مُوسَى
عَبْدَهُ أَنْ يُوعِدَ بِهِمَا يَوْمَ أَخْرَجَ آبَاءَنَا مِنْ أَرْضِ مِصْرَ
لِيُعْطِيَنَا أَرْضًا تَدُرُّ لَبَنًا وَعَسَلًا كَمَا فِي هذَا الْيَوْمِ. 21- فَلَمْ نَسْمَعْ لِصَوْتِ الرَّبِّ إِلهِنَا وَلاَ لِجَمِيعِ كَلاَمِ
الأَنْبِيَاءِ الَّذِينَ أَرْسَلَهُمْ إِلَيْنَا 22- وَمَضَيْنَا كُلُّ وَاحِدٍ
عَلَى إِصْرَارِ قَلْبِهِ الشِّرِّيرِ عَابِدِينَ آلِهَةً أُخَرَ صَانِعِينَ
الشَّرَّ أَمَامَ عَيْنَيِ الرَّبِّ إِلهِنَا.
ع15، 16:
يعترف باروخ عن كل شعبه أمام
الله، فيعلن أن الله عادل عندما قضى عليهم وعاقبهم بالسبي. أما هم ففى خزى
ووجوههم تنظر نحو الأرض من الخجل بسبب خطاياهم.
وبداية أي إصلاح هو التوبة
والاعتراف لنوال مراحم الله. ويعلن باروخ أن الكل خطاة بكل فئات الشعب اليهودي
الذين عاشوا قبل السبي، وهذه الفئات هي:
رجال يهوذا
: أي سبط يهوذا بكل أفراده؛ رجال ونساء وفتيان؛ لأن الرجل يمثل الأسرة كلها.
سكان أورشليم
: وهم الساكنون في المدينة المقدسة بجوار الهيكل، ومرتبطون أكثر من غيرهم
بعبادة الله. وقد أخطأوا إذ ظنوا أن سكناهم بجوار الهيكل يحميهم، ونسوا أن الله
عادل، ولا يقبل التمادي في الشر.
ملوكنا ورؤساؤنا
: أي القادة المدنيون الذين قادوا الشعب في الشر وعبادة الأوثان.
كهنتنا وأنبياؤنا
: وهم القادة الدينيون الذين لم يوبخوا الشعب على خطاياهم، بل اشتركوا معهم في
شرورهم. والمقصود بالأنبياء هنا هم الأنبياء الكذبة الذين أضلوا الشعب، أما
أنبياء الله، مثل باروخ فقد عملوا كل ما في وسعهم، ولكن باتضاع يعلنون اعترافهم
بخطاياهم ومسئوليتهم عن خطايا الشعب.
آباؤنا
: ويقصد بهم الآباء الجسديون المسئولون عن تربيتنا. الذين قد أخطأوا ونحن نقدم
توبة واعتراف عن أنفسنا وعن الكل؛ ليرحمنا الله.
ع17، 18: يذكر باروخ أسباب غضب الله على شعبه
بالسبي، أو تفاصيل خطاياهم، وهي:
عصيان
الله بعبادة الأوثان، بالإضافة إلى جميع الخطايا والشهوات التي سقطوا فيها.
إهمال
وصايا الله وعدم طاعتها، مع أنها معلنة أمام وجوههم، وأكدها الأنبياء على مر
الأجيال.
ع19-21:"
باروخ,1,19,"(1:19-21): يواصل باروخ اعترافه عن كل شعبه.
وهذا يظهر أبوته الروحية، وإحساسه بالمسئولية الرعوية عنهم، فيعلن ما يلي:
عصيان
شعبه لله بدأ منذ زمان طويل من بعد خروجهم من أرض مصر على يد موسى. فرغم أعمال
الله العظيمة معهم في إخراجهم من مصر، ورعايتهم في سيناء، وتمليكهم أرض
الميعاد، لكنهم استمروا في خطاياهم.
استهانوا
بتحذيرات الله لهم ليبتعدوا عن الخطية، وعرضوا أنفسهم للعقاب، كما أعلن لهم
موسى عند جبل جرزيم وجبل عيبال (تث28: 15-68).
رفضوا
أيضًا تحذيرات الأنبياء على مر التاريخ من عهد موسى حتى السبي.
تظهر هنا
توبة باروخ العميقة، إذ يذكر تفاصيل خطايا الشعب أمام الله، والتي من أجلها
استحقوا السبي.
ع22:"
باروخ,1,22,"(1:22): في الختام يلخص باروخ خطايا شعبه فيما
يلى:
الإصرار
على الخطية والعناد.
السقوط في
عبادة الأوثان.
صنع شرور
كثيرة مرتبطة بعبادة الأوثان؛ كل هذا أمام الله بدون حياء، وبالتالي استحقوا
عقاب العدل الإلهي بالسبي لتأديبهم.
†
ليتك يا أخى تسرع إلى التوبة،
وتظهر شناعة خطاياك أمام الله، فيسامحك. واحذر من أن تبرر أخطاءك، أو تلتمس
العذر لنفسك، بل افضح كل شر كما هو بانسحاق؛ ليغفر لك الله كل خطاياك.
← تفاسير أصحاحات
باروخ:
مقدمة |
1 |
2 |
3 |
4 |
5 |
6
تفاسير أسفار الكتاب المقدس
1- تفاسير سفر التكوين
2- تفاسير سفر الخروج
3- تفاسير سفر اللاويين
4- تفاسير سفر العدد
5- تفاسير سفر التثنية
6- تفاسير سفر يشوع
7- تفاسير سفر القضاة
8- تفاسير سفر راعوث
9- تفاسير سفر صموئيل الأول
10- تفاسير سفر صموئيل الثاني
11- تفاسير سفر الملوك الأول
12- تفاسير سفر الملوك الثاني
13- تفاسير سفر أخبار الأيام الأول
14- تفاسير سفر أخبار الأيام الثاني
15- تفاسير سفر عزرا
16- تفاسير سفر نحميا
17- تفاسير سفر طوبيا
18- تفاسير سفر يهوديت
19- تفاسير سفر أستير + التتمة
20- تفاسير سفر أيوب
21- تفاسير سفر المزامير + مز 151
22- تفاسير سفر الأمثال
23- تفاسير سفر الجامعة
24- تفاسير سفر نشيد الأناشيد
25- تفاسير سفر الحكمة
26- تفاسير سفر يشوع بن سيراخ
27- تفاسير سفر إشعياء
28- تفاسير سفر إرميا
29- تفاسير سفر مراثي إرميا
30- تفاسير سفر نبوه باروخ
31- تفاسير سفر حزقيال
32- تفاسير سفر دانيال + التتمة
33- تفاسير سفر هوشع
34- تفاسير سفر يوئيل
35- تفاسير سفر عاموس
36- تفاسير سفر عوبديا
37- تفاسير سفر يونان
38- تفاسير سفر ميخا
39- تفاسير سفر ناحوم
40- تفاسير سفر حبقوق
41- تفاسير سفر صفنيا
42- تفاسير سفر حجي
43- تفاسير سفر زكريا
44- تفاسير سفر ملاخي
45- تفاسير سفر المكابيين الأول
46- تفاسير سفر المكابيين الثاني
1- تفاسير إنجيل متى
2- تفاسير إنجيل مرقس
3- تفاسير إنجيل لوقا
4- تفاسير إنجيل يوحنا
5- تفاسير سفر أعمال الرسل
6- تفاسير الرسالة إلى رومية
7- تفاسير رسالة كورنثوس الاولى
8- تفاسير كورنثوس الثانية
9- تفاسير الرسالة إلى أهل غلاطية
10- تفاسير الرسالة إلى أفسس
11- تفاسير الرسالة إلى فيلبي
12- تفاسير الرسالة إلى كولوسي
13- تفاسير تسالونيكي الأولى
14- تفاسير تسالونيكي الثانية
15- تفاسير رسالة تيموثاوس الأولى
16- تفاسير تيموثاوس الثانية
17- تفاسير الرسالة إلى تيطس
18- تفاسير الرسالة إلى فيلمون
19- تفاسير رسالة العبرانيين
20- تفاسير رسالة يعقوب
21- تفاسير رسالة بطرس الأولى
22- تفاسير رسالة بطرس الثانية
23- تفاسير رسالة يوحنا الأولى
24- تفاسير رسالة يوحنا الثانية
25- تفاسير رسالة يوحنا الثالثة
26- تفاسير رسالة يهوذا
27- تفاسير سفر الرؤيا"
باروخ,2,0,"(2:1): تأديب الله ورحمته
لشعبه
هذا
الإصحاح يحمل صلاة توبة عميقة تشبه صلوات التوبة المذكورة في (عز9؛ نح9؛ دا9).
ويلاحظ أن هذه الصلاة تبدأ (با
1: 15 - 3: 8).
أى أن هذا
الإصحاح كله جزء من الصلاة.
وتشمل هذه
الصلاة ثلاثة معاني روحية هامة:
الاعتراف
بالخطايا كما في (با 2: 5).
طلب
الرحمة والنجاة كما في (با 2: 14-17).
الحمد
والتسبيح كما في (با 3: 6-7).
(1)
العقاب الإلهي (ع1- 10)
[2] طلب
مراحم الله (ع11-20)
[3] ذل السبي
(ع21-29):
[4]
بركات الله لشعبه التائب (ع30-35)
(1)
العقاب الإلهي (ع1- 10):
1- فَأَقَامَ الرَّبُّ كَلاَمَهُ الَّذِي
تَكَلَّمَ بِهِ عَلَيْنَا وَعَلَى قُضَاتِنَا الَّذِينَ يَقْضُونَ فِي
إِسْرَائِيلَ وَعَلَى مُلُوكِنَا وَرُؤَسَائِنَا وَعَلَى رِجَالِ إِسْرَائِيلَ
وَيَهُوذَا 2- جَالِبًا عَلَيْنَا شَرًّا عَظِيمًا بِحَيْثُ لَمْ يَحْدُثْ
تَحْتَ السَّمَاءِ بِأَسْرِهَا مِثْلُ مَا أَحْدَثَهُ فِي أُورُشَلِيمَ عَلَى
حَسَبِ مَا كُتِبَ فِي شَرِيعَةِ مُوسَى 3- حَتَّى أَكَلَ بَعْضُنَا لَحْمَ
ابْنِهِ وَالآخَرُ لَحْمَ بِنْتِهِ. 4- وَأَخْضَعَهُمْ تَحْتَ أَيْدِي جَمِيعِ
الْمَمَالِكِ الَّتِي حوْلَنَا وَجَعَلَهُمْ عَارًا وَدَهَشًا فِي جَمِيعِ
الشُّعُوبِ الَّذِينَ شَتَّتَهُمُ الرَّبُّ بَيْنَهُمْ 5- فَإِذَا هُمْ فِي
الاِنْحِطَاطِ بَدَلَ الرِّفْعَةِ لأَنَّا خَطِئْنَا إِلَى الرَّبِّ إِلهِنَا
غَيْرَ سَامِعِينَ لِصَوْتِهِ. 6- لِلرَّبِّ إِلهِنَا الْعَدْلُ وَلَنَا
وَلآبَائِنَا خِزْيُ الْوُجُوهِ كَمَا فِي هذَا الْيَوْمِ 7- لأَنَّ الرَّبَّ
تَكَلَّمَ عَلَيْنَا بِجَمِيعِ هذَا الشَّرِّ الَّذِي حَلَّ بِنَا 8- وَنَحْنُ
لَمْ نَسْتَعْطِفْ وَجْهَ الرَّبِّ تَائِبِينَ كُلُّ وَاحِدٍ عَنْ أَفْكَارِ
قَلْبِهِ الشِّرِّيرِ. 9- فَسَهِرَ الرَّبُّ عَلَى الشَّرِّ وَجَلَبَهُ
الرَّبُّ عَلَيْنَا لأَنَّ الرَّبَّ عَادِلٌ فِي جَمِيعِ أَعْمَالِهِ الَّتِي
أَوْصَانَا بِهَا 10- فَلَمْ نَسْمَعْ لِصَوْتِهِ لِنَسْلُكَ فِي أَوَامِرِ
الرَّبِّ الَّتِي جَعَلَهَا أَمَامَ وُجُوهِنَا.
ع1، 2:
أسرها: جميعها.
يواصل
باروخ اعترافه بخطايا شعبه أمام الله، معلنًا أنه من أجل هذه الخطايا عاقب الله
شعبه جالبًا عليهم شرورًا، فأصابهم بضيقات عظيمة لم يحدث مثلها في العالم كله،
وذلك على كل فئات الشعب. ويذكر قادة الشعب قبل العامة، فيقول القضاة والملوك
والرؤساء وكل رجال اليهود؛ سواء من مملكة إسرائيل، أو مملكة يهوذا. فكان السبي
الأشوري، ثم البابلي الذي دمَّر البلاد وأذل الشعب، وكان عقابًا شنيعًا.
ع3: يذكر باروخ بعض أمثلة الضيقة العظيمة
التي أتى بها الله على شعبه، فيعلن في هذه الآية أمرًا فظيعًا، وهو حلول الجوع
الشديد بشعب الله؛ حتى أنهم أكلوا أطفالهم. ويذكر الكتاب المقدس حدوث هذا الأمر
مرتين؛ مرة أيام يشوع (2 مل6: 24-31) والأخرى عندما حدث السبي البابلي (مرا 4: 10).
ع4: دهشا: يندهش ويتعجب كل من يراهم
لسوء حالتهم وانحطاطهم، بعد أن كانوا عظماء أيام ملوكهم الأقوياء، مثل داود،
وسليمان، وحزقيا، ويوشيا.
العقاب
الإلهي ظهر أيضًا لشعب إسرائيل في:
استعبادهم
لمملكتى أشور وبابل.
صاروا
عارًا وسط الشعوب المحيطة بهم، والذين تشتتوا بينهم، خاصة وأن بعضهم شمتوا ببنى
إسرائيل، وقبضوا على المنفلتين منهم، والهاربين، وأخذوهم عبيدًا لهم، أي ذُل
شعب الله ذلًا شديدًا، واستهزأ بهم كل الشعوب المحيطة.
ع5: يوضح باروخ أن العقاب الإلهي لبنى
إسرائيل أدى إلى انحطاطهم بين جميع الشعوب. وسبب هذا الانحطاط واضح وهو خطاياهم
ورفضهم سماع كلام الله.
ع6، 7: يكرر في
ع(6) نص الآية المذكورة في
(با 1: 15)، وهي التي تعلن عدل الله وخطية شعبه التي أدت إلى معاقبتهم، وخزيهم
أمام جميع الشعوب. وهذا ما سبق وحذرهم منه الله في وصاياه وشريعته على يد موسى
النبى.
ع8، 9: أنذر الرب شعبه على فم الأنبياء
ليتوبوا، ولكنهم استهانوا ورفضوا كلامه، ولم يتركوا خطاياهم، فاضطر الله إلى
معاقبتهم بالسبي. ولم يعاقبهم بحدث مؤقت، بل بفعل مستمر - وهو السبي - الذي دام
سبعون عامًا؛ لأن الله عادل ولابد للشر من عقاب، وغرض الله من العقاب هو التوبة
والرجوع إليه.
ع10: رغم العقاب الإلهي لم يسمع شعب الله
لصوته وتأديبه، ورفضوا الخضوع لوصاياه وشريعته، وهذا يبين مدى قساوة قلوبهم،
وعنادهم ضد الله.
†
ليتك تقبل كلام الله من الكتاب المقدس
وفى تعليم الكنيسة، وخاصة إرشاد أب اعترافك، ولا تهمل كلام الله، أو تعانده،
فتنال حينئذ مراحم الله وغفرانه لخطاياك، وقبوله لتوبتك.
[2]
طلب مراحم الله (ع11-20):
11- فَالآنَ أَيُّهَا الرَّبُّ إِلهُ
إِسْرَائِيلَ الَّذِي أَخْرَجَ شَعْبَهُ مِنْ أَرْضِ مِصْرَ بِيَدٍ قَدِيرَةٍ
وَبِآيَاتٍ وَمُعْجِزَاتٍ وَقُوَّةٍ عَظِيمَةٍ وَذِرَاعٍ مَبْسُوطَةٍ وَأَقَامَ
لَهُ اسْمًا كَمَا فِي هذَا الْيَوْمِ. 12- إِنَّا خَطِئْنَا وَنَافَقْنَا
وَأَثِمْنَا أَيُّهَا الرَّبُّ إِلهُنَا فِي جَمِيعِ رُسُومِكَ 13-
لِيَنْصَرِفْ غَضَبُكَ عَنَّا فَقَدْ بَقِينَا نَفَرًا قَلِيلًا فِي الأُمَمِ
الَّذِينَ شَتَّتَّنَا بَيْنَهُمْ. 14- اسْمَعْ يَا رَبُّ صَلاَتَنَا
وَتَضَرُّعَنَا وَأَنْقِذْنَا لأَجْلِكَ وَأَنِلْنَا حُظْوَةً أَمَامَ وُجُوهِ
الَّذِينَ أَجْلَوْنَا 15- لِكَيْ تَعْرِفَ الأَرْضُ بِأَسْرِهَا أَنَّكَ
أَنْتَ الرَّبُّ إِلهُنَا وَأَنَّهُ بِاسْمِكَ دُعِيَ إِسْرَائِيلُ
وَعَشَائِرُهُ. 16- أَيُّهَا الرَّبُّ اِلْتَفِتْ مِنْ بَيْتِ قُدْسِكَ وَانْظُرْ إِلَيْنَا
وَأَمِلْ أَيُّهَا الرَّبُّ أُذُنَكَ وَاسْتَجِبْ. 17- افْتَحْ عَيْنَيْكَ
وَانْظُرْ فَإِنَّهُ لَيْسَ الأَمْوَاتُ فِي الْجَحِيمِ الَّذِينَ أُخِذَتْ
أَرْوَاحُهُمْ عَنْ أَحْشَائِهِمْ يَعْتَرِفُونَ لِلرَّبِّ بِالْمَجْدِ
وَالْعَدْلِ 18- لكِنَّ الرُّوحَ الْكَئِيبَ مِنَ الشِّدَّةِ وَالَّذِي يَمْشِي
مُنْحَنِيًا ضَعِيفًا وَالْعُيُونَ الْكَلِيلَةَ وَالنَّفْسَ الْجَائِعَةَ هُمْ
يَعْتَرِفُونَ لَكَ بِالْمَجْدِ وَالْعَدْلِ يَا رَبُّ. 19- فَإِنَّا لاَ
لأَجْلِ بِرِّ آبَائِنَا وَمُلُوكِنَا نُلْقِي تَضَرُّعَنَا أَمَامَكَ أَيُّهَا
الرَّبُّ إِلهُنَا 20- بَلْ لأَنَّكَ أَرْسَلْتَ سُخْطَكَ وَغَضَبَكَ عَلَيْنَا
كَمَا تَكَلَّمْتَ عَلَى أَلْسِنَةِ عَبِيدِكَ الأَنْبِيَاءِ.
ع11، 12:
يذكر باروخ الله بأنه هو إلهنا القوى،
الذي أخرج شعبه من مصر بقوة عظيمة وذراع ممدودة، عن طريق الضربات العشر، وشق
البحر الأحمر. فحرر شعبه من عبودية مصر، وأخرجهم إلى برية سيناء، وغفر خطاياهم،
وعبادتهم الأوثان في مصر، وحل وسطهم في خيمة الاجتماع، فهو قادر الآن أن
يسامحهم عن خطاياهم، ويقر باروخ نيابة عن شعبه قائلًا إننا أخطأنا ونافقنا،
وآثمنا، ولكننا نترجى غفرانك لخطايانا، ثم قوتك التي تحررنا من السبي، كما
حررتنا قديمًا من عبودية مصر.
ع13: يطلب باروخ من الله أن يوقف غضبه،
ويبعده عن شعبه، أي يسامحهم على خطاياهم، ويكفى هذا العقاب؛ لأن بني إسرائيل قد
مات منهم الكثير بالجوع، أو الوبأ، أو السيف، ولم يبق منهم إلا عددٌ قليلٌ يقدم
توبة لله، ويطلب رحمته؛ ليعيدهم إلى أرضهم.
ع14، 15: يطلب باروخ من الله مراحمه فيما يلي
:
يتنازل
الله ويسمع صلوات شعبه، وتضرعاته لينقذهم من السبي. وذلك ليس لأجل استحقاقهم،
بل من أجل نعمة الله عليهم، إذ يدعون شعبه، وينتسبون إلى اسمه القدوس.
يعطى الله
نعمة لشعبه في عيون من يسبونهم، وإذ ينالون رضا الحكام يسمحون لهم بالعودة إلى
بلادهم.
إذ يعيد
الله شعبه إلى بلادهم، يتمجد اسمه القدوس أمام جميع أمم العالم، فبعد أن كانوا
عارًا في أعين الأمم يصيرون أمة يمجدها كل من حولها، ويمجدون إله إسرائيل
العظيم، القادر على كل شيء، وعلى إعادة أولاده إلى بلادهم بعد تشتتهم في الأمم
سنينًا طويلة. وهذا يبين عظمة إيمان باروخ بالله.
ع16: يترجى باروخ من الله أن يلتفت إليه، هو
وشعبه، وينظر إليه من بيت قدسه، أي السماء، ويشفق على شعبه، فيميل أذنه، أي
يتنازل ويستجيب لصلوات شعبه الضعيف المستعبد؛ ليسامحه، ويحرره، ويعيده إلى
بلاده.
ع17: يواصل باروخ تضرعه لله، فيطلب منه أن
يفتح عينيه، كأن الله أغمض عينيه، والمقصود أن الله تركهم في السبي مدة؛
ليتوبوا. ولكن الآن يرجو من الله أن ينظر إلى شعبه الذي يطلبه قبل أن يموت من
الغم والعبودية والذل في السبي.
والموتى
روحيًا، أي البعيدون عن الله لا يطلبونه، ولكن شعبه الحي يطلب منه أن يرحمه،
ويحرره من السبي.
والأموات
عن الخطايا، أي التائبون هم الذين يفرح بهم الله ويسامحهم، ويرحمهم. هؤلاء بنو
شعبه الذين يتضرعون إليه. وهذه الآية اقتبسها الآباء ووضعوها في القطعة الأولى
من صلاة النوم، وهي أيضًا مشابهة للآية الموجودة في سفر المزامير (مز6: 5).
ع18: الكئيب
: الحزين.
الكليلة
: المجهدة وفى تعب شديد.
يعلن
باروخ أن النفوس التي قاست من شدة السبي، فرجعت إلى الله بتوبة وأصوام وصلوات،
تستطيع أن تمجد الله، وتقبل الضيقة خضوعًا لعدله، فتنال مراحم الله.
إن النفوس
الخاضعة لله، والمعترفة بمجده، والتائبة عن خطاياها، أي الحزينة لسقوطها في
الخطية، وتصوم وتجوع لدرجة انحناء الجسد، والتي تبكى أمام الله في ندم على
خطاياها؛ حتى تكل وتتعب العينان؛ هذه النفوس هي الحزينة على خطاياها وتتضرع إلى
الله فيسامحها ويغفر لها. النفس المتذللة أمام الله والزاهدة في شهوات العالم
هى التي تجوع لكلمة الله والحياة معه، فيشبعها الله بغناه ومحبته.
ع19، 20: يؤكد باروخ أن تضرعات شعب الله إليه
هى بسبب خضوعهم له، وتوبتهم أمام غضبه الشديد، الذي أعلنه مرارًا على فم
أنبيائه، وليس في صلواتهم أي اعتماد على برهم، أو بر ملوكهم وآبائهم.
†
إذا أتت عليك ضيقة فحاسب نفسك وقدم توبة
عن خطاياك باتضاع، معتمدًا على صلوات وأصوام ودموع، فتفيض عليك مراحم الله،
مهما كانت خطاياك صعبة.
[3]
ذل السبي (ع21-29):
21- هكَذَا قَالَ الرَّبُّ احْنُوا مَنَاكِبَكُمْ
وَتَعَبَّدُوا لِمَلِكِ بَابِلَ فَتَسْكُنُوا فِي الأَرْضِ الَّتِي
أَعْطَيْتُهَا لآبَائِكُمْ 22- وَإِنْ لَمْ تَسْمَعُوا لِصَوْتِ الرَّبِّ
بِأَنْ تَتَعَبَّدُوا لِمَلِكِ بَابِلَ 23- فَإِنِّي أُبْطِلُ مِنْ مُدُنِ
يَهُوذَا وَمنْ شَوَارِعِ أُورُشَلِيمَ صَوْتَ الطَّرَبِ وَصَوْتَ الْفَرَحِ
صَوْتَ الْعَرُوسِ وَصَوْتَ الْعَرُوسَةِ وَتَكُونُ كُلُّ الأَرْضِ
مُسْتَوْحِشَةً لاَ سَاكِنَ فِيهَا 24- فَلَمْ نَسْمَعْ لِصَوْتِكَ بِأَنْ
نَتَعَبَّدَ لِمَلِكِ بَابِلَ فَأَقَمْتَ كَلاَمَكَ الَّذِي تَكَلَّمْتَ بِهِ
عَلَى أَلْسِنَةِ عَبِيدِكَ الأَنْبِيَاءِ أَن تُخْرَجَ عِظَامُ مُلُوكِنَا
وَعِظَامُ آبَائِنَا مِنْ مَوَاضِعِهَا 25- وَهَا إِنَّهَا مَطْرُوحَةٌ لِحَرِّ
النَّهَارِ وَقَرْسِ اللَّيْلِ وَقَدْ مَاتُوا فِي أَوْجَاعٍ أَلِيمَةٍ
بِالْجُوعِ وَالسَّيْفِ وَالطَّرْدِ. 26- وَجَعَلْتَ الْبَيْتَ الَّذِي دُعِيَ بِاسْمِكَ كَمَا فِي هذَا الْيَوْمِ
لأَجْلِ شَرِّ آلِ إِسْرَائِيلَ وَآلِ يَهُوذَا. 27- وَقَدْ عَامَلْتَنَا أَيُّهَا الرَّبُّ إِلهُنَا بِكُلِّ رَأْفَتِكَ
وَكُلِّ رَحْمَتِكَ الْعَظِيمَةِ 28- كَمَا تَكَلَّمْتَ عَلَى لِسَانِ عَبْدِكَ
مُوسَى يَوْمَ أَمَرْتَهُ أَنْ يَكْتُبَ شَرِيعَتَكَ أَمَامَ بَنِي
إِسْرَائِيلَ قَائِلًا: 29- «إِنْ لَمْ تَسْمَعُوا لِصَوْتِي فَإِنَّ هذَا
الْجَمْعَ الْعَظِيمَ الْكَثِيرَ لَيَصِيرَنَّ نَفَرًا قَلِيلًا فِي الأُمَمِ
الَّذِينَ أُشَتِّتُهُمْ بَيْنَهُمْ.
ع21: مناكبكم
: منكب وهو الكتف.
أمر إرميا الشعب أن يخضعوا
لعبودية ملك بابل، فيسكنوا ويستقروا في الأرض؛ أرض كنعان، ولكنهم رفضوا، فدمر
ملك بابل أورشليم وأحرق الهيكل، وسمح الله بهذا من أجل كثرة خطاياهم. ولكن الآن
ينادى باروخ بنفس الكلام لشعبه، أن يحنوا أكتافهم كعبيد لملك بابل، أي يقبلون
تأديب الرب، ويتوبون عن خطاياهم، فحينئذ يسامحهم الله، ويعيدهم إلى أرضهم،
ويبنون الهيكل، ويعبدون الله فيه.
ع22، 23: يكمل باروخ كلام الله لشعبه،
فيحذرهم من عصيان وعدم طاعة كلام الرب. فيذكرهم بكلام إرميا لهم، الذي كرره
أربع مرات بنفس النص تقريبًا (إر7: 34؛ 16: 9؛ 25: 10 ؛ 33: 11). فيقال هنا
للمرة الخامسة، معلنًا ما أتمه الله في تخريب أورشليم على يد ملك بابل، وإبطال
الأفراح، وجعل أرض أورشليم موحشة وخربة؛ فلا يسكنها أحد.
ع24-26: قرس الليل
: برودة الليل الشديدة؛ أي البرد القارس.
لأن شعب الله رفض طاعة كلامه على
لسان الأنبياء بالخضوع لملك بابل وقبول تأديب الرب للتوبة؛ لذا هجم ملك بابل
على أورشليم، وخرب كل ما فيها حتى المقابر، وهكذا طرح عظام الملوك والآباء،
وتعرضت لحر النهار وبرودة الليل، وهذا إذلال واضح لليهود أن تتعرض عظام ملوكهم
وآبائهم للتخريب والتدمير. ولعل البابليين قصدوا سرقة أي شيء نفيس في هذه
المقابر.
ومن ناحية أخرى كان تأديب الله في
تعرض اليهود الساكنين في أورشليم لما يلي:
الجوع
إذ لم يجدوا طعامًا وسط هذا الخراب، بل مات منهم الكثيرون جوعًا.
الموت بالسيف
عند هجوم البابليين عليهم، وقتلوا ما استطاعوا من اليهود.
الطرد من أورشليم
إذ هرب الباقون من اليهود من وجه البابليين. ولعل بعضهم لم ينج إذ قبض عليهم
جيرانهم الوثنيون الأدوميون والموآبيون وبنو عمون، وأخذوهم عبيدًا.
تخريب هيكلهم
وحرقه كما هو ظاهر في هذا اليوم، أي أيام كتابة نبوة باروخ؛ وهو الهيكل الذي
دعى اسم الرب عليه. كل هذا لأجل شر اليهود في عبادة الأوثان وتمردهم على الله.
ع27-29:
بالسبي البابلي وتخريب أورشليم
وهيكلها وقتل اليهود، وتشتيتهم كعبيد في المملكة البابلية تحقق كلام الله الذي
أعلنه لموسى النبي في الشريعة (تث28: 62). وهذا التأديب رغم قسوته لكن الله لم
يعاقب شعبه به بحسب خطاياهم، بل عاملهم بالرحمة والرأفة، أي أنهم يستحقون
عقابًا أكثر من هذا لكثرة شرورهم.
†
انتبه لتحذيرات الله في الكتاب
المقدس التي تدعوك للتمسك بوصايا الله حتى لا يتخلى عنك، فتتعرض لتجارب شديدة.
وبهذا تبتعد عن الشر وتحفظ وصايا الله، فتحيا مطمئنًا سعيدًا.
←
وستجد
تفاسير أخرى
هنا في
[4]
بركات الله لشعبه التائب (ع30-35):
30- فَإِنِّي عَالِمٌ بَأَنَّهُمْ لاَ
يَسْمَعُونَ لِي لأَنَّهُمْ شَعْبٌ قُسَاةُ الرِّقَابِ لكِنَّهُمْ
سَيَرْجِعُونَ إِلَى قُلُوبِهِمْ فِي أَرْضِ جَلاَئِهِمْ 31- وَيَعْلَمُونَ
أَنِّي أَنَا الرَّبُّ إِلهُهُمْ، وَأُعْطِيهِمْ قُلُوبًا وَآذَانًا سَامِعَةً 32- فَيُسَبِّحُونَنِي فِي أَرْضِ جَلاَئِهِمْ وَيَذْكُرُونَ اسْمِي 33-
وَيَتُوبُونَ عَنْ صَلاَبَةِ رِقَابِهِمْ وَعَنْ شَرِّ أَعْمَالِهِمْ
لأَنَّهُمْ يَتَذَكَّرُونَ طَرِيقَ آبَائِهِمِ الَّذِينَ خَطِئُوا أَمَامَ
الرَّبِّ 34- وَأُعِيدُهُمْ إِلَى الأَرْضِ الَّتِي حَلَفْتُ عَلَيْهَا
لآبَائِهِمْ إِبْرَاهِيمَ وَإِسْحَاقَ وَيَعْقُوبَ فَيَتَسَلَّطُونَ عَلَيْهَا
وَأُكَثِّرُهُمْ فَلاَ يَقِلُّونَ 35- وَأُقِيمُ لَهُمْ عَهْدًا أَبَدِيًّا
فَأَكُونُ لَهُمْ إِلهًا وَيَكُونُونَ لِي شَعْبًا وَلاَ أَعُودُ أُزَعْزِعُ
شَعْبِي إِسْرَائِيلَ مِنَ الأَرْضِ الَّتِي أَعْطَيْتُهَا لَهُمْ».
ع30-32: جلائهم
: سبيهم.
يقرر الله هنا قساوة قلوب بنى
إسرائيل، الذين يرفضون سماع كلامه على فم الأنبياء، فيضطر الله إلى تأديبهم،
ويشتتهم في العالم، ويستعبدون لملوك بابل، ولكن الضيقة تنقذهم، فيرجعون إلى
الله بالتوبة، ويعودون للحياة مع الله والتمسك بوصاياه، وتعود قلوبهم للإحساس
بالله، وآذانهم الداخلية تسمع صوته وتخضع له، فيصيرون بالحقيقة شعبًا مقدسًا
لله، كما أعلن الأنبياء (إر24: 7؛ حز11: 16-20؛ زك10: 9).
ع33: يتذكر المسبيون خطايا آبائهم في عبادة
الأصنام والشهوات الشريرة، وكيف أغضبت الرب، فأدبهم بالسبي؛ لذا يتوب المسبيون،
ولا يصلبون رقابهم كآبائهم، أو يتمادون في شرهم؛ لكن يعودون للرب في توبة؛
ليحيوا معه.
ع34: إذ يرى الله توبة شعبه يعدهم بإرجاعهم
إلى أرضهم، التي وعد الله بها الآباء إبراهيم واسحق ويعقوب. فإن كانوا قد طردوا
من أرضهم لأجل شرهم يعيدهم الله إليها من أجل توبتهم، وأكثر من هذا يباركهم
الله، فيزدادون عددًا رغم عودتهم من السبي بعدد قليل.
ع35:
هذا الوعد الأبدي الذي يعد به الله شعبه أن يكون لهم إلهًا،
ويكونون شعبه ليس في هذا الدهر فقط، بل في الحياة الأبدية، يتحقق هذا في شعب
إسرائيل الجديد، أي المسيحيين. فالكنيسة تثبت على مدى الأيام، وتمتد إلى
الأبدية، وأبواب الجحيم لن تقوى عليها؛ لأن أورشليم وهيكلها قد تهدم عام 70 م
بيد تيطس الروماني، فالنبوة عن الكنيسة في هذه الآية. وقد ذكر كثير من الأنبياء
هذا الوعد مثل (إر31: 34؛ حز37: 26-28)، وكرره بولس الرسول في (عب8: 7-9).
أما قوله شعبى إسرائيل فهو لا
يقصد بني إسرائيل فقط، إنما يعنى أبناء الله الذين يعبدون الرب في كل زمان. وقد
أكد بولس الرسول هذا المعنى في ""لأن ليس جميع الذين من إسرائيل هم إسرائيليون""
(رو9: 6).
† الله
حنون جدًا ويحبك، وينتظر توبتك مهما كانت شرورك، فأسرع إلى التوبة الآن، فهو
يقبلك، ويتعهدك بمحبته، ويثبتك في كنيسته، وينتظرك في ملكوته السماوى.
← تفاسير أصحاحات
باروخ:
مقدمة |
1 |
2 |
3 |
4 |
5 |
6
تفاسير أسفار الكتاب المقدس
1- تفاسير سفر التكوين
2- تفاسير سفر الخروج
3- تفاسير سفر اللاويين
4- تفاسير سفر العدد
5- تفاسير سفر التثنية
6- تفاسير سفر يشوع
7- تفاسير سفر القضاة
8- تفاسير سفر راعوث
9- تفاسير سفر صموئيل الأول
10- تفاسير سفر صموئيل الثاني
11- تفاسير سفر الملوك الأول
12- تفاسير سفر الملوك الثاني
13- تفاسير سفر أخبار الأيام الأول
14- تفاسير سفر أخبار الأيام الثاني
15- تفاسير سفر عزرا
16- تفاسير سفر نحميا
17- تفاسير سفر طوبيا
18- تفاسير سفر يهوديت
19- تفاسير سفر أستير + التتمة
20- تفاسير سفر أيوب
21- تفاسير سفر المزامير + مز 151
22- تفاسير سفر الأمثال
23- تفاسير سفر الجامعة
24- تفاسير سفر نشيد الأناشيد
25- تفاسير سفر الحكمة
26- تفاسير سفر يشوع بن سيراخ
27- تفاسير سفر إشعياء
28- تفاسير سفر إرميا
29- تفاسير سفر مراثي إرميا
30- تفاسير سفر نبوه باروخ
31- تفاسير سفر حزقيال
32- تفاسير سفر دانيال + التتمة
33- تفاسير سفر هوشع
34- تفاسير سفر يوئيل
35- تفاسير سفر عاموس
36- تفاسير سفر عوبديا
37- تفاسير سفر يونان
38- تفاسير سفر ميخا
39- تفاسير سفر ناحوم
40- تفاسير سفر حبقوق
41- تفاسير سفر صفنيا
42- تفاسير سفر حجي
43- تفاسير سفر زكريا
44- تفاسير سفر ملاخي
45- تفاسير سفر المكابيين الأول
46- تفاسير سفر المكابيين الثاني
1- تفاسير إنجيل متى
2- تفاسير إنجيل مرقس
3- تفاسير إنجيل لوقا
4- تفاسير إنجيل يوحنا
5- تفاسير سفر أعمال الرسل
6- تفاسير الرسالة إلى رومية
7- تفاسير رسالة كورنثوس الاولى
8- تفاسير كورنثوس الثانية
9- تفاسير الرسالة إلى أهل غلاطية
10- تفاسير الرسالة إلى أفسس
11- تفاسير الرسالة إلى فيلبي
12- تفاسير الرسالة إلى كولوسي
13- تفاسير تسالونيكي الأولى
14- تفاسير تسالونيكي الثانية
15- تفاسير رسالة تيموثاوس الأولى
16- تفاسير تيموثاوس الثانية
17- تفاسير الرسالة إلى تيطس
18- تفاسير الرسالة إلى فيلمون
19- تفاسير رسالة العبرانيين
20- تفاسير رسالة يعقوب
21- تفاسير رسالة بطرس الأولى
22- تفاسير رسالة بطرس الثانية
23- تفاسير رسالة يوحنا الأولى
24- تفاسير رسالة يوحنا الثانية
25- تفاسير رسالة يوحنا الثالثة
26- تفاسير رسالة يهوذا
27- تفاسير سفر الرؤيا"
باروخ,2,3,"(2:3): يذكر باروخ بعض أمثلة الضيقة العظيمة
التي أتى بها الله على شعبه، فيعلن في هذه الآية أمرًا فظيعًا، وهو حلول الجوع
الشديد بشعب الله؛ حتى أنهم أكلوا أطفالهم. ويذكر الكتاب المقدس حدوث هذا الأمر
مرتين؛ مرة أيام يشوع (2 مل6: 24-31) والأخرى عندما حدث السبي البابلي (مرا 4: 10).
ع4:"
باروخ,2,4,"(2:4): دهشا: يندهش ويتعجب كل من يراهم
لسوء حالتهم وانحطاطهم، بعد أن كانوا عظماء أيام ملوكهم الأقوياء، مثل داود،
وسليمان، وحزقيا، ويوشيا.
العقاب
الإلهي ظهر أيضًا لشعب إسرائيل في:
استعبادهم
لمملكتى أشور وبابل.
صاروا
عارًا وسط الشعوب المحيطة بهم، والذين تشتتوا بينهم، خاصة وأن بعضهم شمتوا ببنى
إسرائيل، وقبضوا على المنفلتين منهم، والهاربين، وأخذوهم عبيدًا لهم، أي ذُل
شعب الله ذلًا شديدًا، واستهزأ بهم كل الشعوب المحيطة.
ع5:"
باروخ,2,5,"(2:5): يوضح باروخ أن العقاب الإلهي لبنى
إسرائيل أدى إلى انحطاطهم بين جميع الشعوب. وسبب هذا الانحطاط واضح وهو خطاياهم
ورفضهم سماع كلام الله.
ع6، 7: يكرر في
ع(6) نص الآية المذكورة في
(با 1: 15)، وهي التي تعلن عدل الله وخطية شعبه التي أدت إلى معاقبتهم، وخزيهم
أمام جميع الشعوب. وهذا ما سبق وحذرهم منه الله في وصاياه وشريعته على يد موسى
النبى.
ع8، 9: أنذر الرب شعبه على فم الأنبياء
ليتوبوا، ولكنهم استهانوا ورفضوا كلامه، ولم يتركوا خطاياهم، فاضطر الله إلى
معاقبتهم بالسبي. ولم يعاقبهم بحدث مؤقت، بل بفعل مستمر - وهو السبي - الذي دام
سبعون عامًا؛ لأن الله عادل ولابد للشر من عقاب، وغرض الله من العقاب هو التوبة
والرجوع إليه.
ع10:"
باروخ,2,10,"(2:10): رغم العقاب الإلهي لم يسمع شعب الله
لصوته وتأديبه، ورفضوا الخضوع لوصاياه وشريعته، وهذا يبين مدى قساوة قلوبهم،
وعنادهم ضد الله.
†
ليتك تقبل كلام الله من الكتاب المقدس
وفى تعليم الكنيسة، وخاصة إرشاد أب اعترافك، ولا تهمل كلام الله، أو تعانده،
فتنال حينئذ مراحم الله وغفرانه لخطاياك، وقبوله لتوبتك.
[2]
طلب مراحم الله (ع11-20):
11- فَالآنَ أَيُّهَا الرَّبُّ إِلهُ
إِسْرَائِيلَ الَّذِي أَخْرَجَ شَعْبَهُ مِنْ أَرْضِ مِصْرَ بِيَدٍ قَدِيرَةٍ
وَبِآيَاتٍ وَمُعْجِزَاتٍ وَقُوَّةٍ عَظِيمَةٍ وَذِرَاعٍ مَبْسُوطَةٍ وَأَقَامَ
لَهُ اسْمًا كَمَا فِي هذَا الْيَوْمِ. 12- إِنَّا خَطِئْنَا وَنَافَقْنَا
وَأَثِمْنَا أَيُّهَا الرَّبُّ إِلهُنَا فِي جَمِيعِ رُسُومِكَ 13-
لِيَنْصَرِفْ غَضَبُكَ عَنَّا فَقَدْ بَقِينَا نَفَرًا قَلِيلًا فِي الأُمَمِ
الَّذِينَ شَتَّتَّنَا بَيْنَهُمْ. 14- اسْمَعْ يَا رَبُّ صَلاَتَنَا
وَتَضَرُّعَنَا وَأَنْقِذْنَا لأَجْلِكَ وَأَنِلْنَا حُظْوَةً أَمَامَ وُجُوهِ
الَّذِينَ أَجْلَوْنَا 15- لِكَيْ تَعْرِفَ الأَرْضُ بِأَسْرِهَا أَنَّكَ
أَنْتَ الرَّبُّ إِلهُنَا وَأَنَّهُ بِاسْمِكَ دُعِيَ إِسْرَائِيلُ
وَعَشَائِرُهُ. 16- أَيُّهَا الرَّبُّ اِلْتَفِتْ مِنْ بَيْتِ قُدْسِكَ وَانْظُرْ إِلَيْنَا
وَأَمِلْ أَيُّهَا الرَّبُّ أُذُنَكَ وَاسْتَجِبْ. 17- افْتَحْ عَيْنَيْكَ
وَانْظُرْ فَإِنَّهُ لَيْسَ الأَمْوَاتُ فِي الْجَحِيمِ الَّذِينَ أُخِذَتْ
أَرْوَاحُهُمْ عَنْ أَحْشَائِهِمْ يَعْتَرِفُونَ لِلرَّبِّ بِالْمَجْدِ
وَالْعَدْلِ 18- لكِنَّ الرُّوحَ الْكَئِيبَ مِنَ الشِّدَّةِ وَالَّذِي يَمْشِي
مُنْحَنِيًا ضَعِيفًا وَالْعُيُونَ الْكَلِيلَةَ وَالنَّفْسَ الْجَائِعَةَ هُمْ
يَعْتَرِفُونَ لَكَ بِالْمَجْدِ وَالْعَدْلِ يَا رَبُّ. 19- فَإِنَّا لاَ
لأَجْلِ بِرِّ آبَائِنَا وَمُلُوكِنَا نُلْقِي تَضَرُّعَنَا أَمَامَكَ أَيُّهَا
الرَّبُّ إِلهُنَا 20- بَلْ لأَنَّكَ أَرْسَلْتَ سُخْطَكَ وَغَضَبَكَ عَلَيْنَا
كَمَا تَكَلَّمْتَ عَلَى أَلْسِنَةِ عَبِيدِكَ الأَنْبِيَاءِ.
ع11، 12:
يذكر باروخ الله بأنه هو إلهنا القوى،
الذي أخرج شعبه من مصر بقوة عظيمة وذراع ممدودة، عن طريق الضربات العشر، وشق
البحر الأحمر. فحرر شعبه من عبودية مصر، وأخرجهم إلى برية سيناء، وغفر خطاياهم،
وعبادتهم الأوثان في مصر، وحل وسطهم في خيمة الاجتماع، فهو قادر الآن أن
يسامحهم عن خطاياهم، ويقر باروخ نيابة عن شعبه قائلًا إننا أخطأنا ونافقنا،
وآثمنا، ولكننا نترجى غفرانك لخطايانا، ثم قوتك التي تحررنا من السبي، كما
حررتنا قديمًا من عبودية مصر.
ع13:"
باروخ,2,13,"(2:13): يطلب باروخ من الله أن يوقف غضبه،
ويبعده عن شعبه، أي يسامحهم على خطاياهم، ويكفى هذا العقاب؛ لأن بني إسرائيل قد
مات منهم الكثير بالجوع، أو الوبأ، أو السيف، ولم يبق منهم إلا عددٌ قليلٌ يقدم
توبة لله، ويطلب رحمته؛ ليعيدهم إلى أرضهم.
ع14، 15: يطلب باروخ من الله مراحمه فيما يلي
:
يتنازل
الله ويسمع صلوات شعبه، وتضرعاته لينقذهم من السبي. وذلك ليس لأجل استحقاقهم،
بل من أجل نعمة الله عليهم، إذ يدعون شعبه، وينتسبون إلى اسمه القدوس.
يعطى الله
نعمة لشعبه في عيون من يسبونهم، وإذ ينالون رضا الحكام يسمحون لهم بالعودة إلى
بلادهم.
إذ يعيد
الله شعبه إلى بلادهم، يتمجد اسمه القدوس أمام جميع أمم العالم، فبعد أن كانوا
عارًا في أعين الأمم يصيرون أمة يمجدها كل من حولها، ويمجدون إله إسرائيل
العظيم، القادر على كل شيء، وعلى إعادة أولاده إلى بلادهم بعد تشتتهم في الأمم
سنينًا طويلة. وهذا يبين عظمة إيمان باروخ بالله.
ع16:"
باروخ,2,16,"(2:16): يترجى باروخ من الله أن يلتفت إليه، هو
وشعبه، وينظر إليه من بيت قدسه، أي السماء، ويشفق على شعبه، فيميل أذنه، أي
يتنازل ويستجيب لصلوات شعبه الضعيف المستعبد؛ ليسامحه، ويحرره، ويعيده إلى
بلاده.
ع17:"
باروخ,2,17,"(2:17): يواصل باروخ تضرعه لله، فيطلب منه أن
يفتح عينيه، كأن الله أغمض عينيه، والمقصود أن الله تركهم في السبي مدة؛
ليتوبوا. ولكن الآن يرجو من الله أن ينظر إلى شعبه الذي يطلبه قبل أن يموت من
الغم والعبودية والذل في السبي.
والموتى
روحيًا، أي البعيدون عن الله لا يطلبونه، ولكن شعبه الحي يطلب منه أن يرحمه،
ويحرره من السبي.
والأموات
عن الخطايا، أي التائبون هم الذين يفرح بهم الله ويسامحهم، ويرحمهم. هؤلاء بنو
شعبه الذين يتضرعون إليه. وهذه الآية اقتبسها الآباء ووضعوها في القطعة الأولى
من صلاة النوم، وهي أيضًا مشابهة للآية الموجودة في سفر المزامير (مز6: 5).
ع18:"
باروخ,2,18,"(2:18): الكئيب
: الحزين.
الكليلة
: المجهدة وفى تعب شديد.
يعلن
باروخ أن النفوس التي قاست من شدة السبي، فرجعت إلى الله بتوبة وأصوام وصلوات،
تستطيع أن تمجد الله، وتقبل الضيقة خضوعًا لعدله، فتنال مراحم الله.
إن النفوس
الخاضعة لله، والمعترفة بمجده، والتائبة عن خطاياها، أي الحزينة لسقوطها في
الخطية، وتصوم وتجوع لدرجة انحناء الجسد، والتي تبكى أمام الله في ندم على
خطاياها؛ حتى تكل وتتعب العينان؛ هذه النفوس هي الحزينة على خطاياها وتتضرع إلى
الله فيسامحها ويغفر لها. النفس المتذللة أمام الله والزاهدة في شهوات العالم
هى التي تجوع لكلمة الله والحياة معه، فيشبعها الله بغناه ومحبته.
ع19، 20: يؤكد باروخ أن تضرعات شعب الله إليه
هى بسبب خضوعهم له، وتوبتهم أمام غضبه الشديد، الذي أعلنه مرارًا على فم
أنبيائه، وليس في صلواتهم أي اعتماد على برهم، أو بر ملوكهم وآبائهم.
†
إذا أتت عليك ضيقة فحاسب نفسك وقدم توبة
عن خطاياك باتضاع، معتمدًا على صلوات وأصوام ودموع، فتفيض عليك مراحم الله،
مهما كانت خطاياك صعبة.
[3]
ذل السبي (ع21-29):
21- هكَذَا قَالَ الرَّبُّ احْنُوا مَنَاكِبَكُمْ
وَتَعَبَّدُوا لِمَلِكِ بَابِلَ فَتَسْكُنُوا فِي الأَرْضِ الَّتِي
أَعْطَيْتُهَا لآبَائِكُمْ 22- وَإِنْ لَمْ تَسْمَعُوا لِصَوْتِ الرَّبِّ
بِأَنْ تَتَعَبَّدُوا لِمَلِكِ بَابِلَ 23- فَإِنِّي أُبْطِلُ مِنْ مُدُنِ
يَهُوذَا وَمنْ شَوَارِعِ أُورُشَلِيمَ صَوْتَ الطَّرَبِ وَصَوْتَ الْفَرَحِ
صَوْتَ الْعَرُوسِ وَصَوْتَ الْعَرُوسَةِ وَتَكُونُ كُلُّ الأَرْضِ
مُسْتَوْحِشَةً لاَ سَاكِنَ فِيهَا 24- فَلَمْ نَسْمَعْ لِصَوْتِكَ بِأَنْ
نَتَعَبَّدَ لِمَلِكِ بَابِلَ فَأَقَمْتَ كَلاَمَكَ الَّذِي تَكَلَّمْتَ بِهِ
عَلَى أَلْسِنَةِ عَبِيدِكَ الأَنْبِيَاءِ أَن تُخْرَجَ عِظَامُ مُلُوكِنَا
وَعِظَامُ آبَائِنَا مِنْ مَوَاضِعِهَا 25- وَهَا إِنَّهَا مَطْرُوحَةٌ لِحَرِّ
النَّهَارِ وَقَرْسِ اللَّيْلِ وَقَدْ مَاتُوا فِي أَوْجَاعٍ أَلِيمَةٍ
بِالْجُوعِ وَالسَّيْفِ وَالطَّرْدِ. 26- وَجَعَلْتَ الْبَيْتَ الَّذِي دُعِيَ بِاسْمِكَ كَمَا فِي هذَا الْيَوْمِ
لأَجْلِ شَرِّ آلِ إِسْرَائِيلَ وَآلِ يَهُوذَا. 27- وَقَدْ عَامَلْتَنَا أَيُّهَا الرَّبُّ إِلهُنَا بِكُلِّ رَأْفَتِكَ
وَكُلِّ رَحْمَتِكَ الْعَظِيمَةِ 28- كَمَا تَكَلَّمْتَ عَلَى لِسَانِ عَبْدِكَ
مُوسَى يَوْمَ أَمَرْتَهُ أَنْ يَكْتُبَ شَرِيعَتَكَ أَمَامَ بَنِي
إِسْرَائِيلَ قَائِلًا: 29- «إِنْ لَمْ تَسْمَعُوا لِصَوْتِي فَإِنَّ هذَا
الْجَمْعَ الْعَظِيمَ الْكَثِيرَ لَيَصِيرَنَّ نَفَرًا قَلِيلًا فِي الأُمَمِ
الَّذِينَ أُشَتِّتُهُمْ بَيْنَهُمْ.
ع21:"
باروخ,2,21,"(2:21): مناكبكم
: منكب وهو الكتف.
أمر إرميا الشعب أن يخضعوا
لعبودية ملك بابل، فيسكنوا ويستقروا في الأرض؛ أرض كنعان، ولكنهم رفضوا، فدمر
ملك بابل أورشليم وأحرق الهيكل، وسمح الله بهذا من أجل كثرة خطاياهم. ولكن الآن
ينادى باروخ بنفس الكلام لشعبه، أن يحنوا أكتافهم كعبيد لملك بابل، أي يقبلون
تأديب الرب، ويتوبون عن خطاياهم، فحينئذ يسامحهم الله، ويعيدهم إلى أرضهم،
ويبنون الهيكل، ويعبدون الله فيه.
ع22، 23: يكمل باروخ كلام الله لشعبه،
فيحذرهم من عصيان وعدم طاعة كلام الرب. فيذكرهم بكلام إرميا لهم، الذي كرره
أربع مرات بنفس النص تقريبًا (إر7: 34؛ 16: 9؛ 25: 10 ؛ 33: 11). فيقال هنا
للمرة الخامسة، معلنًا ما أتمه الله في تخريب أورشليم على يد ملك بابل، وإبطال
الأفراح، وجعل أرض أورشليم موحشة وخربة؛ فلا يسكنها أحد.
ع24-26:"
باروخ,2,24,"(2:24-26): قرس الليل
: برودة الليل الشديدة؛ أي البرد القارس.
لأن شعب الله رفض طاعة كلامه على
لسان الأنبياء بالخضوع لملك بابل وقبول تأديب الرب للتوبة؛ لذا هجم ملك بابل
على أورشليم، وخرب كل ما فيها حتى المقابر، وهكذا طرح عظام الملوك والآباء،
وتعرضت لحر النهار وبرودة الليل، وهذا إذلال واضح لليهود أن تتعرض عظام ملوكهم
وآبائهم للتخريب والتدمير. ولعل البابليين قصدوا سرقة أي شيء نفيس في هذه
المقابر.
ومن ناحية أخرى كان تأديب الله في
تعرض اليهود الساكنين في أورشليم لما يلي:
الجوع
إذ لم يجدوا طعامًا وسط هذا الخراب، بل مات منهم الكثيرون جوعًا.
الموت بالسيف
عند هجوم البابليين عليهم، وقتلوا ما استطاعوا من اليهود.
الطرد من أورشليم
إذ هرب الباقون من اليهود من وجه البابليين. ولعل بعضهم لم ينج إذ قبض عليهم
جيرانهم الوثنيون الأدوميون والموآبيون وبنو عمون، وأخذوهم عبيدًا.
تخريب هيكلهم
وحرقه كما هو ظاهر في هذا اليوم، أي أيام كتابة نبوة باروخ؛ وهو الهيكل الذي
دعى اسم الرب عليه. كل هذا لأجل شر اليهود في عبادة الأوثان وتمردهم على الله.
ع27-29:"
باروخ,2,27,"(2:27-29): بالسبي البابلي وتخريب أورشليم
وهيكلها وقتل اليهود، وتشتيتهم كعبيد في المملكة البابلية تحقق كلام الله الذي
أعلنه لموسى النبي في الشريعة (تث28: 62). وهذا التأديب رغم قسوته لكن الله لم
يعاقب شعبه به بحسب خطاياهم، بل عاملهم بالرحمة والرأفة، أي أنهم يستحقون
عقابًا أكثر من هذا لكثرة شرورهم.
†
انتبه لتحذيرات الله في الكتاب
المقدس التي تدعوك للتمسك بوصايا الله حتى لا يتخلى عنك، فتتعرض لتجارب شديدة.
وبهذا تبتعد عن الشر وتحفظ وصايا الله، فتحيا مطمئنًا سعيدًا.
←
وستجد
تفاسير أخرى
هنا في
[4]
بركات الله لشعبه التائب (ع30-35):
30- فَإِنِّي عَالِمٌ بَأَنَّهُمْ لاَ
يَسْمَعُونَ لِي لأَنَّهُمْ شَعْبٌ قُسَاةُ الرِّقَابِ لكِنَّهُمْ
سَيَرْجِعُونَ إِلَى قُلُوبِهِمْ فِي أَرْضِ جَلاَئِهِمْ 31- وَيَعْلَمُونَ
أَنِّي أَنَا الرَّبُّ إِلهُهُمْ، وَأُعْطِيهِمْ قُلُوبًا وَآذَانًا سَامِعَةً 32- فَيُسَبِّحُونَنِي فِي أَرْضِ جَلاَئِهِمْ وَيَذْكُرُونَ اسْمِي 33-
وَيَتُوبُونَ عَنْ صَلاَبَةِ رِقَابِهِمْ وَعَنْ شَرِّ أَعْمَالِهِمْ
لأَنَّهُمْ يَتَذَكَّرُونَ طَرِيقَ آبَائِهِمِ الَّذِينَ خَطِئُوا أَمَامَ
الرَّبِّ 34- وَأُعِيدُهُمْ إِلَى الأَرْضِ الَّتِي حَلَفْتُ عَلَيْهَا
لآبَائِهِمْ إِبْرَاهِيمَ وَإِسْحَاقَ وَيَعْقُوبَ فَيَتَسَلَّطُونَ عَلَيْهَا
وَأُكَثِّرُهُمْ فَلاَ يَقِلُّونَ 35- وَأُقِيمُ لَهُمْ عَهْدًا أَبَدِيًّا
فَأَكُونُ لَهُمْ إِلهًا وَيَكُونُونَ لِي شَعْبًا وَلاَ أَعُودُ أُزَعْزِعُ
شَعْبِي إِسْرَائِيلَ مِنَ الأَرْضِ الَّتِي أَعْطَيْتُهَا لَهُمْ».
ع30-32:"
باروخ,2,30,"(2:30-32): جلائهم
: سبيهم.
يقرر الله هنا قساوة قلوب بنى
إسرائيل، الذين يرفضون سماع كلامه على فم الأنبياء، فيضطر الله إلى تأديبهم،
ويشتتهم في العالم، ويستعبدون لملوك بابل، ولكن الضيقة تنقذهم، فيرجعون إلى
الله بالتوبة، ويعودون للحياة مع الله والتمسك بوصاياه، وتعود قلوبهم للإحساس
بالله، وآذانهم الداخلية تسمع صوته وتخضع له، فيصيرون بالحقيقة شعبًا مقدسًا
لله، كما أعلن الأنبياء (إر24: 7؛ حز11: 16-20؛ زك10: 9).
ع33:"
باروخ,2,33,"(2:33): يتذكر المسبيون خطايا آبائهم في عبادة
الأصنام والشهوات الشريرة، وكيف أغضبت الرب، فأدبهم بالسبي؛ لذا يتوب المسبيون،
ولا يصلبون رقابهم كآبائهم، أو يتمادون في شرهم؛ لكن يعودون للرب في توبة؛
ليحيوا معه.
ع34:"
باروخ,2,34,"(2:34): إذ يرى الله توبة شعبه يعدهم بإرجاعهم
إلى أرضهم، التي وعد الله بها الآباء إبراهيم واسحق ويعقوب. فإن كانوا قد طردوا
من أرضهم لأجل شرهم يعيدهم الله إليها من أجل توبتهم، وأكثر من هذا يباركهم
الله، فيزدادون عددًا رغم عودتهم من السبي بعدد قليل.
ع35:"
باروخ,2,35,"(2:35): هذا الوعد الأبدي الذي يعد به الله شعبه أن يكون لهم إلهًا،
ويكونون شعبه ليس في هذا الدهر فقط، بل في الحياة الأبدية، يتحقق هذا في شعب
إسرائيل الجديد، أي المسيحيين. فالكنيسة تثبت على مدى الأيام، وتمتد إلى
الأبدية، وأبواب الجحيم لن تقوى عليها؛ لأن أورشليم وهيكلها قد تهدم عام 70 م
بيد تيطس الروماني، فالنبوة عن الكنيسة في هذه الآية. وقد ذكر كثير من الأنبياء
هذا الوعد مثل (إر31: 34؛ حز37: 26-28)، وكرره بولس الرسول في (عب8: 7-9).
أما قوله شعبى إسرائيل فهو لا
يقصد بني إسرائيل فقط، إنما يعنى أبناء الله الذين يعبدون الرب في كل زمان. وقد
أكد بولس الرسول هذا المعنى في ""لأن ليس جميع الذين من إسرائيل هم إسرائيليون""
(رو9: 6).
† الله
حنون جدًا ويحبك، وينتظر توبتك مهما كانت شرورك، فأسرع إلى التوبة الآن، فهو
يقبلك، ويتعهدك بمحبته، ويثبتك في كنيسته، وينتظرك في ملكوته السماوى.
← تفاسير أصحاحات
باروخ:
مقدمة |
1 |
2 |
3 |
4 |
5 |
6
تفاسير أسفار الكتاب المقدس
1- تفاسير سفر التكوين
2- تفاسير سفر الخروج
3- تفاسير سفر اللاويين
4- تفاسير سفر العدد
5- تفاسير سفر التثنية
6- تفاسير سفر يشوع
7- تفاسير سفر القضاة
8- تفاسير سفر راعوث
9- تفاسير سفر صموئيل الأول
10- تفاسير سفر صموئيل الثاني
11- تفاسير سفر الملوك الأول
12- تفاسير سفر الملوك الثاني
13- تفاسير سفر أخبار الأيام الأول
14- تفاسير سفر أخبار الأيام الثاني
15- تفاسير سفر عزرا
16- تفاسير سفر نحميا
17- تفاسير سفر طوبيا
18- تفاسير سفر يهوديت
19- تفاسير سفر أستير + التتمة
20- تفاسير سفر أيوب
21- تفاسير سفر المزامير + مز 151
22- تفاسير سفر الأمثال
23- تفاسير سفر الجامعة
24- تفاسير سفر نشيد الأناشيد
25- تفاسير سفر الحكمة
26- تفاسير سفر يشوع بن سيراخ
27- تفاسير سفر إشعياء
28- تفاسير سفر إرميا
29- تفاسير سفر مراثي إرميا
30- تفاسير سفر نبوه باروخ
31- تفاسير سفر حزقيال
32- تفاسير سفر دانيال + التتمة
33- تفاسير سفر هوشع
34- تفاسير سفر يوئيل
35- تفاسير سفر عاموس
36- تفاسير سفر عوبديا
37- تفاسير سفر يونان
38- تفاسير سفر ميخا
39- تفاسير سفر ناحوم
40- تفاسير سفر حبقوق
41- تفاسير سفر صفنيا
42- تفاسير سفر حجي
43- تفاسير سفر زكريا
44- تفاسير سفر ملاخي
45- تفاسير سفر المكابيين الأول
46- تفاسير سفر المكابيين الثاني
1- تفاسير إنجيل متى
2- تفاسير إنجيل مرقس
3- تفاسير إنجيل لوقا
4- تفاسير إنجيل يوحنا
5- تفاسير سفر أعمال الرسل
6- تفاسير الرسالة إلى رومية
7- تفاسير رسالة كورنثوس الاولى
8- تفاسير كورنثوس الثانية
9- تفاسير الرسالة إلى أهل غلاطية
10- تفاسير الرسالة إلى أفسس
11- تفاسير الرسالة إلى فيلبي
12- تفاسير الرسالة إلى كولوسي
13- تفاسير تسالونيكي الأولى
14- تفاسير تسالونيكي الثانية
15- تفاسير رسالة تيموثاوس الأولى
16- تفاسير تيموثاوس الثانية
17- تفاسير الرسالة إلى تيطس
18- تفاسير الرسالة إلى فيلمون
19- تفاسير رسالة العبرانيين
20- تفاسير رسالة يعقوب
21- تفاسير رسالة بطرس الأولى
22- تفاسير رسالة بطرس الثانية
23- تفاسير رسالة يوحنا الأولى
24- تفاسير رسالة يوحنا الثانية
25- تفاسير رسالة يوحنا الثالثة
26- تفاسير رسالة يهوذا
27- تفاسير سفر الرؤيا"
باروخ,3,0,"(3:1): الحكمة
(1) توبة
وتسبيح (ع1- 8)
[2] أهمية
الحكمة (ع9-14)
[3]
البشر لا يجدون الحكمة ( ع15-31):
[4]
الله مصدر الحكمة (ع32-38):
(1)
توبة وتسبيح (ع1- 8):
1- أَيُّهَا الرَّبُّ الْقَدِيرُ إِلهُ
إِسْرَائِيلَ قَدْ صَرَخَتْ إِلَيْكَ النَّفْسُ فِي الْمَضَايِقِ وَالرُّوحُ
فِي الْكُرُوبِ. 2- فَاسْمَعْ يَا رَبُّ وَارْحَمْ فَإِنَّكَ إِلهٌ رَحِيمٌ، ارْحَمْ فَإِنَّا
قَدْ خَطِئْنَا إِلَيْكَ. 3- فَإِنَّكَ أَنْتَ تَدُومُ إِلَى الأَبَدِ أَمَّا
نَحْنُ فَنَهْلِكُ إِلَى الأَبَدِ. 4- أَيُّهَا الرَّبُّ الْقَدِيرُ إِلهُ
إِسْرَائِيلَ اسْمَعْ صَلاَةَ قَوْمِ إِسْرَائِيلَ وَبَنِي الَّذِينَ خَطِئُوا
إِلَيْكَ الَّذِينَ لَمْ يَسْمَعُوا لِصَوْتِ إِلهِهِمْ وَقَدْ لَحِقَ الشَّرُّ
بِنَا 5- لاَ تَذْكُرْ أَثَامَ آبَائِنَا بَلِ اَذْكُرْ يَدَكَ وَاسْمَكَ فِي
هذَا الزَّمَانِ 6- فَإِنَّكَ أَنْتَ الرَّبُّ إِلهُنَا وَإِيَّاكَ نُسَبِّحُ
يَا رَبُّ. 7- لأَنَّكَ لِذلِكَ جَعَلْتَ مَخَافَتَكَ فِي قُلُوبِنَا
وَلِنَدْعُوَ بِاسْمِكَ، إِنَّا نُسَبِّحُكَ فِي جَلاَئِنَا لأَنَّا قَدْ
نَبَذْنَا عَنْ قُلُوبِنَا كُلَّ إِثْمِ آبَائِنَا الَّذِينَ خَطِئُوا
أَمَامَكَ 8- وَهَا إِنَّا الْيَوْمَ فِي الْجَلاَءِ حَيْثُ شَتَّتَّنَا
لِلتَّعْيِيرِ وَاللَّعْنَةِ وَالْعِقَابِ لأَجْلِ جَمِيعِ آثَامِ آبَائِنَا
الَّذِينَ ارْتَدُّوا عَنِ الرَّبِّ إِلهِنَا.
ع1:
المضايق: الضيقات.
الكروب
: جمع كرب وهو الضيقة الشديدة.
يستكمل
باروخ في هذه الآية والآيات التالية؛ حتى ع(8) صلاته التي بدأها من الإصحاح
الأول (با
1: 15). ويصرخ في هذه الآية إلى الله إله إسرائيل القادر على كل شيء لكي
ينقذ نفسه هو وكل شعبه من ضيقة السبي والعبودية والذل؛ ليتحنن عليهم ويسامحهم
ويعيدهم إلى بلادهم.
ع2، 3: يستدر باروخ مراحم الله على شعبه،
فيعلن بإسم شعبه أننا جميعًا قد أخطأنا إليك يا رب، ولكننا نطلب الرحمة منك لما
يلى:
لأنك إله
رحيم، أي كامل في رحمتك، وطبيعتك هي الرحمة على الخطاة التائبين.
أنت دائم
إلى الأبد؛ أي أبدى، ونحن بدونك سنهلك إلى الأبد، ولكن برحمتك تغفر خطايانا،
وتهبنا حياة أبدية سعيدة معك.
ع4، 5: يكرر باروخ في لجاجة صلاته لله إله
إسرائيل القدير، معترفًا بما يلي:
خطاياه هو
وشعبه المسبى الآن؛ لأنهم لم يسمعوا كلام الله.
خطايا
آبائهم التي أدت إلى سبيهم.
ويطلب
الرحمة الآن في هذا الزمان ليس لاستحقاقه هو وشعبه، بل لأجل ما يلي:
يد الله
الرحيمة القوية القادرة أن تخلصهم.
إسم الله
العظيم الذي دعى عليهم، فينقذهم من السبي؛ ليمجد اسمه القدوس.
ع6، 7: جلائنا: سبينا.
نبذنا
: رفضنا.
يختم
باروخ صلاته بتسبيح الله لما يلي:
لأنه هو
إلهنا الذي نحبه، وننتسب له، ونعبده، ونثق في رعايته لنا، بل ونثق أنه سينقذنا
من سبينا.
لأن مخافة
الله في قلوبنا ونعرف أننا قد أخطأنا إليه، ونستحق هذا السبي. ونسبحه لأنه
حفظنا داخل هذه الضيقة، ولن يتركنا أبدًا ما دمنا رافضين خطايا آبائنا،
ومبتعدين عنها تمامًا.
ع8: يعلن في النهاية باروخ قبول تأديب الله
بالسبي، عقابًا لخطايا الشعب، وخطايا الآباء التي ورثها الأبناء وعاشوا فيها.
† ليتك تقبل تأديب الله، وتثق أنه لخيرك، بل
هو أفضل شيء اختاره لك لخلاص نفسك. فتسبحه وتشكره على كل حال، وحينئذ تنال
مراحمه، وتنفرج عنك الضيقة، وتحيا في فرح كل حين بين يديه.
[2]
أهمية الحكمة (ع9-14)
9- اِسْمَعْ يَا إِسْرَائِيلُ وَصَايَا
الْحَيَاةِ، أَصْغُوْا وَتَعَلَّمُوا الْفِطْنَةَ. 10- لِمَاذَا يَا
إِسْرَائِيلُ لِمَاذَا أَنْتَ فِي أَرْضِ الأَعْدَاءِ؟ 11- قَدْ ذَبَلْتَ فِي
أَرْضِ الْغُرْبَةِ وَتَنَجَّسْتَ بِالأَمْوَاتِ وَحُسِبْتَ مَعَ الَّذِينَ
هُمْ فِي الْجَحِيمِ.12- إِنَّكَ قَدْ تَرَكْتَ يَنْبُوعَ الْحِكْمَةِ 13-
وَلَوْ أَنَّكَ سَلَكْتَ فِي طَرِيقِ اللهِ لَسَكَنْتَ فِي السَّلاَمِ مَدَى
الدَّهْرِ. 14- تَعَلَّمْ أَيْنَ الْفِطْنَةُ وَأَيْنَ الْقُوَّةُ وَأَيْنَ
التَّعَقُّلُ لِكَيْ تَعْلَمَ أَيْضًا أَيْنَ طُولُ الأَيَّامِ وَالْحَيَاةُ
وَأَيْنَ نُورُ الْعُيُونِ وَالسَّلاَمُ.
ع9: الفطنة
: الحكمة.
ينادى باروخ بني إسرائيل في السبي
وفى كل مكان ليسمعوا وصايا الحياة، أي الوصايا التي ينبغى أن يسلكوا بها؛
ليتمتعوا بحياة مستقيمة مع الله. وذلك بالإصغاء؛ أي الاستماع بانتباه إلى
الحكمة الإلهية، فهي وصايا الحياة؛ لأن الحكمة الإلهية تعطينا أن نحيا وصايا
الله على الأرض، بل تمتد بنا لنتمتع بملكوت السموات.
ع10-12: يثير باروخ سؤال لبني إسرائيل
المسبيين، وهو لماذا هم موجودون في أرض الأعداء؟ ويقصد السبي بعيدًا عن
بلادهم، أي لماذا شتتكم الله في أرجاء المملكة البابلية بين الأمم؟ ولماذا
ذبلت حياتكم؟ أين قوتكم وحيويتكم؟ السبب أنكم تنجستم بين الوثنيين، أي
الأموات. فاختلاطكم بهم شغلكم عن الله، بل وامتلأت أفكاركم بأفكار الوثنيين،
مما دعاكم أحيانًا إلى مشاركتهم في أعمالهم، وعبادتهم وشهواتهم. فأصبح محكومًا
عليكم بالذهاب إلى الجحيم، بل أن حياتكم صارت كالجحيم. كل هذا بسبب ابتعادكم عن
ينبوع الحكمة؛ وهو الله وعبادته في هيكله المقدس بأورشليم.
إن باروخ
ينبه شعبه ليفهموا تأديب الله بالسبي، ويتوبوا ويطلبوا الله أن يعيدهم إلى
أورشليم؛ ليعبدوه في هيكله، فتحيا نفوسهم بدلًا من الذبول الذي يعانون منه،
ويتمتعون بالسلوك في وصايا الله، فيحيوا الفردوس على الأرض.
ع13، 14: يشجع باروخ شعبه للسلوك في الحكمة؛
حتى ينالوا بركاتها وهي:
السلام
الداخلي والخارجي في حياتهم على الأرض.
السلام
إلى الدهر؛ أي في الحياة الأبدية.
القوة في
الحياة الروحية، والنجاح والتغلب على الأعداء.
التعقل،
أى التفكير السليم، والتصرف الحسن في كل أمور الحياة.
بركة الله
في طول الأيام، أي الأيام السعيدة، ليس فقط على الأرض، بل والحياة الأبدية.
الاستنارة
الروحية، وهي نور العيون، أي الفهم الحسن والتمييز بين الخير والشر.
† أطلب من الله الحكمة قبل أي تصرف لتتمتع
بإرشاده في كل أمور حياتك، وتنال بركات لا تحصى.
←
وستجد
تفاسير أخرى
هنا في
[3]
البشر لا يجدون الحكمة ( ع15-31):
15- مَنْ وَجَدَ مَوْضِعَهَا وَمَنْ بَلَغَ إِلَى
كُنُوزِهَا 16- أَيْنَ رُؤَسَاءُ الأُمَمِ وَالَّذِينَ يَتَسَلَّطُونَ عَلَى
وُحُوشِ الأَرْضِ 17- وَالَّذِينَ يُلاَعِبُونَ طُيُورَ السَّمَاءِ 18-
وَيَكْنِزُونَ الْفِضَّةَ وَالذَّهَبَ مِمَّا يَتَوَكَّلُ عَلَيْهِ الْبَشَرُ
وَلاَ حَدَّ لِكَسْبِهِمْ وَيَصُوغُونَ الْفِضَّةَ وَيَهْتَمُّونَ وَلاَ
اسْتِقْصَاءَ لِمَسَاعِيهِمْ. 19- إِنَّهُمْ قَدِ اضْمَحَلُّوا وَإِلَى
الْجَحِيمِ هَبَطُوا وَآخَرُونَ قَامُوا فِي مَكَانِهِمْ. 20- أَحْدَاثٌ
رَأَوُا النُّورَ وَسَكَنُوا الأَرْضَ لكِنَّهُمْ لَمْ يَعْرِفُوا طَرِيقَ
التَّأَدُّبِ 21- وَلَمْ يَفْهَمُوا سُبُلَهُ وَبَنُوهُمْ لَمْ يُدْرِكُوهُ
وَابْتَعَدُوا عَنْ طَرِيقِهِ. 22- لَمْ يُسْمَعْ بِهِ فِي كَنْعَانَ وَلاَ
تَرَاءَى فِي تَيْمَانَ.23- وَبَنُو هَاجَرَ أَيْضًا الْمُبْتَغُونَ
لِلتَّعَقُّلِ عَلَى الأَرْضِ وَتُجَّارُ مَرَّانَ وَتَيْمَانَ وَقَائِلُو
الأَمْثَالِ وَمُبْتَغُو التَّعَقُّلِ لَمْ يَعْرِفُوا طَرِيقَ الْحِكْمَةِ
وَلَمْ يَتَذَكَّرُوا سُبُلَهَا. 24- يَا إِسْرَائِيلُ مَا أَعْظَمَ بَيْتَ
اللهِ وَمَا أَوْسَعَ مَوْضِعَ مِلْكِهِ. 25- عَظِيمٌ هُوَ بِغَيْرِ حَدٍّ
وَعَالٍ بِغَيْرِ قِيَاسٍ. 26- هُنَاكَ وُلِدَ الْجَبَابِرَةُ الْمَذْكُورُونَ
الَّذِينَ كَانُوا فِي الْبَدْءِ الطِّوَالُ الْقَامَاتِ الْحَاذِقُونَ
بِالْقِتَالِ. 27- أُولئِكَ لَمْ يَخْتَرْهُمُ الرَّبُّ وَلَمْ يَجْعَلْ لَهُمْ
طَرِيقَ التَّأَدُّبِ 28- فَهَلَكُوا لِعَدَمِ الْفِطْنَةِ. هَلَكُوا
لِغَبَاوَتِهِمْ. 29- مَنْ صَعِدَ إِلَى السَّمَاءِ فَتَنَاوَلَهَا وَنَزَلَ بِهَا مِنَ
الْغُيُومِ. 30- مَنِ اجْتَازَ إِلَى عَبْرِ الْبَحْرِ وَوَجَدَهَا وَآثَرَهَا
عَلَى الذَّهَبِ الإِبْرِيزِ. 31- لَيْسَ أَحَدٌ يَعْرِفُ طَرِيقَهَا
وَيَطَّلِعُ عَلَى سَبِيلِهَا
ع15:
يتساءل باروخ بتعجب قائلًا من وجد موضع
الحكمة، أي من وجدها؟ فهو أمر مستحيل لا يمكن تحقيقه إلا عن طريق الله؛ لأن
الله وحده هو الحكمة الحقيقية، وكل البشر عاجزون عن اقتنائها بأنفسهم.
ع16-19: يصغون
: يشكلون الفضة.
استقصاء
: لا حد.
اضمحلوا
: فنوا.
يستكمل باروخ بحثه عمن يصلون إلى
الحكمة، فيقول من من البشر وصل إلى الحكمة؟ ويستعرض أعظم فئات البشر وهم:
رؤساء وملوك الأمم (ع16).
الأقوياء وصيادو الوحوش الذين
يتسلطون عليها (ع16).
الذين لهم علم عظيم يوصلهم إلى
علو السماء، والتسلط على الطيور التي تسبح في الجو (ع17).
الأغنياء الذين يقتنون الفضة
والذهب، ويصغونها بأشكال مختلفة (ع18).
المهتمون بالمعرفة والعمل والسعى
في كل مكان لاكتشاف الجديد (ع18).
كل هؤلاء وغيرهم قد ماتوا ولم
يصلوا إلى الحكمة، وقام آخرون مكانهم، ولم يتعلموا ممن قبلهم، بل ما زالوا
يبحثون عن الحكمة في أماكن غريبة عنها، أي في الماديات، ولا يجدونها لأنها عند
الله. فلو كانوا قد اتكلوا على الله لكانوا قد وصلوا بمساعيهم إلى الحكمة؛ لأن
الحكمة هي الله الموجود في كل مكان، ويصل إليه بسهولة كل من يؤمن به؛ حتى لو
كان إنسانًا بسيطًا، وإمكانياته ضعيفة.
ع20، 21: يتعجب باروخ أن الأحداث، أي الشباب
وصغار السن، الذين ولدوا في العالم، ورأوا نور الله، وسكنوا في الأرض، لم
يتعلموا من ضلال آبائهم الذين لم يصلوا إلى الحكمة، بل ابتعدوا عن الله.
ع22، 23: تيمان: تعنى الجنوب وهي
اليمن.
مران
: هي مديان التي تقع بجوار خليج العقبة.
يضيف
باروخ أن التجار المعروفين في العالم، سواء في كنعان والذين اشتهروا بالغش،
(هو12: 7)، أو في تيمان، التي منها أليفاز التيمانى صديق أيوب الحكيم، أو بنى
هاجر، أو مران؛ كل هؤلاء الذين جالوا البلاد، وامتلأوا معرفة، وفهم وحكمة،
وعرفوا الأمثال والحكم، لم يصلوا إلا إلى الحكمة الأرضية (يع3: 15). أما الحكمة
السماوية التي هي الحكمة الحقيقية، فلا توجد إلا عند الله.
ع24، 25: يعلن باروخ أنه إن كان العالم
وتجاره لم يعرفوا الحكمة، ولكن الحكمة توجد عند الله، وهو عظيم جدًا ولا حدود
لعظمته. وتظهر عظمته في بيته الذي في أورشليم، وهو يملك على العالم كله، وحكمته
تعلو عن كل مقاييس البشر، أي لا يفهمها ولا يستوعبها البشر.
ع26-28: الحاذقون: الماهرون.
يشير
باروخ إلى الجبابرة الذين سكنوا في الأرض أيام نوح، وتميزوا بقوتهم في الحرب
(تك6: 4) الذين منهم نمرود (تك10: 8-10). هؤلاء انشغلوا بقوتهم وابتعدوا عن
الله فلم يهبهم الله الحكمة لرفضهم إياه. هؤلاء صاروا أغبياء، وهلكوا، وذهبوا
إلى الجحيم رغم قوتهم العظيمة.
ع29-31: آثرها: فضلها.
الذهب
الإبريز: الذهب الخالص
النقى.
يبين
باروخ عظمة الحكمة، فهي أعلى من السموات، ولا يستطيع أحد أن يصل إليها بقوته،
ويمسك بها من بين الغيوم. وهي أيضًا عميقة جدًا أعمق من كل البحار، ولا يستطيع
أحد أن يصل إليها؛ حتى لو كان متميزًا في السفر بالبحر. لا يستطيع أحد الوصول
إليها؛ حتى يقتنيها ويفضلها عن الذهب النقى، فهي لا توجد إلا عند الله.
† إن الحكمة العظيمة التي لا يصل إليها أحد من
البشر يسهل عليك يا أخى أن تصل إليها إذا آمنت بالله، وحفظت وصاياه، ورفعت قلبك
بالصلاة إليه في كل حين، وقبل كل فكر، أو عمل.
[4]
الله مصدر الحكمة (ع32-38):
32- لكِنَّ الْعَالِمَ بِكُلِّ شَيْءٍ هُوَ
يَعْلَمُهَا وَبِعَقْلِهِ وَجَدَهَا. الَّذِي ثَبَّتَ الأَرْضَ إِلَى الأَبَدِ
وَمَلأَهَا حَيَوَانًا ذَا أَرْبَعٍ. 33- الَّذِي يُرْسِلُ النُّورَ
فَيَنْطَلِقُ. يَدْعُوهُ فَيُطِيعُهُ بِرَعْدَةٍ. 34- إِنَّ النُّجُومَ
أَشْرَقَتْ فِي مَحَارِسِهَا وَتَهَلَّلَتْ. 35- دَعَاهَا فَقَالَتْ نَحْنُ
لَدَيْكَ وَأَشْرَقَتْ مُتَهَلِّلَةً لِلَّذِي صَنَعَهَا. 36- هذَا هُوَ
إِلهُنَا وَلاَ يُعْتَبَرُ حِذَاءَهُ آخَرُ. 37- هُوَ وَجَدَ طَرِيقَ
التَّأَدُّبِ بِكَمَالِهِ وَجَعَلَهُ لِيَعْقُوبَ عَبْدِهِ وَلإِسْرَائِيلَ
حَبِيبِهِ. 38- وَبَعْدَ ذلِكَ تَرَاءَى عَلَى الأَرْضِ وَتَرَدَّدَ بَيْنَ الْبَشَرِ
ع32-35: رعدة
: خوف شديد.
محارسها
: أفلاكها وهي الأماكن التي تدور فيها.
الله وحده هو العالم بكل شئ؛ هو
وحده يعلم الحكمة. وبعقله أي بأقنوم الابن وجدها؛ لأن الابن هو أقنوم الحكمة،
ففى الله نجد الحكمة الكاملة؛ لأن عقله، أي اللوغوس هو الحكمة. وبعقله، أي
بحكمته خلق العالم كله. ويعطى هنا أمثلة للمخلوقات التي خلقها الله، وهذه
الأمثلة هي:
الأرض
بالإضافة إلى الحيوانات ذات الأربع التي تدب على الأرض.
النور
الذي أطاع أمر الله، فخرج في الحال، وظهر في العالم كمخلوق يرتعد أمام خالقه
خشوعًا وإجلالًا.
النجوم
التي ظهرت كأنها شمس مشرقة واضاءت الأرض أثناء الليل، فهي مخلوقات أطاعت الله
في الحال وظهرت لتنير الأرض، وهي خاضعة له، بل إذا أمرها أن تخفى ضياءها تطيعه،
كما حدث في ضربة الظلام على مصر أيام موسى، فأخفت الشمس والنجوم والقمر أضواءها
(خر10: 21-22).
ع36-38: حذاءه: نظيره أو مثله.
تردد
: تحرك ذهابًا ومجيئًا.
هذا
الكلام المذكور في الآيات السابقة (ع32-35) هو عن الله إلهنا مصدر الحكمة، الذي
تجسد في ملء الزمان، وتأدب بحفظ الوصايا وإتمام الناموس (مت3: 15؛ 5: 17)،
واحتمل أن يخلى نفسه ويصير عبدًا، ويشبه الناسِ، واحتمل التأدب في كل آلام
الصليب مع أنه بلا خطية.
وقد علَّم
شعبه نسل يعقوب التأدب في حفظ الوصايا، بل في احتمال الضيقات مثل السبي، وكذا
علَّم شعبه إسرائيل الجديد، أي المسيحيين الذين تبعوه أن يحملوا الصليب لأجله
(مت16: 24).
ويعلن
بوضوح تجسد المسيح في (ع38)، أي تجسد الحكمة، أو العقل الإلهي، عندما يقول أن
الله تراءى على الأرض وتردد بين البشر، فهو لم يظهر فقط في اليهودية والجليل
والسامرة، بل ذهب أيضًا إلى مصر وبارك أماكن كثيرة فيها، فهو الله المتجسد
الآتي لفداء البشرية كلها وليس فقط اليهود. وقد استند الآباء على هذه الآية في
الرد على بدعة أريوس.
الخلاصة:
يظهر
باروخ في هذا الإصحاح الحكمة في خطوات واضحة يعلنها للبشرية كلها كما يلى:
بركة
الحكمة لكل من يطلبها ويسعى لاقتنائها (ع13-15).
الحكمة هي
اللوغوس، أي العقل الإلهي الأقنوم الثاني (ع32).
الحكمة هي
التي خلقت العالم كله (ع32-35).
الحكمة في
أقنوم الابن المتجسد الذي ظهر في ملء الزمان (ع38).
† إن الله ظاهر في خلائقه المحيطة بك، ليتك يا
أخى تتأمل فيها لترى حكمته ومحبته ورعايته لك، فتمجده وتشكره، وتخضع له، مطيعًا
لوصاياه.
← تفاسير أصحاحات
باروخ:
مقدمة |
1 |
2 |
3 |
4 |
5 |
6
تفاسير أسفار الكتاب المقدس
1- تفاسير سفر التكوين
2- تفاسير سفر الخروج
3- تفاسير سفر اللاويين
4- تفاسير سفر العدد
5- تفاسير سفر التثنية
6- تفاسير سفر يشوع
7- تفاسير سفر القضاة
8- تفاسير سفر راعوث
9- تفاسير سفر صموئيل الأول
10- تفاسير سفر صموئيل الثاني
11- تفاسير سفر الملوك الأول
12- تفاسير سفر الملوك الثاني
13- تفاسير سفر أخبار الأيام الأول
14- تفاسير سفر أخبار الأيام الثاني
15- تفاسير سفر عزرا
16- تفاسير سفر نحميا
17- تفاسير سفر طوبيا
18- تفاسير سفر يهوديت
19- تفاسير سفر أستير + التتمة
20- تفاسير سفر أيوب
21- تفاسير سفر المزامير + مز 151
22- تفاسير سفر الأمثال
23- تفاسير سفر الجامعة
24- تفاسير سفر نشيد الأناشيد
25- تفاسير سفر الحكمة
26- تفاسير سفر يشوع بن سيراخ
27- تفاسير سفر إشعياء
28- تفاسير سفر إرميا
29- تفاسير سفر مراثي إرميا
30- تفاسير سفر نبوه باروخ
31- تفاسير سفر حزقيال
32- تفاسير سفر دانيال + التتمة
33- تفاسير سفر هوشع
34- تفاسير سفر يوئيل
35- تفاسير سفر عاموس
36- تفاسير سفر عوبديا
37- تفاسير سفر يونان
38- تفاسير سفر ميخا
39- تفاسير سفر ناحوم
40- تفاسير سفر حبقوق
41- تفاسير سفر صفنيا
42- تفاسير سفر حجي
43- تفاسير سفر زكريا
44- تفاسير سفر ملاخي
45- تفاسير سفر المكابيين الأول
46- تفاسير سفر المكابيين الثاني
1- تفاسير إنجيل متى
2- تفاسير إنجيل مرقس
3- تفاسير إنجيل لوقا
4- تفاسير إنجيل يوحنا
5- تفاسير سفر أعمال الرسل
6- تفاسير الرسالة إلى رومية
7- تفاسير رسالة كورنثوس الاولى
8- تفاسير كورنثوس الثانية
9- تفاسير الرسالة إلى أهل غلاطية
10- تفاسير الرسالة إلى أفسس
11- تفاسير الرسالة إلى فيلبي
12- تفاسير الرسالة إلى كولوسي
13- تفاسير تسالونيكي الأولى
14- تفاسير تسالونيكي الثانية
15- تفاسير رسالة تيموثاوس الأولى
16- تفاسير تيموثاوس الثانية
17- تفاسير الرسالة إلى تيطس
18- تفاسير الرسالة إلى فيلمون
19- تفاسير رسالة العبرانيين
20- تفاسير رسالة يعقوب
21- تفاسير رسالة بطرس الأولى
22- تفاسير رسالة بطرس الثانية
23- تفاسير رسالة يوحنا الأولى
24- تفاسير رسالة يوحنا الثانية
25- تفاسير رسالة يوحنا الثالثة
26- تفاسير رسالة يهوذا
27- تفاسير سفر الرؤيا"
باروخ,3,15,"(3:15-31): [4]
الله مصدر الحكمة (ع32-38):
(1)
توبة وتسبيح (ع1- 8):
1- أَيُّهَا الرَّبُّ الْقَدِيرُ إِلهُ
إِسْرَائِيلَ قَدْ صَرَخَتْ إِلَيْكَ النَّفْسُ فِي الْمَضَايِقِ وَالرُّوحُ
فِي الْكُرُوبِ. 2- فَاسْمَعْ يَا رَبُّ وَارْحَمْ فَإِنَّكَ إِلهٌ رَحِيمٌ، ارْحَمْ فَإِنَّا
قَدْ خَطِئْنَا إِلَيْكَ. 3- فَإِنَّكَ أَنْتَ تَدُومُ إِلَى الأَبَدِ أَمَّا
نَحْنُ فَنَهْلِكُ إِلَى الأَبَدِ. 4- أَيُّهَا الرَّبُّ الْقَدِيرُ إِلهُ
إِسْرَائِيلَ اسْمَعْ صَلاَةَ قَوْمِ إِسْرَائِيلَ وَبَنِي الَّذِينَ خَطِئُوا
إِلَيْكَ الَّذِينَ لَمْ يَسْمَعُوا لِصَوْتِ إِلهِهِمْ وَقَدْ لَحِقَ الشَّرُّ
بِنَا 5- لاَ تَذْكُرْ أَثَامَ آبَائِنَا بَلِ اَذْكُرْ يَدَكَ وَاسْمَكَ فِي
هذَا الزَّمَانِ 6- فَإِنَّكَ أَنْتَ الرَّبُّ إِلهُنَا وَإِيَّاكَ نُسَبِّحُ
يَا رَبُّ. 7- لأَنَّكَ لِذلِكَ جَعَلْتَ مَخَافَتَكَ فِي قُلُوبِنَا
وَلِنَدْعُوَ بِاسْمِكَ، إِنَّا نُسَبِّحُكَ فِي جَلاَئِنَا لأَنَّا قَدْ
نَبَذْنَا عَنْ قُلُوبِنَا كُلَّ إِثْمِ آبَائِنَا الَّذِينَ خَطِئُوا
أَمَامَكَ 8- وَهَا إِنَّا الْيَوْمَ فِي الْجَلاَءِ حَيْثُ شَتَّتَّنَا
لِلتَّعْيِيرِ وَاللَّعْنَةِ وَالْعِقَابِ لأَجْلِ جَمِيعِ آثَامِ آبَائِنَا
الَّذِينَ ارْتَدُّوا عَنِ الرَّبِّ إِلهِنَا.
ع1:"
باروخ,3,1,"(3:1): المضايق: الضيقات.
الكروب
: جمع كرب وهو الضيقة الشديدة.
يستكمل
باروخ في هذه الآية والآيات التالية؛ حتى ع(8) صلاته التي بدأها من الإصحاح
الأول (با
1: 15). ويصرخ في هذه الآية إلى الله إله إسرائيل القادر على كل شيء لكي
ينقذ نفسه هو وكل شعبه من ضيقة السبي والعبودية والذل؛ ليتحنن عليهم ويسامحهم
ويعيدهم إلى بلادهم.
ع2، 3: يستدر باروخ مراحم الله على شعبه،
فيعلن بإسم شعبه أننا جميعًا قد أخطأنا إليك يا رب، ولكننا نطلب الرحمة منك لما
يلى:
لأنك إله
رحيم، أي كامل في رحمتك، وطبيعتك هي الرحمة على الخطاة التائبين.
أنت دائم
إلى الأبد؛ أي أبدى، ونحن بدونك سنهلك إلى الأبد، ولكن برحمتك تغفر خطايانا،
وتهبنا حياة أبدية سعيدة معك.
ع4، 5: يكرر باروخ في لجاجة صلاته لله إله
إسرائيل القدير، معترفًا بما يلي:
خطاياه هو
وشعبه المسبى الآن؛ لأنهم لم يسمعوا كلام الله.
خطايا
آبائهم التي أدت إلى سبيهم.
ويطلب
الرحمة الآن في هذا الزمان ليس لاستحقاقه هو وشعبه، بل لأجل ما يلي:
يد الله
الرحيمة القوية القادرة أن تخلصهم.
إسم الله
العظيم الذي دعى عليهم، فينقذهم من السبي؛ ليمجد اسمه القدوس.
ع6، 7: جلائنا: سبينا.
نبذنا
: رفضنا.
يختم
باروخ صلاته بتسبيح الله لما يلي:
لأنه هو
إلهنا الذي نحبه، وننتسب له، ونعبده، ونثق في رعايته لنا، بل ونثق أنه سينقذنا
من سبينا.
لأن مخافة
الله في قلوبنا ونعرف أننا قد أخطأنا إليه، ونستحق هذا السبي. ونسبحه لأنه
حفظنا داخل هذه الضيقة، ولن يتركنا أبدًا ما دمنا رافضين خطايا آبائنا،
ومبتعدين عنها تمامًا.
ع8:"
باروخ,3,8,"(3:8): يعلن في النهاية باروخ قبول تأديب الله
بالسبي، عقابًا لخطايا الشعب، وخطايا الآباء التي ورثها الأبناء وعاشوا فيها.
† ليتك تقبل تأديب الله، وتثق أنه لخيرك، بل
هو أفضل شيء اختاره لك لخلاص نفسك. فتسبحه وتشكره على كل حال، وحينئذ تنال
مراحمه، وتنفرج عنك الضيقة، وتحيا في فرح كل حين بين يديه.
[2]
أهمية الحكمة (ع9-14)
9- اِسْمَعْ يَا إِسْرَائِيلُ وَصَايَا
الْحَيَاةِ، أَصْغُوْا وَتَعَلَّمُوا الْفِطْنَةَ. 10- لِمَاذَا يَا
إِسْرَائِيلُ لِمَاذَا أَنْتَ فِي أَرْضِ الأَعْدَاءِ؟ 11- قَدْ ذَبَلْتَ فِي
أَرْضِ الْغُرْبَةِ وَتَنَجَّسْتَ بِالأَمْوَاتِ وَحُسِبْتَ مَعَ الَّذِينَ
هُمْ فِي الْجَحِيمِ.12- إِنَّكَ قَدْ تَرَكْتَ يَنْبُوعَ الْحِكْمَةِ 13-
وَلَوْ أَنَّكَ سَلَكْتَ فِي طَرِيقِ اللهِ لَسَكَنْتَ فِي السَّلاَمِ مَدَى
الدَّهْرِ. 14- تَعَلَّمْ أَيْنَ الْفِطْنَةُ وَأَيْنَ الْقُوَّةُ وَأَيْنَ
التَّعَقُّلُ لِكَيْ تَعْلَمَ أَيْضًا أَيْنَ طُولُ الأَيَّامِ وَالْحَيَاةُ
وَأَيْنَ نُورُ الْعُيُونِ وَالسَّلاَمُ.
ع9:"
باروخ,3,9,"(3:9): الفطنة
: الحكمة.
ينادى باروخ بني إسرائيل في السبي
وفى كل مكان ليسمعوا وصايا الحياة، أي الوصايا التي ينبغى أن يسلكوا بها؛
ليتمتعوا بحياة مستقيمة مع الله. وذلك بالإصغاء؛ أي الاستماع بانتباه إلى
الحكمة الإلهية، فهي وصايا الحياة؛ لأن الحكمة الإلهية تعطينا أن نحيا وصايا
الله على الأرض، بل تمتد بنا لنتمتع بملكوت السموات.
ع10-12:"
باروخ,3,10,"(3:10-12): يثير باروخ سؤال لبني إسرائيل
المسبيين، وهو لماذا هم موجودون في أرض الأعداء؟ ويقصد السبي بعيدًا عن
بلادهم، أي لماذا شتتكم الله في أرجاء المملكة البابلية بين الأمم؟ ولماذا
ذبلت حياتكم؟ أين قوتكم وحيويتكم؟ السبب أنكم تنجستم بين الوثنيين، أي
الأموات. فاختلاطكم بهم شغلكم عن الله، بل وامتلأت أفكاركم بأفكار الوثنيين،
مما دعاكم أحيانًا إلى مشاركتهم في أعمالهم، وعبادتهم وشهواتهم. فأصبح محكومًا
عليكم بالذهاب إلى الجحيم، بل أن حياتكم صارت كالجحيم. كل هذا بسبب ابتعادكم عن
ينبوع الحكمة؛ وهو الله وعبادته في هيكله المقدس بأورشليم.
إن باروخ
ينبه شعبه ليفهموا تأديب الله بالسبي، ويتوبوا ويطلبوا الله أن يعيدهم إلى
أورشليم؛ ليعبدوه في هيكله، فتحيا نفوسهم بدلًا من الذبول الذي يعانون منه،
ويتمتعون بالسلوك في وصايا الله، فيحيوا الفردوس على الأرض.
ع13، 14: يشجع باروخ شعبه للسلوك في الحكمة؛
حتى ينالوا بركاتها وهي:
السلام
الداخلي والخارجي في حياتهم على الأرض.
السلام
إلى الدهر؛ أي في الحياة الأبدية.
القوة في
الحياة الروحية، والنجاح والتغلب على الأعداء.
التعقل،
أى التفكير السليم، والتصرف الحسن في كل أمور الحياة.
بركة الله
في طول الأيام، أي الأيام السعيدة، ليس فقط على الأرض، بل والحياة الأبدية.
الاستنارة
الروحية، وهي نور العيون، أي الفهم الحسن والتمييز بين الخير والشر.
† أطلب من الله الحكمة قبل أي تصرف لتتمتع
بإرشاده في كل أمور حياتك، وتنال بركات لا تحصى.
←
وستجد
تفاسير أخرى
هنا في
[3]
البشر لا يجدون الحكمة ( ع15-31):"
باروخ,3,15,"(3:15-31): 15- مَنْ وَجَدَ مَوْضِعَهَا وَمَنْ بَلَغَ إِلَى
كُنُوزِهَا 16- أَيْنَ رُؤَسَاءُ الأُمَمِ وَالَّذِينَ يَتَسَلَّطُونَ عَلَى
وُحُوشِ الأَرْضِ 17- وَالَّذِينَ يُلاَعِبُونَ طُيُورَ السَّمَاءِ 18-
وَيَكْنِزُونَ الْفِضَّةَ وَالذَّهَبَ مِمَّا يَتَوَكَّلُ عَلَيْهِ الْبَشَرُ
وَلاَ حَدَّ لِكَسْبِهِمْ وَيَصُوغُونَ الْفِضَّةَ وَيَهْتَمُّونَ وَلاَ
اسْتِقْصَاءَ لِمَسَاعِيهِمْ. 19- إِنَّهُمْ قَدِ اضْمَحَلُّوا وَإِلَى
الْجَحِيمِ هَبَطُوا وَآخَرُونَ قَامُوا فِي مَكَانِهِمْ. 20- أَحْدَاثٌ
رَأَوُا النُّورَ وَسَكَنُوا الأَرْضَ لكِنَّهُمْ لَمْ يَعْرِفُوا طَرِيقَ
التَّأَدُّبِ 21- وَلَمْ يَفْهَمُوا سُبُلَهُ وَبَنُوهُمْ لَمْ يُدْرِكُوهُ
وَابْتَعَدُوا عَنْ طَرِيقِهِ. 22- لَمْ يُسْمَعْ بِهِ فِي كَنْعَانَ وَلاَ
تَرَاءَى فِي تَيْمَانَ.23- وَبَنُو هَاجَرَ أَيْضًا الْمُبْتَغُونَ
لِلتَّعَقُّلِ عَلَى الأَرْضِ وَتُجَّارُ مَرَّانَ وَتَيْمَانَ وَقَائِلُو
الأَمْثَالِ وَمُبْتَغُو التَّعَقُّلِ لَمْ يَعْرِفُوا طَرِيقَ الْحِكْمَةِ
وَلَمْ يَتَذَكَّرُوا سُبُلَهَا. 24- يَا إِسْرَائِيلُ مَا أَعْظَمَ بَيْتَ
اللهِ وَمَا أَوْسَعَ مَوْضِعَ مِلْكِهِ. 25- عَظِيمٌ هُوَ بِغَيْرِ حَدٍّ
وَعَالٍ بِغَيْرِ قِيَاسٍ. 26- هُنَاكَ وُلِدَ الْجَبَابِرَةُ الْمَذْكُورُونَ
الَّذِينَ كَانُوا فِي الْبَدْءِ الطِّوَالُ الْقَامَاتِ الْحَاذِقُونَ
بِالْقِتَالِ. 27- أُولئِكَ لَمْ يَخْتَرْهُمُ الرَّبُّ وَلَمْ يَجْعَلْ لَهُمْ
طَرِيقَ التَّأَدُّبِ 28- فَهَلَكُوا لِعَدَمِ الْفِطْنَةِ. هَلَكُوا
لِغَبَاوَتِهِمْ. 29- مَنْ صَعِدَ إِلَى السَّمَاءِ فَتَنَاوَلَهَا وَنَزَلَ بِهَا مِنَ
الْغُيُومِ. 30- مَنِ اجْتَازَ إِلَى عَبْرِ الْبَحْرِ وَوَجَدَهَا وَآثَرَهَا
عَلَى الذَّهَبِ الإِبْرِيزِ. 31- لَيْسَ أَحَدٌ يَعْرِفُ طَرِيقَهَا
وَيَطَّلِعُ عَلَى سَبِيلِهَا
ع15:"
باروخ,3,15,"(3:15): يتساءل باروخ بتعجب قائلًا من وجد موضع
الحكمة، أي من وجدها؟ فهو أمر مستحيل لا يمكن تحقيقه إلا عن طريق الله؛ لأن
الله وحده هو الحكمة الحقيقية، وكل البشر عاجزون عن اقتنائها بأنفسهم.
ع16-19:"
باروخ,3,16,"(3:16-19): يصغون
: يشكلون الفضة.
استقصاء
: لا حد.
اضمحلوا
: فنوا.
يستكمل باروخ بحثه عمن يصلون إلى
الحكمة، فيقول من من البشر وصل إلى الحكمة؟ ويستعرض أعظم فئات البشر وهم:
رؤساء وملوك الأمم (ع16).
الأقوياء وصيادو الوحوش الذين
يتسلطون عليها (ع16).
الذين لهم علم عظيم يوصلهم إلى
علو السماء، والتسلط على الطيور التي تسبح في الجو (ع17).
الأغنياء الذين يقتنون الفضة
والذهب، ويصغونها بأشكال مختلفة (ع18).
المهتمون بالمعرفة والعمل والسعى
في كل مكان لاكتشاف الجديد (ع18).
كل هؤلاء وغيرهم قد ماتوا ولم
يصلوا إلى الحكمة، وقام آخرون مكانهم، ولم يتعلموا ممن قبلهم، بل ما زالوا
يبحثون عن الحكمة في أماكن غريبة عنها، أي في الماديات، ولا يجدونها لأنها عند
الله. فلو كانوا قد اتكلوا على الله لكانوا قد وصلوا بمساعيهم إلى الحكمة؛ لأن
الحكمة هي الله الموجود في كل مكان، ويصل إليه بسهولة كل من يؤمن به؛ حتى لو
كان إنسانًا بسيطًا، وإمكانياته ضعيفة.
ع20، 21: يتعجب باروخ أن الأحداث، أي الشباب
وصغار السن، الذين ولدوا في العالم، ورأوا نور الله، وسكنوا في الأرض، لم
يتعلموا من ضلال آبائهم الذين لم يصلوا إلى الحكمة، بل ابتعدوا عن الله.
ع22، 23: تيمان: تعنى الجنوب وهي
اليمن.
مران
: هي مديان التي تقع بجوار خليج العقبة.
يضيف
باروخ أن التجار المعروفين في العالم، سواء في كنعان والذين اشتهروا بالغش،
(هو12: 7)، أو في تيمان، التي منها أليفاز التيمانى صديق أيوب الحكيم، أو بنى
هاجر، أو مران؛ كل هؤلاء الذين جالوا البلاد، وامتلأوا معرفة، وفهم وحكمة،
وعرفوا الأمثال والحكم، لم يصلوا إلا إلى الحكمة الأرضية (يع3: 15). أما الحكمة
السماوية التي هي الحكمة الحقيقية، فلا توجد إلا عند الله.
ع24، 25: يعلن باروخ أنه إن كان العالم
وتجاره لم يعرفوا الحكمة، ولكن الحكمة توجد عند الله، وهو عظيم جدًا ولا حدود
لعظمته. وتظهر عظمته في بيته الذي في أورشليم، وهو يملك على العالم كله، وحكمته
تعلو عن كل مقاييس البشر، أي لا يفهمها ولا يستوعبها البشر.
ع26-28:"
باروخ,3,26,"(3:26-28): الحاذقون: الماهرون.
يشير
باروخ إلى الجبابرة الذين سكنوا في الأرض أيام نوح، وتميزوا بقوتهم في الحرب
(تك6: 4) الذين منهم نمرود (تك10: 8-10). هؤلاء انشغلوا بقوتهم وابتعدوا عن
الله فلم يهبهم الله الحكمة لرفضهم إياه. هؤلاء صاروا أغبياء، وهلكوا، وذهبوا
إلى الجحيم رغم قوتهم العظيمة.
ع29-31:"
باروخ,3,29,"(3:29-31): آثرها: فضلها.
الذهب
الإبريز: الذهب الخالص
النقى.
يبين
باروخ عظمة الحكمة، فهي أعلى من السموات، ولا يستطيع أحد أن يصل إليها بقوته،
ويمسك بها من بين الغيوم. وهي أيضًا عميقة جدًا أعمق من كل البحار، ولا يستطيع
أحد أن يصل إليها؛ حتى لو كان متميزًا في السفر بالبحر. لا يستطيع أحد الوصول
إليها؛ حتى يقتنيها ويفضلها عن الذهب النقى، فهي لا توجد إلا عند الله.
† إن الحكمة العظيمة التي لا يصل إليها أحد من
البشر يسهل عليك يا أخى أن تصل إليها إذا آمنت بالله، وحفظت وصاياه، ورفعت قلبك
بالصلاة إليه في كل حين، وقبل كل فكر، أو عمل.
[4]
الله مصدر الحكمة (ع32-38):
32- لكِنَّ الْعَالِمَ بِكُلِّ شَيْءٍ هُوَ
يَعْلَمُهَا وَبِعَقْلِهِ وَجَدَهَا. الَّذِي ثَبَّتَ الأَرْضَ إِلَى الأَبَدِ
وَمَلأَهَا حَيَوَانًا ذَا أَرْبَعٍ. 33- الَّذِي يُرْسِلُ النُّورَ
فَيَنْطَلِقُ. يَدْعُوهُ فَيُطِيعُهُ بِرَعْدَةٍ. 34- إِنَّ النُّجُومَ
أَشْرَقَتْ فِي مَحَارِسِهَا وَتَهَلَّلَتْ. 35- دَعَاهَا فَقَالَتْ نَحْنُ
لَدَيْكَ وَأَشْرَقَتْ مُتَهَلِّلَةً لِلَّذِي صَنَعَهَا. 36- هذَا هُوَ
إِلهُنَا وَلاَ يُعْتَبَرُ حِذَاءَهُ آخَرُ. 37- هُوَ وَجَدَ طَرِيقَ
التَّأَدُّبِ بِكَمَالِهِ وَجَعَلَهُ لِيَعْقُوبَ عَبْدِهِ وَلإِسْرَائِيلَ
حَبِيبِهِ. 38- وَبَعْدَ ذلِكَ تَرَاءَى عَلَى الأَرْضِ وَتَرَدَّدَ بَيْنَ الْبَشَرِ
ع32-35:"
باروخ,3,32,"(3:32-35): رعدة
: خوف شديد.
محارسها
: أفلاكها وهي الأماكن التي تدور فيها.
الله وحده هو العالم بكل شئ؛ هو
وحده يعلم الحكمة. وبعقله أي بأقنوم الابن وجدها؛ لأن الابن هو أقنوم الحكمة،
ففى الله نجد الحكمة الكاملة؛ لأن عقله، أي اللوغوس هو الحكمة. وبعقله، أي
بحكمته خلق العالم كله. ويعطى هنا أمثلة للمخلوقات التي خلقها الله، وهذه
الأمثلة هي:
الأرض
بالإضافة إلى الحيوانات ذات الأربع التي تدب على الأرض.
النور
الذي أطاع أمر الله، فخرج في الحال، وظهر في العالم كمخلوق يرتعد أمام خالقه
خشوعًا وإجلالًا.
النجوم
التي ظهرت كأنها شمس مشرقة واضاءت الأرض أثناء الليل، فهي مخلوقات أطاعت الله
في الحال وظهرت لتنير الأرض، وهي خاضعة له، بل إذا أمرها أن تخفى ضياءها تطيعه،
كما حدث في ضربة الظلام على مصر أيام موسى، فأخفت الشمس والنجوم والقمر أضواءها
(خر10: 21-22).
ع36-38:"
باروخ,3,36,"(3:36-38): حذاءه: نظيره أو مثله.
تردد
: تحرك ذهابًا ومجيئًا.
هذا
الكلام المذكور في الآيات السابقة (ع32-35) هو عن الله إلهنا مصدر الحكمة، الذي
تجسد في ملء الزمان، وتأدب بحفظ الوصايا وإتمام الناموس (مت3: 15؛ 5: 17)،
واحتمل أن يخلى نفسه ويصير عبدًا، ويشبه الناسِ، واحتمل التأدب في كل آلام
الصليب مع أنه بلا خطية.
وقد علَّم
شعبه نسل يعقوب التأدب في حفظ الوصايا، بل في احتمال الضيقات مثل السبي، وكذا
علَّم شعبه إسرائيل الجديد، أي المسيحيين الذين تبعوه أن يحملوا الصليب لأجله
(مت16: 24).
ويعلن
بوضوح تجسد المسيح في (ع38)، أي تجسد الحكمة، أو العقل الإلهي، عندما يقول أن
الله تراءى على الأرض وتردد بين البشر، فهو لم يظهر فقط في اليهودية والجليل
والسامرة، بل ذهب أيضًا إلى مصر وبارك أماكن كثيرة فيها، فهو الله المتجسد
الآتي لفداء البشرية كلها وليس فقط اليهود. وقد استند الآباء على هذه الآية في
الرد على بدعة أريوس.
الخلاصة:
يظهر
باروخ في هذا الإصحاح الحكمة في خطوات واضحة يعلنها للبشرية كلها كما يلى:
بركة
الحكمة لكل من يطلبها ويسعى لاقتنائها (ع13-15).
الحكمة هي
اللوغوس، أي العقل الإلهي الأقنوم الثاني (ع32).
الحكمة هي
التي خلقت العالم كله (ع32-35).
الحكمة في
أقنوم الابن المتجسد الذي ظهر في ملء الزمان (ع38).
† إن الله ظاهر في خلائقه المحيطة بك، ليتك يا
أخى تتأمل فيها لترى حكمته ومحبته ورعايته لك، فتمجده وتشكره، وتخضع له، مطيعًا
لوصاياه.
← تفاسير أصحاحات
باروخ:
مقدمة |
1 |
2 |
3 |
4 |
5 |
6
تفاسير أسفار الكتاب المقدس
1- تفاسير سفر التكوين
2- تفاسير سفر الخروج
3- تفاسير سفر اللاويين
4- تفاسير سفر العدد
5- تفاسير سفر التثنية
6- تفاسير سفر يشوع
7- تفاسير سفر القضاة
8- تفاسير سفر راعوث
9- تفاسير سفر صموئيل الأول
10- تفاسير سفر صموئيل الثاني
11- تفاسير سفر الملوك الأول
12- تفاسير سفر الملوك الثاني
13- تفاسير سفر أخبار الأيام الأول
14- تفاسير سفر أخبار الأيام الثاني
15- تفاسير سفر عزرا
16- تفاسير سفر نحميا
17- تفاسير سفر طوبيا
18- تفاسير سفر يهوديت
19- تفاسير سفر أستير + التتمة
20- تفاسير سفر أيوب
21- تفاسير سفر المزامير + مز 151
22- تفاسير سفر الأمثال
23- تفاسير سفر الجامعة
24- تفاسير سفر نشيد الأناشيد
25- تفاسير سفر الحكمة
26- تفاسير سفر يشوع بن سيراخ
27- تفاسير سفر إشعياء
28- تفاسير سفر إرميا
29- تفاسير سفر مراثي إرميا
30- تفاسير سفر نبوه باروخ
31- تفاسير سفر حزقيال
32- تفاسير سفر دانيال + التتمة
33- تفاسير سفر هوشع
34- تفاسير سفر يوئيل
35- تفاسير سفر عاموس
36- تفاسير سفر عوبديا
37- تفاسير سفر يونان
38- تفاسير سفر ميخا
39- تفاسير سفر ناحوم
40- تفاسير سفر حبقوق
41- تفاسير سفر صفنيا
42- تفاسير سفر حجي
43- تفاسير سفر زكريا
44- تفاسير سفر ملاخي
45- تفاسير سفر المكابيين الأول
46- تفاسير سفر المكابيين الثاني
1- تفاسير إنجيل متى
2- تفاسير إنجيل مرقس
3- تفاسير إنجيل لوقا
4- تفاسير إنجيل يوحنا
5- تفاسير سفر أعمال الرسل
6- تفاسير الرسالة إلى رومية
7- تفاسير رسالة كورنثوس الاولى
8- تفاسير كورنثوس الثانية
9- تفاسير الرسالة إلى أهل غلاطية
10- تفاسير الرسالة إلى أفسس
11- تفاسير الرسالة إلى فيلبي
12- تفاسير الرسالة إلى كولوسي
13- تفاسير تسالونيكي الأولى
14- تفاسير تسالونيكي الثانية
15- تفاسير رسالة تيموثاوس الأولى
16- تفاسير تيموثاوس الثانية
17- تفاسير الرسالة إلى تيطس
18- تفاسير الرسالة إلى فيلمون
19- تفاسير رسالة العبرانيين
20- تفاسير رسالة يعقوب
21- تفاسير رسالة بطرس الأولى
22- تفاسير رسالة بطرس الثانية
23- تفاسير رسالة يوحنا الأولى
24- تفاسير رسالة يوحنا الثانية
25- تفاسير رسالة يوحنا الثالثة
26- تفاسير رسالة يهوذا
27- تفاسير سفر الرؤيا"
باروخ,4,0,"(4:1): تعزية أورشليم
(1)
التمسك بالشريعة (ع1- 4)
(2) السبي
تأديب (ع5-8)
(3)
أورشليم تبكي على أولادها (ع9-20)
(4) الله
المخلص (ع21-30)
(5)
عقاب أعداء أورشليم (ع31-35):
(6) عودة
المسبيين (ع36، 37):
(1)
التمسك بالشريعة (ع1- 4):
1- هذَا كِتَابُ أَوَامِرِ اللهِ وَالشَّرِيعَةُ
الَّتِي إِلَى الأَبَدِ كُلُّ مَنْ تَمَسَّكَ بِهَا فَلَهُ الْحَيَاةُ
وَالَّذِينَ يُهْمِلُونَهَا يَمُوتُونَ. 2- تُبْ يَا يَعْقُوبُ وَاتَّخِذْهَا
وَسِرْ فِي الضِّيَاءِ تُجَاهَ نُورِهَا. 3- لاَ تُعْطِ مَجْدَكَ لآخَرَ
وَمَزِيَّتَكَ لأُمَّةٍ غَرِيبَةٍ. 4- طُوبَى لَنَا يَا إِسْرَائِيلُ لأَنَّ
مَا يُرْضَى عِنْدَ اللهِ مَعْرُوفٌ لَدَيْنَا.
ع1:
إن كتاب شريعة الله هو الوصايا العشر وشريعة موسى، وهي الحكمة الإلهية المعلنة
في كلمات محددة ليحيا بها أولاد الله، فمن ينفذها يحيا (لا18: 4). أما من يهمل
شريعة الله فيموت، أي يصبح ميتًا في نظر الله؛ لأنه سيعمل الخطية، والخطية
أجرتها موت (رو6: 23).
وهكذا نرى
آخر خطوة في موضوع الحكمة، الذي بدأه باروخ في الإصحاح السابق، ومذكور في
الخلاصة التي في نهاية الإصحاح، فاكتمال الحكمة في حياة الناس أن يحيوا بكلام
الله.
ع2: ينصح باروخ شعب إسرائيل بثلاثة أمور
لينالوا الحكمة عمليًا في حياتهم وهي:
التوبة عن
الخطايا التي تغضب الله لنوال غفرانه.
اتخاذ
الشريعة، أي العمل بها ليحيوا أمام الله.
السير في
ضياء الشريعة لنوال نورها، أي ترشدهم في كل حياتهم، كما يتأكد هذا المعنى في
(مز119: 105).
ع3: مزيتك: تميزك.
ينبه
باروخ شعب الله ألا يتنازل عن مجده وميزته عن باقي الشعوب، فمجده هو وجود الله
في وسطه في هيكله المقدس، والاقتراب إلى الله وإرضاؤه هو عن طريق التمسك
بشريعته وعبادته، وهذا هو كمال الحكمة.
ع4: يفتخر باروخ مع شعبه بأن الله قد كشف لهم
كيف يرضونه، وذلك ليس فقط بالإيمان به، بل بتطبيق كلامه والتمسك بشريعته،
فيباركهم الله ويفرح قلوبهم.
†
إن ما يميزك يا أخى هو معرفتك لله،
وتوبتك، وتناولك من الأسرار المقدسة، فاحرص ألا تهتز هذه الثلاثة في حياتك،
ودليلك على ثباتك في الله هو صلواتك المتزايدة نحوه.
(2)
السبي تأديب (ع5-8)
5- ثِقُوا يَا شَعْبِي يَا تَذْكَارَ
إِسْرَائِيلَ 6- فَإِنَّكُمْ لَمْ تُبَاعُوا لِلأُمَمِ لِهَلاَكِكُمْ وَلكِنْ
بِمَا أَنَّكُمْ أَسْخَطْتُمُ اللهَ قَدْ أُسْلِمْتُمْ إِلَى أَعْدَائِكُمْ 7-
لأَنَّكُمْ أَغْضَبْتُمْ صَانِعَكُمْ إِذْ ذَبَحْتُمْ لِلشَّيَاطِينِ لاَ للهِ 8- وَنَسِيتُمْ رَازِقَكُمُ الإِلهَ الأَزَلِيَّ وَحَزَنْتُمْ مُرَبِّيَتَكُمْ
أُورُشَلِيمَ.
ع5، 6:
يظهر هنا إيمان باروخ الذي به يحرك
الرجاء في قلوب شعبه، فيعلن ما يلي:
أنكم
إسرائيل شعبى الذي قطعت عهدًا معه عن طريق الآباء، فأنا أذكركم دائمًا ولا
أتخلى عنكم.
إن كان قد
حل بكم السبي نتيجة خطاياكم ورفضكم لله، لكن هذا مجرد تأديب وليس المقصود به
إهلاككم، أو إفنائكم، ولكنه مجرد تأديب للتوبة حتى ترجعوا لله.
ع7، 8: يبين باروخ هنا أسباب التأديب بالسبي،
أى ما اضطر الله أن يسمح به لشعبه وهو:
أغضبتم
صانعكم وهو الله، بترك
وصاياه.
ذبحتم
للشياطين: وليس لله، أي
قدمتم عبادتكم وذبائحكم للآلهة الوثنية، ورفضتم وأهملتم عبادة الله.
نسيتم
رازقكم: أهملتم الله الذي
أحبكم منذ الأزل، واعتنى بكم، وأطعمكم ورعاكم، ورزقكم خيرات كثيرة. فهو مصدر
حياتكم المادية والروحية.
أحزنتم
مربيتكم: وهي أورشليم أمكم
المدينة المقدسة، التي سكنتم فيها آمنين، وممجدين، ولكن عندما أغضبتم الله
تهدمت بسببكم، فمن يغضب الله يحزن الكنيسة كلها.
(3)
أورشليم تبكي على أولادها (ع9-20)
9- إِنَّهَا رَأَتِ الْغَضَبَ الَّذِي حَلَّ
بِكُمْ مِنْ قِبَلِ اللهِ فَقَالَتِ اسْمَعْنَ يَا جَارَاتِ صِهْيُونَ إِنَّ
اللهَ قَدْ جَلَبَ عَلَيَّ نَوْحًا عَظِيمًا 10- فَإِنِّي رَأَيْتُ سَبْيَ
بَنِيَّ وَبَنَاتِيَ الَّذِي جَلَبَهُ عَلَيْهِمْ الأَزَلِيُّ. 11- إِنِّي
رَبَّيْتُهُمْ بِفَرَحٍ ثُمَّ وَدَّعْتُهُمْ بِبُكَاءٍ وَنَوْحٍ. 12- لاَ
يَشْمَتَنَّ أَحَدٌ بِي أَنَا الأَرْمَلَةَ الَّتِي ثَكِلَتْ كَثِيرِينَ
فَإِنِّي قَدْ أُوحِشْتُ لأَجْلِ خَطَايَا بَنِيَّ لأَنَّهُمْ زَاغُوا عَنْ
شَرِيعَةِ اللهِ 13- وَلَمْ يَعْرِفُوا رُسُومَهُ وَلَمْ يَسْلُكُوا فِي طُرُقِ
وَصَايَا اللهِ وَلَمْ يَسِيرُوا فِي سُبُلِ التَّأَدُّبِ بِبِرِّهِ. 14-
هَلُمَّ يَا جَارَاتِ صِهْيُونَ فَاذْكُرْنَ سَبْيَ بَنِيَّ وَبَنَاتِيَ
الَّذِي جَلَبَهُ عَلَيْهِمْ الأَزَلِيُّ. 15- فَإِنَّهُ جَلَبَ عَلَيْهِمْ
أُمَّةً مِنْ بَعِيدٍ أُمَّةً وَقِحَةً أَعْجَمِيَّةَ اللِّسَانِ 16- لَمْ تَهَبْ شَيْخًا وَلَمْ تُشْفِقْ عَلَى طِفْلٍ فَذَهَبُوا بِأَحِبَّاءِ
الأَرْمَلَةِ وَأَثْكَلُوا الْمُتَوَحِّدَةَ بَنَاتِهَا. 17- بِأَيِّ شَيْءٍ أَسْتَطِيعُ أَنْ أُغِيثَكُمْ. 18- الَّذِي جَلَبَ
عَلَيْكُمُ الشَّرَّ هُوَ يُنْقِذُكُمْ مِنْ أَيْدِي أَعْدَائِكُمْ. 19- سِيرُوا يَا بَنِيَّ سِيرُوا. إِنِّي بَقِيتُ مُسْتَوْحِشَةً. 20- قَدْ
خَلَعْتُ حُلَّةَ السَّلاَمِ وَلَبِسْتُ مِسْحَ التَّضَرُّعِ. أَصْرُخُ إِلَى
الأَزَلِيِّ مَدَى أَيَّامِي.
ع9-11: الأزلي
: الذي لا بداية له وهو الله.
يتكلم باروخ هنا عن أورشليم التي
رأت الغضب الإلهي قد حل على بنيها لأجل خطاياهم، فدُمرت أورشليم، وأُحرق
الهيكل، وسُبى البنون إلى المملكة البابلية، وتشتتوا فيها.
ثم كلمت أورشليم جاراتها الدول
المحيطة بها، وقالت لها إن الله سمح لى بحزن وبكاء شديد بسبب سبى أبنائى وبناتى
وتشتيتهم في أرجاء المملكة البابلية. فقد تمتعت بتربيتهم ونموا أمام عينى،
وكانت سعادتى عظيمة، ولكنى فقدتهم الآن، فقد أخذهم العدو عبيدًا، وأبعدهم عنى؛
لذا فأنا حزينة جدًا.
ع12-13: ثكلت: فقدت بنيها وبناتها.
أوحشت
: صرت خربة وخالية.
تنبه
أورشليم الدول جاراتها ألا يشمتن بها؛ لأنها تثق في محبة الله لها، وأن ما حل
من عقاب إلهي لها هو تأديب ليتوب أبناؤها، وبناتها. بل وتعلن أنها فقدت كثيرين
من أبنائها وبناتها لما يلي:
زاغوا عن
شريعة الله: أي زاغ البنون
عن شريعة الله.
لم يعرفوا
رسومه: أهملوا رسوم الله،
أى شريعته حتى كادوا ينسونها ولا يعرفونها، ولم يعرفوها معرفة التنفيذ، بل كانت
معرفة نظرية، بعيدًا عن التطبيق والحياة.
لم يسيروا
في طرق التأدب ببره: لم
يفهموا تأديب الله لهم من خلال قتل ملوكهم، مثل يهوياقيم، وسبى بعضهم مثل
يهوآحاز ويهوياكين. فاضطر الله إلى تأديبهم بشدة عن طريق السبي البابلي الكامل،
وتدمير أورشليم؛ حتى يتوبوا، ويعودوا لحياة البر التي علمها لآبائهم.
ع14: تواصل أورشليم مخاطبة جاراتها لتقودهم
للتوبة. فتطلب منهم أن يذكروا سبى بنيها، وهو تأديب إلهي سمح به الله؛ حتى
يتوبوا، ولم يقصد أبدًا معاقبتهم بالفناء. فتنبه جاراتها إلى أن الله قد صنع
هذا بها؛ أي أورشليم أمام أعين الأمم؛ حتى تخافه الأمم، وتؤمن به، وترجع إليه.
فإن كان الله قد أدب شعبه، فكم يكون انتقامه ممن يرفضونه، أي الأمم. وهذا يبين
محبة الله للأمم، واهتمامه بتوبتهم، وليس فقط شعبه. وهذه مسئولية الكنيسة في كل
جيل أن تكون نورًا للعالم، وملحًا للأرض، وتنبه العالم كله ليتوب ويرجع إلى
الله.
ع15، 16: أعجمية: غريبة اللغة.
تهب
: تخاف.
يستكمل
باروخ تنبيهه للأمم المحيطة بأورشليم؛ ليتوبوا؛ ليصف تأديب الله الذي حل بشعبه
بوصف شرور بابل الذي أدب الله بها شعبه فقال:
""أمة من
بعيد"": أي قوية استطاعت أن
تعبر فوق بلاد كثيرة وتدمرها.
وقحة
: أي غير مهذبة وليس لها مبادئ، وغير خاضعة لله، وبالتالي فهي قاسية لا ترحم
أحدًا.
أعجمية
اللسان: لا تفهم لغة من
تدمر بلادهم، وبالتالي لا يمكن أن يتوسل إليها أحد، أو ترحم إنسانًا.
لم تهب
شيخًا: إذ أن ليس لها
مبادئ، فلا تحترم كبار السن، وهذا يؤكد قسوتها.
لم تشفق
على طفل، لا تشفق على
الأطفال، أو الضعفاء لأجل قساوة قلبها.
ذهبوا
بأحباء الأرملة واثكلوا المتوحدة بناتها
: أي قتلوا أبناء الأرملة وإخوتها الرجال، الذين يحبونها ويدافعون عنها. والتي
ليس لها رجال وبقى معها بناتها فقط - وهي المتوحدة - يقتلون بناتها أيضًا.
إن بابل
ترمز للشيطان القاسى القلب الذي يأتي من بعيد ليهجم على البشر، وهو قاسى ولغته
غريبة عنهم، فيهاجم الشيخ، أي الضعيف في جهاده الروحي، والطفل، أي المبتدئ في
الحياة الروحية، والأرملة أي النفس التي ليس لها استنادًا على أب روحي ومرشد،
والمتوحدة وهي التي تبتعد عن الكنيسة، فيقتل بناتها، أي فضائلها القليلة
الباقية. فهو قاسى قسوة تفوق العقل، ولا يشفق على أي إنسان؛ لأن لغته غريبة عن
الحب الإلهي الذي وضعه الله في البشر.
ع17-19: أغيثكم: أنجدكم وأساعدكم.
تعلن
أورشليم عجزها عن أن تساعد بنيها المسبيين، وتوجه قلوبهم إلى الله القادر وحده
أن يخلصهم من السبي. فهو سمح بتأديبهم، وهو القادر أن يرفع عبودية الأعداء
عنهم. وتطلب منهم أن يسيروا في طريق التوبة؛ لينالوا مراحم الله، ويعودوا
إليها، فإنها خربة وخالية وفى انتظار بنيها ليعمروها. وتؤكد على أبنائها ضرورة
السير في طريق التوبة بتكرار كلمة سيروا.
ع20: في الختام تعلن أورشليم التي ترمز
للكنيسة أنها إن كانت قد فقدت سلامها الخارجي بتأديب بنيها، لكن ليس أمامها
الآن إلا أن:
تحيا في
زهد وتقشف وتذلل أمام الله (مسح).
تتضرع في
صلوات كثيرة إلى الله ليرحمها ويعيد إليها بنيها.
تداوم على
الصلاة طوال عمرها.
†
إن الصلاة باتضاع أمام الله هي
مظهر التوبة الذي يحبه الله. فلا تهمله يا أخي، ليفيض عليك الله بمراحمه، ويعيد
إليك بركاته المؤقتة على الأرض، ثم البركة التي لا توصف، وهي الحياة الأبدية.
←
وستجد
تفاسير أخرى
هنا في
(4)
الله المخلص (ع21-30):
21- ثِقُوا يَا بَنِيَّ وَاسْتَغِيثُوا بِاللهِ
فَيُنْقِذَكُمْ مِنْ أَيْدِي الأَعْدَاءِ الْمُتَسَلِّطِينَ عَلَيْكُمْ 22- فَإِنِّي قَدْ رَجَوْتُ بِالأَزَلِيِّ خَلاَصَكُمْ وَحَلَّتْ بِي مَسَرَّةٌ
مِنْ لَدُنِ الْقُدُّوسِ بِالرَّحْمَةِ الَّتِي تُؤْتَوْنَهَا عَمَّا قَلِيلٍ
مِنْ عِنْدِ الأَزَلِيِّ مُخَلِّصِكُمْ.23- قَدْ وَدَّعْتُكُمْ بِبُكَاءٍ
وَنَوْحٍ لكِنَّ اللهَ سَيَرُدُّكُمْ لِي بِفَرَحٍ وَمَسَرَّةٍ إِلَى الأَبَدِ. 24- فَكَمَا تَرَى الآنَ جَارَاتُ صِهْيَوْنَ سَبْيَكُمْ هكَذَا عَمَّا قَلِيلٍ
سَيَرَيْنَ خَلاَصَكُمْ مِنْ عِنْدِ اللهِ تُؤْتَوْنَهُ بِمَجْدٍ عَظِيمٍ
وَبِبَهَاءِ الأَزَلِيِّ. 25- يَا بَنِيَّ احْتَمِلُوا بِالصَّبْرِ الْغَضَبَ
الَّذِي حَلَّ بِكُمْ مِنَ اللهِ. قَدِ اضْطَهَدَكَ الْعَدُوُّ لكِنَّكَ
سَتَرَى هَلاَكَهُ عَنْ قَلِيلٍ وَتَطَأُ رِقَابَهُمْ. 26- إِنَّ مُتْرَفِيَّ
سَلَكُوا طُرُقًا وَعْرَةً وَسِيقُوا كَغَنَمٍ نَهَبَتْهَا الأَعْدَاءُ. 27-
ثِقُوا يَا بَنِيَّ وَاسْتَغِيثُوا بِاللهِ فَإِنَّ الَّذِي جَلَبَ عَلَيْكُمْ
هذِهِ سَيَتَذَكَّرُكُمْ.28- وَكَمَا كُنْتُمْ تَهْوَوْنَ أَنْ تَشْرُدُوا عَنِ
اللهِ فَبِقَدْرِ ذلِكَ عَشْرَ مَرَّاتٍ تَلْتَمِسُونَهُ تَائِبِينَ 29- وَالَّذِي جَلَبَ عَلَيْكُمُ الشَّرَّ يَجْلُبُ لَكُمُ المَسَرَّةَ
الأَبَدِيَّةَ مَعَ خَلاَصِكُم. 30- ثِقِي يَا أُورُشَلِيمُ فَإِنَّ الَّذِي
سَمَّاكِ بِاسْمِهِ سَيُعَزِّيكِ.
ع21:
تنبه أورشليم التي ترمز للكنيسة أبناءها المستعبدين لبابل، التي
ترمز إلى الخطيئة، أن يرجعوا إلى الله بأمرين هما:
الإيمان بالله، فليس بغيره الخلاص
(أع4: 12).
بالصلاة والاستغاثة، أي الصراخ من
كل القلب ليتدخل الله وينقذهم. حينئذ ينالون الخلاص من عبودية بابل المتسلطة
عليهم.
ع22: لدن: عند.
تؤتونها
: تنالونها.
تعلن
الكنيسة أنه بعد صلاتها إلى الله الذي ترجوه ليخلص أبناءها من العبودية (ع19)
شعرت براحة واطمئنان أنه حتمًا سيتدخل، بل شعرت بفرح بأن أبناءها سيعودون
إليها؛ لذا فهي تبشرهم بأنهم سينالون رحمة من الله. وهذه الرحمة ستتم قريبًا،
ويتخلصون من عبودية بابل، ويعودون إلى بلادهم ليعبدوا الرب.
وتصف الله
في هذه الآية بثلاث صفات هي:
الأزلي
: أي الوحيد الذي ليس له بداية، وبالتالي فهو أيضًا الأبدي. ولذا تثبت بنيها في
الإيمان بالله القادر على كل شيء. ونلاحظ أن كلمة الأزلي تكررت سبع مرات في هذا
الأصحاح.
القدوس
: الذي يشترط في كل من ينال مراحمه أن يحيا بنقاوة وتوبة، ليستطيع أن يقترب إلى
القدوس.
مخلصكم
: القادر أن يخلصهم من كل ذل العبودية.
ع23، 24: تعبر أورشلم عن بهجتها بعد صلواتها
بأنها كانت تبكى وتنوح عندما ودعت أبناءها الذين سباهم البابليون، وصارت خربة
وخالية بعدهم. ولكنها ستفرح عن قريب بعودتهم إليها؛ حتى أنها تعلن أن الدول
جاراتها اللواتى رأين سبى اليهود، سينظرن عن قريب عودتهم، وخلاصهم من السبي، بل
سينظرن بهاء وعظمة بنيها، عندما يعودن ويبنون أورشليم وهيكلها، ويفرحون
بتدشينها في موكب عظيم. فيرون مجد الله مخلص شعبه في قوة وعظمة الراجعين من
السبي، الذين يحملون أوامر من الملك ببناء أورشليم، فيُسكت جارات أورشليم،
الذين يغيرون منها ويحسدونها.
وعودة بنى
إسرائيل من السبي، وخلاصهم من عبودية بابل هو رمز لخلاص البشرية، وعودتها إلى
الله، عندما تؤمن بالمسيح المخلص، المصلوب من أجلها.
ع25: تطأ: تدوس.
تشجع
أورشليم بنيها ليصبروا على آلام الاستعباد، والذل لبابل. وتبشرهم بأنهم سيخلصون
قريبًا من هذه العبودية. وقد تم هذا الخلاص بواسطة مادي وفارس، التي هجمت على
بابل، وقتلت البابليين، وداستهم بوحشية، بل وباعت بعضهم، واشترى اليهود بعضًا
منهم كعبيد.
بالإضافة
إلى أن هذه نبوة عن الرجوع من السبي، فهي نبوة أيضًا عن انتصار المؤمنين في
العهد الجديد على الشيطان، كما نصلى في صلاة الشكر ونقول ""ندوس الحيات والعقارب
وكل قوة العدو"". ويؤكد مرقس الرسول في نهاية إنجيله سلطان المؤمنين على
الشياطين (مر16: 17-18). وبعد هذا تكمل النصرة على الشيطان في نهاية الأيام،
عندما يلقى في البحيرة المتقدة بالنار والكبريت (رؤ20: 10).
ع26: مترفى: بنو إسرائيل الذين عاشوا
في تنعم بلذات الحياة، ونسوا الله.
وعرة
: غير ممهدة.
سيقوا
: ساقتهم بابل كما يسوق الراعى غنمه.
لأن بنى
إسرائيل انغمسوا في ترف ولذات الحياة، وابتعدوا عن عبادة الله، منشغلين بعبادة
الأوثان، والشهوات المرتبطة بها؛ كل هذا هو طرق وعرة بعيدة عن الله، لذا أدبهم
بأن سمح لبابل أن تسوقهم كالغنم، وتستعبدهم، وتشتتهم في البلاد التابعة لها.
ع27، 28: تهوون: تشتهون.
تشردوا
: تضلوا وتبتعدوا.
تعود
أورشليم، فتؤكد على بنيها أهمية الإيمان بالله، والتضرع إليه لكي ينقذ شعبه،
كما سبق وذكرت في (ع21)، خاصة بعد أن تغير شعب الله. فإن كانوا قد أحبوا الخطية
وعبادة الأوثان، فالآن بعد أن ذاقوا نتائج الخطية، وهي مرارة العبودية وذلها،
يشتهون، ويشتاقون لله أضعاف ما اشتاقوا للخطية. وتقول أورشليم هنا عشرة أضعاف؛
لتعبر عن كمال الاشتياق للعودة إلى الحياة الروحية وعبادة الله. هذه كانت مشاعر
بني إسرائيل العائدين من السبي.
ع29: يعلن باروخ هنا أن الله هو ضابط الكل،
الذي أدب شعبه بالسبي ليتوب، هو أيضًا الذي إذ يرى توبة شعبه يخلصه من عبودية
السبي، ويعيده إلى بلاده ليبنى الهيكل ويعبده، والأكثر من هذا يهبه الفرح
الأبدي في ملكوت السموات.
ومازال
الله حتى الآن يسمح بتأديب كنيسته لتتوب، ثم يخلصها عندما ترجع إليه، ويهبها
الفرح الأبدي في السماء.
ع30: يبشر باروخ في النهاية أورشليم، التي
تسمت باسم الرب، إذ هي مدينته المقدسة؛ أنه سيعزيها، ويعيد إليها أبناءها
ليبنوا هيكلها ويعمروها.
وكل نفس
تسمت باسم الرب حتى الآن تثق أنه ما دامت متمسكة به، فحتى لو أخطأت ثم عادت
إليه، فهو في النهاية سيعزيها بأفراح لا يعبر عنها؛ ليس فقط في الأرض، بل
وأيضًا في السماء.
† إن الله هو مخلصك فلا تنزعج من الضيقات؛ حتى
لو كنت أنت السبب فيها. ولكن إرجع إليه بالتوبة، وهو يخلصك، بل يعوضك عن أحزانك
ببركات لا يعبر عنها، وأفراح في الأرض، وفى السماء.
(5)
عقاب أعداء أورشليم (ع31-35):
31- وَيْلٌ لِلَّذِينَ جَارُوا عَلَيْكِ
وَشَمِتُوا بِسُقُوطِكِ. 32- وَيْلٌ لِلْمُدُنِ الَّتِي اسْتَعْبَدَتْ بَنِيكِ.
وَيْلٌ لِلَّتِي أَخَذَتْ أَوْلاَدَكِ. 33- فَإِنَّهَا كَمَا شَمِتَتْ
بِسُقُوطِكِ وَفَرِحَتْ بِخَرَابِكِ كَذلِكَ سَتَكْتَئِبُ عِنْدَ دَمَارِهَا 34- وَأُبْطِلُ مُفَاخَرَتَهَا بِكَثْرَةِ سُكَّانِهَا وَأُحَوِّلُ مَرَحَهَا
إِلَى نَوْحٍ 35- لأَنَّ نَارًا تَنْزِلُ عَلَيْهَا مِنْ عِنْدِ الأَزَلِيِّ
إِلَى أَيَّامٍ كَثِيرَةٍ وَتَسْكُنُهَا الشَيَّاطِينُ طُولَ الزَّمَانِ.
ع31، 32: جاروا
: ظلموا.
يعلن الله عقابه للدول المجاورة
لشعبه، وذلك بسبب الشرور التي صنعوها وهي:
جاروا عليك
: بمساعدتهم لبابل في تدمير، وقتل بني إسرائيل.
شمتوا بسقوطك
: ظهر شرهم في مشاعر الشماتة بخراب أورشليم، واليهودية، إذ كانوا يتمنون الشر
لأورشليم من أجل مجد الله الذي كان فيها، وقوتها.
استعبدت بنيك وأخذت أولادك
: عندما هرب اليهود من أورشليم، واليهودية من وجه بابل، لم ترحب بهم هذه الدول،
بل أمسكتهم، وباعتهم كعبيد، فساعدت بابل في إذلال اليهود.
ع33-35: يقرر الله العقاب الإلهي الآتي على
جارات أورشليم، وهي:
الاكتئاب
عندما يسمح الله بتدمير هذه الدول.
يبطل في
هذه الدول الافتخار بكثرة عدد السكان، ويبطل أيضًا الفرح والانطلاق، والسعادة،
إذ يتحول كل هذا إلى أحزان.
يحرق الله
هذه الدول بالنار التي تنزل من عند الله.
تسكن هذه
الدول الشياطين لكثرة عبادة الأوثان بها، ولكثرة شهواتها الشريرة، وتظل
الشياطين مستقرة فيها على مدى الايام؛ لانغماسها في الشر.
هذه
العقوبات تأتي أيضًا على الشياطين التي تحارب الكنيسة، فتعيش هذه الشياطين في
حزن، وتلقى في البحيرة المتقدة بالنار والكبريت إلى الأبد.
† لا تدين غيرك، ولا تشمت به، لئلا يعاقبك
الله، وعلى قدر ما تكون رحيمًا تنال مراحم الله.
(6)
عودة المسبيين (ع36، 37):
36- تَطَلَّعِي يَا أُورُشَلِيمُ مِنْ حَوْلِكِ
نَحْوَ الْمَشْرِقِ وَانْظُرِي الْمَسَرَّةَ الْوَافِدَةَ عَلَيْكِ مِنْ عِنْدِ
اللهِ. 37- هَا إِنَّ بَنِيكِ الَّذِينَ وَدَّعْتِهِمْ قَادِمُونَ. يَقْدَمُونَ
مُجْتَمِعِينَ مِنَ الْمَشْرِقِ إِلَى الْمَغْرِبِ بِكَلِمَةِ الْقُدُّوسِ
مُبْتَهِجِينَ بِمَجْدِ اللهِ.
ع36، 37:
في نهاية الإصحاح يبشر باروخ
أورشليم أنه سيأتى قريبًا اليوم الذي يعود إليها بنوها من السبي. ويطلب من
أورشليم أن تنظر نحو المشرق؛ لأن بنيها سيعودون من بابل والبلاد المحيطة بها،
والتي تقع كلها شرق أورشليم. وستكون عودتهم بأمر الله وكلمته، كما تنبأ أشعياء
النبى أنهم سيعودون في عهد كورش الفارسى، ويكون فرح عظيم لأورشليم بعودة بنيها
(اش44: 28).
وعودة بنى إسرئيل من السبي ترمز
لعودة الكثيرين من الأمم إلى الله والإيمان بالمسيح، الذي هو كلمة الله الممجد
من الملائكة وتفرح الكنيسة بعودة بنيها إليها بعد أن سباهم الشيطان فترة طويلة.
وعودة المسبيين إلى أورشليم ترمز
لعودة الابن الضال إلى حضن أبيه.
†
إن مكانك الطبيعي هو في حضن ِأمك
الكنيسة، فلا تدع مشاغل العالم، أو مشاكله، أو شهواته تشغلك عن كنيستك؛ لأن
فيها حياتك، من خلال الأسرار المقدسة وكل تعاليمها الروحية.
← تفاسير أصحاحات
باروخ:
مقدمة |
1 |
2 |
3 |
4 |
5 |
6
تفاسير أسفار الكتاب المقدس
1- تفاسير سفر التكوين
2- تفاسير سفر الخروج
3- تفاسير سفر اللاويين
4- تفاسير سفر العدد
5- تفاسير سفر التثنية
6- تفاسير سفر يشوع
7- تفاسير سفر القضاة
8- تفاسير سفر راعوث
9- تفاسير سفر صموئيل الأول
10- تفاسير سفر صموئيل الثاني
11- تفاسير سفر الملوك الأول
12- تفاسير سفر الملوك الثاني
13- تفاسير سفر أخبار الأيام الأول
14- تفاسير سفر أخبار الأيام الثاني
15- تفاسير سفر عزرا
16- تفاسير سفر نحميا
17- تفاسير سفر طوبيا
18- تفاسير سفر يهوديت
19- تفاسير سفر أستير + التتمة
20- تفاسير سفر أيوب
21- تفاسير سفر المزامير + مز 151
22- تفاسير سفر الأمثال
23- تفاسير سفر الجامعة
24- تفاسير سفر نشيد الأناشيد
25- تفاسير سفر الحكمة
26- تفاسير سفر يشوع بن سيراخ
27- تفاسير سفر إشعياء
28- تفاسير سفر إرميا
29- تفاسير سفر مراثي إرميا
30- تفاسير سفر نبوه باروخ
31- تفاسير سفر حزقيال
32- تفاسير سفر دانيال + التتمة
33- تفاسير سفر هوشع
34- تفاسير سفر يوئيل
35- تفاسير سفر عاموس
36- تفاسير سفر عوبديا
37- تفاسير سفر يونان
38- تفاسير سفر ميخا
39- تفاسير سفر ناحوم
40- تفاسير سفر حبقوق
41- تفاسير سفر صفنيا
42- تفاسير سفر حجي
43- تفاسير سفر زكريا
44- تفاسير سفر ملاخي
45- تفاسير سفر المكابيين الأول
46- تفاسير سفر المكابيين الثاني
1- تفاسير إنجيل متى
2- تفاسير إنجيل مرقس
3- تفاسير إنجيل لوقا
4- تفاسير إنجيل يوحنا
5- تفاسير سفر أعمال الرسل
6- تفاسير الرسالة إلى رومية
7- تفاسير رسالة كورنثوس الاولى
8- تفاسير كورنثوس الثانية
9- تفاسير الرسالة إلى أهل غلاطية
10- تفاسير الرسالة إلى أفسس
11- تفاسير الرسالة إلى فيلبي
12- تفاسير الرسالة إلى كولوسي
13- تفاسير تسالونيكي الأولى
14- تفاسير تسالونيكي الثانية
15- تفاسير رسالة تيموثاوس الأولى
16- تفاسير تيموثاوس الثانية
17- تفاسير الرسالة إلى تيطس
18- تفاسير الرسالة إلى فيلمون
19- تفاسير رسالة العبرانيين
20- تفاسير رسالة يعقوب
21- تفاسير رسالة بطرس الأولى
22- تفاسير رسالة بطرس الثانية
23- تفاسير رسالة يوحنا الأولى
24- تفاسير رسالة يوحنا الثانية
25- تفاسير رسالة يوحنا الثالثة
26- تفاسير رسالة يهوذا
27- تفاسير سفر الرؤيا"
باروخ,4,1,"(4:1): إن كتاب شريعة الله هو الوصايا العشر وشريعة موسى، وهي الحكمة الإلهية المعلنة
في كلمات محددة ليحيا بها أولاد الله، فمن ينفذها يحيا (لا18: 4). أما من يهمل
شريعة الله فيموت، أي يصبح ميتًا في نظر الله؛ لأنه سيعمل الخطية، والخطية
أجرتها موت (رو6: 23).
وهكذا نرى
آخر خطوة في موضوع الحكمة، الذي بدأه باروخ في الإصحاح السابق، ومذكور في
الخلاصة التي في نهاية الإصحاح، فاكتمال الحكمة في حياة الناس أن يحيوا بكلام
الله.
ع2:"
باروخ,4,2,"(4:2): ينصح باروخ شعب إسرائيل بثلاثة أمور
لينالوا الحكمة عمليًا في حياتهم وهي:
التوبة عن
الخطايا التي تغضب الله لنوال غفرانه.
اتخاذ
الشريعة، أي العمل بها ليحيوا أمام الله.
السير في
ضياء الشريعة لنوال نورها، أي ترشدهم في كل حياتهم، كما يتأكد هذا المعنى في
(مز119: 105).
ع3:"
باروخ,4,3,"(4:3): مزيتك: تميزك.
ينبه
باروخ شعب الله ألا يتنازل عن مجده وميزته عن باقي الشعوب، فمجده هو وجود الله
في وسطه في هيكله المقدس، والاقتراب إلى الله وإرضاؤه هو عن طريق التمسك
بشريعته وعبادته، وهذا هو كمال الحكمة.
ع4:"
باروخ,4,4,"(4:4): يفتخر باروخ مع شعبه بأن الله قد كشف لهم
كيف يرضونه، وذلك ليس فقط بالإيمان به، بل بتطبيق كلامه والتمسك بشريعته،
فيباركهم الله ويفرح قلوبهم.
†
إن ما يميزك يا أخى هو معرفتك لله،
وتوبتك، وتناولك من الأسرار المقدسة، فاحرص ألا تهتز هذه الثلاثة في حياتك،
ودليلك على ثباتك في الله هو صلواتك المتزايدة نحوه.
(2)
السبي تأديب (ع5-8)
5- ثِقُوا يَا شَعْبِي يَا تَذْكَارَ
إِسْرَائِيلَ 6- فَإِنَّكُمْ لَمْ تُبَاعُوا لِلأُمَمِ لِهَلاَكِكُمْ وَلكِنْ
بِمَا أَنَّكُمْ أَسْخَطْتُمُ اللهَ قَدْ أُسْلِمْتُمْ إِلَى أَعْدَائِكُمْ 7-
لأَنَّكُمْ أَغْضَبْتُمْ صَانِعَكُمْ إِذْ ذَبَحْتُمْ لِلشَّيَاطِينِ لاَ للهِ 8- وَنَسِيتُمْ رَازِقَكُمُ الإِلهَ الأَزَلِيَّ وَحَزَنْتُمْ مُرَبِّيَتَكُمْ
أُورُشَلِيمَ.
ع5، 6:
يظهر هنا إيمان باروخ الذي به يحرك
الرجاء في قلوب شعبه، فيعلن ما يلي:
أنكم
إسرائيل شعبى الذي قطعت عهدًا معه عن طريق الآباء، فأنا أذكركم دائمًا ولا
أتخلى عنكم.
إن كان قد
حل بكم السبي نتيجة خطاياكم ورفضكم لله، لكن هذا مجرد تأديب وليس المقصود به
إهلاككم، أو إفنائكم، ولكنه مجرد تأديب للتوبة حتى ترجعوا لله.
ع7، 8: يبين باروخ هنا أسباب التأديب بالسبي،
أى ما اضطر الله أن يسمح به لشعبه وهو:
أغضبتم
صانعكم وهو الله، بترك
وصاياه.
ذبحتم
للشياطين: وليس لله، أي
قدمتم عبادتكم وذبائحكم للآلهة الوثنية، ورفضتم وأهملتم عبادة الله.
نسيتم
رازقكم: أهملتم الله الذي
أحبكم منذ الأزل، واعتنى بكم، وأطعمكم ورعاكم، ورزقكم خيرات كثيرة. فهو مصدر
حياتكم المادية والروحية.
أحزنتم
مربيتكم: وهي أورشليم أمكم
المدينة المقدسة، التي سكنتم فيها آمنين، وممجدين، ولكن عندما أغضبتم الله
تهدمت بسببكم، فمن يغضب الله يحزن الكنيسة كلها.
(3)
أورشليم تبكي على أولادها (ع9-20)
9- إِنَّهَا رَأَتِ الْغَضَبَ الَّذِي حَلَّ
بِكُمْ مِنْ قِبَلِ اللهِ فَقَالَتِ اسْمَعْنَ يَا جَارَاتِ صِهْيُونَ إِنَّ
اللهَ قَدْ جَلَبَ عَلَيَّ نَوْحًا عَظِيمًا 10- فَإِنِّي رَأَيْتُ سَبْيَ
بَنِيَّ وَبَنَاتِيَ الَّذِي جَلَبَهُ عَلَيْهِمْ الأَزَلِيُّ. 11- إِنِّي
رَبَّيْتُهُمْ بِفَرَحٍ ثُمَّ وَدَّعْتُهُمْ بِبُكَاءٍ وَنَوْحٍ. 12- لاَ
يَشْمَتَنَّ أَحَدٌ بِي أَنَا الأَرْمَلَةَ الَّتِي ثَكِلَتْ كَثِيرِينَ
فَإِنِّي قَدْ أُوحِشْتُ لأَجْلِ خَطَايَا بَنِيَّ لأَنَّهُمْ زَاغُوا عَنْ
شَرِيعَةِ اللهِ 13- وَلَمْ يَعْرِفُوا رُسُومَهُ وَلَمْ يَسْلُكُوا فِي طُرُقِ
وَصَايَا اللهِ وَلَمْ يَسِيرُوا فِي سُبُلِ التَّأَدُّبِ بِبِرِّهِ. 14-
هَلُمَّ يَا جَارَاتِ صِهْيُونَ فَاذْكُرْنَ سَبْيَ بَنِيَّ وَبَنَاتِيَ
الَّذِي جَلَبَهُ عَلَيْهِمْ الأَزَلِيُّ. 15- فَإِنَّهُ جَلَبَ عَلَيْهِمْ
أُمَّةً مِنْ بَعِيدٍ أُمَّةً وَقِحَةً أَعْجَمِيَّةَ اللِّسَانِ 16- لَمْ تَهَبْ شَيْخًا وَلَمْ تُشْفِقْ عَلَى طِفْلٍ فَذَهَبُوا بِأَحِبَّاءِ
الأَرْمَلَةِ وَأَثْكَلُوا الْمُتَوَحِّدَةَ بَنَاتِهَا. 17- بِأَيِّ شَيْءٍ أَسْتَطِيعُ أَنْ أُغِيثَكُمْ. 18- الَّذِي جَلَبَ
عَلَيْكُمُ الشَّرَّ هُوَ يُنْقِذُكُمْ مِنْ أَيْدِي أَعْدَائِكُمْ. 19- سِيرُوا يَا بَنِيَّ سِيرُوا. إِنِّي بَقِيتُ مُسْتَوْحِشَةً. 20- قَدْ
خَلَعْتُ حُلَّةَ السَّلاَمِ وَلَبِسْتُ مِسْحَ التَّضَرُّعِ. أَصْرُخُ إِلَى
الأَزَلِيِّ مَدَى أَيَّامِي.
ع9-11:"
باروخ,4,9,"(4:9-11): الأزلي
: الذي لا بداية له وهو الله.
يتكلم باروخ هنا عن أورشليم التي
رأت الغضب الإلهي قد حل على بنيها لأجل خطاياهم، فدُمرت أورشليم، وأُحرق
الهيكل، وسُبى البنون إلى المملكة البابلية، وتشتتوا فيها.
ثم كلمت أورشليم جاراتها الدول
المحيطة بها، وقالت لها إن الله سمح لى بحزن وبكاء شديد بسبب سبى أبنائى وبناتى
وتشتيتهم في أرجاء المملكة البابلية. فقد تمتعت بتربيتهم ونموا أمام عينى،
وكانت سعادتى عظيمة، ولكنى فقدتهم الآن، فقد أخذهم العدو عبيدًا، وأبعدهم عنى؛
لذا فأنا حزينة جدًا.
ع12-13:"
باروخ,4,12,"(4:12-13): ثكلت: فقدت بنيها وبناتها.
أوحشت
: صرت خربة وخالية.
تنبه
أورشليم الدول جاراتها ألا يشمتن بها؛ لأنها تثق في محبة الله لها، وأن ما حل
من عقاب إلهي لها هو تأديب ليتوب أبناؤها، وبناتها. بل وتعلن أنها فقدت كثيرين
من أبنائها وبناتها لما يلي:
زاغوا عن
شريعة الله: أي زاغ البنون
عن شريعة الله.
لم يعرفوا
رسومه: أهملوا رسوم الله،
أى شريعته حتى كادوا ينسونها ولا يعرفونها، ولم يعرفوها معرفة التنفيذ، بل كانت
معرفة نظرية، بعيدًا عن التطبيق والحياة.
لم يسيروا
في طرق التأدب ببره: لم
يفهموا تأديب الله لهم من خلال قتل ملوكهم، مثل يهوياقيم، وسبى بعضهم مثل
يهوآحاز ويهوياكين. فاضطر الله إلى تأديبهم بشدة عن طريق السبي البابلي الكامل،
وتدمير أورشليم؛ حتى يتوبوا، ويعودوا لحياة البر التي علمها لآبائهم.
ع14:"
باروخ,4,14,"(4:14): تواصل أورشليم مخاطبة جاراتها لتقودهم
للتوبة. فتطلب منهم أن يذكروا سبى بنيها، وهو تأديب إلهي سمح به الله؛ حتى
يتوبوا، ولم يقصد أبدًا معاقبتهم بالفناء. فتنبه جاراتها إلى أن الله قد صنع
هذا بها؛ أي أورشليم أمام أعين الأمم؛ حتى تخافه الأمم، وتؤمن به، وترجع إليه.
فإن كان الله قد أدب شعبه، فكم يكون انتقامه ممن يرفضونه، أي الأمم. وهذا يبين
محبة الله للأمم، واهتمامه بتوبتهم، وليس فقط شعبه. وهذه مسئولية الكنيسة في كل
جيل أن تكون نورًا للعالم، وملحًا للأرض، وتنبه العالم كله ليتوب ويرجع إلى
الله.
ع15، 16: أعجمية: غريبة اللغة.
تهب
: تخاف.
يستكمل
باروخ تنبيهه للأمم المحيطة بأورشليم؛ ليتوبوا؛ ليصف تأديب الله الذي حل بشعبه
بوصف شرور بابل الذي أدب الله بها شعبه فقال:
""أمة من
بعيد"": أي قوية استطاعت أن
تعبر فوق بلاد كثيرة وتدمرها.
وقحة
: أي غير مهذبة وليس لها مبادئ، وغير خاضعة لله، وبالتالي فهي قاسية لا ترحم
أحدًا.
أعجمية
اللسان: لا تفهم لغة من
تدمر بلادهم، وبالتالي لا يمكن أن يتوسل إليها أحد، أو ترحم إنسانًا.
لم تهب
شيخًا: إذ أن ليس لها
مبادئ، فلا تحترم كبار السن، وهذا يؤكد قسوتها.
لم تشفق
على طفل، لا تشفق على
الأطفال، أو الضعفاء لأجل قساوة قلبها.
ذهبوا
بأحباء الأرملة واثكلوا المتوحدة بناتها
: أي قتلوا أبناء الأرملة وإخوتها الرجال، الذين يحبونها ويدافعون عنها. والتي
ليس لها رجال وبقى معها بناتها فقط - وهي المتوحدة - يقتلون بناتها أيضًا.
إن بابل
ترمز للشيطان القاسى القلب الذي يأتي من بعيد ليهجم على البشر، وهو قاسى ولغته
غريبة عنهم، فيهاجم الشيخ، أي الضعيف في جهاده الروحي، والطفل، أي المبتدئ في
الحياة الروحية، والأرملة أي النفس التي ليس لها استنادًا على أب روحي ومرشد،
والمتوحدة وهي التي تبتعد عن الكنيسة، فيقتل بناتها، أي فضائلها القليلة
الباقية. فهو قاسى قسوة تفوق العقل، ولا يشفق على أي إنسان؛ لأن لغته غريبة عن
الحب الإلهي الذي وضعه الله في البشر.
ع17-19:"
باروخ,4,17,"(4:17-19): أغيثكم: أنجدكم وأساعدكم.
تعلن
أورشليم عجزها عن أن تساعد بنيها المسبيين، وتوجه قلوبهم إلى الله القادر وحده
أن يخلصهم من السبي. فهو سمح بتأديبهم، وهو القادر أن يرفع عبودية الأعداء
عنهم. وتطلب منهم أن يسيروا في طريق التوبة؛ لينالوا مراحم الله، ويعودوا
إليها، فإنها خربة وخالية وفى انتظار بنيها ليعمروها. وتؤكد على أبنائها ضرورة
السير في طريق التوبة بتكرار كلمة سيروا.
ع20:"
باروخ,4,20,"(4:20): في الختام تعلن أورشليم التي ترمز
للكنيسة أنها إن كانت قد فقدت سلامها الخارجي بتأديب بنيها، لكن ليس أمامها
الآن إلا أن:
تحيا في
زهد وتقشف وتذلل أمام الله (مسح).
تتضرع في
صلوات كثيرة إلى الله ليرحمها ويعيد إليها بنيها.
تداوم على
الصلاة طوال عمرها.
†
إن الصلاة باتضاع أمام الله هي
مظهر التوبة الذي يحبه الله. فلا تهمله يا أخي، ليفيض عليك الله بمراحمه، ويعيد
إليك بركاته المؤقتة على الأرض، ثم البركة التي لا توصف، وهي الحياة الأبدية.
←
وستجد
تفاسير أخرى
هنا في
(4)
الله المخلص (ع21-30):
21- ثِقُوا يَا بَنِيَّ وَاسْتَغِيثُوا بِاللهِ
فَيُنْقِذَكُمْ مِنْ أَيْدِي الأَعْدَاءِ الْمُتَسَلِّطِينَ عَلَيْكُمْ 22- فَإِنِّي قَدْ رَجَوْتُ بِالأَزَلِيِّ خَلاَصَكُمْ وَحَلَّتْ بِي مَسَرَّةٌ
مِنْ لَدُنِ الْقُدُّوسِ بِالرَّحْمَةِ الَّتِي تُؤْتَوْنَهَا عَمَّا قَلِيلٍ
مِنْ عِنْدِ الأَزَلِيِّ مُخَلِّصِكُمْ.23- قَدْ وَدَّعْتُكُمْ بِبُكَاءٍ
وَنَوْحٍ لكِنَّ اللهَ سَيَرُدُّكُمْ لِي بِفَرَحٍ وَمَسَرَّةٍ إِلَى الأَبَدِ. 24- فَكَمَا تَرَى الآنَ جَارَاتُ صِهْيَوْنَ سَبْيَكُمْ هكَذَا عَمَّا قَلِيلٍ
سَيَرَيْنَ خَلاَصَكُمْ مِنْ عِنْدِ اللهِ تُؤْتَوْنَهُ بِمَجْدٍ عَظِيمٍ
وَبِبَهَاءِ الأَزَلِيِّ. 25- يَا بَنِيَّ احْتَمِلُوا بِالصَّبْرِ الْغَضَبَ
الَّذِي حَلَّ بِكُمْ مِنَ اللهِ. قَدِ اضْطَهَدَكَ الْعَدُوُّ لكِنَّكَ
سَتَرَى هَلاَكَهُ عَنْ قَلِيلٍ وَتَطَأُ رِقَابَهُمْ. 26- إِنَّ مُتْرَفِيَّ
سَلَكُوا طُرُقًا وَعْرَةً وَسِيقُوا كَغَنَمٍ نَهَبَتْهَا الأَعْدَاءُ. 27-
ثِقُوا يَا بَنِيَّ وَاسْتَغِيثُوا بِاللهِ فَإِنَّ الَّذِي جَلَبَ عَلَيْكُمْ
هذِهِ سَيَتَذَكَّرُكُمْ.28- وَكَمَا كُنْتُمْ تَهْوَوْنَ أَنْ تَشْرُدُوا عَنِ
اللهِ فَبِقَدْرِ ذلِكَ عَشْرَ مَرَّاتٍ تَلْتَمِسُونَهُ تَائِبِينَ 29- وَالَّذِي جَلَبَ عَلَيْكُمُ الشَّرَّ يَجْلُبُ لَكُمُ المَسَرَّةَ
الأَبَدِيَّةَ مَعَ خَلاَصِكُم. 30- ثِقِي يَا أُورُشَلِيمُ فَإِنَّ الَّذِي
سَمَّاكِ بِاسْمِهِ سَيُعَزِّيكِ.
ع21:"
باروخ,4,21,"(4:21): تنبه أورشليم التي ترمز للكنيسة أبناءها المستعبدين لبابل، التي
ترمز إلى الخطيئة، أن يرجعوا إلى الله بأمرين هما:
الإيمان بالله، فليس بغيره الخلاص
(أع4: 12).
بالصلاة والاستغاثة، أي الصراخ من
كل القلب ليتدخل الله وينقذهم. حينئذ ينالون الخلاص من عبودية بابل المتسلطة
عليهم.
ع22:"
باروخ,4,22,"(4:22): لدن: عند.
تؤتونها
: تنالونها.
تعلن
الكنيسة أنه بعد صلاتها إلى الله الذي ترجوه ليخلص أبناءها من العبودية (ع19)
شعرت براحة واطمئنان أنه حتمًا سيتدخل، بل شعرت بفرح بأن أبناءها سيعودون
إليها؛ لذا فهي تبشرهم بأنهم سينالون رحمة من الله. وهذه الرحمة ستتم قريبًا،
ويتخلصون من عبودية بابل، ويعودون إلى بلادهم ليعبدوا الرب.
وتصف الله
في هذه الآية بثلاث صفات هي:
الأزلي
: أي الوحيد الذي ليس له بداية، وبالتالي فهو أيضًا الأبدي. ولذا تثبت بنيها في
الإيمان بالله القادر على كل شيء. ونلاحظ أن كلمة الأزلي تكررت سبع مرات في هذا
الأصحاح.
القدوس
: الذي يشترط في كل من ينال مراحمه أن يحيا بنقاوة وتوبة، ليستطيع أن يقترب إلى
القدوس.
مخلصكم
: القادر أن يخلصهم من كل ذل العبودية.
ع23، 24: تعبر أورشلم عن بهجتها بعد صلواتها
بأنها كانت تبكى وتنوح عندما ودعت أبناءها الذين سباهم البابليون، وصارت خربة
وخالية بعدهم. ولكنها ستفرح عن قريب بعودتهم إليها؛ حتى أنها تعلن أن الدول
جاراتها اللواتى رأين سبى اليهود، سينظرن عن قريب عودتهم، وخلاصهم من السبي، بل
سينظرن بهاء وعظمة بنيها، عندما يعودن ويبنون أورشليم وهيكلها، ويفرحون
بتدشينها في موكب عظيم. فيرون مجد الله مخلص شعبه في قوة وعظمة الراجعين من
السبي، الذين يحملون أوامر من الملك ببناء أورشليم، فيُسكت جارات أورشليم،
الذين يغيرون منها ويحسدونها.
وعودة بنى
إسرائيل من السبي، وخلاصهم من عبودية بابل هو رمز لخلاص البشرية، وعودتها إلى
الله، عندما تؤمن بالمسيح المخلص، المصلوب من أجلها.
ع25:"
باروخ,4,25,"(4:25): تطأ: تدوس.
تشجع
أورشليم بنيها ليصبروا على آلام الاستعباد، والذل لبابل. وتبشرهم بأنهم سيخلصون
قريبًا من هذه العبودية. وقد تم هذا الخلاص بواسطة مادي وفارس، التي هجمت على
بابل، وقتلت البابليين، وداستهم بوحشية، بل وباعت بعضهم، واشترى اليهود بعضًا
منهم كعبيد.
بالإضافة
إلى أن هذه نبوة عن الرجوع من السبي، فهي نبوة أيضًا عن انتصار المؤمنين في
العهد الجديد على الشيطان، كما نصلى في صلاة الشكر ونقول ""ندوس الحيات والعقارب
وكل قوة العدو"". ويؤكد مرقس الرسول في نهاية إنجيله سلطان المؤمنين على
الشياطين (مر16: 17-18). وبعد هذا تكمل النصرة على الشيطان في نهاية الأيام،
عندما يلقى في البحيرة المتقدة بالنار والكبريت (رؤ20: 10).
ع26:"
باروخ,4,26,"(4:26): مترفى: بنو إسرائيل الذين عاشوا
في تنعم بلذات الحياة، ونسوا الله.
وعرة
: غير ممهدة.
سيقوا
: ساقتهم بابل كما يسوق الراعى غنمه.
لأن بنى
إسرائيل انغمسوا في ترف ولذات الحياة، وابتعدوا عن عبادة الله، منشغلين بعبادة
الأوثان، والشهوات المرتبطة بها؛ كل هذا هو طرق وعرة بعيدة عن الله، لذا أدبهم
بأن سمح لبابل أن تسوقهم كالغنم، وتستعبدهم، وتشتتهم في البلاد التابعة لها.
ع27، 28: تهوون: تشتهون.
تشردوا
: تضلوا وتبتعدوا.
تعود
أورشليم، فتؤكد على بنيها أهمية الإيمان بالله، والتضرع إليه لكي ينقذ شعبه،
كما سبق وذكرت في (ع21)، خاصة بعد أن تغير شعب الله. فإن كانوا قد أحبوا الخطية
وعبادة الأوثان، فالآن بعد أن ذاقوا نتائج الخطية، وهي مرارة العبودية وذلها،
يشتهون، ويشتاقون لله أضعاف ما اشتاقوا للخطية. وتقول أورشليم هنا عشرة أضعاف؛
لتعبر عن كمال الاشتياق للعودة إلى الحياة الروحية وعبادة الله. هذه كانت مشاعر
بني إسرائيل العائدين من السبي.
ع29:"
باروخ,4,29,"(4:29): يعلن باروخ هنا أن الله هو ضابط الكل،
الذي أدب شعبه بالسبي ليتوب، هو أيضًا الذي إذ يرى توبة شعبه يخلصه من عبودية
السبي، ويعيده إلى بلاده ليبنى الهيكل ويعبده، والأكثر من هذا يهبه الفرح
الأبدي في ملكوت السموات.
ومازال
الله حتى الآن يسمح بتأديب كنيسته لتتوب، ثم يخلصها عندما ترجع إليه، ويهبها
الفرح الأبدي في السماء.
ع30:"
باروخ,4,30,"(4:30): يبشر باروخ في النهاية أورشليم، التي
تسمت باسم الرب، إذ هي مدينته المقدسة؛ أنه سيعزيها، ويعيد إليها أبناءها
ليبنوا هيكلها ويعمروها.
وكل نفس
تسمت باسم الرب حتى الآن تثق أنه ما دامت متمسكة به، فحتى لو أخطأت ثم عادت
إليه، فهو في النهاية سيعزيها بأفراح لا يعبر عنها؛ ليس فقط في الأرض، بل
وأيضًا في السماء.
† إن الله هو مخلصك فلا تنزعج من الضيقات؛ حتى
لو كنت أنت السبب فيها. ولكن إرجع إليه بالتوبة، وهو يخلصك، بل يعوضك عن أحزانك
ببركات لا يعبر عنها، وأفراح في الأرض، وفى السماء.
(5)
عقاب أعداء أورشليم (ع31-35):
31- وَيْلٌ لِلَّذِينَ جَارُوا عَلَيْكِ
وَشَمِتُوا بِسُقُوطِكِ. 32- وَيْلٌ لِلْمُدُنِ الَّتِي اسْتَعْبَدَتْ بَنِيكِ.
وَيْلٌ لِلَّتِي أَخَذَتْ أَوْلاَدَكِ. 33- فَإِنَّهَا كَمَا شَمِتَتْ
بِسُقُوطِكِ وَفَرِحَتْ بِخَرَابِكِ كَذلِكَ سَتَكْتَئِبُ عِنْدَ دَمَارِهَا 34- وَأُبْطِلُ مُفَاخَرَتَهَا بِكَثْرَةِ سُكَّانِهَا وَأُحَوِّلُ مَرَحَهَا
إِلَى نَوْحٍ 35- لأَنَّ نَارًا تَنْزِلُ عَلَيْهَا مِنْ عِنْدِ الأَزَلِيِّ
إِلَى أَيَّامٍ كَثِيرَةٍ وَتَسْكُنُهَا الشَيَّاطِينُ طُولَ الزَّمَانِ.
ع31، 32: جاروا
: ظلموا.
يعلن الله عقابه للدول المجاورة
لشعبه، وذلك بسبب الشرور التي صنعوها وهي:
جاروا عليك
: بمساعدتهم لبابل في تدمير، وقتل بني إسرائيل.
شمتوا بسقوطك
: ظهر شرهم في مشاعر الشماتة بخراب أورشليم، واليهودية، إذ كانوا يتمنون الشر
لأورشليم من أجل مجد الله الذي كان فيها، وقوتها.
استعبدت بنيك وأخذت أولادك
: عندما هرب اليهود من أورشليم، واليهودية من وجه بابل، لم ترحب بهم هذه الدول،
بل أمسكتهم، وباعتهم كعبيد، فساعدت بابل في إذلال اليهود.
ع33-35:"
باروخ,4,33,"(4:33-35): يقرر الله العقاب الإلهي الآتي على
جارات أورشليم، وهي:
الاكتئاب
عندما يسمح الله بتدمير هذه الدول.
يبطل في
هذه الدول الافتخار بكثرة عدد السكان، ويبطل أيضًا الفرح والانطلاق، والسعادة،
إذ يتحول كل هذا إلى أحزان.
يحرق الله
هذه الدول بالنار التي تنزل من عند الله.
تسكن هذه
الدول الشياطين لكثرة عبادة الأوثان بها، ولكثرة شهواتها الشريرة، وتظل
الشياطين مستقرة فيها على مدى الايام؛ لانغماسها في الشر.
هذه
العقوبات تأتي أيضًا على الشياطين التي تحارب الكنيسة، فتعيش هذه الشياطين في
حزن، وتلقى في البحيرة المتقدة بالنار والكبريت إلى الأبد.
† لا تدين غيرك، ولا تشمت به، لئلا يعاقبك
الله، وعلى قدر ما تكون رحيمًا تنال مراحم الله.
(6)
عودة المسبيين (ع36، 37):
36- تَطَلَّعِي يَا أُورُشَلِيمُ مِنْ حَوْلِكِ
نَحْوَ الْمَشْرِقِ وَانْظُرِي الْمَسَرَّةَ الْوَافِدَةَ عَلَيْكِ مِنْ عِنْدِ
اللهِ. 37- هَا إِنَّ بَنِيكِ الَّذِينَ وَدَّعْتِهِمْ قَادِمُونَ. يَقْدَمُونَ
مُجْتَمِعِينَ مِنَ الْمَشْرِقِ إِلَى الْمَغْرِبِ بِكَلِمَةِ الْقُدُّوسِ
مُبْتَهِجِينَ بِمَجْدِ اللهِ.
ع36، 37:
في نهاية الإصحاح يبشر باروخ
أورشليم أنه سيأتى قريبًا اليوم الذي يعود إليها بنوها من السبي. ويطلب من
أورشليم أن تنظر نحو المشرق؛ لأن بنيها سيعودون من بابل والبلاد المحيطة بها،
والتي تقع كلها شرق أورشليم. وستكون عودتهم بأمر الله وكلمته، كما تنبأ أشعياء
النبى أنهم سيعودون في عهد كورش الفارسى، ويكون فرح عظيم لأورشليم بعودة بنيها
(اش44: 28).
وعودة بنى إسرئيل من السبي ترمز
لعودة الكثيرين من الأمم إلى الله والإيمان بالمسيح، الذي هو كلمة الله الممجد
من الملائكة وتفرح الكنيسة بعودة بنيها إليها بعد أن سباهم الشيطان فترة طويلة.
وعودة المسبيين إلى أورشليم ترمز
لعودة الابن الضال إلى حضن أبيه.
†
إن مكانك الطبيعي هو في حضن ِأمك
الكنيسة، فلا تدع مشاغل العالم، أو مشاكله، أو شهواته تشغلك عن كنيستك؛ لأن
فيها حياتك، من خلال الأسرار المقدسة وكل تعاليمها الروحية.
← تفاسير أصحاحات
باروخ:
مقدمة |
1 |
2 |
3 |
4 |
5 |
6
تفاسير أسفار الكتاب المقدس
1- تفاسير سفر التكوين
2- تفاسير سفر الخروج
3- تفاسير سفر اللاويين
4- تفاسير سفر العدد
5- تفاسير سفر التثنية
6- تفاسير سفر يشوع
7- تفاسير سفر القضاة
8- تفاسير سفر راعوث
9- تفاسير سفر صموئيل الأول
10- تفاسير سفر صموئيل الثاني
11- تفاسير سفر الملوك الأول
12- تفاسير سفر الملوك الثاني
13- تفاسير سفر أخبار الأيام الأول
14- تفاسير سفر أخبار الأيام الثاني
15- تفاسير سفر عزرا
16- تفاسير سفر نحميا
17- تفاسير سفر طوبيا
18- تفاسير سفر يهوديت
19- تفاسير سفر أستير + التتمة
20- تفاسير سفر أيوب
21- تفاسير سفر المزامير + مز 151
22- تفاسير سفر الأمثال
23- تفاسير سفر الجامعة
24- تفاسير سفر نشيد الأناشيد
25- تفاسير سفر الحكمة
26- تفاسير سفر يشوع بن سيراخ
27- تفاسير سفر إشعياء
28- تفاسير سفر إرميا
29- تفاسير سفر مراثي إرميا
30- تفاسير سفر نبوه باروخ
31- تفاسير سفر حزقيال
32- تفاسير سفر دانيال + التتمة
33- تفاسير سفر هوشع
34- تفاسير سفر يوئيل
35- تفاسير سفر عاموس
36- تفاسير سفر عوبديا
37- تفاسير سفر يونان
38- تفاسير سفر ميخا
39- تفاسير سفر ناحوم
40- تفاسير سفر حبقوق
41- تفاسير سفر صفنيا
42- تفاسير سفر حجي
43- تفاسير سفر زكريا
44- تفاسير سفر ملاخي
45- تفاسير سفر المكابيين الأول
46- تفاسير سفر المكابيين الثاني
1- تفاسير إنجيل متى
2- تفاسير إنجيل مرقس
3- تفاسير إنجيل لوقا
4- تفاسير إنجيل يوحنا
5- تفاسير سفر أعمال الرسل
6- تفاسير الرسالة إلى رومية
7- تفاسير رسالة كورنثوس الاولى
8- تفاسير كورنثوس الثانية
9- تفاسير الرسالة إلى أهل غلاطية
10- تفاسير الرسالة إلى أفسس
11- تفاسير الرسالة إلى فيلبي
12- تفاسير الرسالة إلى كولوسي
13- تفاسير تسالونيكي الأولى
14- تفاسير تسالونيكي الثانية
15- تفاسير رسالة تيموثاوس الأولى
16- تفاسير تيموثاوس الثانية
17- تفاسير الرسالة إلى تيطس
18- تفاسير الرسالة إلى فيلمون
19- تفاسير رسالة العبرانيين
20- تفاسير رسالة يعقوب
21- تفاسير رسالة بطرس الأولى
22- تفاسير رسالة بطرس الثانية
23- تفاسير رسالة يوحنا الأولى
24- تفاسير رسالة يوحنا الثانية
25- تفاسير رسالة يوحنا الثالثة
26- تفاسير رسالة يهوذا
27- تفاسير سفر الرؤيا"
باروخ,5,0,"(5:1): ← تفاسير أصحاحات
باروخ:
مقدمة |
1 |
2 |
3 |
4 |
5 |
6
تفاسير أسفار الكتاب المقدس
1- تفاسير سفر التكوين
2- تفاسير سفر الخروج
3- تفاسير سفر اللاويين
4- تفاسير سفر العدد
5- تفاسير سفر التثنية
6- تفاسير سفر يشوع
7- تفاسير سفر القضاة
8- تفاسير سفر راعوث
9- تفاسير سفر صموئيل الأول
10- تفاسير سفر صموئيل الثاني
11- تفاسير سفر الملوك الأول
12- تفاسير سفر الملوك الثاني
13- تفاسير سفر أخبار الأيام الأول
14- تفاسير سفر أخبار الأيام الثاني
15- تفاسير سفر عزرا
16- تفاسير سفر نحميا
17- تفاسير سفر طوبيا
18- تفاسير سفر يهوديت
19- تفاسير سفر أستير + التتمة
20- تفاسير سفر أيوب
21- تفاسير سفر المزامير + مز 151
22- تفاسير سفر الأمثال
23- تفاسير سفر الجامعة
24- تفاسير سفر نشيد الأناشيد
25- تفاسير سفر الحكمة
26- تفاسير سفر يشوع بن سيراخ
27- تفاسير سفر إشعياء
28- تفاسير سفر إرميا
29- تفاسير سفر مراثي إرميا
30- تفاسير سفر نبوه باروخ
31- تفاسير سفر حزقيال
32- تفاسير سفر دانيال + التتمة
33- تفاسير سفر هوشع
34- تفاسير سفر يوئيل
35- تفاسير سفر عاموس
36- تفاسير سفر عوبديا
37- تفاسير سفر يونان
38- تفاسير سفر ميخا
39- تفاسير سفر ناحوم
40- تفاسير سفر حبقوق
41- تفاسير سفر صفنيا
42- تفاسير سفر حجي
43- تفاسير سفر زكريا
44- تفاسير سفر ملاخي
45- تفاسير سفر المكابيين الأول
46- تفاسير سفر المكابيين الثاني
1- تفاسير إنجيل متى
2- تفاسير إنجيل مرقس
3- تفاسير إنجيل لوقا
4- تفاسير إنجيل يوحنا
5- تفاسير سفر أعمال الرسل
6- تفاسير الرسالة إلى رومية
7- تفاسير رسالة كورنثوس الاولى
8- تفاسير كورنثوس الثانية
9- تفاسير الرسالة إلى أهل غلاطية
10- تفاسير الرسالة إلى أفسس
11- تفاسير الرسالة إلى فيلبي
12- تفاسير الرسالة إلى كولوسي
13- تفاسير تسالونيكي الأولى
14- تفاسير تسالونيكي الثانية
15- تفاسير رسالة تيموثاوس الأولى
16- تفاسير تيموثاوس الثانية
17- تفاسير الرسالة إلى تيطس
18- تفاسير الرسالة إلى فيلمون
19- تفاسير رسالة العبرانيين
20- تفاسير رسالة يعقوب
21- تفاسير رسالة بطرس الأولى
22- تفاسير رسالة بطرس الثانية
23- تفاسير رسالة يوحنا الأولى
24- تفاسير رسالة يوحنا الثانية
25- تفاسير رسالة يوحنا الثالثة
26- تفاسير رسالة يهوذا
27- تفاسير سفر الرؤيا"
باروخ,6,0,"(6:1): بطلان عبادة الأوثان
رسالة إرميا
مقدمة
(1)
السبي والعودة منه (ع1، 2)
(2)
لا تخافوا من آلهة بابل (ع3-6)
(3)
زينة الآلهة الوثنية (ع7-15)
(4)
حقارة الأصنام (ع16-22)
(5)
الأوثان بلا روح (ع23-28)
(6)
الأصنام بلا قوة (ع29-39)
(7)
الأوثان صنعة الناس (ع40-51)
(8) عجز
الأصنام (ع52-72)
مقدمة:
يظهر في مقدمة هذا
الإصحاح أنه رسالة من الله كتبها إرميا النبي، وأعطاها للذين ستسبيهم بابل، ثم
ضمت هذه الرسالة في نهاية نبوة باروخ، الذي هو تلميذ ومسجل نبوات إرميا، أي أن
باروخ اهتم برسالة معلمه وضمها إلى نبوته. وهذا يبين أهمية هذه الرسالة وأنها
من الله، وتبين أيضًا اتضاع باروخ، ومحبته لمعلمه التي ظلت مستمرة، ليس في حياة
إرميا فقط، بل بعد استشهاده.
وهذه الرسالة تحذير
لليهود المسبيين حتى لا يتأثروا بعبادة الأوثان المنتشرة في بلاد بابل، وكل ما
يقدم لها من تعظيم وإكرام، سواء في المعابد، والكهنة، والموسيقى، والاحتفالات،
وكل الشرور المصاحبة لها، مثل الزنى؛ حتى لا ينجذبوا إليها، أو يشاركوا
البابليين في عبادتها.
(1)
السبي والعودة منه (ع1، 2):
1- إِنَّهُ لأَجْلِ الْخَطَايَا الَّتِي
خَطِئْتُمْ أَمَامَ اللهِ يَسُوقُكُمْ نَبُوخَذْنَصَّرُ مَلِكُ بَابِلَ فِي
الْجَلاَءِ إِلَى بَابِلَ. 2- فَإِذَا دَخَلْتُمْ بَابِلَ فَسَتَكُونُونَ هُنَاكَ سِنِينَ كَثِيرَةً
وَزَمَانًا طَوِيلًا إِلَى سَبْعَةِ أَجْيَالٍ وَبَعْدَ ذلِكَ أُخْرِجُكُمْ
مِنْ هُنَاكَ بِسَلاَمٍ.
ع1:
يعلن إرميا بوضوح لشعب الله أن سبب
السبي البابلي، والذل الذي تعرض له شعب الله، فساقهم البابليون كالغنم، وأخذوهم
عبيدًا؛ سبب كل هذا هو الخطايا التي سقط فيها شعب الله، وأهمها عبادة الأوثان،
والشهوات الشريرة.
ع2: يتنبأ إرميا لشعب الله بأنهم سيقيمون في
بلاد المملكة البابلية مدة طويلة، ويحددها بسبعة أجيال، والجيل فترة زمنية
تختلف من زمن إلى آخر. ويقصد بالجيل هنا عشر سنوات، أي أن مدة بقاء بني إسرائيل
في بابل هي سبعين عامًا. ويتنبأ أيضًا ببشرى لشعب الله، وهي أن الله سيخرجهم من
بابل؛ ليعودوا إلى أرضهم، ويعبدوا الله في هيكله. وهذا الخروج سيكون بسلام أي
لن يحتاجوا إلى القيام بثورة، أو الدخول في صراع وحرب مع بابل. وهذا يظهر عظمة
عمل الله الذي يخرج شعبه بهدوء وسلام، بل وبكرامة عظيمة. وقد سبق وتنبأ إرميا
بالرجوع من السبي بعد سبعين عامًا في نبوته المعروفة (إر25: 12؛ 29: 10).
†
إفحص نفسك إذا دخلت في
ضيقة لئلا يكون السبب هو خطاياك. واعلم أن الطريق هو التوبة، فتنال مراحم الله،
الذي يخلصك من أية ضيقة مهما كانت شديدة، أو طال زمانها.
(2)
لا تخافوا من آلهة بابل (ع3-6):
3- وَالآنَ فَإِنَّكُمْ سَتَرَوْنَ فِي بَابِلَ
آلِهَةً مِنَ الْفِضَّةِ وَالذَّهَبِ وَالْخَشَبِ تُحْمَلُ عَلَى الْمَنَاكِبِ
وَتُلْقِي الرَّهْبَةَ عَلَى الأُمَمِ 4- فَاحْتَرِزُوا أَنْ تَتَشَبَّهُوا
بِالْغُرَبَاءِ وَتَأْخُذَكُمْ مِنْهَا رَهْبَةٌ. 5- وَإِذَا رَأَيْتُمُ
الْجُمُوعَ أَمَامَهَا وَوَرَاءَهَا يَسْجُدُونَ لَهَا فَقُولُوا فِي
قُلُوبِكُمْ: «لَكَ يَا رَبُّ يَنْبَغِي السُّجُودُ». 6- فَإِنَّ مَلاَكِي مَعَكُمْ وَهُوَ يُطَالِبُ بِأَنْفُسِكُمْ.
ع3:
المناكب: الأكتاف.
ينبه
إرميا شعب الله بأنهم عندما سيذهبون إلى بلاد بابل سيرون هناك تعظيم لعبادة
الأوثان. فيرون تماثيل مصنوعة من الذهب، أو الفضة، أو الخشب، ويقدمون لها عبادة
بخشوع، ويخافون من هذه الآلهة ويسجدون أمامها، مع أنهم يحملونها على أكتافهم؛
لينالوا بركاتها في الأماكن التي يذهبون إليها. وهذا يؤكد عجزها عن الحركة،
ولكنهم في عبادتهم لها يقدمون لها البخور، والصلوات المصحوبة بموسيقى صاخبة؛
لتعطى في نفوس الناس الخوف والتمجيد لهذه الآلهة.
ع4: احترزوا
: انتبهوا واحترسوا.
يحذر
إرميا شعب الله أن تتأثر مشاعره بما يفعله البابليون في توقيرهم وخشوعهم أمام
هذه الأصنام. فلا يتشبه شعب الله بهؤلاء الوثنيين، ولا يخافوا هذه التماثيل
الصماء الضعيفة العاجزة. ويقصد بالغرباء البابليين البعيدين عن الإيمان بالله.
ع5: ويقول إرميا لشعبه أنهم إذا رأوا
البابليين يسجدون للأصنام يرفعون قلوبهم لله، ويمجدوه، ويتذكرون أنه له وحده
ينبغى السجود، وليس لهذه الآلهة المزورة.
ع6: يذكر إرميا بني إسرائيل المسبيين بأن
ملاك الله يرافقهم. ويقصد هنا الملائكة الحراس الذين يحرسون المؤمنين بالله
طوال حياتهم، ليثبتوهم في الإيمان، ويحفظونهم في كل خطواتهم، وفى كل مكان
يذهبون إليه.
وملاك
الله يطالب بأنفسهم، فهو يرى مدى أمانتهم في تبعيتهم لله، وعدم انسياقهم وراء
العبادة الوثنية، ومن ناحية أخرى هو يحميهم إن حاول البابليون إرغامهم على
السجود لهذه الأصنام. فالملاك يعلن مخافة الله وضرورة التمسك بالإيمان به، وفى
نفس الوقت يحميهم ويدافع عنهم ضد هؤلاء الوثنيين الغرباء عنهم، وعن الله،
وبالتالي لا يخافوا من سلطانهم، أو من هذه الآلهة المزيفة.
†
كن حريصًا إذا رأيت
تصرفات أهل العالم الغريبة عن وصايا الله، فلا تتشبه بهم في أي شيء يغضب الله،
سواء بالكلام، أو التصرف وتذكر دائمًا الله الذي أمامك، وملاكه الذي يسير
بجوارك ويحفظك في كل وقت.
(3)
زينة الآلهة الوثنية (ع7-15):
7- أَمَّا تِلْكَ فَإِنَّ لَهَا أَلْسِنَةً قَدْ
نَحَتَهَا النَّجَّارُ وَهِيَ مُغَشَّاةٌ بِالذَّهَبِ وَالْفِضَّةِ لكِنَّهَا
آلِهَةُ زُورٍ لاَ تَسْتَطِيعُ نُطْقًا. 8- يَأْخُذُ النَّاسُ لَهَا ذَهَبًا
كَمَا يُؤْخَذُ لِعَذْرَاءَ تُحِبُّ الزِّينَةَ 9- فَيَصُوغُونَ أَكَالِيلَ
يَجْعَلُونَهَا عَلَى رُؤُوسِ آلِهَتِهِمْ، وَرُبَّمَا سَرَقَ الْكَهَنَةُ مِنْ
آلِهَتِهِمِ الذَّهَبَ وَالْفِضَّةَ لِمَنْفَعَةِ أَنْفُسِهِمْ 10- وَقَدْ يَبْذُلُونَ مِنْهُمَا لِلزَّوَانِي اللاَّتِي فِي الْبَيْتِ.
يُزَيِّنُونَ الآلِهَةَ بِالْمَلاَبِسِ كَالْبَشَرِ وَهِيَ مِنَ الْفِضَّةِ
وَالذَّهَبِ وَالْخَشَبِ 11- فَهِيَ لاَ تَسْلَمُ مِنَ الصَّدَإِ وَالسُّوسِ
وَإِنْ كَانَتْ تَلْبَسُ الأُرْجُوَانَ. 11- وَيَمْسَحُونَ وُجُوهَهَا مِنْ
غُبَارِ الْبَيْتِ الْمُتَرَاكِمِ عَلَيْهَا. 13- وَفِي يَدِ كُلٍّ مِنْهَا
صَوْلَجَانٌ كَالْحَاكِمِ عَلَى بَلَدٍ لكِنَّهُ لاَ يَقْتُلُ مَنْ يُجْرِمُ
إِلَيْهِ. 14- وَفِي يَمِينِهِ سَيْفٌ وَفَأْسٌ لكِنَّهُ لاَ يُنَجِّي نَفْسَهُ
مِنَ الْحَرْبِ وَاللُّصُوصِ. فَحَقَّ بِذلِكَ أَنَّهَا لَيْسَتْ بآلِهَةٍ 15-
فَلاَ تَخَافُوهَا فَإِنَّهُ كَمَا أَنَّ الإِنَاءَ الْمَكْسُورَ لاَ يَنْفَعُ
صَاحِبَهُ كَذلِكَ آلِهَتُهُمْ.
ع7:
زور: غش.
يوضح
إرميا أن الأصنام التي يعتبرونها آلهة هي صنعة النجار، الذي نحت لها لسان،
وغطاه بالذهب ليكون له منظر جميل، ولكن هذه الآلهة لا تستطيع أن تتكلم، فهي
مجرد تماثيل شكلها جميل كتحف، ولكنها عاجزة عن الكلام، وعن أي عمل.
ع8: الوثنيون يقدمون للتماثيل التي يسمونها
آلهة ذهبًا، كما يقدم لأى عذراء ذهبٌ تتحلى به لتبدو جميلة، فيعجب بها الشباب،
ويتقدم أحدهم للزواج منها. وهكذا أيضًا يزينون هذه التماثيل بالذهب ليعجب بها
الناس، وينبهرون بجمالها، وينجذبون إليها، ويعبدونها. وبالطبع كل هذا خداع
يخدعون به أنفسهم.
ع9: يصوغون
: يشكلون ويصنعون.
إن
الوثنيين يصنعون أكاليل من الذهب ويضعونها على هذه التماثيل تكريمًا لها كآلهة،
ولكن الكهنة المسئولين عن معابد الأوثان يسرقون الذهب وكذلك الفضة التي تقدم
للآلهة، ويستفيدون منها لأنفسهم. وبالطبع هذه التماثيل لا تفهم، ولا تستطيع
الدفاع عن نفسها؛ لأنها مجرد تماثيل عاجزة عن كل شيء، فكيف تكون آلهة؟!
ع10-12: يستكمل إرميا إظهار فساد عبادة
الأوثان، فبالإضافة إلى عجزها، وسرقة الكهنة للفضة والذهب، الذي يؤكد فساد
أخلاقهم، يضيف أيضًا:
كان الذهب والفضة
أيضًا يُستخدمان في دفع أجر الزوانى الذين يخدمون في معابد الأوثان. فمما يؤكد
فساد هذه العبادة أن الكهنة ادعوا أن إرضاء الآلهة يكون بالزنى. فأقاموا أماكن
للزنى مع النساء، وأيضًا أماكن للزنى مع الرجال، أي ممارسة الشذوذ الجنسي.
اهتم الكهنة بتزيين
الأصنام، فيلبسونها ملابس فاخرة، مثل الأرجوان الذي يلبسه الملوك والعظماء؛
ليظهروا أهمية هذه الآلهة، مع أنها مجرد تماثيل مصنوعة من الخشب المغطى بالفضة،
أو الذهب، وبعضها مصنوع من الحجر، والآخر مصنوع من الذهب، أو الفضة الخالصة،
ولكنها مجرد تماثيل معرضة ِأن تصدأ معادنها، أو يأكل السوس خشبها، وتتلف مهما
ألبسوها من ملابس ذات مظهر جذاب، كما يغطى وجوه هذه التماثيل غبار البيت، أي
التراب والرمال، فيمسحونها وينظفونها لتبدو جميلة، ولكنها بالطبع عاجزة أن تحمى
وجوهها من التراب.
ع13، 14: صولجان
: عصا ذهبية يمسكها الحاكم في يده؛ لتعلن سلطانه على مملكته.
يبين إرميا عجز هذه
الآلهة بأمور جديدة بخلاف ما سبق وهي:
يضعون في أيدي هذه
التماثيل صولجان الملك، مع أن هذه التماثيل عاجزة عن الدفاع عن نفسها، أو
معاقبة من يسئ إليها.
يضعون في أيدي هذه
التماثيل سيف، وفأس، ولكنها لا تستطيع أن تحارب، أو تدفع عنها اللصوص الذين
يسرقونها.
كل هذا يؤكد عجز
هذه الأصنام، وأنها بالطبع ليست آلهة ولكن مجرد تماثيل.
ع15: من كل ما سبق يظهر عجز هذه التماثيل
التي يسمونها آلهة، وبالتالي ينبه إرميا -بعد أن شرح مدى عجز هذه الأصنام-
فيطلب من شعبه ألا يخاف من هذه الآلهة الوثنية، كما لا يخاف أي إنسان من إناء
مكسور، بل يلقيه مع النفايات، فهذه التماثيل تشبه الإناء المكسور في أنها بلا
فائدة وبالتالي لا يصح أن يهتم بها أحد، أو يعبدها.
†
لا تنساق مع أفكار العالم
التي تمجد الماديات فكلها زائلة، ولكن انظر إلى الله الساكن فيك لتحبه، وتعبده،
وترضيه في كل أعمالك.
(4)
حقارة الأصنام (ع16-22):
16- إِذَا نُصِبَتْ فِي الْبُيُوتِ فَعُيُونُهَا
تَمْتَلِئُ غُبَارًا مِنْ أَقْدَامِ الدَّاخِلِينَ. 17- يُحْظَرُ عَلَيْهَا فِي
الدِّيَارِ كَمَا يُحْظَرُ عَلَى مَنْ أَجْرَمَ إِلَى الْمَلِكِ وَكَهَنَتُهَا
يُحَصِّنُونَ بُيُوتَهَا بِأَبْوَابٍ وَأَقْفَالٍ وَمَزَالِيجَ كَمَا يُفْعَلُ
بِمَنْ حُكِمَ عَلَيْهِ بِالْمَوْتِ لِئَلاَّ تَسْلُبَهَا اللُّصُوصُ. 18-
يُوقِدُونَ لَهَا مِنَ السُّرُجِ أَكْثَرَ مِمَّا يُوقِدُونَ لأَنْفُسِهِمْ
وَهِيَ لاَ تَسْتَطِيعُ أَنْ تَرَى مِنْهَا شَيْئًا. 19- إِنَّمَا هِيَ
كَجَوَائِزِ الْبَيْتِ وَقَدْ ذُكِرَ أَنَّ حَشَرَاتِ الأَرْضِ تَنْهَشُ
قُلُوبَهَا فَتُؤْكَلُ هِيَ وَثِيَابُهَا وَلاَ تَشْعُرُ. 20- تَسْوَدُّ
وُجُوهُهَا مِنَ الدُّخَانِ الَّذِي فِي الْبَيْتِ. 21- عَلَى أَبْدَانِهَا وَرُؤُوسِهَا يَثِبُ الْبُومُ وَالْخُطَّافُ وَسَائِرُ
الطُّيُورِ وَالسَّنَانِيرُ. 22- فَاعْلَمُوا مِنْ ذلِكَ أَنَّهَا لَيْسَتْ
بِآلِهَةٍ فَلاَ تَخَافُوهَا.
ع16:
يظهر إرميا حقارة هذه الأصنام بأنها تتغطى من التراب الملتصق بأقدام من يزورون
معابدها، فكأنه يقول أن هذه الأصنام تداس بالأقدام؛ لأن تراب الأقدام هو الذي
يغطى عيون هذه الآلهة.
ع17: يحظر: يمنع.
مزاليج
: جمع مزلاج وهو ساق معدنية، أو خشبية يغلق بها الباب من الداخل ويتحرك باليد.
يبين أيضًا حقارة
هذه التماثيل بأنها توضع في المباني المخصصة لها، أي معابدها، وتغلق هذه
المعابد بأبواب وأقفال ومزاليج؛ حتى لا يستطيع اللصوص الوصول إليها وسرقتها.
فهذه التماثيل محبوسة في سجن لا تستطيع الخروج منه. وهي لا تشعر بشئ؛ لأنه ليس
فيها حياة، وبالطبع هي ليست آلهة، بل مجرد مقتنيات وتحف.
ع18: السرج: المصابيح.
يبين
إرميا أيضًا ضعف هذه التماثيل في أن كهنتها يوقدون لها سرجًا كثيرة في معابدها؛
ليبدو المعبد مبهجًا، ويناسب عظمة هذه الآلهة. وهذه المصابيح كثيرة أكثر مما
يوقد في البيوت، ولكن هذه التماثيل لا ترى النور، ولا تشعر بهذه السرج، فهي
حقيرة جدًا.
ع19: جوائز: الأعمدة الخشبية التي
تعمل منها البيوت في الحوائط والأسقف.
يظهر
إرميا حقارة هذه الآلهة المصنوعة من الخشب ويلبسونها ملابس براقة، في أن
الحشرات، مثل السوس وغيرها، تأكل هذه الآلهة من الداخل والخارج، وكذلك ثيابها،
فتشوه منظرها وتأكل قلبها، أي أعماقها.
ع20: هذه التماثيل أيضًا يغطيها السواد
الناتج من إضاءة المصابيح، أو من احتراق الفحم والبخور، ويحتاجون أن يزيلوا هذا
السواد؛ لتستعيد مظهرها وبريقها. فهي ضعيفة جدًا لا تستطيع أن تصد عنها من يسئ
إلى مظهرها الجميلِ، فهي إذن حقيرة.
ع21: تثب: تقفز.
الخطاف
: طائر له مخالب كبيرة، ويسمى السنونو ويتغذى على الحشرات.
السنانير
: جمع سنورة، وهو أحد أنواع القطط ويتغذى على الفئران.
تدخل إلى معابد
الأوثان الطيور والحيوانات، وتقفز فوق التماثيل هذه الطيور، مثل البوم والخطاف
والسنانير. فهذه التماثيل حقيرة إذ تعبث بها وتقفز فوقها الطيور والحيوانات.
ع22: من كل ما سبق تظهر حقارة هذه الآلهة
الوثنية، وبالتالي يوصى إرميا شعبه ألا يخافوا من هذه الآلهة.
†
إن كل ماديات العالم
زائلة، فليت قلبك يا أخى يتعلق بالله، فهو وحده الأزلي والأبدي والقادر على كل
شئ، ويحبك، ويسعى لخلاص نفسك، فلا تنشغل عنه.
(5)
الأوثان بلا روح (ع23-28):
23- وَالذَّهَبُ الَّذِي يُغَشِّيهَا لِلزِّينَةِ
إِنْ لَمْ يُمْسَحْ صَدَأُهُ لَمْ يَكُنْ لَهَا رَوْنَقٌ كَمَا أَنَّهَا إِذْ
صِيغَ عَلَيْهَا لَمْ تَشْعُرْ. 24- تُبْتَاعُ بِكُلِّ ثَمَنٍ وَإِنْ لَمْ
يَكُنْ فِيهَا رُوحٌ. 25- لَيْسَ لَهَا أَرْجُلٌ، فَتُحْمَلُ عَلَى
الْمَنَاكِبِ وَبِذلِكَ تُبْدِي لِلنَّاسِ هَوَانَهَا وَالَّذِينَ
يَعْبُدُونَهَا هُمْ أَيْضًا يَخْزَوْنَ. 26- لأَنَّهَا إِذَا سَقَطَتْ عَلَى
الأَرْضِ لاَ تَقُومُ مِنْ نَفْسِهَا وَلاَ إِذَا نَصَبَهَا أَحَدٌ تَتَحَرَّكُ
مِنْ نَفْسِهَا وَلاَ إِذَا أُمِيلَتْ تَسْتَقِيمُ بَلْ تُقَدَّمُ إِلَيْهَا
الْهَدَايَا كَمَا تُقَدَّمُ إِلَى أَمْوَاتٍ. 27- وَكَهَنَتُهَا يَبِيعُونَ
ذَبَائِحَهَا لِمَنْفَعَةِ أَنْفُسِهِمْ. وَكَذلِكَ نِسَاؤُهُمْ يُمَلِّحْنَ
مَا بَقِيَ مِنْهَا وَلاَ يَجْعَلْنَ فِيهَا حَظًّا لِمِسْكِينٍ وَلاَ
سَقِيمٍ.28- الطَّامِثُ وَالنُّفْسَاءُ تَلْمُسَانِ ذَبَائِحَهَا. فَإِذْ قَدْ
عَلِمْتُمْ مِنْ ذلِكَ أَنَّهَا لَيْسَتْ بِآلِهَةٍ فَلاَ تَخَافُوهَا.
ع23:
رونق: جمال.
صيغ عليها
: أي وضعت على التماثيل معادن سائلة لتشكل بأشكال جميلة فوق هذه التماثيل.
إن تماثيل الآلهة
الوثنية المصنوعة من معادن تتعرض للصدأ كما ذكرنا، ولا تشعر بهذا الصدأ. وإذا
صيغ عليها معادن جديدة لتجميلها لا تشعر أيضًا؛ لأنه ليس فيها روح.
ع24: هذه الآلهة مجرد تماثيل تباع بأثمان
مختلفة لمن يريد أن يشتريها ويعبدها، فكيف تكون آلهة، وهي مجرد تماثيل بلا حياة
تباع ويمتلكها المشترى؟!
ع25: المناكب: الأكتاف.
تبدى
: تظهر.
هوانها
: حقارتها وعارها.
يخزون
: يخجلون.
إن هذه التماثيل
التي يسمونها آلهة يحملها الناس على أكتافهم، لينقلوها من مكان إلى مكان، وبهذا
يظهر أن هذه الآلهة ليس لها قدرة على الحركة، مع أن لها أرجل، فهي بلا حياة.
فيظهر خزيها وخزى كل من يعبدها.
ع26: يؤكد إرميا عجز هذه التماثيل عن الحركة،
فإذا سقطت على الأرض لا تستطيع أن تقوم من نفسها، وإذا أقاموها ووضعوها في مكان
لا تستطيع أن تتحرك منه، وإذا مالت على جانبها لا تستطيع أن تعود إلى وضعها
السليم، وإذا قدم إليها من يعبدها هدية، فلا تشعر به، فهي كالميت بلا حياة،
فكيف يسمونها آلهة؟!.
ع27: سقيم: مريض.
يظهر فساد
عبادة الأوثان في أن الذبائح التي تقدم إليها يأخذها الكهنة لأنفسهم؛ ليأكلوا
منها، ويضعوا الملح على الباقى حتى لا يفسد؛ ليأكلوه فيما بعد. ولكن لا يوزع
منه على إنسان فقير، أو مريض. فكهنتها بعيدون عن الرحمة وعمل الخير، كما في
عبادة الله عند بني إسرائيل.
ع28: الطامث: المرأة التي تمر بفترة
الدورة الشهرية.
النفساء
: المرأة التي ولدت حديثًا.
المرأة التي تعتبر
في شريعة موسى غير قادرة على لمس المقدسات لأنها تمر بظروف خاصة، مثل الطمث
والولادة، نجدها في عبادة الأوثان تلمس هذه الآلهة، وكل ما يتصل بها، وهذا يؤكد
أيضًا أن هذه التماثيل ليست آلهة.
†
إذا ارتبطت بالصلاة
وعبادة الله يعمل فيك روحه القدوس، فتمتلئ حياة. ولكن إذا تعلقت بشهوات العالم
وشروره، تفقد حياتك وتصير ميتًا بالروح، حتى لو كنت تتحرك على الأرض، ولك اسم
عظيم عليها.
←
وستجد
تفاسير أخرى
هنا في
(6)
الأصنام بلا قوة (ع29-39):
29- لِمَاذَا تُسَمَّى آلِهَةً؟ لأَنَّ
النِّسَاءَ يُقَدِّمْنَ الْهَدَايَا لِهذِهِ الآلِهَةِ الَّتِي هِيَ مِنَ
الْفِضَّةِ وَالذَّهَبِ وَالْخَشَبِ.30- وَلأَنَّ الْكَهَنَةَ يَجْلِسُونَ فِي
بُيُوتِهَا بِأَقْمِصَةٍ مُمَزَّقَةٍ وَهُمْ مَحْلُوقُو الرُّؤُوسِ وَاللِّحَى
وَرُؤُوسُهُمْ مَكْشُوفَةٌ 31- وَيَعِجُّونَ صَائِحِينَ أَمَامَ آلِهَتِهِمْ
كَالْجَالِسِينَ عَلَى مَأْدُبَةِ الْمَيْتِ.32- الْكَهَنَةُ يَنْزِعُونَ مِنْ
ثِيَابِهَا مَا يَكْسُونَ نِسَاءَهُمْ وَأَوْلاَدَهُمْ.33- وَإِذَا أَسَاءَ
إِلَيْهَا أَحَدٌ أَوْ أَحْسَنَ فَلاَ تَسْتَطِيعُ الْمُكَافَأَةَ وَلاَ فِي
وُسْعِهَا أَنْ تُقِيمَ مَلِكًا أَوْ تَخْلَعَهُ34- وَلاَ تَقْدِرُ أَنْ تَهَبَ
عَرْضًا وَلاَ نَقْدًا. وَإِذَا نَذَرَ أَحَدٌ نَذْرًا وَلَمْ يَقْضِهِ فَلاَ
تُطَالِبُ.35- لاَ تُنَحِّي أَحَدًا مِنَ الْمَوْتِ وَلاَ تُنْقِذُ الضَّعِيفَ
مِنْ يَدِ الْقَوِيِّ. 36- لاَ تَرُدُّ الْبَصَرَ لِلأَعْمَى وَلاَ تُفَرِّجُ عَنْ ذِي شِدَّةٍ.37-
لاَ تَرْحَمُ أَرْمَلَةً وَلاَ تُحْسِنُ إِلَى يَتِيمٍ. 38- فَهذِهِ الآلِهَةُ الَّتِي هِيَ مِنَ الْخَشَبِ مُغَشَّاةً بِالذَّهَبِ
وَالْفِضَّةِ تُمَاثِلُ حِجَارَةً مِنَ الْجَبَلِ وَالَّذِينَ يَعْبُدُونَهَا
يَخْزَوْنَ 39- فَكَيْفَ يَسُوغُ أَنْ تُحْسَبَ أَوْ تُسَمَّى آلِهَةً.
ع29-31:
اللحى: جمع لحية وهي الشعر النابت من الذقن.
يعجون
: يصيحون.
مأدبة
: وليمة.
يتساءل إرميا لماذا
تسمى هذه التماثيل آلهة وهي مجرد تماثيل؟ ويجيب بأن الناس هم الذين خدعونا
وسموها آلهة، وأقاموا لها عبادة وطقوس كأنها آلهة. ومظاهر هذه العبادة هي:
تقوم النساء بتقديم
هدايا لهذه التماثيل المصنوعة من الذهب والفضة والخشب.
الكهنة يظهرون أنهم
مرعوبين من هذه الآلهة، فيمزقون ثيابهم، ويحلقون رؤوسهم ولحاهم ويكشفون رؤوسهم
إظهارًا لخوفهم وإرتعابهم منها. ليشيعوا هذا الخوف في قلوب الداخلين إلى
المعابد، فيتخيل الناس أنها آلهة تخيف الناس؛ فيسجدون أمامها ليرضوها.
يصيح الكهنة بأصوات
عالية ويولولون، كما يولول الناس أمام الميت في الموائد التي تقام في الجنازات.
وكل هذا الصياح؛ ليبث الخوف في قلوب من يأتي إلى المعبد. فهذه التماثيل ليس
فيها أية قوة، ولكن الناس، وهم الكهنة والنساء اللاتي يخدمن في المعابد، يوهمون
الداخلين إلى المعبد بأن هذه الآلهة لها قوة، وتخيف الناس.
ع32: هذه التماثيل لا تستطيع الدفاع عن
نفسها. فالكهنة يسرقون الملابس التي تغطيها لتلبسها نساؤهم وأطفالهم. فهذه التي
تدعى آلهة عاجزة عن الدفاع عن نفسها إذا سرقت ثيابها من عليها.
ع33: أولًا كانت هذه الآلهة عاجزة عن أي عمل،
والكهنة هم الذين يوهمون الناس بأنها قوية ومرعبة. والأمر الثاني الذي يظهر
ضعفها أن الكهنة يسرقون ثيابها ولا تستطيع أن تقاومهم. والأمر الثالث الذي يظهر
ضعفها تظهره هذه الآية، فهي لا تستطيع أن ترد أية إساءة توجه إليها، أو تكافئ
من يحسن إليها. والأمر الرابع الذي يظهر في هذه الآية أيضًا هو عجزها عن إقامة
ملك على مملكة، أو تخلعه من الملك.
ع34:
عرضًا: تقديم هبات عينية تغنى من يحصل عليها.
نقدًا
: عملات مالية، أي نقود.
الأمر الخامس الذي
يظهر عجز الآلهة الوثنية هو عدم قدرتها على أن تعطى عطايا مادية بأى شكل.
والعجز السادس هو
إذا نذر إليها أحد نذرًا ولم يوفه لا تستطيع أن تطالبه بإيفاء النذر.
ع35: العجز السابع في هذه الآلهة هو عدم
قدرتها على إنقاذ أي إنسان من الموت لو التجأ إليها، أو طلب أحد منها أن تنقذ
هذا المعرض للموت. أما العجز الثامن فيها هو أنها لا تستطيع أن تنقذ الضعيف
المظلوم من يد الظالم له.
ع36: العجز التاسع هو عدم استطاعة هذه الآلهة
أن تفتح عينى أعمى. والعجز العاشر هو عدم قدرتها أن تفك أزمة أي إنسان في شدة.
ع37: العجز الحادي عشر هو ضعف هذه الآلهة
المزيفة عن عمل الرحمة؛ سواء مع أرملة تحتاج إلى مساندة، أو يتيم يحتاج إلى
رعاية.
ع38، 39: يسوغ: يجوز.
الخلاصة
يقررها إرميا وهو أن هذه المسماة آلهة والمصنوعة من الخشب ومغشاة بالفضة والذهب
تشبه حجارة حقيرة مقطوعة من الجبل. وبالتالي من يعبد هذه الحجارة والأخشاب هو
إنسان غير عاقل، ولابد أن يخزى ويخجل، لأن آلهته ضعيفة وعاجزة عن كل شيء.
وبالتالي فهي ليست آلهة ولا يجوز إكرامها، أو الخوف منها.
†
لا تخف من تقلبات العالم
المحيطة بك. فهي مجرد أحداث متتابعة في الحياة، ليس لها سلطان عليك، لأن الله
إلهك هو ضابط الكل، ويحميك. فقط اتكل عليه، فيوجه كل شيء لخيرك، فتحيا في أمان
بين يديه.
(7)
الأوثان صنعة الناس (ع40-51):
40- بَلِ الْكَلْدَانِيُّونَ أَنْفُسُهُمْ
يَزْدَرُونَهَا. فَإِنَّهُمْ إِذَا رَأَوْا أَبْكَمَ لاَ يَنْطِقُ
يُقَدِّمُونَهُ إِلَى بَالٍ وَيَطْلُبُونَ مِنْهُ النُّطْقَ كَأَنَّهُ يَشْعُرُ 41- وَمَعَ اخْتِبَارِهِمْ لَهَا لاَ يَتْرُكُونَ عِبَادَتَهَا لأَنَّهُمْ لاَ
يَشْعُرُونَ. 42- وَالنِّسَاءُ يَقْعُدْنَ عَلَى الطُّرُقِ مُتَحَزِّمَاتٍ
بِالْحِبَالِ يُبَخِّرْنَ بِالنُّخَالَةِ 43- فَإِذَا اجْتَذَبَ مُجْتَازٌ
وَاحِدَةً مِنْهُنَّ وَضَاجَعَهَا عَيَّرَتْ صَاحِبَتَهَا بِأَنَّهَا لَمْ
تَحْظَ مِثْلَهَا وَلَمْ يُقْطَعْ حَبْلُهَا. 44- وَكُلُّ مَا يَصْنَعُ لِهذِهِ
الآلِهَةِ إِنَّمَا هُوَ زُورٌ فَكَيْفَ يَسُوغُ أَن تُحْسَبَ أَوْ تُسَمَّى
آلِهَةً.45- هِيَ صَنْعَةُ النَّجَّارِ وَالصَّائِغِ فَلاَ تَكُونُ إِلاَّ مَا
يُرِيدُ صَانِعُهَا. 46- وَالَّذِينَ صَنَعُوهَا قَصِيرُو بَقَاءٍ فَكَيْفَ
يَكُونُ مَا صَنَعُوهُ.47- إِنَّهُمْ تَرَكُوا لِمَنْ يَلِيهِمْ زُورًا
وَعَارًا. 48- وَإِذَا أَتَى عَلَيْهَا حَرْبٌ وَشَرٌّ يَأْتَمِرُ الْكَهَنَةُ
فِيمَا بَيْنَهُمْ أَيْنَ يَخْتَبِئُونَ بِهَا 49- فَكَيْفَ لاَ يُشْعَرُ
أَنَّهَا لَيْسَتْ بِآلِهَةٍ وَهِيَ لاَ تُخَلِّصُ أَنْفُسَهَا مِنَ الْحَرْبِ
وَالشَّرِّ. 50- وَبِمَا أَنَّهَا مِنَ الْخَشَبِ مُغَشَّاةً بِالذَّهَبِ
وَالْفِضَّةِ فَسَيُعْلَمُ فِيمَا بَعْدُ أَنَّهَا زُورٌ وَيَتَبَيَّنُ
لِجَمِيعِ الأُمَمِ وَالْمُلُوكِ أَنَّهَا لَيْسَتْ آلِهَةً بَلْ صَنْعَةَ
أَيْدِي النَّاسِ وَلاَ شَيْءَ فِيهَا مِنْ صَنْعَةِ اللهِ.51- فَهَلْ مِنْ
حَاجَةٍ إِلَى التَّنْبِيهِ عَلَى أَنَّهَا لَيْسَتْ بِآلِهَةٍ.
ع40، 41:
الكلدانيون: هم البابليون الساكنون في منطقة بين النهرين في العراق وما
حولها.
يزدرونها
: يحتقرونها.
أبكم
: أخرس لا يتكلم.
بال
: إله وثني عند البابليين.
الكلدانيون الذين
يعبدون هذه الآلهة الوثنية يحتقرونها؛ لأنها عاجزة عن أي عمل، فمثلًا يقدمون
لها إنسانًا مريضًا، أو فيه عاهة، مثل الأبكم لشفائه، فلا يحدث شيء. فهم يكلمون
الآلهة الوثنية كأنها تشعر بهم، وتسمعهم، ولكنها مجرد خشب، أو حجارة. فيدركون
بعقولهم ضعفها وعجزها، فيحتقرونها. ولكنهم للأسف في غباء مستمرين في عبادتها؛
إذ أن الإنسان الذي تعود على شيء يصعب عليه تغييره في معظم الأحيان، حتى لا يقول
إنى كنت مخطئًا فترة طويلة من عمرى. فالبابليون اختبروا هذه الآلهة مرات كثيرة،
وظهر عجزها عن أي عمل، ومع هذا يعبدونها.
ع42-44: النخالة: مواد صلبة عند
طحنها وحرقها تنتج روائح عطرة وتثير الشهوة الجنسية.
حبلها
: الحبل السرى الذي يقطع عند الولادة، والمقصود أنها حبلت وولدت.
وتمادى البابليون
في عبادة الأوثان، التي لا تشعر، وعاجزة عن كل شيء في أنهم يجعلون النساء اللائى
يخدمن في المعابد يجلسن على الطريق بجوار المعبد الوثني، ويبخرن بالنخالة
المثيرة للشهوة ليجتذبن بها المارة. وإذا انجذب رجل إلى واحدة منهن ومارس معها
الجنس، وحبلت وولدت، تعير زميلاتها بأنها محبوبة، وقادرة على اجتذاب الرجال
ومعاشرتهم جنسيًا، أي أنهن يفتخرن بالزنى وأنها ترضى الآلهة، مع العلم أنها
مجرد أخشاب لا تستطيع أن تفيد، أو تؤذى أحد. فهي آلهة زور؛ أي آلهة وهمية
كاذبة، وما يقدم لها من عبادة هو وهم وكذب، فكيف يسمونها آلهة؟
ع45-47: هذه التي تسمى آلهة هي تماثيل يصنعها
الصانع كما يريد. ولا تستطيع أن تعمل نفسها أو تقول للصانع إصنعنى بشكل معين.
بالإضافة إلى أن هؤلاء الصناع لهم عمر محدود، وسيموتون، وبالتالي فما يصنعونه
من تماثيل هو أضعف منهم، وسيبلى وينتهى. كذلك هؤلاء الصناع تركوا لمن بعدهم
عبادة زور، وكذب هي هذه التماثيل الضعيفة المسماة آلهة.
ع48، 49: يأتمر: يجتمع ويتشاور.
إذا تعرضت
معابد الأوثان لهجوم من الأعداء، أو محاولة لسرقتها يجتمع كهنة هذه المعابد،
ويتشاورون في هذا الأمر كيف يحملون هذه التماثيل، ويخبئونها حتى لا يسرقها أحد،
أو يحطمها؟ فهل يمكن أن تسمى هذه التماثيل الضعيفة آلهة، وهي عاجزة عن حماية
نفسها؟!
ع50، 51: الحقيقة أن هذه الآلهة الوثنية هي
مجرد تماثيل من الخشب والحجارة. وسيظهر هذا واضحًا لكل من يعبدها. وبالتالي فهي
آلهة زور كاذبة، أي ليست آلهة، بالتالى لا يحتاج إرميا أن ينبه شعبه إلى بطلان
عبادتها.
†
لا تصدق أية إشاعات، أو
أفكار يروج لها البشر، بل افحص كل شيء بتدقيق، واطلب من الله في الصلاة، ومن
أبيك الروحي، فتنتبه ولا تنساق في أوهام، وتركز في عبادة الله، وكل عمل إيجابى
مفيد لنفسك وللآخرين.
(8)
عجز الأصنام (ع52-72):
52- فَإِنَّهَا لاَ تُقِيمُ مَلِكًا عَلَى بَلَدٍ
وَلاَ تُعْطِي النَّاسَ مَطَرًا 53- وَلاَ تُخَاصِمُ حَتَّى لِخُصُومَةِ
أَنْفُسِهَا وَلاَ تُنْقِذُ أَحَدًا مِنْ مَظْلِمَةٍ إِذْ لاَ تَسْتَطِيعُ
شَيْئًا وَإِنَّمَا هِيَ كَالْغِرْبَانِ الَّتِي بَيْنَ السَّمَاءِ وَالأَرْضِ. 54- وَإِذَا وَقَعَتْ نَارٌ فِي بَيْتِ هذِهِ الآلِهَةِ الْمَصْنُوعَةِ مِنَ
الْخَشَبِ الْمُغَشَّاةِ بِالذَّهَبِ أَوْ الْفِضَّةِ فَكَهَنَتُهَا يَفِرُّونَ
وَيَنْجُونَ أَمَّا هِيَ فَتَحْتَرِقُ كَجَوَائِزِ الْبَيْتِ. 55- إِنَّهَا لاَ
تُقَاوِمُ مَلِكًا وَلاَ عَدُوًّا فَكَيْفَ يَسُوغُ أَنْ تُحْسَبَ أَوْ تُعَدَّ
آلِهَةً.56- وَهذِهِ الآلِهَةُ الْمَصْنُوعَةُ مِنَ الْخَشَبِ الْمُغَشَّاةِ
بِالْفِضَّةِ وَالذَّهَبِ لاَ تُنَجِّي أَنْفُسَهَا مِنَ السُّرَّاقِ وَلاَ
اللُّصُوصِ57- وَالَّذِينَ يَسْتَوْلُونَ عَلَيْهَا يَنْزِعُونَ عَنْهَا
الذَّهَبَ وَالْفِضَّةَ وَالثِّيَابَ الَّتِي عَلَيْهَا وَيَذْهَبُونَ بِهَا
وَهِيَ لاَ تُدَافِعُ عَنْ أَنْفُسِهَا. 58- لاَ جَرَمَ أَنَّ مَلِكًا مِنْ
ذَوِي الْبَأْسِ أَوْ إِنَاءً نَافِعًا فِي الْبَيْتِ يَسْتَخْدِمُهُ مَالِكُهُ
خَيْرٌ مِنْ آلِهَةِ الزُّورِ. وَبَابًا فِي الْبَيْتِ يَحْفَظُ مَا فِيهِ
خَيْرٌ مِنْ آلِهَةِ الزُّورِ. وَعَمُودًا مِنَ الْخَشَبِ فِي قَصْرٍ خَيْرٌ
مِنْ آلِهَةِ الزُّورِ. 59- إِنَّ الشَّمْسَ وَالْقَمَرَ وَالنُّجُومَ تُضِيءُ
وَتُرْسَلُ لِمَنْفَعَةِ الْخَلْقِ وَتُطِيعُ مُرْسِلَهَا. 60- وَكَذلِكَ
الْبَرْقُ إِذَا لَمَعَ يَرُوقُ الْعَيْنَ وَالرِّيحُ تَهُبُّ فِي كُلِّ
نَاحِيَةٍ. 61- وَالسُّحُبُ يَأْمُرُهَا اللهُ أَنْ تَمُرَّ عَلَى كُلِّ الْمَسْكُونَةِ
فَتَقْضِي مَا أُمِرَتْ بِهِ. 62- وَالنَّارُ الْمُرْسَلَةُ مِنْ فَوْقُ
لِتُفْنِيَ الْجِبَالَ وَالْغَابَ تَفْعَلُ مَا أُوصِيَتْ بِهِ. أَمَّا تِلْكَ
فَلاَ تُعْدَلُ بِهذِهِ مَنْظَرًا وَلاَ قُوَّةً 63- فَلاَ يَسُوغُ أَنْ تُحْسَبَ أَوْ تُسَمَّى آلِهَةً إِذْ لاَ تَسْتَطِيعُ
أَنْ تُجْرِي حُكْمًا أَوْ تَصْنَعَ إِحْسَانًا. 64- فَإِذْ قَدْ عَلِمْتُمْ أَنَّهَا لَيْسَتْ بِآلِهَةٍ فَلاَ تَخَافُوهَا 65-
فَإِنَّهَا لاَ تَلْعَنُ الْمُلُوكَ وَلاَ تُبَارِكُهُمْ 66- وَلاَ تُبْدِي آيَاتٍ فِي الأُمَمِ وَلاَ فِي السَّمَاءِ وَلاَ تُنِيرُ
كَالشَّمْسِ وَلاَ تُضِيءُ كَالْقَمَرِ.67- الْوُحُوشُ خَيْرٌ مِنْهَا لأَنَّ
فِي طَاقَتِهَا أَنْ تَهْرُبَ إِلَى مَلْجَإٍ وَتَنْفَعَ أَنْفُسَهَا. 68-
وَبِالْجُمْلَةِ فَلاَ يَتَبَيَّنُ لَنَا بِوَجْهٍ مِنَ الْوُجُوهِ أَنَّهَا
آلِهَةٌ فَلاَ تَخَافُوهَا. 69- مَثَلُ آلِهَتِهِمِ الْمَصْنُوعَةِ مِنَ
الْخَشَبِ الْمُغَشَّاةِ بِالذَّهَبِ وَالْفِضَّةِ مَثَلُ شَخْصٍ مَنْصُوبٍ فِي
مَقْثَأَةٍ لاَ يَحْرُسُ شَيْئًا. 70- وَأَيْضًا مَثَلُ آلِهَتِهِمِ
الْمَصْنُوعَةِ مِنَ الْخَشَبِ الْمُغَشَّاةِ بِالذَّهَبِ وَالْفِضَّةِ مَثَلُ
عَوْسَجٍ فِي بُسْتَانٍ يَقَعُ عَلَيْهِ كُلُّ طَيْرٍ أَوْ مَثَلُ مَيْتٍ
مَطْرُوحٍ فِي الظُّلْمَةِ. 71- وَمِنَ الأُرْجُوَانِ وَالْقِرْمِزِ اللَّذَيْنِ يَأْكُلُهُمَا الْعُثُّ
عَلَيْهَا يُعْلَمُ أَنَّهَا لَيْسَتْ بِآلِهَةٍ. وَفِي آخِرِ الأَمْرِ هِيَ
أَيْضًا تُؤْكَلُ وَتَصِيرُ عَارًا فِي الآفَاقِ. 72- إِنَّ الرَّجُلَ
الصِّدِّيقَ الَّذِي لاَ صَنَمَ لَهُ أَفْضَلُ لأَنَّهُ بِمَعْزِلٍ عَنِ
الْعَارِ.
ع52:
إن هذه الآلهة الوثنية عاجزة عن إقامة أي ملك لبلد من بلاد العالم. وإن تعرضت
منطقة للجفاف والجوع لا تستطيع أن تعطيها مطرًا؛ ليروى أرضها، ويسقى الناس
والبهائم والنباتات.
ع53: هذه المدعوة آلهة لا تستطيع أن تقف
خصمًا أمام أي عدو يريد تخريبها، أو سرقتها. ولا تستطيع أيضًا أن تنقذ مظلومًا
يلتجئ إليها طالبًا المعونة. إنها بلا قيمة تشبه الغربان التي تطير في الهواء،
فهي ليست خلائق سماوية، مثل الملائكة، ولا خلائق أرضية مثل الإنسان، إنما بلا
قيمة، بل أقل قدرة من أصغر حيوان، أو حشرة تتحرك على الأرض.
ع54: هذه الآلهة عاجزة عن الدفاع عن نفسها،
فمثلًا لو وقعت نار في معبد هذه الآلهة، فالكهنة يهربون خوفًا على حياتهم،
وينجون، أما هذه التماثيل المصنوعة من الخشب، المغطى بالذهب، أو الفضة، فإنها
تحترق مثل الأعمدة الخشب الموجودة في حوائط وسقف المعبد.
ع55: وبالتالي إذا كانت هذه الآلهة عاجزة عن
مقاومة أي ملك، أو عدو فهي بالطبع ليست آلهة.
ع56، 57: إن كانت هذه المسماة بآلهة،
المصنوعة من الخشب ومغطاة بالذهب، أو الفضة لا تستطيع أن تقاوم اللصوص، بل
ينزعون عنها الذهب، والفضة، والثياب، ويستولون عليها ويتركونها عارية. هذا يؤكد
عجز هذه الآلهة عن حماية نفسها، فهي بالتالى ليست آلهة.
ع58: لا جرم: ليس خطأ.
ونستطيع
أن نقرر بوضوح أن أي شيء على الأرض أفضل منها، سواء كان إنسانًا ذو مكانة مثل
الملك، أو أي جماد مثل إناء مفيد في البيت، أو بابًا لهذا البيت، أو عمودًا من
الخشب في بيت، أو قصر.
ع59-62: يروق: يعجب.
لا تعدل
: لا تساوى.
إن كل الخلائق التي
خلقها الله مفيدة لمن حولها ومطيعة لله خالقها، فتعمل ما أمرها به مثل:
الأفلاك
مثل الشمس والقمر والنجوم التي تضئ للبشر.
البرق
الذي يلمع ويضئ ويعلن قرب هطول الأمطار، ومبهر للعيون.
الريح
التي تهب في كل مكان ولها فوائد كثيرة.
السحب
التي تمر على كل مكان وتمطر لفائدة الناس والبهائم والنباتات، وهي مطيعة لله
تذهب حيث يأمرها.
النار
التي يرسلها الله لتحرق ما على الجبال، وما في الغابات؛ لتنفذ أوامر الله.
أما هذه الآلهة
الوثنية فهي لا تساوى أي شيء من هذه الخلائق، لا في منظرها ولا قوتها.
ع63، 64: إن كانت هذه الآلهة الوثنية عاجزة
عن التحكم في شيء، أو تحسن إلى أحد، فهي بالتالى لا يصح أن تسمى آلهة، أو يخاف
منها أحد.
ع65-68:
تُبدى: تظهر.
يؤكد إرميا عجز
وضعف هذه الآلهة، وعدم فائدتها فيما يلي:
لا تلعن الملوك أو
تباركهم.
لا تستطيع أن تصنع
معجزات، أو أمورًا مبهرة في السماء، أو على الأرض.
لا تفيد البشر فتضئ
مثل الشمس والقمر.
هى أضعف من
الحيوانات الوحشية القادرة على الهرب عندما تتعرض لأى خطر.
وخلاصة كل هذا أنها
ليست آلهة، وبالتالي ينبغى ألا يخاف منها شعب الله المؤمنون به.
ع69، 70: مقثاة: حقل مزروع قثاء، أو
أى نوع مشابه، مثل الشمام.
عوسج
: نبات شوكى جاف ضعيف يستخدم كسياج، أو سور للحقول.
يشبه إرميا هذه
الآلهة الوثنية الضعيفة التي تخدع البشر بما يلي:
""شخص منصوب في
مقثاة"": والمقصود خيال المآتة، وهي
عصا يضعون عليها ثياب يحركها الهواء، فتبدو كأنها إنسان ليخيف الطيور، حتى لا
تأكل نباتات الحقل.
""عوسج في بستان""
: وهو نبات شوكى ينمو كسياج للبستان المزروع بنباتات وأشجار مفيدة للإنسان،
وتقف الطيور على هذا العوسج، الذي لا يعطى ثمارًا نافعة للبشر.
""ميت مطروح في
الظلمة"": جسد إنسان مطروح في الظلمة،
فهو يبدو كأنه إنسان حى ملقى على الأرض، مع أنه جسد ميت بلا قيمة.
ع71: القرمز: ثياب لونها أحمر داكن
يلبسها الملوك والعظماء.
العث
: حشرة صغيرة تأكل الثياب وتتلفها.
الآفاق
: أرجاء المسكونة.
يضيف إرميا أيضًا
أن هذه التماثيل التي يلبسونها ملابس عظيمة من الأرجوان والقرمز، تأكل حشرة
العث هذه الثياب، بل أيضًا التماثيل نفسها المصنوعة من الخشب تأكلها الحشرات،
مثل السوس.
كل هذا يؤكد ضعف
هذه التماثيل، وبالتالي هي ليست آلهة، بل وما يحدث معها هو عار وخزى.
ع72: خلاصة رسالة إرميا لشعبه هي هذه الآية،
فينصحهم بأن الصديق، أي المؤمن بالله، ويحيا بوصاياه، يبتعد عن عبادة الأوثان،
وكل ما يتصل بها. وبهذا يبتعد عن عار هذه العبادة ويرفع رأسه لأنه يعبد الله
الحقيقي.
إن أسلوب
إرميا في هذه الرسالة يشبه أسلوب أشعياء في (أش40: 19-20؛ 41: 5-7؛ 44: 9-21).
†
كن حريصًا وابتعد عن
الشر، وكل ما يتصل به؛ حتى لا ينجذب قلبك إليه، وانشغل بالله وبعمل الخير.
← تفاسير أصحاحات
باروخ:
مقدمة |
1 |
2 |
3 |
4 |
5 |
6
تفاسير أسفار الكتاب المقدس
1- تفاسير سفر التكوين
2- تفاسير سفر الخروج
3- تفاسير سفر اللاويين
4- تفاسير سفر العدد
5- تفاسير سفر التثنية
6- تفاسير سفر يشوع
7- تفاسير سفر القضاة
8- تفاسير سفر راعوث
9- تفاسير سفر صموئيل الأول
10- تفاسير سفر صموئيل الثاني
11- تفاسير سفر الملوك الأول
12- تفاسير سفر الملوك الثاني
13- تفاسير سفر أخبار الأيام الأول
14- تفاسير سفر أخبار الأيام الثاني
15- تفاسير سفر عزرا
16- تفاسير سفر نحميا
17- تفاسير سفر طوبيا
18- تفاسير سفر يهوديت
19- تفاسير سفر أستير + التتمة
20- تفاسير سفر أيوب
21- تفاسير سفر المزامير + مز 151
22- تفاسير سفر الأمثال
23- تفاسير سفر الجامعة
24- تفاسير سفر نشيد الأناشيد
25- تفاسير سفر الحكمة
26- تفاسير سفر يشوع بن سيراخ
27- تفاسير سفر إشعياء
28- تفاسير سفر إرميا
29- تفاسير سفر مراثي إرميا
30- تفاسير سفر نبوه باروخ
31- تفاسير سفر حزقيال
32- تفاسير سفر دانيال + التتمة
33- تفاسير سفر هوشع
34- تفاسير سفر يوئيل
35- تفاسير سفر عاموس
36- تفاسير سفر عوبديا
37- تفاسير سفر يونان
38- تفاسير سفر ميخا
39- تفاسير سفر ناحوم
40- تفاسير سفر حبقوق
41- تفاسير سفر صفنيا
42- تفاسير سفر حجي
43- تفاسير سفر زكريا
44- تفاسير سفر ملاخي
45- تفاسير سفر المكابيين الأول
46- تفاسير سفر المكابيين الثاني
1- تفاسير إنجيل متى
2- تفاسير إنجيل مرقس
3- تفاسير إنجيل لوقا
4- تفاسير إنجيل يوحنا
5- تفاسير سفر أعمال الرسل
6- تفاسير الرسالة إلى رومية
7- تفاسير رسالة كورنثوس الاولى
8- تفاسير كورنثوس الثانية
9- تفاسير الرسالة إلى أهل غلاطية
10- تفاسير الرسالة إلى أفسس
11- تفاسير الرسالة إلى فيلبي
12- تفاسير الرسالة إلى كولوسي
13- تفاسير تسالونيكي الأولى
14- تفاسير تسالونيكي الثانية
15- تفاسير رسالة تيموثاوس الأولى
16- تفاسير تيموثاوس الثانية
17- تفاسير الرسالة إلى تيطس
18- تفاسير الرسالة إلى فيلمون
19- تفاسير رسالة العبرانيين
20- تفاسير رسالة يعقوب
21- تفاسير رسالة بطرس الأولى
22- تفاسير رسالة بطرس الثانية
23- تفاسير رسالة يوحنا الأولى
24- تفاسير رسالة يوحنا الثانية
25- تفاسير رسالة يوحنا الثالثة
26- تفاسير رسالة يهوذا
27- تفاسير سفر الرؤيا"
باروخ,6,1,"(6:1): يعلن إرميا بوضوح لشعب الله أن سبب
السبي البابلي، والذل الذي تعرض له شعب الله، فساقهم البابليون كالغنم، وأخذوهم
عبيدًا؛ سبب كل هذا هو الخطايا التي سقط فيها شعب الله، وأهمها عبادة الأوثان،
والشهوات الشريرة.
ع2:"
باروخ,6,2,"(6:2): يتنبأ إرميا لشعب الله بأنهم سيقيمون في
بلاد المملكة البابلية مدة طويلة، ويحددها بسبعة أجيال، والجيل فترة زمنية
تختلف من زمن إلى آخر. ويقصد بالجيل هنا عشر سنوات، أي أن مدة بقاء بني إسرائيل
في بابل هي سبعين عامًا. ويتنبأ أيضًا ببشرى لشعب الله، وهي أن الله سيخرجهم من
بابل؛ ليعودوا إلى أرضهم، ويعبدوا الله في هيكله. وهذا الخروج سيكون بسلام أي
لن يحتاجوا إلى القيام بثورة، أو الدخول في صراع وحرب مع بابل. وهذا يظهر عظمة
عمل الله الذي يخرج شعبه بهدوء وسلام، بل وبكرامة عظيمة. وقد سبق وتنبأ إرميا
بالرجوع من السبي بعد سبعين عامًا في نبوته المعروفة (إر25: 12؛ 29: 10).
†
إفحص نفسك إذا دخلت في
ضيقة لئلا يكون السبب هو خطاياك. واعلم أن الطريق هو التوبة، فتنال مراحم الله،
الذي يخلصك من أية ضيقة مهما كانت شديدة، أو طال زمانها.
(2)
لا تخافوا من آلهة بابل (ع3-6):
3- وَالآنَ فَإِنَّكُمْ سَتَرَوْنَ فِي بَابِلَ
آلِهَةً مِنَ الْفِضَّةِ وَالذَّهَبِ وَالْخَشَبِ تُحْمَلُ عَلَى الْمَنَاكِبِ
وَتُلْقِي الرَّهْبَةَ عَلَى الأُمَمِ 4- فَاحْتَرِزُوا أَنْ تَتَشَبَّهُوا
بِالْغُرَبَاءِ وَتَأْخُذَكُمْ مِنْهَا رَهْبَةٌ. 5- وَإِذَا رَأَيْتُمُ
الْجُمُوعَ أَمَامَهَا وَوَرَاءَهَا يَسْجُدُونَ لَهَا فَقُولُوا فِي
قُلُوبِكُمْ: «لَكَ يَا رَبُّ يَنْبَغِي السُّجُودُ». 6- فَإِنَّ مَلاَكِي مَعَكُمْ وَهُوَ يُطَالِبُ بِأَنْفُسِكُمْ.
ع3:"
باروخ,6,3,"(6:3): المناكب: الأكتاف.
ينبه
إرميا شعب الله بأنهم عندما سيذهبون إلى بلاد بابل سيرون هناك تعظيم لعبادة
الأوثان. فيرون تماثيل مصنوعة من الذهب، أو الفضة، أو الخشب، ويقدمون لها عبادة
بخشوع، ويخافون من هذه الآلهة ويسجدون أمامها، مع أنهم يحملونها على أكتافهم؛
لينالوا بركاتها في الأماكن التي يذهبون إليها. وهذا يؤكد عجزها عن الحركة،
ولكنهم في عبادتهم لها يقدمون لها البخور، والصلوات المصحوبة بموسيقى صاخبة؛
لتعطى في نفوس الناس الخوف والتمجيد لهذه الآلهة.
ع4:"
باروخ,6,4,"(6:4): احترزوا
: انتبهوا واحترسوا.
يحذر
إرميا شعب الله أن تتأثر مشاعره بما يفعله البابليون في توقيرهم وخشوعهم أمام
هذه الأصنام. فلا يتشبه شعب الله بهؤلاء الوثنيين، ولا يخافوا هذه التماثيل
الصماء الضعيفة العاجزة. ويقصد بالغرباء البابليين البعيدين عن الإيمان بالله.
ع5:"
باروخ,6,5,"(6:5): ويقول إرميا لشعبه أنهم إذا رأوا
البابليين يسجدون للأصنام يرفعون قلوبهم لله، ويمجدوه، ويتذكرون أنه له وحده
ينبغى السجود، وليس لهذه الآلهة المزورة.
ع6:"
باروخ,6,6,"(6:6): يذكر إرميا بني إسرائيل المسبيين بأن
ملاك الله يرافقهم. ويقصد هنا الملائكة الحراس الذين يحرسون المؤمنين بالله
طوال حياتهم، ليثبتوهم في الإيمان، ويحفظونهم في كل خطواتهم، وفى كل مكان
يذهبون إليه.
وملاك
الله يطالب بأنفسهم، فهو يرى مدى أمانتهم في تبعيتهم لله، وعدم انسياقهم وراء
العبادة الوثنية، ومن ناحية أخرى هو يحميهم إن حاول البابليون إرغامهم على
السجود لهذه الأصنام. فالملاك يعلن مخافة الله وضرورة التمسك بالإيمان به، وفى
نفس الوقت يحميهم ويدافع عنهم ضد هؤلاء الوثنيين الغرباء عنهم، وعن الله،
وبالتالي لا يخافوا من سلطانهم، أو من هذه الآلهة المزيفة.
†
كن حريصًا إذا رأيت
تصرفات أهل العالم الغريبة عن وصايا الله، فلا تتشبه بهم في أي شيء يغضب الله،
سواء بالكلام، أو التصرف وتذكر دائمًا الله الذي أمامك، وملاكه الذي يسير
بجوارك ويحفظك في كل وقت.
(3)
زينة الآلهة الوثنية (ع7-15):
7- أَمَّا تِلْكَ فَإِنَّ لَهَا أَلْسِنَةً قَدْ
نَحَتَهَا النَّجَّارُ وَهِيَ مُغَشَّاةٌ بِالذَّهَبِ وَالْفِضَّةِ لكِنَّهَا
آلِهَةُ زُورٍ لاَ تَسْتَطِيعُ نُطْقًا. 8- يَأْخُذُ النَّاسُ لَهَا ذَهَبًا
كَمَا يُؤْخَذُ لِعَذْرَاءَ تُحِبُّ الزِّينَةَ 9- فَيَصُوغُونَ أَكَالِيلَ
يَجْعَلُونَهَا عَلَى رُؤُوسِ آلِهَتِهِمْ، وَرُبَّمَا سَرَقَ الْكَهَنَةُ مِنْ
آلِهَتِهِمِ الذَّهَبَ وَالْفِضَّةَ لِمَنْفَعَةِ أَنْفُسِهِمْ 10- وَقَدْ يَبْذُلُونَ مِنْهُمَا لِلزَّوَانِي اللاَّتِي فِي الْبَيْتِ.
يُزَيِّنُونَ الآلِهَةَ بِالْمَلاَبِسِ كَالْبَشَرِ وَهِيَ مِنَ الْفِضَّةِ
وَالذَّهَبِ وَالْخَشَبِ 11- فَهِيَ لاَ تَسْلَمُ مِنَ الصَّدَإِ وَالسُّوسِ
وَإِنْ كَانَتْ تَلْبَسُ الأُرْجُوَانَ. 11- وَيَمْسَحُونَ وُجُوهَهَا مِنْ
غُبَارِ الْبَيْتِ الْمُتَرَاكِمِ عَلَيْهَا. 13- وَفِي يَدِ كُلٍّ مِنْهَا
صَوْلَجَانٌ كَالْحَاكِمِ عَلَى بَلَدٍ لكِنَّهُ لاَ يَقْتُلُ مَنْ يُجْرِمُ
إِلَيْهِ. 14- وَفِي يَمِينِهِ سَيْفٌ وَفَأْسٌ لكِنَّهُ لاَ يُنَجِّي نَفْسَهُ
مِنَ الْحَرْبِ وَاللُّصُوصِ. فَحَقَّ بِذلِكَ أَنَّهَا لَيْسَتْ بآلِهَةٍ 15-
فَلاَ تَخَافُوهَا فَإِنَّهُ كَمَا أَنَّ الإِنَاءَ الْمَكْسُورَ لاَ يَنْفَعُ
صَاحِبَهُ كَذلِكَ آلِهَتُهُمْ.
ع7:"
باروخ,6,7,"(6:7): زور: غش.
يوضح
إرميا أن الأصنام التي يعتبرونها آلهة هي صنعة النجار، الذي نحت لها لسان،
وغطاه بالذهب ليكون له منظر جميل، ولكن هذه الآلهة لا تستطيع أن تتكلم، فهي
مجرد تماثيل شكلها جميل كتحف، ولكنها عاجزة عن الكلام، وعن أي عمل.
ع8:"
باروخ,6,8,"(6:8): الوثنيون يقدمون للتماثيل التي يسمونها
آلهة ذهبًا، كما يقدم لأى عذراء ذهبٌ تتحلى به لتبدو جميلة، فيعجب بها الشباب،
ويتقدم أحدهم للزواج منها. وهكذا أيضًا يزينون هذه التماثيل بالذهب ليعجب بها
الناس، وينبهرون بجمالها، وينجذبون إليها، ويعبدونها. وبالطبع كل هذا خداع
يخدعون به أنفسهم.
ع9:"
باروخ,6,9,"(6:9): يصوغون
: يشكلون ويصنعون.
إن
الوثنيين يصنعون أكاليل من الذهب ويضعونها على هذه التماثيل تكريمًا لها كآلهة،
ولكن الكهنة المسئولين عن معابد الأوثان يسرقون الذهب وكذلك الفضة التي تقدم
للآلهة، ويستفيدون منها لأنفسهم. وبالطبع هذه التماثيل لا تفهم، ولا تستطيع
الدفاع عن نفسها؛ لأنها مجرد تماثيل عاجزة عن كل شيء، فكيف تكون آلهة؟!
ع10-12:"
باروخ,6,10,"(6:10-12): يستكمل إرميا إظهار فساد عبادة
الأوثان، فبالإضافة إلى عجزها، وسرقة الكهنة للفضة والذهب، الذي يؤكد فساد
أخلاقهم، يضيف أيضًا:
كان الذهب والفضة
أيضًا يُستخدمان في دفع أجر الزوانى الذين يخدمون في معابد الأوثان. فمما يؤكد
فساد هذه العبادة أن الكهنة ادعوا أن إرضاء الآلهة يكون بالزنى. فأقاموا أماكن
للزنى مع النساء، وأيضًا أماكن للزنى مع الرجال، أي ممارسة الشذوذ الجنسي.
اهتم الكهنة بتزيين
الأصنام، فيلبسونها ملابس فاخرة، مثل الأرجوان الذي يلبسه الملوك والعظماء؛
ليظهروا أهمية هذه الآلهة، مع أنها مجرد تماثيل مصنوعة من الخشب المغطى بالفضة،
أو الذهب، وبعضها مصنوع من الحجر، والآخر مصنوع من الذهب، أو الفضة الخالصة،
ولكنها مجرد تماثيل معرضة ِأن تصدأ معادنها، أو يأكل السوس خشبها، وتتلف مهما
ألبسوها من ملابس ذات مظهر جذاب، كما يغطى وجوه هذه التماثيل غبار البيت، أي
التراب والرمال، فيمسحونها وينظفونها لتبدو جميلة، ولكنها بالطبع عاجزة أن تحمى
وجوهها من التراب.
ع13، 14: صولجان
: عصا ذهبية يمسكها الحاكم في يده؛ لتعلن سلطانه على مملكته.
يبين إرميا عجز هذه
الآلهة بأمور جديدة بخلاف ما سبق وهي:
يضعون في أيدي هذه
التماثيل صولجان الملك، مع أن هذه التماثيل عاجزة عن الدفاع عن نفسها، أو
معاقبة من يسئ إليها.
يضعون في أيدي هذه
التماثيل سيف، وفأس، ولكنها لا تستطيع أن تحارب، أو تدفع عنها اللصوص الذين
يسرقونها.
كل هذا يؤكد عجز
هذه الأصنام، وأنها بالطبع ليست آلهة ولكن مجرد تماثيل.
ع15:"
باروخ,6,15,"(6:15): من كل ما سبق يظهر عجز هذه التماثيل
التي يسمونها آلهة، وبالتالي ينبه إرميا -بعد أن شرح مدى عجز هذه الأصنام-
فيطلب من شعبه ألا يخاف من هذه الآلهة الوثنية، كما لا يخاف أي إنسان من إناء
مكسور، بل يلقيه مع النفايات، فهذه التماثيل تشبه الإناء المكسور في أنها بلا
فائدة وبالتالي لا يصح أن يهتم بها أحد، أو يعبدها.
†
لا تنساق مع أفكار العالم
التي تمجد الماديات فكلها زائلة، ولكن انظر إلى الله الساكن فيك لتحبه، وتعبده،
وترضيه في كل أعمالك.
(4)
حقارة الأصنام (ع16-22):
16- إِذَا نُصِبَتْ فِي الْبُيُوتِ فَعُيُونُهَا
تَمْتَلِئُ غُبَارًا مِنْ أَقْدَامِ الدَّاخِلِينَ. 17- يُحْظَرُ عَلَيْهَا فِي
الدِّيَارِ كَمَا يُحْظَرُ عَلَى مَنْ أَجْرَمَ إِلَى الْمَلِكِ وَكَهَنَتُهَا
يُحَصِّنُونَ بُيُوتَهَا بِأَبْوَابٍ وَأَقْفَالٍ وَمَزَالِيجَ كَمَا يُفْعَلُ
بِمَنْ حُكِمَ عَلَيْهِ بِالْمَوْتِ لِئَلاَّ تَسْلُبَهَا اللُّصُوصُ. 18-
يُوقِدُونَ لَهَا مِنَ السُّرُجِ أَكْثَرَ مِمَّا يُوقِدُونَ لأَنْفُسِهِمْ
وَهِيَ لاَ تَسْتَطِيعُ أَنْ تَرَى مِنْهَا شَيْئًا. 19- إِنَّمَا هِيَ
كَجَوَائِزِ الْبَيْتِ وَقَدْ ذُكِرَ أَنَّ حَشَرَاتِ الأَرْضِ تَنْهَشُ
قُلُوبَهَا فَتُؤْكَلُ هِيَ وَثِيَابُهَا وَلاَ تَشْعُرُ. 20- تَسْوَدُّ
وُجُوهُهَا مِنَ الدُّخَانِ الَّذِي فِي الْبَيْتِ. 21- عَلَى أَبْدَانِهَا وَرُؤُوسِهَا يَثِبُ الْبُومُ وَالْخُطَّافُ وَسَائِرُ
الطُّيُورِ وَالسَّنَانِيرُ. 22- فَاعْلَمُوا مِنْ ذلِكَ أَنَّهَا لَيْسَتْ
بِآلِهَةٍ فَلاَ تَخَافُوهَا.
ع16:"
باروخ,6,16,"(6:16): يظهر إرميا حقارة هذه الأصنام بأنها تتغطى من التراب الملتصق بأقدام من يزورون
معابدها، فكأنه يقول أن هذه الأصنام تداس بالأقدام؛ لأن تراب الأقدام هو الذي
يغطى عيون هذه الآلهة.
ع17:"
باروخ,6,17,"(6:17): يحظر: يمنع.
مزاليج
: جمع مزلاج وهو ساق معدنية، أو خشبية يغلق بها الباب من الداخل ويتحرك باليد.
يبين أيضًا حقارة
هذه التماثيل بأنها توضع في المباني المخصصة لها، أي معابدها، وتغلق هذه
المعابد بأبواب وأقفال ومزاليج؛ حتى لا يستطيع اللصوص الوصول إليها وسرقتها.
فهذه التماثيل محبوسة في سجن لا تستطيع الخروج منه. وهي لا تشعر بشئ؛ لأنه ليس
فيها حياة، وبالطبع هي ليست آلهة، بل مجرد مقتنيات وتحف.
ع18:"
باروخ,6,18,"(6:18): السرج: المصابيح.
يبين
إرميا أيضًا ضعف هذه التماثيل في أن كهنتها يوقدون لها سرجًا كثيرة في معابدها؛
ليبدو المعبد مبهجًا، ويناسب عظمة هذه الآلهة. وهذه المصابيح كثيرة أكثر مما
يوقد في البيوت، ولكن هذه التماثيل لا ترى النور، ولا تشعر بهذه السرج، فهي
حقيرة جدًا.
ع19:"
باروخ,6,19,"(6:19): جوائز: الأعمدة الخشبية التي
تعمل منها البيوت في الحوائط والأسقف.
يظهر
إرميا حقارة هذه الآلهة المصنوعة من الخشب ويلبسونها ملابس براقة، في أن
الحشرات، مثل السوس وغيرها، تأكل هذه الآلهة من الداخل والخارج، وكذلك ثيابها،
فتشوه منظرها وتأكل قلبها، أي أعماقها.
ع20:"
باروخ,6,20,"(6:20): هذه التماثيل أيضًا يغطيها السواد
الناتج من إضاءة المصابيح، أو من احتراق الفحم والبخور، ويحتاجون أن يزيلوا هذا
السواد؛ لتستعيد مظهرها وبريقها. فهي ضعيفة جدًا لا تستطيع أن تصد عنها من يسئ
إلى مظهرها الجميلِ، فهي إذن حقيرة.
ع21:"
باروخ,6,21,"(6:21): تثب: تقفز.
الخطاف
: طائر له مخالب كبيرة، ويسمى السنونو ويتغذى على الحشرات.
السنانير
: جمع سنورة، وهو أحد أنواع القطط ويتغذى على الفئران.
تدخل إلى معابد
الأوثان الطيور والحيوانات، وتقفز فوق التماثيل هذه الطيور، مثل البوم والخطاف
والسنانير. فهذه التماثيل حقيرة إذ تعبث بها وتقفز فوقها الطيور والحيوانات.
ع22:"
باروخ,6,22,"(6:22): من كل ما سبق تظهر حقارة هذه الآلهة
الوثنية، وبالتالي يوصى إرميا شعبه ألا يخافوا من هذه الآلهة.
†
إن كل ماديات العالم
زائلة، فليت قلبك يا أخى يتعلق بالله، فهو وحده الأزلي والأبدي والقادر على كل
شئ، ويحبك، ويسعى لخلاص نفسك، فلا تنشغل عنه.
(5)
الأوثان بلا روح (ع23-28):
23- وَالذَّهَبُ الَّذِي يُغَشِّيهَا لِلزِّينَةِ
إِنْ لَمْ يُمْسَحْ صَدَأُهُ لَمْ يَكُنْ لَهَا رَوْنَقٌ كَمَا أَنَّهَا إِذْ
صِيغَ عَلَيْهَا لَمْ تَشْعُرْ. 24- تُبْتَاعُ بِكُلِّ ثَمَنٍ وَإِنْ لَمْ
يَكُنْ فِيهَا رُوحٌ. 25- لَيْسَ لَهَا أَرْجُلٌ، فَتُحْمَلُ عَلَى
الْمَنَاكِبِ وَبِذلِكَ تُبْدِي لِلنَّاسِ هَوَانَهَا وَالَّذِينَ
يَعْبُدُونَهَا هُمْ أَيْضًا يَخْزَوْنَ. 26- لأَنَّهَا إِذَا سَقَطَتْ عَلَى
الأَرْضِ لاَ تَقُومُ مِنْ نَفْسِهَا وَلاَ إِذَا نَصَبَهَا أَحَدٌ تَتَحَرَّكُ
مِنْ نَفْسِهَا وَلاَ إِذَا أُمِيلَتْ تَسْتَقِيمُ بَلْ تُقَدَّمُ إِلَيْهَا
الْهَدَايَا كَمَا تُقَدَّمُ إِلَى أَمْوَاتٍ. 27- وَكَهَنَتُهَا يَبِيعُونَ
ذَبَائِحَهَا لِمَنْفَعَةِ أَنْفُسِهِمْ. وَكَذلِكَ نِسَاؤُهُمْ يُمَلِّحْنَ
مَا بَقِيَ مِنْهَا وَلاَ يَجْعَلْنَ فِيهَا حَظًّا لِمِسْكِينٍ وَلاَ
سَقِيمٍ.28- الطَّامِثُ وَالنُّفْسَاءُ تَلْمُسَانِ ذَبَائِحَهَا. فَإِذْ قَدْ
عَلِمْتُمْ مِنْ ذلِكَ أَنَّهَا لَيْسَتْ بِآلِهَةٍ فَلاَ تَخَافُوهَا.
ع23:"
باروخ,6,23,"(6:23): رونق: جمال.
صيغ عليها
: أي وضعت على التماثيل معادن سائلة لتشكل بأشكال جميلة فوق هذه التماثيل.
إن تماثيل الآلهة
الوثنية المصنوعة من معادن تتعرض للصدأ كما ذكرنا، ولا تشعر بهذا الصدأ. وإذا
صيغ عليها معادن جديدة لتجميلها لا تشعر أيضًا؛ لأنه ليس فيها روح.
ع24:"
باروخ,6,24,"(6:24): هذه الآلهة مجرد تماثيل تباع بأثمان
مختلفة لمن يريد أن يشتريها ويعبدها، فكيف تكون آلهة، وهي مجرد تماثيل بلا حياة
تباع ويمتلكها المشترى؟!
ع25:"
باروخ,6,25,"(6:25): المناكب: الأكتاف.
تبدى
: تظهر.
هوانها
: حقارتها وعارها.
يخزون
: يخجلون.
إن هذه التماثيل
التي يسمونها آلهة يحملها الناس على أكتافهم، لينقلوها من مكان إلى مكان، وبهذا
يظهر أن هذه الآلهة ليس لها قدرة على الحركة، مع أن لها أرجل، فهي بلا حياة.
فيظهر خزيها وخزى كل من يعبدها.
ع26:"
باروخ,6,26,"(6:26): يؤكد إرميا عجز هذه التماثيل عن الحركة،
فإذا سقطت على الأرض لا تستطيع أن تقوم من نفسها، وإذا أقاموها ووضعوها في مكان
لا تستطيع أن تتحرك منه، وإذا مالت على جانبها لا تستطيع أن تعود إلى وضعها
السليم، وإذا قدم إليها من يعبدها هدية، فلا تشعر به، فهي كالميت بلا حياة،
فكيف يسمونها آلهة؟!.
ع27:"
باروخ,6,27,"(6:27): سقيم: مريض.
يظهر فساد
عبادة الأوثان في أن الذبائح التي تقدم إليها يأخذها الكهنة لأنفسهم؛ ليأكلوا
منها، ويضعوا الملح على الباقى حتى لا يفسد؛ ليأكلوه فيما بعد. ولكن لا يوزع
منه على إنسان فقير، أو مريض. فكهنتها بعيدون عن الرحمة وعمل الخير، كما في
عبادة الله عند بني إسرائيل.
ع28:"
باروخ,6,28,"(6:28): الطامث: المرأة التي تمر بفترة
الدورة الشهرية.
النفساء
: المرأة التي ولدت حديثًا.
المرأة التي تعتبر
في شريعة موسى غير قادرة على لمس المقدسات لأنها تمر بظروف خاصة، مثل الطمث
والولادة، نجدها في عبادة الأوثان تلمس هذه الآلهة، وكل ما يتصل بها، وهذا يؤكد
أيضًا أن هذه التماثيل ليست آلهة.
†
إذا ارتبطت بالصلاة
وعبادة الله يعمل فيك روحه القدوس، فتمتلئ حياة. ولكن إذا تعلقت بشهوات العالم
وشروره، تفقد حياتك وتصير ميتًا بالروح، حتى لو كنت تتحرك على الأرض، ولك اسم
عظيم عليها.
←
وستجد
تفاسير أخرى
هنا في
(6)
الأصنام بلا قوة (ع29-39):
29- لِمَاذَا تُسَمَّى آلِهَةً؟ لأَنَّ
النِّسَاءَ يُقَدِّمْنَ الْهَدَايَا لِهذِهِ الآلِهَةِ الَّتِي هِيَ مِنَ
الْفِضَّةِ وَالذَّهَبِ وَالْخَشَبِ.30- وَلأَنَّ الْكَهَنَةَ يَجْلِسُونَ فِي
بُيُوتِهَا بِأَقْمِصَةٍ مُمَزَّقَةٍ وَهُمْ مَحْلُوقُو الرُّؤُوسِ وَاللِّحَى
وَرُؤُوسُهُمْ مَكْشُوفَةٌ 31- وَيَعِجُّونَ صَائِحِينَ أَمَامَ آلِهَتِهِمْ
كَالْجَالِسِينَ عَلَى مَأْدُبَةِ الْمَيْتِ.32- الْكَهَنَةُ يَنْزِعُونَ مِنْ
ثِيَابِهَا مَا يَكْسُونَ نِسَاءَهُمْ وَأَوْلاَدَهُمْ.33- وَإِذَا أَسَاءَ
إِلَيْهَا أَحَدٌ أَوْ أَحْسَنَ فَلاَ تَسْتَطِيعُ الْمُكَافَأَةَ وَلاَ فِي
وُسْعِهَا أَنْ تُقِيمَ مَلِكًا أَوْ تَخْلَعَهُ34- وَلاَ تَقْدِرُ أَنْ تَهَبَ
عَرْضًا وَلاَ نَقْدًا. وَإِذَا نَذَرَ أَحَدٌ نَذْرًا وَلَمْ يَقْضِهِ فَلاَ
تُطَالِبُ.35- لاَ تُنَحِّي أَحَدًا مِنَ الْمَوْتِ وَلاَ تُنْقِذُ الضَّعِيفَ
مِنْ يَدِ الْقَوِيِّ. 36- لاَ تَرُدُّ الْبَصَرَ لِلأَعْمَى وَلاَ تُفَرِّجُ عَنْ ذِي شِدَّةٍ.37-
لاَ تَرْحَمُ أَرْمَلَةً وَلاَ تُحْسِنُ إِلَى يَتِيمٍ. 38- فَهذِهِ الآلِهَةُ الَّتِي هِيَ مِنَ الْخَشَبِ مُغَشَّاةً بِالذَّهَبِ
وَالْفِضَّةِ تُمَاثِلُ حِجَارَةً مِنَ الْجَبَلِ وَالَّذِينَ يَعْبُدُونَهَا
يَخْزَوْنَ 39- فَكَيْفَ يَسُوغُ أَنْ تُحْسَبَ أَوْ تُسَمَّى آلِهَةً.
ع29-31:"
باروخ,6,29,"(6:29-31): اللحى: جمع لحية وهي الشعر النابت من الذقن.
يعجون
: يصيحون.
مأدبة
: وليمة.
يتساءل إرميا لماذا
تسمى هذه التماثيل آلهة وهي مجرد تماثيل؟ ويجيب بأن الناس هم الذين خدعونا
وسموها آلهة، وأقاموا لها عبادة وطقوس كأنها آلهة. ومظاهر هذه العبادة هي:
تقوم النساء بتقديم
هدايا لهذه التماثيل المصنوعة من الذهب والفضة والخشب.
الكهنة يظهرون أنهم
مرعوبين من هذه الآلهة، فيمزقون ثيابهم، ويحلقون رؤوسهم ولحاهم ويكشفون رؤوسهم
إظهارًا لخوفهم وإرتعابهم منها. ليشيعوا هذا الخوف في قلوب الداخلين إلى
المعابد، فيتخيل الناس أنها آلهة تخيف الناس؛ فيسجدون أمامها ليرضوها.
يصيح الكهنة بأصوات
عالية ويولولون، كما يولول الناس أمام الميت في الموائد التي تقام في الجنازات.
وكل هذا الصياح؛ ليبث الخوف في قلوب من يأتي إلى المعبد. فهذه التماثيل ليس
فيها أية قوة، ولكن الناس، وهم الكهنة والنساء اللاتي يخدمن في المعابد، يوهمون
الداخلين إلى المعبد بأن هذه الآلهة لها قوة، وتخيف الناس.
ع32:"
باروخ,6,32,"(6:32): هذه التماثيل لا تستطيع الدفاع عن
نفسها. فالكهنة يسرقون الملابس التي تغطيها لتلبسها نساؤهم وأطفالهم. فهذه التي
تدعى آلهة عاجزة عن الدفاع عن نفسها إذا سرقت ثيابها من عليها.
ع33:"
باروخ,6,33,"(6:33): أولًا كانت هذه الآلهة عاجزة عن أي عمل،
والكهنة هم الذين يوهمون الناس بأنها قوية ومرعبة. والأمر الثاني الذي يظهر
ضعفها أن الكهنة يسرقون ثيابها ولا تستطيع أن تقاومهم. والأمر الثالث الذي يظهر
ضعفها تظهره هذه الآية، فهي لا تستطيع أن ترد أية إساءة توجه إليها، أو تكافئ
من يحسن إليها. والأمر الرابع الذي يظهر في هذه الآية أيضًا هو عجزها عن إقامة
ملك على مملكة، أو تخلعه من الملك.
ع34:"
باروخ,6,34,"(6:34): عرضًا: تقديم هبات عينية تغنى من يحصل عليها.
نقدًا
: عملات مالية، أي نقود.
الأمر الخامس الذي
يظهر عجز الآلهة الوثنية هو عدم قدرتها على أن تعطى عطايا مادية بأى شكل.
والعجز السادس هو
إذا نذر إليها أحد نذرًا ولم يوفه لا تستطيع أن تطالبه بإيفاء النذر.
ع35:"
باروخ,6,35,"(6:35): العجز السابع في هذه الآلهة هو عدم
قدرتها على إنقاذ أي إنسان من الموت لو التجأ إليها، أو طلب أحد منها أن تنقذ
هذا المعرض للموت. أما العجز الثامن فيها هو أنها لا تستطيع أن تنقذ الضعيف
المظلوم من يد الظالم له.
ع36:"
باروخ,6,36,"(6:36): العجز التاسع هو عدم استطاعة هذه الآلهة
أن تفتح عينى أعمى. والعجز العاشر هو عدم قدرتها أن تفك أزمة أي إنسان في شدة.
ع37:"
باروخ,6,37,"(6:37): العجز الحادي عشر هو ضعف هذه الآلهة
المزيفة عن عمل الرحمة؛ سواء مع أرملة تحتاج إلى مساندة، أو يتيم يحتاج إلى
رعاية.
ع38، 39: يسوغ: يجوز.
الخلاصة
يقررها إرميا وهو أن هذه المسماة آلهة والمصنوعة من الخشب ومغشاة بالفضة والذهب
تشبه حجارة حقيرة مقطوعة من الجبل. وبالتالي من يعبد هذه الحجارة والأخشاب هو
إنسان غير عاقل، ولابد أن يخزى ويخجل، لأن آلهته ضعيفة وعاجزة عن كل شيء.
وبالتالي فهي ليست آلهة ولا يجوز إكرامها، أو الخوف منها.
†
لا تخف من تقلبات العالم
المحيطة بك. فهي مجرد أحداث متتابعة في الحياة، ليس لها سلطان عليك، لأن الله
إلهك هو ضابط الكل، ويحميك. فقط اتكل عليه، فيوجه كل شيء لخيرك، فتحيا في أمان
بين يديه.
(7)
الأوثان صنعة الناس (ع40-51):
40- بَلِ الْكَلْدَانِيُّونَ أَنْفُسُهُمْ
يَزْدَرُونَهَا. فَإِنَّهُمْ إِذَا رَأَوْا أَبْكَمَ لاَ يَنْطِقُ
يُقَدِّمُونَهُ إِلَى بَالٍ وَيَطْلُبُونَ مِنْهُ النُّطْقَ كَأَنَّهُ يَشْعُرُ 41- وَمَعَ اخْتِبَارِهِمْ لَهَا لاَ يَتْرُكُونَ عِبَادَتَهَا لأَنَّهُمْ لاَ
يَشْعُرُونَ. 42- وَالنِّسَاءُ يَقْعُدْنَ عَلَى الطُّرُقِ مُتَحَزِّمَاتٍ
بِالْحِبَالِ يُبَخِّرْنَ بِالنُّخَالَةِ 43- فَإِذَا اجْتَذَبَ مُجْتَازٌ
وَاحِدَةً مِنْهُنَّ وَضَاجَعَهَا عَيَّرَتْ صَاحِبَتَهَا بِأَنَّهَا لَمْ
تَحْظَ مِثْلَهَا وَلَمْ يُقْطَعْ حَبْلُهَا. 44- وَكُلُّ مَا يَصْنَعُ لِهذِهِ
الآلِهَةِ إِنَّمَا هُوَ زُورٌ فَكَيْفَ يَسُوغُ أَن تُحْسَبَ أَوْ تُسَمَّى
آلِهَةً.45- هِيَ صَنْعَةُ النَّجَّارِ وَالصَّائِغِ فَلاَ تَكُونُ إِلاَّ مَا
يُرِيدُ صَانِعُهَا. 46- وَالَّذِينَ صَنَعُوهَا قَصِيرُو بَقَاءٍ فَكَيْفَ
يَكُونُ مَا صَنَعُوهُ.47- إِنَّهُمْ تَرَكُوا لِمَنْ يَلِيهِمْ زُورًا
وَعَارًا. 48- وَإِذَا أَتَى عَلَيْهَا حَرْبٌ وَشَرٌّ يَأْتَمِرُ الْكَهَنَةُ
فِيمَا بَيْنَهُمْ أَيْنَ يَخْتَبِئُونَ بِهَا 49- فَكَيْفَ لاَ يُشْعَرُ
أَنَّهَا لَيْسَتْ بِآلِهَةٍ وَهِيَ لاَ تُخَلِّصُ أَنْفُسَهَا مِنَ الْحَرْبِ
وَالشَّرِّ. 50- وَبِمَا أَنَّهَا مِنَ الْخَشَبِ مُغَشَّاةً بِالذَّهَبِ
وَالْفِضَّةِ فَسَيُعْلَمُ فِيمَا بَعْدُ أَنَّهَا زُورٌ وَيَتَبَيَّنُ
لِجَمِيعِ الأُمَمِ وَالْمُلُوكِ أَنَّهَا لَيْسَتْ آلِهَةً بَلْ صَنْعَةَ
أَيْدِي النَّاسِ وَلاَ شَيْءَ فِيهَا مِنْ صَنْعَةِ اللهِ.51- فَهَلْ مِنْ
حَاجَةٍ إِلَى التَّنْبِيهِ عَلَى أَنَّهَا لَيْسَتْ بِآلِهَةٍ.
ع40، 41:
الكلدانيون: هم البابليون الساكنون في منطقة بين النهرين في العراق وما
حولها.
يزدرونها
: يحتقرونها.
أبكم
: أخرس لا يتكلم.
بال
: إله وثني عند البابليين.
الكلدانيون الذين
يعبدون هذه الآلهة الوثنية يحتقرونها؛ لأنها عاجزة عن أي عمل، فمثلًا يقدمون
لها إنسانًا مريضًا، أو فيه عاهة، مثل الأبكم لشفائه، فلا يحدث شيء. فهم يكلمون
الآلهة الوثنية كأنها تشعر بهم، وتسمعهم، ولكنها مجرد خشب، أو حجارة. فيدركون
بعقولهم ضعفها وعجزها، فيحتقرونها. ولكنهم للأسف في غباء مستمرين في عبادتها؛
إذ أن الإنسان الذي تعود على شيء يصعب عليه تغييره في معظم الأحيان، حتى لا يقول
إنى كنت مخطئًا فترة طويلة من عمرى. فالبابليون اختبروا هذه الآلهة مرات كثيرة،
وظهر عجزها عن أي عمل، ومع هذا يعبدونها.
ع42-44:"
باروخ,6,42,"(6:42-44): النخالة: مواد صلبة عند
طحنها وحرقها تنتج روائح عطرة وتثير الشهوة الجنسية.
حبلها
: الحبل السرى الذي يقطع عند الولادة، والمقصود أنها حبلت وولدت.
وتمادى البابليون
في عبادة الأوثان، التي لا تشعر، وعاجزة عن كل شيء في أنهم يجعلون النساء اللائى
يخدمن في المعابد يجلسن على الطريق بجوار المعبد الوثني، ويبخرن بالنخالة
المثيرة للشهوة ليجتذبن بها المارة. وإذا انجذب رجل إلى واحدة منهن ومارس معها
الجنس، وحبلت وولدت، تعير زميلاتها بأنها محبوبة، وقادرة على اجتذاب الرجال
ومعاشرتهم جنسيًا، أي أنهن يفتخرن بالزنى وأنها ترضى الآلهة، مع العلم أنها
مجرد أخشاب لا تستطيع أن تفيد، أو تؤذى أحد. فهي آلهة زور؛ أي آلهة وهمية
كاذبة، وما يقدم لها من عبادة هو وهم وكذب، فكيف يسمونها آلهة؟
ع45-47:"
باروخ,6,45,"(6:45-47): هذه التي تسمى آلهة هي تماثيل يصنعها
الصانع كما يريد. ولا تستطيع أن تعمل نفسها أو تقول للصانع إصنعنى بشكل معين.
بالإضافة إلى أن هؤلاء الصناع لهم عمر محدود، وسيموتون، وبالتالي فما يصنعونه
من تماثيل هو أضعف منهم، وسيبلى وينتهى. كذلك هؤلاء الصناع تركوا لمن بعدهم
عبادة زور، وكذب هي هذه التماثيل الضعيفة المسماة آلهة.
ع48، 49: يأتمر: يجتمع ويتشاور.
إذا تعرضت
معابد الأوثان لهجوم من الأعداء، أو محاولة لسرقتها يجتمع كهنة هذه المعابد،
ويتشاورون في هذا الأمر كيف يحملون هذه التماثيل، ويخبئونها حتى لا يسرقها أحد،
أو يحطمها؟ فهل يمكن أن تسمى هذه التماثيل الضعيفة آلهة، وهي عاجزة عن حماية
نفسها؟!
ع50، 51: الحقيقة أن هذه الآلهة الوثنية هي
مجرد تماثيل من الخشب والحجارة. وسيظهر هذا واضحًا لكل من يعبدها. وبالتالي فهي
آلهة زور كاذبة، أي ليست آلهة، بالتالى لا يحتاج إرميا أن ينبه شعبه إلى بطلان
عبادتها.
†
لا تصدق أية إشاعات، أو
أفكار يروج لها البشر، بل افحص كل شيء بتدقيق، واطلب من الله في الصلاة، ومن
أبيك الروحي، فتنتبه ولا تنساق في أوهام، وتركز في عبادة الله، وكل عمل إيجابى
مفيد لنفسك وللآخرين.
(8)
عجز الأصنام (ع52-72):
52- فَإِنَّهَا لاَ تُقِيمُ مَلِكًا عَلَى بَلَدٍ
وَلاَ تُعْطِي النَّاسَ مَطَرًا 53- وَلاَ تُخَاصِمُ حَتَّى لِخُصُومَةِ
أَنْفُسِهَا وَلاَ تُنْقِذُ أَحَدًا مِنْ مَظْلِمَةٍ إِذْ لاَ تَسْتَطِيعُ
شَيْئًا وَإِنَّمَا هِيَ كَالْغِرْبَانِ الَّتِي بَيْنَ السَّمَاءِ وَالأَرْضِ. 54- وَإِذَا وَقَعَتْ نَارٌ فِي بَيْتِ هذِهِ الآلِهَةِ الْمَصْنُوعَةِ مِنَ
الْخَشَبِ الْمُغَشَّاةِ بِالذَّهَبِ أَوْ الْفِضَّةِ فَكَهَنَتُهَا يَفِرُّونَ
وَيَنْجُونَ أَمَّا هِيَ فَتَحْتَرِقُ كَجَوَائِزِ الْبَيْتِ. 55- إِنَّهَا لاَ
تُقَاوِمُ مَلِكًا وَلاَ عَدُوًّا فَكَيْفَ يَسُوغُ أَنْ تُحْسَبَ أَوْ تُعَدَّ
آلِهَةً.56- وَهذِهِ الآلِهَةُ الْمَصْنُوعَةُ مِنَ الْخَشَبِ الْمُغَشَّاةِ
بِالْفِضَّةِ وَالذَّهَبِ لاَ تُنَجِّي أَنْفُسَهَا مِنَ السُّرَّاقِ وَلاَ
اللُّصُوصِ57- وَالَّذِينَ يَسْتَوْلُونَ عَلَيْهَا يَنْزِعُونَ عَنْهَا
الذَّهَبَ وَالْفِضَّةَ وَالثِّيَابَ الَّتِي عَلَيْهَا وَيَذْهَبُونَ بِهَا
وَهِيَ لاَ تُدَافِعُ عَنْ أَنْفُسِهَا. 58- لاَ جَرَمَ أَنَّ مَلِكًا مِنْ
ذَوِي الْبَأْسِ أَوْ إِنَاءً نَافِعًا فِي الْبَيْتِ يَسْتَخْدِمُهُ مَالِكُهُ
خَيْرٌ مِنْ آلِهَةِ الزُّورِ. وَبَابًا فِي الْبَيْتِ يَحْفَظُ مَا فِيهِ
خَيْرٌ مِنْ آلِهَةِ الزُّورِ. وَعَمُودًا مِنَ الْخَشَبِ فِي قَصْرٍ خَيْرٌ
مِنْ آلِهَةِ الزُّورِ. 59- إِنَّ الشَّمْسَ وَالْقَمَرَ وَالنُّجُومَ تُضِيءُ
وَتُرْسَلُ لِمَنْفَعَةِ الْخَلْقِ وَتُطِيعُ مُرْسِلَهَا. 60- وَكَذلِكَ
الْبَرْقُ إِذَا لَمَعَ يَرُوقُ الْعَيْنَ وَالرِّيحُ تَهُبُّ فِي كُلِّ
نَاحِيَةٍ. 61- وَالسُّحُبُ يَأْمُرُهَا اللهُ أَنْ تَمُرَّ عَلَى كُلِّ الْمَسْكُونَةِ
فَتَقْضِي مَا أُمِرَتْ بِهِ. 62- وَالنَّارُ الْمُرْسَلَةُ مِنْ فَوْقُ
لِتُفْنِيَ الْجِبَالَ وَالْغَابَ تَفْعَلُ مَا أُوصِيَتْ بِهِ. أَمَّا تِلْكَ
فَلاَ تُعْدَلُ بِهذِهِ مَنْظَرًا وَلاَ قُوَّةً 63- فَلاَ يَسُوغُ أَنْ تُحْسَبَ أَوْ تُسَمَّى آلِهَةً إِذْ لاَ تَسْتَطِيعُ
أَنْ تُجْرِي حُكْمًا أَوْ تَصْنَعَ إِحْسَانًا. 64- فَإِذْ قَدْ عَلِمْتُمْ أَنَّهَا لَيْسَتْ بِآلِهَةٍ فَلاَ تَخَافُوهَا 65-
فَإِنَّهَا لاَ تَلْعَنُ الْمُلُوكَ وَلاَ تُبَارِكُهُمْ 66- وَلاَ تُبْدِي آيَاتٍ فِي الأُمَمِ وَلاَ فِي السَّمَاءِ وَلاَ تُنِيرُ
كَالشَّمْسِ وَلاَ تُضِيءُ كَالْقَمَرِ.67- الْوُحُوشُ خَيْرٌ مِنْهَا لأَنَّ
فِي طَاقَتِهَا أَنْ تَهْرُبَ إِلَى مَلْجَإٍ وَتَنْفَعَ أَنْفُسَهَا. 68-
وَبِالْجُمْلَةِ فَلاَ يَتَبَيَّنُ لَنَا بِوَجْهٍ مِنَ الْوُجُوهِ أَنَّهَا
آلِهَةٌ فَلاَ تَخَافُوهَا. 69- مَثَلُ آلِهَتِهِمِ الْمَصْنُوعَةِ مِنَ
الْخَشَبِ الْمُغَشَّاةِ بِالذَّهَبِ وَالْفِضَّةِ مَثَلُ شَخْصٍ مَنْصُوبٍ فِي
مَقْثَأَةٍ لاَ يَحْرُسُ شَيْئًا. 70- وَأَيْضًا مَثَلُ آلِهَتِهِمِ
الْمَصْنُوعَةِ مِنَ الْخَشَبِ الْمُغَشَّاةِ بِالذَّهَبِ وَالْفِضَّةِ مَثَلُ
عَوْسَجٍ فِي بُسْتَانٍ يَقَعُ عَلَيْهِ كُلُّ طَيْرٍ أَوْ مَثَلُ مَيْتٍ
مَطْرُوحٍ فِي الظُّلْمَةِ. 71- وَمِنَ الأُرْجُوَانِ وَالْقِرْمِزِ اللَّذَيْنِ يَأْكُلُهُمَا الْعُثُّ
عَلَيْهَا يُعْلَمُ أَنَّهَا لَيْسَتْ بِآلِهَةٍ. وَفِي آخِرِ الأَمْرِ هِيَ
أَيْضًا تُؤْكَلُ وَتَصِيرُ عَارًا فِي الآفَاقِ. 72- إِنَّ الرَّجُلَ
الصِّدِّيقَ الَّذِي لاَ صَنَمَ لَهُ أَفْضَلُ لأَنَّهُ بِمَعْزِلٍ عَنِ
الْعَارِ.
ع52:"
باروخ,6,52,"(6:52): إن هذه الآلهة الوثنية عاجزة عن إقامة أي ملك لبلد من بلاد العالم. وإن تعرضت
منطقة للجفاف والجوع لا تستطيع أن تعطيها مطرًا؛ ليروى أرضها، ويسقى الناس
والبهائم والنباتات.
ع53:"
باروخ,6,53,"(6:53): هذه المدعوة آلهة لا تستطيع أن تقف
خصمًا أمام أي عدو يريد تخريبها، أو سرقتها. ولا تستطيع أيضًا أن تنقذ مظلومًا
يلتجئ إليها طالبًا المعونة. إنها بلا قيمة تشبه الغربان التي تطير في الهواء،
فهي ليست خلائق سماوية، مثل الملائكة، ولا خلائق أرضية مثل الإنسان، إنما بلا
قيمة، بل أقل قدرة من أصغر حيوان، أو حشرة تتحرك على الأرض.
ع54:"
باروخ,6,54,"(6:54): هذه الآلهة عاجزة عن الدفاع عن نفسها،
فمثلًا لو وقعت نار في معبد هذه الآلهة، فالكهنة يهربون خوفًا على حياتهم،
وينجون، أما هذه التماثيل المصنوعة من الخشب، المغطى بالذهب، أو الفضة، فإنها
تحترق مثل الأعمدة الخشب الموجودة في حوائط وسقف المعبد.
ع55:"
باروخ,6,55,"(6:55): وبالتالي إذا كانت هذه الآلهة عاجزة عن
مقاومة أي ملك، أو عدو فهي بالطبع ليست آلهة.
ع56، 57: إن كانت هذه المسماة بآلهة،
المصنوعة من الخشب ومغطاة بالذهب، أو الفضة لا تستطيع أن تقاوم اللصوص، بل
ينزعون عنها الذهب، والفضة، والثياب، ويستولون عليها ويتركونها عارية. هذا يؤكد
عجز هذه الآلهة عن حماية نفسها، فهي بالتالى ليست آلهة.
ع58:"
باروخ,6,58,"(6:58): لا جرم: ليس خطأ.
ونستطيع
أن نقرر بوضوح أن أي شيء على الأرض أفضل منها، سواء كان إنسانًا ذو مكانة مثل
الملك، أو أي جماد مثل إناء مفيد في البيت، أو بابًا لهذا البيت، أو عمودًا من
الخشب في بيت، أو قصر.
ع59-62:"
باروخ,6,59,"(6:59-62): يروق: يعجب.
لا تعدل
: لا تساوى.
إن كل الخلائق التي
خلقها الله مفيدة لمن حولها ومطيعة لله خالقها، فتعمل ما أمرها به مثل:
الأفلاك
مثل الشمس والقمر والنجوم التي تضئ للبشر.
البرق
الذي يلمع ويضئ ويعلن قرب هطول الأمطار، ومبهر للعيون.
الريح
التي تهب في كل مكان ولها فوائد كثيرة.
السحب
التي تمر على كل مكان وتمطر لفائدة الناس والبهائم والنباتات، وهي مطيعة لله
تذهب حيث يأمرها.
النار
التي يرسلها الله لتحرق ما على الجبال، وما في الغابات؛ لتنفذ أوامر الله.
أما هذه الآلهة
الوثنية فهي لا تساوى أي شيء من هذه الخلائق، لا في منظرها ولا قوتها.
ع63، 64: إن كانت هذه الآلهة الوثنية عاجزة
عن التحكم في شيء، أو تحسن إلى أحد، فهي بالتالى لا يصح أن تسمى آلهة، أو يخاف
منها أحد.
ع65-68:"
باروخ,6,65,"(6:65-68): تُبدى: تظهر.
يؤكد إرميا عجز
وضعف هذه الآلهة، وعدم فائدتها فيما يلي:
لا تلعن الملوك أو
تباركهم.
لا تستطيع أن تصنع
معجزات، أو أمورًا مبهرة في السماء، أو على الأرض.
لا تفيد البشر فتضئ
مثل الشمس والقمر.
هى أضعف من
الحيوانات الوحشية القادرة على الهرب عندما تتعرض لأى خطر.
وخلاصة كل هذا أنها
ليست آلهة، وبالتالي ينبغى ألا يخاف منها شعب الله المؤمنون به.
ع69، 70: مقثاة: حقل مزروع قثاء، أو
أى نوع مشابه، مثل الشمام.
عوسج
: نبات شوكى جاف ضعيف يستخدم كسياج، أو سور للحقول.
يشبه إرميا هذه
الآلهة الوثنية الضعيفة التي تخدع البشر بما يلي:
""شخص منصوب في
مقثاة"": والمقصود خيال المآتة، وهي
عصا يضعون عليها ثياب يحركها الهواء، فتبدو كأنها إنسان ليخيف الطيور، حتى لا
تأكل نباتات الحقل.
""عوسج في بستان""
: وهو نبات شوكى ينمو كسياج للبستان المزروع بنباتات وأشجار مفيدة للإنسان،
وتقف الطيور على هذا العوسج، الذي لا يعطى ثمارًا نافعة للبشر.
""ميت مطروح في
الظلمة"": جسد إنسان مطروح في الظلمة،
فهو يبدو كأنه إنسان حى ملقى على الأرض، مع أنه جسد ميت بلا قيمة.
ع71:"
باروخ,6,71,"(6:71): القرمز: ثياب لونها أحمر داكن
يلبسها الملوك والعظماء.
العث
: حشرة صغيرة تأكل الثياب وتتلفها.
الآفاق
: أرجاء المسكونة.
يضيف إرميا أيضًا
أن هذه التماثيل التي يلبسونها ملابس عظيمة من الأرجوان والقرمز، تأكل حشرة
العث هذه الثياب، بل أيضًا التماثيل نفسها المصنوعة من الخشب تأكلها الحشرات،
مثل السوس.
كل هذا يؤكد ضعف
هذه التماثيل، وبالتالي هي ليست آلهة، بل وما يحدث معها هو عار وخزى.
ع72:"
باروخ,6,72,"(6:72): خلاصة رسالة إرميا لشعبه هي هذه الآية،
فينصحهم بأن الصديق، أي المؤمن بالله، ويحيا بوصاياه، يبتعد عن عبادة الأوثان،
وكل ما يتصل بها. وبهذا يبتعد عن عار هذه العبادة ويرفع رأسه لأنه يعبد الله
الحقيقي.
إن أسلوب
إرميا في هذه الرسالة يشبه أسلوب أشعياء في (أش40: 19-20؛ 41: 5-7؛ 44: 9-21).
†
كن حريصًا وابتعد عن
الشر، وكل ما يتصل به؛ حتى لا ينجذب قلبك إليه، وانشغل بالله وبعمل الخير.
← تفاسير أصحاحات
باروخ:
مقدمة |
1 |
2 |
3 |
4 |
5 |
6
تفاسير أسفار الكتاب المقدس
1- تفاسير سفر التكوين
2- تفاسير سفر الخروج
3- تفاسير سفر اللاويين
4- تفاسير سفر العدد
5- تفاسير سفر التثنية
6- تفاسير سفر يشوع
7- تفاسير سفر القضاة
8- تفاسير سفر راعوث
9- تفاسير سفر صموئيل الأول
10- تفاسير سفر صموئيل الثاني
11- تفاسير سفر الملوك الأول
12- تفاسير سفر الملوك الثاني
13- تفاسير سفر أخبار الأيام الأول
14- تفاسير سفر أخبار الأيام الثاني
15- تفاسير سفر عزرا
16- تفاسير سفر نحميا
17- تفاسير سفر طوبيا
18- تفاسير سفر يهوديت
19- تفاسير سفر أستير + التتمة
20- تفاسير سفر أيوب
21- تفاسير سفر المزامير + مز 151
22- تفاسير سفر الأمثال
23- تفاسير سفر الجامعة
24- تفاسير سفر نشيد الأناشيد
25- تفاسير سفر الحكمة
26- تفاسير سفر يشوع بن سيراخ
27- تفاسير سفر إشعياء
28- تفاسير سفر إرميا
29- تفاسير سفر مراثي إرميا
30- تفاسير سفر نبوه باروخ
31- تفاسير سفر حزقيال
32- تفاسير سفر دانيال + التتمة
33- تفاسير سفر هوشع
34- تفاسير سفر يوئيل
35- تفاسير سفر عاموس
36- تفاسير سفر عوبديا
37- تفاسير سفر يونان
38- تفاسير سفر ميخا
39- تفاسير سفر ناحوم
40- تفاسير سفر حبقوق
41- تفاسير سفر صفنيا
42- تفاسير سفر حجي
43- تفاسير سفر زكريا
44- تفاسير سفر ملاخي
45- تفاسير سفر المكابيين الأول
46- تفاسير سفر المكابيين الثاني
1- تفاسير إنجيل متى
2- تفاسير إنجيل مرقس
3- تفاسير إنجيل لوقا
4- تفاسير إنجيل يوحنا
5- تفاسير سفر أعمال الرسل
6- تفاسير الرسالة إلى رومية
7- تفاسير رسالة كورنثوس الاولى
8- تفاسير كورنثوس الثانية
9- تفاسير الرسالة إلى أهل غلاطية
10- تفاسير الرسالة إلى أفسس
11- تفاسير الرسالة إلى فيلبي
12- تفاسير الرسالة إلى كولوسي
13- تفاسير تسالونيكي الأولى
14- تفاسير تسالونيكي الثانية
15- تفاسير رسالة تيموثاوس الأولى
16- تفاسير تيموثاوس الثانية
17- تفاسير الرسالة إلى تيطس
18- تفاسير الرسالة إلى فيلمون
19- تفاسير رسالة العبرانيين
20- تفاسير رسالة يعقوب
21- تفاسير رسالة بطرس الأولى
22- تفاسير رسالة بطرس الثانية
23- تفاسير رسالة يوحنا الأولى
24- تفاسير رسالة يوحنا الثانية
25- تفاسير رسالة يوحنا الثالثة
26- تفاسير رسالة يهوذا
27- تفاسير سفر الرؤيا"
