book,chapter,verse,tafsir
حكمة سليمان,1,1,"خامسًا: سماته:
يظهر أن كاتبه على درجة عالية من العلم، ورقة
المشاعر، وبلاغة الأسلوب، ويتميز بالتقوى والروحانية.
الكاتب دارس للأسفار المقدسة، ويقتبس منها، ويضيف
إليها تأملات عميقة، وأفكار حكمية.
يستخدم الكاتب فنون البلاغة والإنشاء في أسلوب
أدبى رفيع المستوى. ويستخدم أحيانًا الموضوعات المتقابلة، أي المتضادة، مثل
الخير والشر، لتوضيح المعنى وتأكيده.
يقدم موضوعات حكمية مختلفة، وينهى كل موضوع بملخص
له، فهو كاتب منظم في تفكيره، يساعد القارئ على تجميع المعانى الموجودة في كل
موضوع.
يظهر الأسلوب دراية الكاتب بالفلسفات الوثنية
واليونانية.
يجسد السفر الحكمة، فيخاطبها كشخص، والمقصود
بالحكمة هي اللوغوس، أي الأقنوم الثاني الذي تجسد في ملء الزمان.
سادسًا:
العقائد:
يحوى السفر عقائد كثيرة نبين أهمها
هنا:
1- الله: فيظهر صفات كثيرة له مثل:
أ - عالم بكل شيء (حك 1: 6-10).
ب- خالق الإنسان على صورته (حك 2: 23). وخلقه بارًا
خالدًا، أما الموت فدخل إلى العالم بحسد إبليس (حك 1: 12-16؛ 2: 24).
حـ- الله هو مدبر العالم كله، ومصدر كل معرفة
وعلم (حك 7: 15-21).
د - الله وحده مصدر الفضائل، إليه نلتجئ بالصلاة
(حك 8: 21).
هـ- الله يبحث عن أولاده، ويعلن نفسه بسهولة وعمق
لمن يطلبه، ويتجاوب معه (حك 6: 13-17).
2- المسيح: يعلن السفر أن المسيح هو الله، وهو
الحكمة، فيقول:
أ - المسيح هو الله الذي له كل صفات الألوهية،
وروحه هو الروح القدس (حك 7: 22-23).
ب- المسيح واهب الخلود (حك 8: 13).
جـ- المسيح الأزلي خالق كل المخلوقات (حك 9: 9).
3- الروح القدس
أ - المسيح يرسل لنا الروح القدس واهب الحكمة
والمعرفة (حك 9: 17).
ب - الروح القدس موجود في كل مكان (حك 1: 7).
4- الضيقات:
يسمح بها الله لأولاده كامتحان مؤقت، ينالون بعده
ثواب عظيم (حك 3: 5).
سابعًا:
الليتورجيات:
نجد في طقوس الكنيسة اقتباسات مأخوذة من هذا
السفر نورد بعضها هنا:
1- القداس الإلهي:
فنرى في صلاة الصلح في القداس الباسيلى ""الموت
الذي دخل إلى العالم بحسد إبليس"" مأخوذ من (حك 2: 24).
2- الأجبية:
في قطع صلاة باكر يقول ""سبقت عيناى وقت السحر
لأتلو في جميع أقوالك"" مأخوذة من (حك 16: 28).
3- التسبحة:
نجد في لبش الهوس الأول ""العمق العميق صار مسلكًا
... وطريق غير مسلوكة مشوا عليها"" مأخوذة من (حك 19: 7-8).
4- البصخة:
تقرأ أجزاء من هذا السفر في الساعة السادسة من
إثنين البصخة (حك 1: 1-9)، الساعة الحادية عشر من ليلة الأربعاء (حك 7: 24-30)،
وباكر يوم الجمعة العظيمة (حك 2: 12-22).
←
وستجد
تفاسير أخرى
هنا في
ثامنًا:
الرموز:
توجد رموز كثيرة في هذا السفر من أهمها:
اضطهاد المسيح: اضطهاد الأشرار للبار هو رمز
لاضطهاد اليهود للمسيح البار (حك 2: 12-20).
المسيح الديان: الصديق الذي يعتبر الأشرار موته
هوانًا يدينهم في نهاية الأيام، هو رمز للمسيح الذي سيدين جميع الأشرار ببره في
الدينونة الأخيرة (حك 5: 1-5، 18-24).
البتولية: المكافأة السمائية للأطهار الذين ليس
لهم نسل، مثل العاقر والخصى ترمز للأمجاد السمائية التي ينالها البتوليون (حك 3: 13-15).
تاسعًا:
قانونيته:
1- سفر الحكمة ضمن الأسفار القانونية الثانية،
وتعترف بذلك الكنيسة الأرثوذوكسية والكاثوليكية، أما البروتستانت فرغم أنهم
يرفضونه، ويرفضون كل الأسفار القانونية الثانية، ولكنهم يعتبرونه كتابًا
عظيمًا، يحوى معانى روحية عميقة، ومكتوب ببلاغة عالية، كما شهد بذلك أحدهم، وهو
الدكتور سمعان كلهون كاتب كتاب ""مرشد الطالبين"".
ولإثبات قانونية هذه الأسفار نورد تاريخ جمعها،
وهو كما يلي:
أ - قام نحميا - في القرن الخامس قبل الميلاد -
بجمع الأسفار المقدسة التي كتبها الأنبياء، ورجال الله في مكتبة، بعد إرجاع
اليهود من السبي (2 مك2: 13). وهي تلك الأسفار التي رتبها عزرا الكاهن، ونُسبت
إليه في جمعها، وتشمل كل أسفار العهد القديم، فيما عدا الأسفار القانونية
الثانية.
ب - في القرن الثاني قبل الميلاد قام يهوذا
المكابى بجمع الأسفار التي كتبت بعد زمان عزرا ونحميا، التي لم يستطيعا الحصول
عليها في زمانهما؛ لأنها كانت مع بعض اليهود الذين كانوا قد تشتتوا في السبي،
وبهذا كملت الأسفار المقدسة. وهذه الأسفار الأخيرة التي جمعها يهوذا (2 مك2: 14)، هي ما تسمى بالأسفار القانونية الثانية، وهي ليست ثانية في مكانتها، بل
ثانية في زمان جمعها. وقد كانت الأسفار القانونية الثانية موجودة في أيدي
اليهود قبل ذلك بسنوات كثيرة، ولكن يهوذا جمعها، ورتبها، إذ أن الحقبة بين
نحميا ويهوذا كانت طويلة، وهي ثلاثة قرون. وقد اعترف بها اليهود وقتذاك كأسفار
قانونية.
ج- هاجر كثير من اليهود الذين كانوا في فلسطين إلى مصر؛ نتيجة اضطهاد السلوقيين لهم. وأراد بطليموس فيلادلفوس حاكم مصر ترجمة أسفار اليهود من العبرية إلى اليونانية، فاستدعى اثنين وسبعين شيخًا من اليهود، قاموا بترجمة الأسفار التي كانت بين أيدي اليهود، وَسُمِّيَت بالترجمة السبعينية،
وهي تحوى الأسفار القانونية الثانية.
د - واضح مما سبق أن اليهود قبلوا الأسفار
القانونية الثانية قبل مجئ المسيح، ولكن في العصر المسيحى، أي القرن الأول، وما
تلاه، اعتمد المسيحيون في إثبات أن يسوع المسيح هو المسيح المنتظر على الترجمة السبعينية لأسفار العهد القديم؛ لذا رفض اليهود الأسفار القانونية الثانية،
وتمسكوا بالنسخة القديمة التي كانت عندهم، والتي تنقصها هذه الأسفار.
هـ- قبلت الكنيسة الكتاب المقدس بما يحويه من
الأسفار القانونية الثانية، طوال القرون الماضية، حتى القرن السادس عشر، حين
قامت الثورة البروتستانتية، فرفضت هذه الأسفار، لا لأسباب عقيدية، ولكن رفضًا
منهم لكل ما تسلموه من الكنيسة الكاثوليكية، وعادوا إلى النسخة اليهودية
القديمة، واعتبروا الأسفار القانونية الثانية مجرد كتب قديمة، وضموها إلى كتب
الأبوكريفا، أي الكتب المخفية، والتي تحوى أساطير وخرافات، وهي كتب غير
قانونية.
و - الأسفار القانونية الثانية تشمل:
سفر طوبيا وترتيبه في الكتاب المقدس بعد
نحميا، ويشمل أربعة عشر إصحاحًا.
سفر يهوديت وترتيبه في الكتاب المقدس بعد سفر
طوبيا، ويشمل ستة عشر إصحاحًا.
تتمة سفر أستير، وترتيبه في الكتاب المقدس
مكمل لسفر أستير، ويشمل الإصحاحات من العاشر إلى السادس عشر.
سفر الحكمة لسليمان الملك، وترتيبه في
الكتاب المقدس بعد سفر نشيد الأنشاد، ويشمل تسعة عشر إصحاحًا.
سفر حكمة يشوع بن سيراخ، وترتيبه في
الكتاب المقدس بعد سفر الحكمة، ويشمل واحد وخمسين إصحاحًا.
سفر نبوة باروخ، وترتيبه في الكتاب المقدس
بعد سفر مراثى إرميا، ويشمل ستة إصحاحات.
تتمة سفر دانيال، وترتيبه في الكتاب
المقدس مكمل لسفر دانيال، ويشمل بقية الإصحاح الثالث وإصحاحين آخرين، هما
الأصحاح الثالث عشر والرابع عشر.
سفر المكابين الأول، وترتيبه في الكتاب
المقدس بعد سفر ملاخى، ويشمل ستة عشر إصحاحًا.
سفر المكابين الثاني، وترتيبه في الكتاب
المقدس بعد سفر المكابين الأول، ويشمل خمسة عشر إصحاحًا.
2- أقرت قوانين الرسل قانونية هذا السفر ضمن الأسفار
المقدسة في قانون 85.
3- أقرت المجامع الأولى قبل الانقسام قانونيته، مثل
مجمع ايبون عام 393 م، والذي حضره القديس أوغسطينوس، وكذلك مجمعى قرطاجنة الأول
والثانى عامى 397 م، 419 م.
4- أقرت المجامع الحديثة للكنيسة الكاثوليكية
قانونيته، مثل المجمع التريدنتينى 1546 م، ومجمع القسطنطينية عام 1642 م.
بالإضافة إلى مجمعى الكنيستين الأرثوذكسية والكاثوليكية عامى 1671 م، 1682 م.
5- الترجمة السبعينية، وقد حوت الترجمة على هذه
الأسفار، وعدتها في مرتبة واحدة مع الأسفار الأخرى، وكذلك الترجمات التي ظهرت
بعدها، وجمعها العلامة أوريجانوس، مثل ترجمة أكويله، وترجمة إبيماخوس.
6- شهد الآباء الأولون بقانونيته، واستشهدوا به في
كتاباتهم، وهم القديس إكليمندس الروماني، والقديس اكليمندس الإسكندري، والقديس
أوسابيوس القيصرى، والقديس إيريناؤس، والقديس ديوناسيوس الإسكندري، والبابا
أثناسيوس الرسولى، والقديس أبيفانيوس، والقديس ايرونيموس والقديس باسيليوس.
عاشرًا:
اقتباسات من الكتاب المقدس:
1- العهد القديم:
مما يؤكد قانونية هذا السفر اقتباساته من كتب
العهد القديم، مثل أشعياء والمزامير، وأسفار موسى، ويوجد به إشارات واضحة
للذبائح والتسابيح (حك 18: 9)، والبخور (حك 18: 21) والخيمة والمذبح والهيكل
(حك 9: 8).
2- العهد الجديد
اقتبست كتب العهد الجديد الكثير من هذا السفر،
فتشابهت المعانى مثل:
أ - (مت13: 43) و(حك 3: 7).
ب- (يو1: 1) و(حك 8: 3).
جـ- (يو1: 10) و(حك 9: 9).
د - (رو 1: 19-20) و(حك 13: 1).
هـ- (رو2: 4) و(حك 12: 10).
و - (أف6: 11-20) و(حك 5: 17-20).
الحادي عشر:
أقسامه:
يمكن تقسيم السفر إلى الأقسام التالية:
1- مكافأة الأبرار، ومصير الأشرار (حك 1-5).
يظهر هذا الجزء مقابلة بين مصير الأبرار،
والأشرار، ويدعو الأبرار إلى التمسك بالبر الذي يهبهم الخلود، ويثبت بهذا إيمان
الأبرار بالله أمام مقاومة الأشرار لهم. ويحوى هذا الجزء على ما يلي:
الأصحاح الأول: الله يكره
النفاق.
الأصحاح الثانى: إدعاءات
الأشرار وفسادهم.
الأصحاح الثالث: مصير الأبرار
والأشرار.
الأصحاح الرابع: البتولية
ومعنى الشيبة الصالحة.
الأصحاح الخامس: الأبرار
والأشرار في يوم الدينونة.
2- مفهوم الحكمة ومدحها (حك 6-9):
يمتدح سليمان الحكمة ويكشف عن طبيعتها وأنها عطية
الله، ويدعو الملوك الوثنيين إلى اتباعها. ويحوى هذا الجزء ما يلي:
الأصحاح السادس: الملوك
والحكمة.
الأصحاح السابع: عظمة الحكمة.
الأصحاح الثامن: تفوق الحكمة.
الأصحاح التاسع: صلاة سليمان
لطلب الحكمة.
3- مصدر الرحمة والرعاية والأبدية (حك 10-19)
يظهر لنا السفر أهمية هذه الحكمة من خلال سفر
الخروج، ومقابلة بين حال شعب الله، والمصريين. وينقسم هذا الجزء إلى ما يلي:
الأصحاح العاشر: عمل الحكمة من
آدم إلى الخروج من مصر.
الأصحاح الحادي عشر: ضربتا
النهر والضفادع.
الأصحاح الثاني عشر: الله يسعى
لخلاص الكل.
الأصحاح الثالث عشر إلى السادس
عشر: عبادة الأصنام ونتائجها.
الأصحاح السابع عشر إلى التاسع
عشر: ضربات الظلام وموت الأبكار وعبور البحر الأحمر.
ملحوظة:
يوضع هذا السفر في الكتاب
المقدس بعد سفر نشيد الأنشاد، وبعده يوضع سفر يشوع بن سيراخ، وهو أيضًا من
الأسفار القانونية الثانية، ثم سفر أشعياء.
يُرْمَز للسفر بهذين الحرفين (حك).
← تفاسير أصحاحات
حكمة:
مقدمة |
1 |
2 |
3 |
4 |
5 |
6 |
7 |
8 |
9 |
10 |
11 |
12 |
13 |
14 |
15 |
16 |
17 |
18 |
19
تفاسير أسفار الكتاب المقدس
1- تفاسير سفر التكوين
2- تفاسير سفر الخروج
3- تفاسير سفر اللاويين
4- تفاسير سفر العدد
5- تفاسير سفر التثنية
6- تفاسير سفر يشوع
7- تفاسير سفر القضاة
8- تفاسير سفر راعوث
9- تفاسير سفر صموئيل الأول
10- تفاسير سفر صموئيل الثاني
11- تفاسير سفر الملوك الأول
12- تفاسير سفر الملوك الثاني
13- تفاسير سفر أخبار الأيام الأول
14- تفاسير سفر أخبار الأيام الثاني
15- تفاسير سفر عزرا
16- تفاسير سفر نحميا
17- تفاسير سفر طوبيا
18- تفاسير سفر يهوديت
19- تفاسير سفر أستير + التتمة
20- تفاسير سفر أيوب
21- تفاسير سفر المزامير + مز 151
22- تفاسير سفر الأمثال
23- تفاسير سفر الجامعة
24- تفاسير سفر نشيد الأناشيد
25- تفاسير سفر الحكمة
26- تفاسير سفر يشوع بن سيراخ
27- تفاسير سفر إشعياء
28- تفاسير سفر إرميا
29- تفاسير سفر مراثي إرميا
30- تفاسير سفر نبوه باروخ
31- تفاسير سفر حزقيال
32- تفاسير سفر دانيال + التتمة
33- تفاسير سفر هوشع
34- تفاسير سفر يوئيل
35- تفاسير سفر عاموس
36- تفاسير سفر عوبديا
37- تفاسير سفر يونان
38- تفاسير سفر ميخا
39- تفاسير سفر ناحوم
40- تفاسير سفر حبقوق
41- تفاسير سفر صفنيا
42- تفاسير سفر حجي
43- تفاسير سفر زكريا
44- تفاسير سفر ملاخي
45- تفاسير سفر المكابيين الأول
46- تفاسير سفر المكابيين الثاني
1- تفاسير إنجيل متى
2- تفاسير إنجيل مرقس
3- تفاسير إنجيل لوقا
4- تفاسير إنجيل يوحنا
5- تفاسير سفر أعمال الرسل
6- تفاسير الرسالة إلى رومية
7- تفاسير رسالة كورنثوس الاولى
8- تفاسير كورنثوس الثانية
9- تفاسير الرسالة إلى أهل غلاطية
10- تفاسير الرسالة إلى أفسس
11- تفاسير الرسالة إلى فيلبي
12- تفاسير الرسالة إلى كولوسي
13- تفاسير تسالونيكي الأولى
14- تفاسير تسالونيكي الثانية
15- تفاسير رسالة تيموثاوس الأولى
16- تفاسير تيموثاوس الثانية
17- تفاسير الرسالة إلى تيطس
18- تفاسير الرسالة إلى فيلمون
19- تفاسير رسالة العبرانيين
20- تفاسير رسالة يعقوب
21- تفاسير رسالة بطرس الأولى
22- تفاسير رسالة بطرس الثانية
23- تفاسير رسالة يوحنا الأولى
24- تفاسير رسالة يوحنا الثانية
25- تفاسير رسالة يوحنا الثالثة
26- تفاسير رسالة يهوذا
27- تفاسير سفر الرؤيا"
حكمة سليمان,1,0,"(1:1): الله يكره النفاق
نلاحظ في الأصحاحات الخمس الأولى من هذا السفر
أنه يناقش فكرة مكافأة الأبرار ومصير الأشرار، ويظهر من خلالها أهمية الحكمة في
خلاص الأبرار، وفقدان الأشرار للحكمة.
(1)
مَنْ يتمتع بالله (ع1-5)
(2)
الله عالِم بكل شيء (ع6-8)
(3)
خطورة النفاق (ع9-11)
(4)
الموت للأشرار والخلود للأبرار
(ع12-16)
(1)
مَنْ يتمتع بالله (ع1-5):
1 أَحِبُّوا الْعَدْلَ، يَا قُضَاةَ الأَرْضِ،
وَاعْتَقِدُوا فِي الرَّبِّ خَيْرًا، وَالْتَمِسُوهُ بِقَلْبٍ سَلِيمٍ. 2 فَإِنَّمَا يَجِدُهُ الَّذِينَ لاَ يُجَرِّبُونَهُ، وَيَتَجَلَّى لِلَّذِينَ
لاَ يَكْفُرُونَ بِهِ. 3 لأَنَّ الأَفْكَارَ الزَّائِغَةَ تُقْصِي مِنَ اللهِ،
وَاخْتِبَارَ قُدْرَتِهِ يُثَقِّفُ الْجُهَّالَ. 4 إِنَّ الْحِكْمَةَ لاَ تَلِجُ
النَّفْسَ السَّاعِيَةَ بَالْمَكْرِ، وَلاَ تَحِلُّ فِي الْجَسَدِ
الْمُسْتَرَقِّ لِلْخَطِيَّةِ، 5 لأَنَّ رُوحَ التَّأْدِيبِ الْقُدُّوسَ
يَهْرُبُ مِنَ الْغِشِّ، وَيَتَحَوَّلُ عَنِ الأَفْكَارِ السَّفِيهَةِ،
وَيَنْهَزِمُ إِذَا حَضَرَ الإِثْمُ.
ع1: اعتقدوا:
فكروا.
""أحبوا العدل يا قضاة الأرض"":
قضاة الأرض هم الشيوخ والمسئولون، والقضاة في
المحاكم، وكل أب، وكل أم، وكل مسئول في أي مكان، وكل كاهن، وكل خادم، وكل من
يرعى غيره.
هذه الآية تعلن أمرًا إلهيًا، وهو محبة العدل.
والعدل هو الحق والبر. والمقصود أن يحب الناس، العدل، فيحيوا به، ثم يعلنوه لمن
حولهم، فيكونون قدوة لغيرهم، ثم صوت الله يسمعه الآخرون، وأخيرًا يفصلون في
المشاكل والأمور المختلفة.
""واعتقدوا في الرب خيرًا""
يأمر السفر أيضًا أن نفكر بالخير في الله؛ لأن
الله هو صانع الخيرات، ويتنافر مع الشر، فهو مصدر كل خير على الأرض.
إن رأى الإنسان أمرًا لا يفهمه من تصرفات الله،
فلا يندفع، ويحكم - بإيعاز من الشيطان - أن الله ظالم؛ لأن طبيعة الله الخير،
أما الشر، فهو طبيعة الشيطان. فالتجارب الصعبة قد يظن الإنسان فيها أن الله لا
يحبه، مع أنه بحكمة يسمح بها لخيره، كما يستخدم الطبيب الدواء المر لعلاج
المرضى، فينالون الشفاء.
""والتمسوه بقلب سليم""
الأمر الثالث في هذه الآية هو أن يلتمس، أو يطلب
الإنسان الله في كل احتياجاته ويلح عليه؛ لأنه لا يوجد من يحبه مثل الله، وفى
نفس الوقت هو قادر على كل شيء، فيستطيع أن يحقق له مطالبه، ويوفى احتياجاته.
الطلب من الله ينبغى أن يكون بقلب سليم، أي نقى،
ليس فيه شر، مثل الكبرياء، أو الإساءة للآخرين، فيكون بقلب يحب الله، ويحب
الناس، ويتضع أمام الله، فينال بركاته.
ع2: الله يود أن يظهر
نفسه لأولاده الذين يبحثون عنه، ويؤمنون به، ويطردون عنهم كل أفكار الشك، فلا
يجربونه، فيستطيعون أن يجدوه، أي يلمسون عمله في حياتهم، ويشعرون بوجوده معهم،
فيتمتعون بعشرته؛ لأن الذين يجربونه يفقدون إحساسهم به، ويحرمون من خيراته، كما
فعل بنو إسرائيل في برية سيناء، فلم يدخلوا أرض كنعان (عد14: 22-23).
الله يفرح أن يكشف نفسه، ويتجلى بوضوح لأولاده
الذين لا يرفضونه بالتذمر، والابتعاد عنه، والتعلق بالآلهة الأخرى، مثل المال،
والشهرة، والمركز ... فلا يكفرون به، بل يتمسكون به؛ حتى في الضيقات، فيتجلى
بوضوح أكبر في عمق الضيقة، كما ظهر للثلاث فتية في أتون النار، وليعقوب أب
الآباء الذي صارعه، فنال البركة (تك32: 24-28).
ع3: تقصى: تُبعد.
الأفكار الزائغة هي الأفكار الغريبة، المملوءة
مكرًا وخداعًا، وهي أفكار إبليس، التي يدسها للبشر، فتبعدهم عن الله. هو يعرض
أفكاره على الناس، ولا يجبرهم عليها، ولكنه بإغراءاته يجذبهم إلى أفكاره،
فيعتقدون أنها أفكارهم، وينشغلون بها، وبالعالم، ويتركون الله.
وعلى العكس، فاختبار قدرة الله ضابط الكل*،
وذلك من خلال التمسك بوصاياه، والرجوع إليه بالتوبة يجعل الجهال مثقفين الثقافة
الروحية، فيعرفون الله، ويسلكون باستقامة، كما تكبر نبوخذنصر ملك بابل، فعاقبه
الله ضابط الكل بسبع سنوات عاش فيها كالحيوان
(دا3: 25). وهكذا نرى أن الله ضابط الكل استخدم التأديب مع نبوخذنصر، فأعطاه
ثقافة روحية وأخرجه من جهله وهو الكبرياء، فرجع إلى الله.
ع4: تلج: تدخل.
المسترق: المستعبد.
تتكلم هذه الآية عن الحكمة كشخص؛ لأن الحكمة هي
الله الأقنوم الثاني، فالحكمة لا تدخل النفس التي تسعى في الشر، وتسلك مثل
إبليس بالخداع والمكر، والمقصود بالنفس هنا الروح التي تسلك باعوجاج، ولا تسير
بوصايا الله المستقيمة، وبالتالي لن تتمتع بحلول الله داخلها، ولا ببركاته من
حكمة وفهم سليم.
أيضًا الحكمة لا تقبل أن تحل في إنسان أسلم جسده
للشهوات الشريرة، وصار عبدًا للخطية؛ لأن الإنسان ينبغى أن يكون نقيًا؛ روحًا
وجسدًا؛ حتى يحل الله فيه، وقد أعلن المسيح في العهد الجديد: ""وقال طوبى
لأنقياء القلب؛ لأنهم يعاينون الله"" (مت5: 8).
ع5: السفيهة: التافهة والطائشة.
روح التأديب القدوس هو الروح القدس، الذي يهرب،
أى يتنافر ويبتعد عن الغش، أي عن كل إنسان يسلك بالخداع والغش؛ لأن الإنسان
الذي يسلك بالغش هو متباعد عن الله، ورافض له، وبالتالي لا يعمل فيه روح الله.
وإذا وجد روح الله إنسانًا يفكر في أفكار العالم
التافهة، والطائشة، لا يعمل فيه أيضًا؛ لأنه منغمس في العالم، ولا يريد أن يحيا
مع الله.
وإذا وجد روح الله الإنسان يعمل الإثم والخطية،
فيتوقف عمله أمام الشر، أي لا يعمل فيه روح الله؛ لأن الإنسان قد اختار الخطية
والإثم بدلًا من الخضوع لله.
ولذا فالعهد الجديد يحذرنا من رفض عمل الروح
القدس فيقول: ""لا تطفئوا الروح""
(1 تس5: 19)، وأيضًا ""لا تحزنوا الروح"" (أف4: 30).
† إن روح الله يريد أن يعمل فيك، وهو يحترم
حرية إرادتك، هو يقرع على باب قلبك، فافتح له؛ لأنه إن لم تفتح له، فلن يدخل.
وإذا سلكت في الشر بإصرار، فأنت تبعد الله عنك، وتسلم نفسك لإبليس. إن سقطت في
الخطية فتب سريعًا، واطلب معونة الله، فيعمل فيك بروحه القدوس، وينقذك من كل ما
سقطت.
←
وستجد
تفاسير أخرى
هنا في
(2)
الله عالِم بكل شيء (ع6-8):
6 إِنَّ رُوحَ الْحِكْمَةِ مُحِبٌّ لِلإِنْسَانِ؛
فَلاَ يُبَرِّئُ الْمُجَدِّفَ مِمَّا نَطَقَ، لأَنَّ اللهَ نَاظِرٌ
لِكُلْيَتَيْهِ وَرَقِيبٌ لِقَلْبِهِ لاَ يَغْفُلُ وَسَامِعٌ لِفَمِهِ.
7 لأَنَّ رُوحَ الرَّبِّ مَلأَ الْمَسْكُونَةَ،
وَوَاسِعَ الْكُلِّ عِنْدَهُ عِلْمُ كُلِّ كَلِمَةٍ.8 فَلِذلِكَ لاَ يَخْفَى عَلَيْهِ نَاطِقٌ بِسُوءٍ، وَلاَ يَنْجُو مِنَ
الْقَضَاءِ الْمُفْحِمِ،
ع6: يعلن الكتاب
المقدس محبة الله للإنسان ولخلاصه من كل شر؛ لذا فهو يلاحظ بدقة كلمات الإنسان
إذا أخطأ، فكل كلام شرير هو ضد الله وتجديف عليه، إذ يخرج الإنسان عن كونه صورة
الله. والله أيضًا يلاحظ قلبه ونياته الداخلية، وليس فقط فمه، فالله عالم
بكلمات الفم، ونيات القلب؛ حتى يقوده للتوبة، ويستعيد نقاوته، فيتمتع بأبوة
الله، ومحبته.
والخلاصة، أن روح الله يحب الإنسان البار ليمجده،
والإنسان الشرير؛ لينقيه بالتأديب؛ حتى يتوب، فيمجده أيضًا مع البار؛ لأن
المسيح صُلب على الصليب؛ لأجل تبرير الكل، عندما يؤمنون ويتوبون.
ع7: الله غير المحدود يملأ كل مكان وزمان
ويحتضن الكل، وهو يتخلل كل شيء، فعلمه كامل لكل ما بداخل البشر، وهذا معناه أن
الله يهتم بكل إنسان، فيبارك البار، ويجازي الأشرار.
ع8: المفحم: الذي تعجز أمامه كل حجة.
ينتج عن علم الله الكامل أمران:
يطمئن كل أولاد الله أنه ضابط الكل، ومحبته
تحوطهم في كل حين، فلا يضرهم شر العالم، إذ ""كل الأشياء تعمل معًا للخير للذين
يحبون الله"" (رو8: 28).
مخافة الله تصير أمام كل إنسان، فهو يراقب كل
شرورنا، ويجازى كل واحد عن أخطائه، وحكمة الله تفحم، أي تسكت كل إنسان، لأنها
حكمة كاملة، وتعاقب الخاطئ عن خطاياه بالضيق والتعب في هذه الحياة، ثم العذاب
الأبدي، وهذه المخافة تدعو الإنسان للتوبة ورفض الخطية.
† أشكر الله على
عطاياه، واسعى في عمل الخير. فالله لا ينسى تعب محبتك، وهو يراقب كل أفعالك
ليباركك، وإن اخطأت أسرع إلى التوبة، ليسامحك، ويبررك، فهو يحبك، وأعد لك
الملكوت.
(3)
خطورة النفاق (ع9-11):
9 لكِنْ سَيُفْحَصُ عَنْ أَفْكَارِ
الْمُنَافِقِ، وَكُلُّ مَا سُمِعَ مِنْ أَقْوَالِهِ يَبْلُغُ إِلَى الرَّبِّ
فَيُحْكَمُ عَلَى آثَامِهِ،10 لأَنَّ الأُذُنَ الْغَيْرَى تَسْمَعُ كُلَّ شَيْءٍ، وَصِيَاحُ
الْمُتَذَمِّرِينَ لاَ يَخْفَى عَلَيْهَا. 11 فَاحْتَرِزُوا مِنَ التَّذَمُّرِ
الَّذِي لاَ خَيْرَ فِيهِ، وَكُفُّوا أَلْسِنَتَكُمْ عَنِ الثَّلْبِ؛ فَإِنَّ
الْمَنْطُوقَ بِهِ فِي الْخُفْيَةِ لاَ يَذْهَبُ سُدًى، وَالْفَمَ الْكَاذِبَ
يَقْتُلُ النَّفْسَ.
ع9: ثم يتكلم عن
المنافق، أي الشرير، وفى ترجمة أخرى الكافر، أي الذن لا يؤمن بالله، فيتمادى في
خطاياه. فالمنافق هو الذي يظهر غير ما يبطن، ولكن يعلن الله ضابط الكل أن كل
أفكار المنافق الداخلية يفحصها، وكل أقواله التي يعلنها، أو يقولها خفية يسمعها
الله، وبالتالي سيجازيه عن أفكاره، وأقواله، وأعماله الشريرة.
ع10: الغيرى: التي تغار وهي من
الغيرة.
ويغار الله أيضًا على مجده (خر20: 5)، ويعلن
الكتاب المقدس غيرة الله على أولاده، مشبهًا الله بعريس يغار على عروسه، فيعلن
أن أذن الله التي تغار على أولاده تنصت باهتمام لكل كلامهم، ويظهر أن كلام
التذمر هو تذمر على الله، وليس فقط على الآخرين، أو الظروف المحيطة،وهو في أذن
الله كصياح عظيم، ويضايقه جدًا، إذ معناه تعلق قلوب أولاده بالعالم، وتحولهم
عنه، وهو أبوهم، وعريسهم الحقيقي.
ع11: احترزوا: احترسوا.
الثلب: الإدانة والنميمة.
سدى: بلا فائدة، أو مجازاة.
ويبين أن خطية التذمر هي من إبليس الشرير، وليس
فيها خير للإنسان. والتذمر يقود إلى الثلب، أي كلام الإدانة، الذي غالبًا ما
يقوله الإنسان في الخفاء، وهذه طبيعة الشر، أن لا يظهر في النور، بل يميل إلى
الظلام؛ حتى لا يحكم عليه. والتمادي في الإدانة يجعل الإنسان يختلق كلامًا غير
حقيقيٍ، أي أكاذيب، وهذه تعتبر خطية قتل، لمن ندينهم، وهذا ما يسمى بالقتل
الأدبى، أي الإساءة للآخرين، وقتل أنفسنا أيضًا، إذ تصير مظلمة، بعيدة عن كل
خير، فاقدة لله الذي هو الحياة.
† إن الله يناديكِ
يا نفسى، ليسكن فيكِ، ويملأكِ فرحًا، فتحبى الحياة، وكل إنسان، وتترفقى
بالجميع، وتلتمسى الأعذار للكل.
(4)
الموت للأشرار والخلود للأبرار (ع12-16):
12 لاَ تَغَارُوا عَلَى الْمَوْتِ فِي ضَلاَلِ
حَيَاتِكُمْ، وَلاَ تَجْلُبُوا عَلَيْكُمُ الْهَلاَكَ بِأَعْمَالِ أَيْدِيكُمْ،13 إِذْ لَيْسَ الْمَوْتُ مِنْ صُنْعِ اللهِ، وَلاَ هَلاَكُ الأَحْيَاءِ
يَسُرُّهُ. 14 لأَنَّهُ إِنَّمَا خَلَقَ الْجَمِيعَ لِلْبَقَاءِ؛ فَمَوَالِيدُ
الْعَالَمِ إِنَّمَا كُوِّنَتْ مُعَافَاةً، وَلَيْسَ فِيهَا سُمٌّ مُهْلِكٌ،
وَلاَ وِلاَيَةَ لِلْجَحِيمِ عَلَى الأَرْضِ، 15 لأَنَّ الْبِرَّ خَالِدٌ.16 لكِنَّ الْمُنَافِقِينَ هُمُ اسْتَدْعَوُا الْمَوْتَ بِأَيْدِيهِمْ
وَأَقْوَالِهِمْ. ظَنُّوهُ حَلِيفًا لَهُمْ فَاضْمَحَلُّوا، وَإِنَّمَا
عَاهَدُوهُ لأَنَّهُمْ أَهْلٌ أَنْ يَكُونُوا مِنْ حِزْبِهِ.
ع12: الغيرة على الموت
تشبه غيرة العريس على عروسه، فيسعى نحوها؛ ليحتفظ بها لنفسه، وليس لآخر، هكذا
من يغير على الموت، أي يسعى نحوه.
والسعى نحو الموت هو السعى وراء الخطية، التي
يكون نتيجتها الموت. وهذا السعى أيضًا يكون بالفكر، والمشاعر، والكلام، والعمل؛
هذه هي أعمال الضلال، التي تنهينا الآية عنها؛ لأننا أولاد الله، ونسعى في طريق
البر، وليس في طريق الضلال والموت.
هذا الضلال هو تصديق الشيطان الذي يشككنا في
الله، ويحسن الخطية في نظرنا، فنسقط فيها، ونهلك بفعل أيدينا.
ع13: لم يكن الموت هو تدبير
الله، وهدفه من خلقة الإنسان، إذ كان يريد أن يحيا الإنسان معه في الفردوس الأول،
ويتمتع بالبر، ولا يسقط في الخطية، ولكن سعى الإنسان نحو الخطية، وأكل من الشجرة،
فحكم عليه بالموت، كما يقول
القداس الغريغوري:
""أنا اختطفت لي قضية
الموت""، فلم يسر
الله بهلاك الإنسان، ودبر خلاصه بالفداء في ملء الزمان.
ع14: الله عندما خلق الإنسان خلقه للبقاء معه
إلى الأبد، وكونه نقيًا على صورته، ومعافى، وليس فيه سم الخطية المهلك، كما
يقول القديس باسيليوس في قداسه: ""الذى جبل الإنسان على غير فساد، ولم يكن
للجحيم سلطان، أو ولاية عليه، بل على العكس كان معدًا له أن يحيا فيه إلى الأبد
مع الله.
ع15، 16: حليفًا: مساندًا ومناصرًا.
إضمحلوا: فنوا وانتهوا.
الله خلق الإنسان بارًا ليخلد إلى الأبد، ولكن
الأشرار المنافقين سعوا نحو الخطية، وبالتالي استحقوا عقابها، وهو الموت، أي
أنهم استدعوا الموت، وطلبوه لانغماسهم في شهواتهم، وكلامهم الشرير.
وقد ظن الأشرار أن الشهوات، والموت الناتج عنها
سيسندهم، وينصرهم، ويريحهم، فلم يريحهم الموت، ولا الشهوات، بل أبعدتهم عن
الله، وصاروا في حزب، الشهوات والشر والهلاك الناتج عنهما.
من يتحالف مع الشيطان ظنًا منه أنه سيكسب شيئًا،
أو يستريح بالشهوات الشريرة، فإنه يحكم على نفسه بالهلاك مع الشيطان في العذاب
الأبدي.
يظهر من هاتين الآيتين، وما قبلهما أن الله يحترم
إرادة الإنسان، ولا يجبره أن يحيا معه في البر. فإن رفض الإنسان محبة الله،
وعطاياه حينئذ يكون قد اختار العذاب والهلاك لنفسه.
† هل رأيت يا أخى
كيف يحبك الله ويريدك أن تحيا معه إلى الأبد، والطريق لذلك هو البر، فلماذا تحب
الخطية التي نتيجتها الحتمية الموت؟ هل من الحكمة أن تحب الموت أكثر من الحياة
؟ وتحب الخطية أكثر من الله؟ أنت ابن الله، ولا تستريح في الخطية، مهما خدعتك
بلذتها، ففيها سم الموت. فإن سقطت قم سريعًا. إن أحضان أبيك السماوى مفتوحة لك
بالحب، فتستعيد مكانك مثل الابن الضال.
← تفاسير أصحاحات
حكمة:
مقدمة |
1 |
2 |
3 |
4 |
5 |
6 |
7 |
8 |
9 |
10 |
11 |
12 |
13 |
14 |
15 |
16 |
17 |
18 |
19
تفاسير أسفار الكتاب المقدس
1- تفاسير سفر التكوين
2- تفاسير سفر الخروج
3- تفاسير سفر اللاويين
4- تفاسير سفر العدد
5- تفاسير سفر التثنية
6- تفاسير سفر يشوع
7- تفاسير سفر القضاة
8- تفاسير سفر راعوث
9- تفاسير سفر صموئيل الأول
10- تفاسير سفر صموئيل الثاني
11- تفاسير سفر الملوك الأول
12- تفاسير سفر الملوك الثاني
13- تفاسير سفر أخبار الأيام الأول
14- تفاسير سفر أخبار الأيام الثاني
15- تفاسير سفر عزرا
16- تفاسير سفر نحميا
17- تفاسير سفر طوبيا
18- تفاسير سفر يهوديت
19- تفاسير سفر أستير + التتمة
20- تفاسير سفر أيوب
21- تفاسير سفر المزامير + مز 151
22- تفاسير سفر الأمثال
23- تفاسير سفر الجامعة
24- تفاسير سفر نشيد الأناشيد
25- تفاسير سفر الحكمة
26- تفاسير سفر يشوع بن سيراخ
27- تفاسير سفر إشعياء
28- تفاسير سفر إرميا
29- تفاسير سفر مراثي إرميا
30- تفاسير سفر نبوه باروخ
31- تفاسير سفر حزقيال
32- تفاسير سفر دانيال + التتمة
33- تفاسير سفر هوشع
34- تفاسير سفر يوئيل
35- تفاسير سفر عاموس
36- تفاسير سفر عوبديا
37- تفاسير سفر يونان
38- تفاسير سفر ميخا
39- تفاسير سفر ناحوم
40- تفاسير سفر حبقوق
41- تفاسير سفر صفنيا
42- تفاسير سفر حجي
43- تفاسير سفر زكريا
44- تفاسير سفر ملاخي
45- تفاسير سفر المكابيين الأول
46- تفاسير سفر المكابيين الثاني
1- تفاسير إنجيل متى
2- تفاسير إنجيل مرقس
3- تفاسير إنجيل لوقا
4- تفاسير إنجيل يوحنا
5- تفاسير سفر أعمال الرسل
6- تفاسير الرسالة إلى رومية
7- تفاسير رسالة كورنثوس الاولى
8- تفاسير كورنثوس الثانية
9- تفاسير الرسالة إلى أهل غلاطية
10- تفاسير الرسالة إلى أفسس
11- تفاسير الرسالة إلى فيلبي
12- تفاسير الرسالة إلى كولوسي
13- تفاسير تسالونيكي الأولى
14- تفاسير تسالونيكي الثانية
15- تفاسير رسالة تيموثاوس الأولى
16- تفاسير تيموثاوس الثانية
17- تفاسير الرسالة إلى تيطس
18- تفاسير الرسالة إلى فيلمون
19- تفاسير رسالة العبرانيين
20- تفاسير رسالة يعقوب
21- تفاسير رسالة بطرس الأولى
22- تفاسير رسالة بطرس الثانية
23- تفاسير رسالة يوحنا الأولى
24- تفاسير رسالة يوحنا الثانية
25- تفاسير رسالة يوحنا الثالثة
26- تفاسير رسالة يهوذا
27- تفاسير سفر الرؤيا"
حكمة سليمان,1,1,"(1:1): اعتقدوا:
فكروا.
""أحبوا العدل يا قضاة الأرض"":
قضاة الأرض هم الشيوخ والمسئولون، والقضاة في
المحاكم، وكل أب، وكل أم، وكل مسئول في أي مكان، وكل كاهن، وكل خادم، وكل من
يرعى غيره.
هذه الآية تعلن أمرًا إلهيًا، وهو محبة العدل.
والعدل هو الحق والبر. والمقصود أن يحب الناس، العدل، فيحيوا به، ثم يعلنوه لمن
حولهم، فيكونون قدوة لغيرهم، ثم صوت الله يسمعه الآخرون، وأخيرًا يفصلون في
المشاكل والأمور المختلفة.
""واعتقدوا في الرب خيرًا""
يأمر السفر أيضًا أن نفكر بالخير في الله؛ لأن
الله هو صانع الخيرات، ويتنافر مع الشر، فهو مصدر كل خير على الأرض.
إن رأى الإنسان أمرًا لا يفهمه من تصرفات الله،
فلا يندفع، ويحكم - بإيعاز من الشيطان - أن الله ظالم؛ لأن طبيعة الله الخير،
أما الشر، فهو طبيعة الشيطان. فالتجارب الصعبة قد يظن الإنسان فيها أن الله لا
يحبه، مع أنه بحكمة يسمح بها لخيره، كما يستخدم الطبيب الدواء المر لعلاج
المرضى، فينالون الشفاء.
""والتمسوه بقلب سليم""
الأمر الثالث في هذه الآية هو أن يلتمس، أو يطلب
الإنسان الله في كل احتياجاته ويلح عليه؛ لأنه لا يوجد من يحبه مثل الله، وفى
نفس الوقت هو قادر على كل شيء، فيستطيع أن يحقق له مطالبه، ويوفى احتياجاته.
الطلب من الله ينبغى أن يكون بقلب سليم، أي نقى،
ليس فيه شر، مثل الكبرياء، أو الإساءة للآخرين، فيكون بقلب يحب الله، ويحب
الناس، ويتضع أمام الله، فينال بركاته.
ع2:"
حكمة سليمان,1,2,"(1:2): الله يود أن يظهر
نفسه لأولاده الذين يبحثون عنه، ويؤمنون به، ويطردون عنهم كل أفكار الشك، فلا
يجربونه، فيستطيعون أن يجدوه، أي يلمسون عمله في حياتهم، ويشعرون بوجوده معهم،
فيتمتعون بعشرته؛ لأن الذين يجربونه يفقدون إحساسهم به، ويحرمون من خيراته، كما
فعل بنو إسرائيل في برية سيناء، فلم يدخلوا أرض كنعان (عد14: 22-23).
الله يفرح أن يكشف نفسه، ويتجلى بوضوح لأولاده
الذين لا يرفضونه بالتذمر، والابتعاد عنه، والتعلق بالآلهة الأخرى، مثل المال،
والشهرة، والمركز ... فلا يكفرون به، بل يتمسكون به؛ حتى في الضيقات، فيتجلى
بوضوح أكبر في عمق الضيقة، كما ظهر للثلاث فتية في أتون النار، وليعقوب أب
الآباء الذي صارعه، فنال البركة (تك32: 24-28).
ع3:"
حكمة سليمان,1,3,"(1:3): تقصى: تُبعد.
الأفكار الزائغة هي الأفكار الغريبة، المملوءة
مكرًا وخداعًا، وهي أفكار إبليس، التي يدسها للبشر، فتبعدهم عن الله. هو يعرض
أفكاره على الناس، ولا يجبرهم عليها، ولكنه بإغراءاته يجذبهم إلى أفكاره،
فيعتقدون أنها أفكارهم، وينشغلون بها، وبالعالم، ويتركون الله.
وعلى العكس، فاختبار قدرة الله ضابط الكل*،
وذلك من خلال التمسك بوصاياه، والرجوع إليه بالتوبة يجعل الجهال مثقفين الثقافة
الروحية، فيعرفون الله، ويسلكون باستقامة، كما تكبر نبوخذنصر ملك بابل، فعاقبه
الله ضابط الكل بسبع سنوات عاش فيها كالحيوان
(دا3: 25). وهكذا نرى أن الله ضابط الكل استخدم التأديب مع نبوخذنصر، فأعطاه
ثقافة روحية وأخرجه من جهله وهو الكبرياء، فرجع إلى الله.
ع4:"
حكمة سليمان,1,4,"(1:4): تلج: تدخل.
المسترق: المستعبد.
تتكلم هذه الآية عن الحكمة كشخص؛ لأن الحكمة هي
الله الأقنوم الثاني، فالحكمة لا تدخل النفس التي تسعى في الشر، وتسلك مثل
إبليس بالخداع والمكر، والمقصود بالنفس هنا الروح التي تسلك باعوجاج، ولا تسير
بوصايا الله المستقيمة، وبالتالي لن تتمتع بحلول الله داخلها، ولا ببركاته من
حكمة وفهم سليم.
أيضًا الحكمة لا تقبل أن تحل في إنسان أسلم جسده
للشهوات الشريرة، وصار عبدًا للخطية؛ لأن الإنسان ينبغى أن يكون نقيًا؛ روحًا
وجسدًا؛ حتى يحل الله فيه، وقد أعلن المسيح في العهد الجديد: ""وقال طوبى
لأنقياء القلب؛ لأنهم يعاينون الله"" (مت5: 8).
ع5:"
حكمة سليمان,1,5,"(1:5): السفيهة: التافهة والطائشة.
روح التأديب القدوس هو الروح القدس، الذي يهرب،
أى يتنافر ويبتعد عن الغش، أي عن كل إنسان يسلك بالخداع والغش؛ لأن الإنسان
الذي يسلك بالغش هو متباعد عن الله، ورافض له، وبالتالي لا يعمل فيه روح الله.
وإذا وجد روح الله إنسانًا يفكر في أفكار العالم
التافهة، والطائشة، لا يعمل فيه أيضًا؛ لأنه منغمس في العالم، ولا يريد أن يحيا
مع الله.
وإذا وجد روح الله الإنسان يعمل الإثم والخطية،
فيتوقف عمله أمام الشر، أي لا يعمل فيه روح الله؛ لأن الإنسان قد اختار الخطية
والإثم بدلًا من الخضوع لله.
ولذا فالعهد الجديد يحذرنا من رفض عمل الروح
القدس فيقول: ""لا تطفئوا الروح""
(1 تس5: 19)، وأيضًا ""لا تحزنوا الروح"" (أف4: 30).
† إن روح الله يريد أن يعمل فيك، وهو يحترم
حرية إرادتك، هو يقرع على باب قلبك، فافتح له؛ لأنه إن لم تفتح له، فلن يدخل.
وإذا سلكت في الشر بإصرار، فأنت تبعد الله عنك، وتسلم نفسك لإبليس. إن سقطت في
الخطية فتب سريعًا، واطلب معونة الله، فيعمل فيك بروحه القدوس، وينقذك من كل ما
سقطت.
←
وستجد
تفاسير أخرى
هنا في
(2)
الله عالِم بكل شيء (ع6-8):
6 إِنَّ رُوحَ الْحِكْمَةِ مُحِبٌّ لِلإِنْسَانِ؛
فَلاَ يُبَرِّئُ الْمُجَدِّفَ مِمَّا نَطَقَ، لأَنَّ اللهَ نَاظِرٌ
لِكُلْيَتَيْهِ وَرَقِيبٌ لِقَلْبِهِ لاَ يَغْفُلُ وَسَامِعٌ لِفَمِهِ.
7 لأَنَّ رُوحَ الرَّبِّ مَلأَ الْمَسْكُونَةَ،
وَوَاسِعَ الْكُلِّ عِنْدَهُ عِلْمُ كُلِّ كَلِمَةٍ.8 فَلِذلِكَ لاَ يَخْفَى عَلَيْهِ نَاطِقٌ بِسُوءٍ، وَلاَ يَنْجُو مِنَ
الْقَضَاءِ الْمُفْحِمِ،
ع6:"
حكمة سليمان,1,6,"(1:6): يعلن الكتاب
المقدس محبة الله للإنسان ولخلاصه من كل شر؛ لذا فهو يلاحظ بدقة كلمات الإنسان
إذا أخطأ، فكل كلام شرير هو ضد الله وتجديف عليه، إذ يخرج الإنسان عن كونه صورة
الله. والله أيضًا يلاحظ قلبه ونياته الداخلية، وليس فقط فمه، فالله عالم
بكلمات الفم، ونيات القلب؛ حتى يقوده للتوبة، ويستعيد نقاوته، فيتمتع بأبوة
الله، ومحبته.
والخلاصة، أن روح الله يحب الإنسان البار ليمجده،
والإنسان الشرير؛ لينقيه بالتأديب؛ حتى يتوب، فيمجده أيضًا مع البار؛ لأن
المسيح صُلب على الصليب؛ لأجل تبرير الكل، عندما يؤمنون ويتوبون.
ع7:"
حكمة سليمان,1,7,"(1:7): الله غير المحدود يملأ كل مكان وزمان
ويحتضن الكل، وهو يتخلل كل شيء، فعلمه كامل لكل ما بداخل البشر، وهذا معناه أن
الله يهتم بكل إنسان، فيبارك البار، ويجازي الأشرار.
ع8:"
حكمة سليمان,1,8,"(1:8): المفحم: الذي تعجز أمامه كل حجة.
ينتج عن علم الله الكامل أمران:
يطمئن كل أولاد الله أنه ضابط الكل، ومحبته
تحوطهم في كل حين، فلا يضرهم شر العالم، إذ ""كل الأشياء تعمل معًا للخير للذين
يحبون الله"" (رو8: 28).
مخافة الله تصير أمام كل إنسان، فهو يراقب كل
شرورنا، ويجازى كل واحد عن أخطائه، وحكمة الله تفحم، أي تسكت كل إنسان، لأنها
حكمة كاملة، وتعاقب الخاطئ عن خطاياه بالضيق والتعب في هذه الحياة، ثم العذاب
الأبدي، وهذه المخافة تدعو الإنسان للتوبة ورفض الخطية.
† أشكر الله على
عطاياه، واسعى في عمل الخير. فالله لا ينسى تعب محبتك، وهو يراقب كل أفعالك
ليباركك، وإن اخطأت أسرع إلى التوبة، ليسامحك، ويبررك، فهو يحبك، وأعد لك
الملكوت.
(3)
خطورة النفاق (ع9-11):
9 لكِنْ سَيُفْحَصُ عَنْ أَفْكَارِ
الْمُنَافِقِ، وَكُلُّ مَا سُمِعَ مِنْ أَقْوَالِهِ يَبْلُغُ إِلَى الرَّبِّ
فَيُحْكَمُ عَلَى آثَامِهِ،10 لأَنَّ الأُذُنَ الْغَيْرَى تَسْمَعُ كُلَّ شَيْءٍ، وَصِيَاحُ
الْمُتَذَمِّرِينَ لاَ يَخْفَى عَلَيْهَا. 11 فَاحْتَرِزُوا مِنَ التَّذَمُّرِ
الَّذِي لاَ خَيْرَ فِيهِ، وَكُفُّوا أَلْسِنَتَكُمْ عَنِ الثَّلْبِ؛ فَإِنَّ
الْمَنْطُوقَ بِهِ فِي الْخُفْيَةِ لاَ يَذْهَبُ سُدًى، وَالْفَمَ الْكَاذِبَ
يَقْتُلُ النَّفْسَ.
ع9:"
حكمة سليمان,1,9,"(1:9): ثم يتكلم عن
المنافق، أي الشرير، وفى ترجمة أخرى الكافر، أي الذن لا يؤمن بالله، فيتمادى في
خطاياه. فالمنافق هو الذي يظهر غير ما يبطن، ولكن يعلن الله ضابط الكل أن كل
أفكار المنافق الداخلية يفحصها، وكل أقواله التي يعلنها، أو يقولها خفية يسمعها
الله، وبالتالي سيجازيه عن أفكاره، وأقواله، وأعماله الشريرة.
ع10:"
حكمة سليمان,1,10,"(1:10): الغيرى: التي تغار وهي من
الغيرة.
ويغار الله أيضًا على مجده (خر20: 5)، ويعلن
الكتاب المقدس غيرة الله على أولاده، مشبهًا الله بعريس يغار على عروسه، فيعلن
أن أذن الله التي تغار على أولاده تنصت باهتمام لكل كلامهم، ويظهر أن كلام
التذمر هو تذمر على الله، وليس فقط على الآخرين، أو الظروف المحيطة،وهو في أذن
الله كصياح عظيم، ويضايقه جدًا، إذ معناه تعلق قلوب أولاده بالعالم، وتحولهم
عنه، وهو أبوهم، وعريسهم الحقيقي.
ع11:"
حكمة سليمان,1,11,"(1:11): احترزوا: احترسوا.
الثلب: الإدانة والنميمة.
سدى: بلا فائدة، أو مجازاة.
ويبين أن خطية التذمر هي من إبليس الشرير، وليس
فيها خير للإنسان. والتذمر يقود إلى الثلب، أي كلام الإدانة، الذي غالبًا ما
يقوله الإنسان في الخفاء، وهذه طبيعة الشر، أن لا يظهر في النور، بل يميل إلى
الظلام؛ حتى لا يحكم عليه. والتمادي في الإدانة يجعل الإنسان يختلق كلامًا غير
حقيقيٍ، أي أكاذيب، وهذه تعتبر خطية قتل، لمن ندينهم، وهذا ما يسمى بالقتل
الأدبى، أي الإساءة للآخرين، وقتل أنفسنا أيضًا، إذ تصير مظلمة، بعيدة عن كل
خير، فاقدة لله الذي هو الحياة.
† إن الله يناديكِ
يا نفسى، ليسكن فيكِ، ويملأكِ فرحًا، فتحبى الحياة، وكل إنسان، وتترفقى
بالجميع، وتلتمسى الأعذار للكل.
(4)
الموت للأشرار والخلود للأبرار (ع12-16):
12 لاَ تَغَارُوا عَلَى الْمَوْتِ فِي ضَلاَلِ
حَيَاتِكُمْ، وَلاَ تَجْلُبُوا عَلَيْكُمُ الْهَلاَكَ بِأَعْمَالِ أَيْدِيكُمْ،13 إِذْ لَيْسَ الْمَوْتُ مِنْ صُنْعِ اللهِ، وَلاَ هَلاَكُ الأَحْيَاءِ
يَسُرُّهُ. 14 لأَنَّهُ إِنَّمَا خَلَقَ الْجَمِيعَ لِلْبَقَاءِ؛ فَمَوَالِيدُ
الْعَالَمِ إِنَّمَا كُوِّنَتْ مُعَافَاةً، وَلَيْسَ فِيهَا سُمٌّ مُهْلِكٌ،
وَلاَ وِلاَيَةَ لِلْجَحِيمِ عَلَى الأَرْضِ، 15 لأَنَّ الْبِرَّ خَالِدٌ.16 لكِنَّ الْمُنَافِقِينَ هُمُ اسْتَدْعَوُا الْمَوْتَ بِأَيْدِيهِمْ
وَأَقْوَالِهِمْ. ظَنُّوهُ حَلِيفًا لَهُمْ فَاضْمَحَلُّوا، وَإِنَّمَا
عَاهَدُوهُ لأَنَّهُمْ أَهْلٌ أَنْ يَكُونُوا مِنْ حِزْبِهِ.
ع12:"
حكمة سليمان,1,12,"(1:12): الغيرة على الموت
تشبه غيرة العريس على عروسه، فيسعى نحوها؛ ليحتفظ بها لنفسه، وليس لآخر، هكذا
من يغير على الموت، أي يسعى نحوه.
والسعى نحو الموت هو السعى وراء الخطية، التي
يكون نتيجتها الموت. وهذا السعى أيضًا يكون بالفكر، والمشاعر، والكلام، والعمل؛
هذه هي أعمال الضلال، التي تنهينا الآية عنها؛ لأننا أولاد الله، ونسعى في طريق
البر، وليس في طريق الضلال والموت.
هذا الضلال هو تصديق الشيطان الذي يشككنا في
الله، ويحسن الخطية في نظرنا، فنسقط فيها، ونهلك بفعل أيدينا.
ع13:"
حكمة سليمان,1,13,"(1:13): لم يكن الموت هو تدبير
الله، وهدفه من خلقة الإنسان، إذ كان يريد أن يحيا الإنسان معه في الفردوس الأول،
ويتمتع بالبر، ولا يسقط في الخطية، ولكن سعى الإنسان نحو الخطية، وأكل من الشجرة،
فحكم عليه بالموت، كما يقول
القداس الغريغوري:
""أنا اختطفت لي قضية
الموت""، فلم يسر
الله بهلاك الإنسان، ودبر خلاصه بالفداء في ملء الزمان.
ع14:"
حكمة سليمان,1,14,"(1:14): الله عندما خلق الإنسان خلقه للبقاء معه
إلى الأبد، وكونه نقيًا على صورته، ومعافى، وليس فيه سم الخطية المهلك، كما
يقول القديس باسيليوس في قداسه: ""الذى جبل الإنسان على غير فساد، ولم يكن
للجحيم سلطان، أو ولاية عليه، بل على العكس كان معدًا له أن يحيا فيه إلى الأبد
مع الله.
ع15، 16: حليفًا: مساندًا ومناصرًا.
إضمحلوا: فنوا وانتهوا.
الله خلق الإنسان بارًا ليخلد إلى الأبد، ولكن
الأشرار المنافقين سعوا نحو الخطية، وبالتالي استحقوا عقابها، وهو الموت، أي
أنهم استدعوا الموت، وطلبوه لانغماسهم في شهواتهم، وكلامهم الشرير.
وقد ظن الأشرار أن الشهوات، والموت الناتج عنها
سيسندهم، وينصرهم، ويريحهم، فلم يريحهم الموت، ولا الشهوات، بل أبعدتهم عن
الله، وصاروا في حزب، الشهوات والشر والهلاك الناتج عنهما.
من يتحالف مع الشيطان ظنًا منه أنه سيكسب شيئًا،
أو يستريح بالشهوات الشريرة، فإنه يحكم على نفسه بالهلاك مع الشيطان في العذاب
الأبدي.
يظهر من هاتين الآيتين، وما قبلهما أن الله يحترم
إرادة الإنسان، ولا يجبره أن يحيا معه في البر. فإن رفض الإنسان محبة الله،
وعطاياه حينئذ يكون قد اختار العذاب والهلاك لنفسه.
† هل رأيت يا أخى
كيف يحبك الله ويريدك أن تحيا معه إلى الأبد، والطريق لذلك هو البر، فلماذا تحب
الخطية التي نتيجتها الحتمية الموت؟ هل من الحكمة أن تحب الموت أكثر من الحياة
؟ وتحب الخطية أكثر من الله؟ أنت ابن الله، ولا تستريح في الخطية، مهما خدعتك
بلذتها، ففيها سم الموت. فإن سقطت قم سريعًا. إن أحضان أبيك السماوى مفتوحة لك
بالحب، فتستعيد مكانك مثل الابن الضال.
← تفاسير أصحاحات
حكمة:
مقدمة |
1 |
2 |
3 |
4 |
5 |
6 |
7 |
8 |
9 |
10 |
11 |
12 |
13 |
14 |
15 |
16 |
17 |
18 |
19
تفاسير أسفار الكتاب المقدس
1- تفاسير سفر التكوين
2- تفاسير سفر الخروج
3- تفاسير سفر اللاويين
4- تفاسير سفر العدد
5- تفاسير سفر التثنية
6- تفاسير سفر يشوع
7- تفاسير سفر القضاة
8- تفاسير سفر راعوث
9- تفاسير سفر صموئيل الأول
10- تفاسير سفر صموئيل الثاني
11- تفاسير سفر الملوك الأول
12- تفاسير سفر الملوك الثاني
13- تفاسير سفر أخبار الأيام الأول
14- تفاسير سفر أخبار الأيام الثاني
15- تفاسير سفر عزرا
16- تفاسير سفر نحميا
17- تفاسير سفر طوبيا
18- تفاسير سفر يهوديت
19- تفاسير سفر أستير + التتمة
20- تفاسير سفر أيوب
21- تفاسير سفر المزامير + مز 151
22- تفاسير سفر الأمثال
23- تفاسير سفر الجامعة
24- تفاسير سفر نشيد الأناشيد
25- تفاسير سفر الحكمة
26- تفاسير سفر يشوع بن سيراخ
27- تفاسير سفر إشعياء
28- تفاسير سفر إرميا
29- تفاسير سفر مراثي إرميا
30- تفاسير سفر نبوه باروخ
31- تفاسير سفر حزقيال
32- تفاسير سفر دانيال + التتمة
33- تفاسير سفر هوشع
34- تفاسير سفر يوئيل
35- تفاسير سفر عاموس
36- تفاسير سفر عوبديا
37- تفاسير سفر يونان
38- تفاسير سفر ميخا
39- تفاسير سفر ناحوم
40- تفاسير سفر حبقوق
41- تفاسير سفر صفنيا
42- تفاسير سفر حجي
43- تفاسير سفر زكريا
44- تفاسير سفر ملاخي
45- تفاسير سفر المكابيين الأول
46- تفاسير سفر المكابيين الثاني
1- تفاسير إنجيل متى
2- تفاسير إنجيل مرقس
3- تفاسير إنجيل لوقا
4- تفاسير إنجيل يوحنا
5- تفاسير سفر أعمال الرسل
6- تفاسير الرسالة إلى رومية
7- تفاسير رسالة كورنثوس الاولى
8- تفاسير كورنثوس الثانية
9- تفاسير الرسالة إلى أهل غلاطية
10- تفاسير الرسالة إلى أفسس
11- تفاسير الرسالة إلى فيلبي
12- تفاسير الرسالة إلى كولوسي
13- تفاسير تسالونيكي الأولى
14- تفاسير تسالونيكي الثانية
15- تفاسير رسالة تيموثاوس الأولى
16- تفاسير تيموثاوس الثانية
17- تفاسير الرسالة إلى تيطس
18- تفاسير الرسالة إلى فيلمون
19- تفاسير رسالة العبرانيين
20- تفاسير رسالة يعقوب
21- تفاسير رسالة بطرس الأولى
22- تفاسير رسالة بطرس الثانية
23- تفاسير رسالة يوحنا الأولى
24- تفاسير رسالة يوحنا الثانية
25- تفاسير رسالة يوحنا الثالثة
26- تفاسير رسالة يهوذا
27- تفاسير سفر الرؤيا"
حكمة سليمان,2,0,"(2:1): ادعاءات الأشرار وفسادهم
(1)
العدم هو النهاية (ع1-5)
(2)
الانغماس في الشهوات (ع6-9)
(3)
ظلم الأشرار للبار (ع10-20)
(4) ضلال
الأشرار (ع21-25)
(1)
العدم هو النهاية (ع1-5):
1 فَإِنَّهُمْ بِزَيْغِ أَفْكَارِهِمْ قَالُوا فِي
أَنْفُسِهِمْ: «إِنَّ حَيَاتَنَا قَصِيرَةٌ شَقِيَّةٌ، وَلَيْسَ لِمَمَاتِ
الإِنْسَانِ مِنْ دَوَاءٍ، وَلَمْ يُعْلَمْ قَطُّ أَنَّ أَحَدًا رَجَعَ مِنَ
الْجَحِيمِ. 2 إِنَّا وُلِدْنَا اتِّفَاقًا، وَسَنَكُونُ مِنْ بَعْدُ كَأَنَّا
لَمْ نَكُنْ قَطُّ، لأَنَّ النَّسَمَةَ فِي آنَافِنَا دُخَانٌ، وَالنُّطْقَ
شَرَارَةٌ مِنْ حَرَكَةِ قُلُوبِنَا. 3 فَإِذَا انْطَفَأَتْ عَادَ الْجِسْمُ
رَمَادًا، وَانْحَلَّ الرُّوحُ كَنَسِيمٍ رَقِيقٍ، وَزَالَتْ حَيَاتُنَا
كَأَثَرِ غَمَامَةٍ، وَاضْمَحَلَّتْ مِثْلَ ضَبَابٍ يَسُوقُهُ شُعَاعُ
الشَّمْسِ، وَيَسْقُطُ بِحَرِّهَا، 4 وَبَعْدَ حِينٍ يُنْسَى اسْمُنَا، وَلاَ
يَذْكُرُ أَحَدٌ أَعْمَالَنَا. 5 إِنَّمَا حَيَاتُنَا ظِلٌّ يَمْضِي، وَلاَ
مَرْجِعَ لَنَا بَعْدَ الْمَوْتِ؛ لأَنَّهُ يُخْتَمُ عَلَيْنَا فَلاَ يَعُودُ
أَحَدٌ.
ع1: طرح سفر أيوب
تساؤلات كثيرة حول حياة الإنسان ونهايته، يجيب عليها سفر الحكمة، وخاصة في هذا
الأصحاح، فيوضح أن الأشرار قد رفضوا الله والرجوع إليه، وفكروا بعقلهم بعيدًا
عنه، فانحرفوا، وزاغوا عن الحق، فلم يروا إلا أن حياتهم فترة محدودة على الأرض،
مملوءة بالأحزان من التجارب والضيقات، وحاولوا إيقاف الموت بالبحث عن دواء له
فعجزوا، وتأكدوا من شقائهم.
وشك الأشرار أيضًا في كلام الله أن الأرواح تذهب
للجحيم، أو الهاوية بعد الموت (1 صم2: 6)؛ لأنه لم يعد أحد من الجحيم ليخبرهم
بعذابه هناك، وبالتالي نادوا بالانغماس في الشهوات في هذه الحياة؛ لعدم وجود
حياة أخرى بعد الموت، وهذا ما نادت به الفلسفة الأبيقورية التي تقول: ""لنأكل
ونشرب لأننا غدًا نموت.
ع2: اتفاقًا: مصادفة.
وتماديًا مع الفكر الإلحادي المنحرف عن الحق، ظن
الأشرار الذين لا يؤمنون بالله أنهم لم يخلقوا؛ لأن الله غير موجود في
اعتقادهم. ولكن يبقى السؤال من إذًا قد أوجدهم؟ فردوا على هذا بأنهم وجدوا
صدفة في هذا العالم، ثم تنتهي حياتهم إلى العدم، كأنهم لم يوجدوا.
وهذا كلام ضد العلم والمنطق، وليس فقط ضد الله،
إذ لا توجد المادة من العدم، ولا يمكن أن تتلاشى المادة إلى العدم، بل تتحلل
وتتغير صورتها فقط.
وقالوا: أن الروح التي فيهم ليست من الله، بل هي
دخان، ولكن من خلق الدخان؟ ليس عندهم إجابة، وقالوا: إن قوة الكلام التي على
ألسنتهم هي شرارة ناتجة من حركة قلوبهم. إذن من حرك قلوبهم، فأعطت شرارة؟ ليس
عندهم إجابة؛ لأن خالق ومحرك كل شيء هو الله، هو أوجدنا من العدم، وأعطانا القوة
للحركة، وبحكمته نظم أجسادنا وأرواحنا.
نفهم من كلام الأشرار أن حياة الإنسان دخان
وشرارة، أي زوال سريع وعابر، وبالتالي نادوا بالانغماس في الشهوات، ولكن عند
الأبرار هذا الأمر له معنى آخر، إذ أن يعقوب الرسول أكد هذا فشبه حياة الإنسان
بأنها ""بخار يظهر قليلًا ثم يضمحل"" (يع4: 14). واستنتج الأبرار من هذا بطلان
العالم، فزهدوا في الماديات، وتنازلوا عن الشهوات، وعاشوا في نسك وانشغال بمحبة
الله.
ع3، 4: وقالوا أن بموت الإنسان يتحول جسده
إلى رماد، وبهذا يصير عدمًا، ولكن نسألهم من خلق الرماد الذي هو أصل الجسم؟
ويقولون عن الروح أنها نسيم، أي تتحول إلى هواء، أو تصير كغمامة، أي ضباب،
يسوقها شعاع الشمس، ثم تتكثف بحرارة الشمس، وتتحول إلى ماء يسقط على الأرض،
فإذا افترضنا صحة كلامهم، يبقى السؤال من خلق هذا الهواء، أو الضباب، أو الماء
؟ إنه الله ليس غيره خالق كل شيء، بالإضافة إلى أن الجسد لا يتحول فقط إلى رماد،
بل إلى مواد غازية مختلفة، والروح لا تتحول إلى مادة، بل هي جسم روحي لا يُرى،
محفوظًا عند الله.
وقول الأشرار في هذه الآية أنه ""بعد حين ينسى
اسمنا ولا يذكر أحد أعمالنا"" ليس كلامًا صحيحًا، إذ أن الروح ستبقى، والجسد
سيجمعه الله في اليوم الأخير، ويتحول إلى جسم روحي. والله لن ينسى إسمنا، بل
سيحاسبنا في يوم الدينونة، ولكن كل هذه الحقائق التي أعلنها الله في الكتاب
المقدس يعجز عقل الإنسان المحدود أن يدركها وحده بعيدًا عن الله.
ع5: وبعد أن ادعى الأشرار أن حياتهم تُنسى
بعد موتهم، شبهوا حياتهم بظل يتحرك، ويختفى، ويختم عليها في النسيان، فلا توجد.
اعتمدت هذه الاستنتاجات على عقل الإنسان المحدود،
الذي ينسى مع الزمن، والذي لا يعرف كل الحقائق العلمية، بل ما زال يكتشف فيها
حتى الآن، وأمامه طريق طويل لا ينتهى من العلم.
والعقل أيضًا لا يستطيع أن يدرك عالم الروح. فهل
لعجزك أيها الإنسان تنكر ما لا تعرفه ولا تدركه؟ فمثلًا نظرك يرى في حدود
معينة، فما لا تراه لأنه بعيد، هل يصبح غير موجود على الأرض؟ أم تتحرك وتصل
إليه فتراه؟! وما لا تسمعه، هل هو غير موجود؟ بالطبع لا، ولكن إذا اقتربت
إليه ستسمعه، كذلك أيضًا عقلك إذا تدعم بالإيمان يستطيع أن يدرك أمورًا كثيرة.
ومن المنطق أن العقل المحدود لا يمكن أن يدرك الله خالقه غير المحدود، ولا كل
أعماله، إلا إذا خضع الإنسان لله، فينعم عليه بمعرفة إضافية عن طريق الإيمان.
إن كان الإيمان له كل هذه القدرات، فأعرف به نفسي
على حقيقتها، وأدرك به عالم الروح، بل أعرف به الله، فلماذا أرفض الإيمان؟
لماذا لا أهتم بوصايا الله، وأحيا معه، فينعم علىَّ بهذا الإيمان؟ خاصة أن روح
الله الذي فىّ يدعونى إلى الإيمان به، فأنا بطبيعتى منجذب نحو الله لأنى صورته.
† إن الإنسان إذا ابتعد عن الله لا يرى نفسه
إلا تافهًا عدمًا، أما في الله، فهو عظيم ورأس كل الخلائق، ومحبوب،وصديق لله بل
ابنه. فلماذا أيها الإنسان تترك كل هذا المجد؟ إنها كبرياءك، التي تفقدك
علاقتك بالله، فاتضع أمامه تستنير عيناك، وترى عظمتك، وتتمتع بمجدك فيه.
(2)
الانغماس في الشهوات (ع6-9):
6 فَتَعَالَوْا نَتَمَتَّعْ بِالطَّيِّبَاتِ
الْحَاضِرَةِ، وَنَبْتَدِرْ مَنَافِعَ الْوُجُودِ مَا دُمْنَا فِي
الشَّبِيبَةِ، 7 وَنَتَرَوَ مِنَ الْخَمْرِ الْفَاخِرَةِ، وَنَتَضَمَّخْ
بِالأَدْهَانِ، وَلاَ تَفُتْنَا زَهْرَةُ الأَوَانِ، 8 وَنَتَكَلَّلْ
بِالْوَرْدِ قَبْلَ ذُبُولِهِ، وَلاَ يَكُنْ مَرْجٌ إِلاَّ تَمُرُّ لَنَا فِيهِ
لَذَّةٌ. 9 وَلاَ يَكُنْ فِينَا مَنْ لاَ يَشْتَرِكُ فِي لَذَّاتِنَا،
وَلْنَتْرُكْ فِي كُلِّ مَكَانٍ آثَارَ الْفَرَحِ؛ فَإِنَّ هذَا حَظُّنَا
وَنَصيِبُنَا.
ع6: نبتدر:
نبادر: أي نسرع إلى الشئ ونبدأ به.
الشبيبة: الشباب.
وإذ نجح الشيطان في إقناع الأشرار بأن حياتهم
فترة قصيرة مملوءة بالشقاء تنتهي إلى العدم، قادهم بالتالى إلى محاولة الخروج
من الحزن بالانهماك في الماديات، والمبادرة والإسراع إلى لذة الشهوات الحسية،
فلم يروا العالم إلا مجموعة شهوات اشتعلوا بها، خاصة في وقت الشباب، حيث يزداد
اشتعال الشهوة، أما الله فقد انتفى من فكرهم.
ع7: نترو: ننطلق باشياق ونشرب
كثيرًا، أي نسكر.
نتضمخ: نتدهن، أي ندهن أجسادنا.
زهرة الآوان: وقت الشباب.
ولم يكتفوا بالأطعمة الطيبة، بل بحثوا عن الخمر
اللذيذة الفاخرة؛ ليشربوا منها بكثرة، ويسكروا، ويضعوا على أجسادهم أدهانً
وعطورًا بكميات كبيرة؛ حتى لا يفوت منهم فرصة التلذذ بالشهوات في ربيع حياتهم،
أو زهرة حياتهم التي هي الشباب، وهكذا يتم فيهم قول الكتاب المقدس: ""آلهتهم
بطونهم ومجدهم في خزيهم"" (فى3: 19).
ع8: مرج: حديقة واسعة.
ورغم علمهم أن الماديات زائلة، أسرعوا يتلذذون
بها، مثل لبس الورود على رؤوسهم وصدورهم، قبل أن تذبل وتصبح بلا نفع، وكان
الأولى بهم ألا يتعلقوا بالماديات؛ لأنها زائلة. بل على العكس أسرعوا ليزوروا
الحدائق الخضراء؛ ليتلذذوا بشهواتهم في كل أركانها.
ع9: وحتى لا ينتبهوا إلى اشتعالهم بالشهوات،
وانشغالهم بها، رفضوا اصطحاب أي إنسان يحاول تهدئة اندفاعهم الشهوانى، أي
أغلقوا على أنفسهم باب التوبة، وأعموا عيونهم بالماديات عن رؤية الله، إذ صارت
فرحتهم الوحيدة، ونصيبهم هو لذة الشهوات المادية، لأن إبليس نجح في إقناعهم
برفض الله وبالتالي لا داعى للجهاد الروحي وضبط الشهوات، أي لم لم يعد في
حياتهم الله، الذي يفرح قلوبهم، وبدأوا في البحث عن الفرح في شهوات العالم
الزائلة، والتي تؤدى بهم إلى الهلاك.
† عجيب الإنسان في اندفاعه بكبرياء وعناد،
غارقًا في شهواته، غير منتبه أنه بهذا قد صار عبدًا للخطية، يقوده إبليس بلا
مقاومة في طريق الشر. لا تقبلى يا نفسي شكوك إبليس، وتذمراته التي تجعل حياتك
سوداء محزنة، وتلغى وجود الله منها، إذ لن تحتملى هذا الحزن، وستصبحى فريسة
سهلة في يد إبليس، يحدرك إلى شهوات العالم الفاسدة، معللًا لكِ ذلك بأنها هي
الفرح والسعادة، والحل الوحيد لأحزانك. إنه كذاب وأبو الكذاب (يو8: 44)، فحياتك
ليست محزنة، بل إن رأيت الله وسط التجارب، ستنقلب التجربة إلى بركة وفرح، كما
رأى الثلاث فتية المسيح وسط الأتون، فتحولت النيران المحرقة إلى سور يحفظ
لقاءهم مع الله عن كل تشويش من البشر المحيطين بالأتون.
إن الطبيعة الجميلة والأطعمة اللذيذة، لذتها
الحقيقية أنها عطية من الله، يقدمها لكِ يا نفسى؛ لتشكرى عليها، فلا تغرقى
فيها، وتسيطر عليكِ، بل استخدميها بحكمة وشكر لله، فتفرحى فرحًا حقيقيًا. ولكن
الشباب هو فرصة لمعرفة الله ""فاذكر خالقك في أيام شبابك"" (جا12: 1). فافرحى يا
نفسى بالصلوات والتأملات في كل مكان، املأى الحقول والبرارى تسبيحًا، وفى كل
مكان اتركى آثار اللقاء الحلو مع الله.
←
وستجد
تفاسير أخرى
هنا في
(3)
ظلم الأشرار للبار (ع10-20):
10 لِنَجُرْ عَلَى الْفَقِيرِ الصِّدِّيقِ، وَلاَ
نُشْفِقْ عَلَى الأَرْمَلَةِ، وَلاَ نَهَبْ شَيْبَةَ الشَّيْخِ الْكَثِيرِ
الأَيَّامِ.11 وَلْتَكُنْ قُوَّتُنَا هِيَ شَرِيعَةَ الْعَدْلِ؛ فَإِنَّهُ مِنَ الثَّابِتِ
أَنَّ الضُّعْفَ لاَ يُغْنِي شَيْئًا. 12 وَلْنَكْمُنْ لِلصِّدِّيقِ؛ فَإِنَّهُ
ثَقِيلٌ عَلَيْنَا يُقَاوِمُ أَعْمَالَنَا، وَيُقَرِّعُنَا عَلَى
مُخَالَفَتِنَا لِلْنَّامُوسِ، وَيَفْضَحُ ذُنُوبَ سِيرَتِنَا. 13 يَزْعُمُ
أَنَّ عِنْدَهُ عَلِمَ اللهِ، وَيُسَمِّي نَفْسَهُ ابْنَ الرَّبِّ. 14 وَقَدْ
صَارَ لَنَا عَذُولًا حَتَّى عَلَى أَفْكَارِنَا. 15 بَلْ مَنْظَرُهُ ثَقِيلٌ
عَلَيْنَا، لأَنَّ سِيرَتَهُ تُخَالِفُ سِيرَةَ النَّاسِ، وَسُبُلَهُ تُبَايِنُ
سُبُلَهُمْ. 16 قَدْ حَسِبَنَا كَزُيُوفٍ؛ فَهُوَ يُجَانِبُ طُرُقَنَا
مُجَانَبَةَ الرِّجْسِ، وَيَغْبِطُ مَوْتَ الصِّدِّيقِينَ، وَيَتَبَاهَى
بِأَنَّ اللهَ أَبُوهُ. 17 فَلْنَنْظُرْ هَلْ أَقْوَالُهُ حَقٌّ؟ وَلْنَخْتَبِرْ
كَيْفَ تَكُونُ عَاقِبَتُهُ؟ 18 فَإِنَّهُ إِنْ كَانَ الصِّدِّيقُ ابْنَ اللهِ؛
فَهُوَ يَنْصُرُهُ وَيُنْقِذُهُ مِنْ أَيْدِي مُقَاوِمِيهِ.19 فَلْنَمْتَحِنْهُ بِالشَّتْمِ وَالْعَذَابِ، حَتَّى نَعْلَمَ حِلْمَهُ
وَنَخْتَبِرَ صَبْرَهُ، 20 وَلْنَقْضِ عَلَيْهِ بِأَقْبَحِ مِيْتَةٍ؛ فَإِنَّهُ
سَيُفْتَقَدُ كَمَا يَزْعُمُ.
ع10: نجر: نظلم
ونتعدى ونغتصب.
لا نهب: لا نخاف ولا نحترم.
ولما انهمكوا في شهواتهم الشريرة، ازدادت
أنانيتهم حتى أخذوا حقوق الفقير والأرملة والشيخ العجوز؛ لأنهم فقدوا إحساس
الحب والرحمة، فظلموا ليس فقط الأشخاص العاديين، بل حتى الفقير في قوته
الضرورى، والأرملة التي ليس لها سند، والعجوز والضعيف.
فلإنغماس الأشرار في الشهوات - كما ظهر في الآيات
السابقة - أصبحت قلوبهم قاسية، فلم يشفقوا على الضعفاء فظلموهم، ولاعتقادهم
بعدم وجود حياة أخرى، انتهزوا فرصة هذه الحياة، ليشبعوا شهواتهم على حساب كل من
حولهم، مع أن الله أوصى أن نهتم بهؤلاء الضعفاء (تث10: 18).
ع11: وبعدما تمادوا في الشهوة والأنانية،
برروا تصرفاتهم الخاطئة، فأعلنوا أن القوة والظلم، واستغلال الآخرين هي شريعة
العدل، أما كل المبادئ والقيم فقد ضاعت؛ لأنهم انفصلوا عن الله، ورفضوه،
وهومصدر كل المثل والقيم. ويظهر من هذا انحرافهم عن الحق، وضلالهم، فالقوه ليست
شريعة العدل، بل شريعة الغاب، أي بين الحيوانات، وليس البشر، ولا تفيد القوة
إلا في إنصاف المظلومين، وإنقاذهم من أيدي الأشرار.
ع12: نكمن: نختبئ للإيقاع بأحد.
الصديق: البار أو القديس.
يقرعنا: يبكتنا كأنه يضربنا.
ولم يكتفِ الأشرار بالانهماك في الشهوة
والأنانية، فلم يشعروا بالفقراء والضعفاء، بل تضايقوا بالأكثر من الأبرار، ورغم
أنهم فقراء لم يكتفوا بظلمهم، بل حاولوا الإيقاع بهم في مكائد مختلفة. لماذا كل
هذا؟ لأن سلوك الأبرار فضح، وأظهر فساد شرهم. وكذلك قاوم الأشرار الأبرار،
عندما رفضوا الاشتراك معهم في أخطائهم، بل وبخ الأبرار الأشرار على مخالفتهم
لوصايا الله. فصار البار ثقيلًا على الأشرار؛ لأنه دون أن يشعر، ببره يوبخ
أفكارهم الشريرة، وبدلًا من أن يتركوها، تضايقوا منه، وأساءوا إليه.
ع13: يزعم: يدعى.
ويواصل الأشرار ضيقهم من البار، فيتهمونه بأنه
يدعى أن عنده علم الله، بل يسمى نفسه ابن الرب. هذه وجهة نظر الأشرار، ولكنها
حقيقة أن البار يعلم وصايا الله، وهو ابن الله؛ لأنه يحيا معه. ومن ناحية أخرى،
هذه الآية هي نبوة واضحة عن ربنا يسوع المسيح الصديق، الذي تعاليمه وبخت الكتبة
والفريسيين، وكذا جميع الأشرار، وأعلن نفسه أنه ابن الله (يو5: 18)، وهو حقًا
يعلم كل شئ؛ لأنه هو الله.
ع14، 15: عذولًا: مبكتًا، ولائمًا.
تباين: تخالف وتباعد.
لم يحتمل الأشرار منظر البار، وأصبح ثقيلًا عليهم
جدًا رؤيته؛ لأن سلوكه بالبر اختلف تمامًا عن سلوكهم الشرير، إذ أن كلامه،
وأعماله النقية أصبحت تبكت الأشرار على أخطائهم، حتى دون أن يكلمهم. وهذا ما
حدث مع المسيح، الذي في نقاوته وعلمه بكت أفكار اليهود الشريرة وفضحها (مت9: 4)، فلم يحتملوا رؤيته، وقاموا وصلبوه.
ع16: زيوف: مزيفين، أي مغشوشين وبلا قيمة.
يجانب: يأخذ جانبًا، أي يتباعد.
رجس: قذر وقبيح.
يغبط: يفرح ويطوب.
إدعى الأشرار أن البار يعتبرهم مزيفين، وكاذبين،
ولذا تباعد عن طرقهم، وتصرفاتهم، كمن يبتعد عن أي شيء نجس وشرير.
وأيضًا قالوا أن البار يطوب ويفرح لموت الصديقين،
إذ أنهم في نظره ينتقلون إلى حياة أفضل مع الله في السماء، ويفتخر البار أيضًا
بأن الله أبوه؛ لأنه ابن الله كما ذكر في (ع13).
هذا ما قاله الأشرار عن البار، وإن كان البار لم
يحتقرهم، لكنه انشغل بطريق الله، وتباعد عن الشر. فهم مغتاظون؛ لأن بره يكشف
شرهم، ولا يريدون أن يؤمنوا بأنه الله، وابن الله؛ لأن النبوة واضحة في هذه
الآيات عن المسيح، فالبار هو المسيح، وكلمات هذه الآية هي التي قالها اليهود عن
المسيح إذ تضايقوا أنه قال أنه ابن الله ومعادلًا لله (يو5: 18).
ع17، 18: عاقبته: نهايته.
ولأن الأشرار آمنوا أن القوة المادية هي شريعة
هذا العالم، واستهانوا بكل الأخلاق والمبادئ والمثل، معتقدين بعدم وجود حياة
أخرى، زادوا من إساءاتهم نحو البار؛ ليعلنوا أنهم أقوى منه، ولا يوجد إله، وإلا
كان ينصر البار عليهم، غير عالمين أن البار يحتمل كل هذا؛ لينال مجازاة في
السماء. إن الله قادر أن ينصره ليس فقط في السماء، بل وعلى الأرض أيضًا. وهذا
ما حدث في معجزات كثيرة مع الشهداء والقديسين، ولكن الأشرار، لكبريائهم، نسبوا
المعجزات للسحر وللذكاء، ورفضوا الإيمان بالله.
هاتان الآيتان أيضا تتكلمان ليس عن الإنسان البار
فقط، بل هما نبوة عن المسيح الذي تألم من أجلنا، وقام عليه الأشرار وصلبوه،
وقالوا: ""إن كنت ابن الله، فانزل عن الصليب"" (مت27: 40).
ع19، 20: حلمه: طول أناته.
وفى تمادى الأشرار في إساءاتهم نحو البار أرادوا
أن يخرجوه عن صبره؛ ليرد عليهم، فيكون شريرًا مثلهم، وهددوا بقتله بأشنع ميتة؛
ليترك بره، وينقاد لشرورهم.
إن هذا الكلام واضح عن المسيح البار، الذي أثار
الشيطان اليهود عليه، فاستهانوا به (لو23: 35)، وعندما قبضوا عليه شتموه،
وضربوه، وجلدوه، وقالوا عندما صرخ ""إلهى إلهي لماذا تركتنى"". هل يأتي الله
وينقذه؟ (مت27: 43). إنها نبوات واضحة عن المسيح تحققت بالتفصيل، وانتصر
المسيح في النهاية على الشيطان، وبموته داس الموت، إذ فدى البشرية كلها، وقام
ليقيمنا فيه.
† لا تنزعج من اضطهاد الناس لبرك؛ لأن البر
يكشف أخطاءهم. وما دام البر يثير إبليس، فتمسك به، واثقًا من قوة الله التي
تساندك. والمسيح مثال لك في احتمال الآلام، والثبات في الإيمان؛ حتى تنال
النصرة، وتُكلل في النهاية.
(4)
ضلال الأشرار (ع21-25):
21 هذَا مَا ارْتَأَوْهُ فَضَلُّوا؛ لأَنَّ
شَرَّهُمْ أَعْمَاهُمْ، 22 فَلَمْ يُدْرِكُوا أَسْرَارَ اللهِ، وَلَمْ يُرَجُّوا
جَزَاءَ الْقَدَاسَةِ، وَلَمْ يَعْتَبِرُوا ثَوَابَ النُّفُوسِ الطَّاهِرَةِ. 23 فَإِنَّ اللهَ خَلَقَ الإِنْسَانَ خَالِدًا، وَصَنَعَهُ عَلَى صُورَةِ
ذَاتِهِ، 24 لكِنْ بِحَسَدِ إِبْلِيسَ دَخَلَ الْمَوْتُ إِلَى الْعَالَمِ، 25 فَيَذُوقُهُ الَّذِينَ هُمْ مِنْ حِزْبِهِ.
ع21، 22: إرتأوه:
رأوه.
يعتبروا: يقدروا.
والخلاصة، أن هؤلاء الأشرار، في اندفاعهم، وثقوا
في آرائهم الخاطئة، مع أنهم عميان عن الحق، ولكن كبرياءهم منعهم من مراجعة
أنفسهم، فثبتوا في الجهل والضلال والعمى الروحي، وتوغلهم في الشر أعماهم عن
رؤية حكمة الله (لم يدركوا أسرار الله) في طول أناته؛ ليعطيهم فرصة للتوبة،
وكيف يزكى الأبرار باحتمالهم الآلام؛ لينالوا أكاليل مجد في السماء (لم يرجوا
جزاء القداسة). ولم يدركوا قوة الله الباطنية، التي تعمل في أولاده، فتعطيهم
سلامًا داخل الضيقات، بل إحساسًا بمعيته، فيفرحون فرحًا عظيمًا (لم يعتبروا
ثواب النفوس الطاهرة).
ع23-25: لم يفهم الأشرار الحقيقة الإلهية
الثابتة أن الله خالد، وخلق الإنسان على صورته خالدًا. وبالتالي، فالموت دخيل
على حياة الإنسان نتيجة الخطية، إذ حسد الشيطان الإنسان، ودبر له مكيدة عن طريق
الحية، فسقط، واستحق الموت، ولكن إذا عاد الإنسان بالتوبة إلى الله لا يكون
للموت سلطان عليه، ويظل يتمتع بخلوده ونعيمه مع الله، أما من يصر على الشر، فهو
من حزب إبليس، ويستحق ليس موت الجسد فقط، بل الموت الأبدي، أي العذاب الأبدي.
ويلاحظ أن القداس الباسيلى أخذ من هذه الكلمات،
فيقول في صلاة الصلح: ""الموت الذي دخل إلى العالم بحسد إبليس""، وهذا يثبت
قانونية هذا السفر، إذ اقتبس منه القداس.
† هل رأيت يا نفسي خطورة التمادي في الخطية،
إنها تفقدك القدرة على الرؤيا، فتزدادين في الشر، الذي يقودك للهلاك.أسرعى
للتوبة؛ لتفتح عيناكِ، فترجعين للطريق المستقيم، بل وتكتشفين أسرار الله، فيما
أعد لكِ من أمجاد في السماء، وتستهينين بلذات الشهوات الشريرة، وتصبح مرارة في
حلقكِ أمام حلاوة الحياة الأبدية. بل ثقى أيضًا يا نفسي أن الله سيشعرك بوجوده؛
لتكملى توبتك، وتتعلقى بحبه، وتتمتعى بعشرته، فترفضى مخالطة الأشرار، وتتحمسى
لحياة البر، فتزداد سعادتك. ليس لك عدو يا نفسي إلا الشيطان الذي يريد أن يضمك
إلى حزبه، ولكنه مخادع لا يعلن اسمه، ولا حزبه، ولا النتيجة الحتمية لكل من
يتبعه، وهي الهلاك، بل يجذبك باللذات الحسية، ويتيه عقلك بالشكوك في البر
والحياة مع الله، ويقودك مع أغلبية العالم التائه في شروره، لتخسرى الحياة في
المسيح، إنه بلا سلطان عليك إلا إذا خضعت له. قومى الآن سريعًا، فباب التوبة هو
نجاتك من الهلاك، وسر الاعتراف ينتظرك في الكنيسة؛ ليمتعك بالنقاوة وعشرة الله.
← تفاسير أصحاحات
حكمة:
مقدمة |
1 |
2 |
3 |
4 |
5 |
6 |
7 |
8 |
9 |
10 |
11 |
12 |
13 |
14 |
15 |
16 |
17 |
18 |
19
تفاسير أسفار الكتاب المقدس
1- تفاسير سفر التكوين
2- تفاسير سفر الخروج
3- تفاسير سفر اللاويين
4- تفاسير سفر العدد
5- تفاسير سفر التثنية
6- تفاسير سفر يشوع
7- تفاسير سفر القضاة
8- تفاسير سفر راعوث
9- تفاسير سفر صموئيل الأول
10- تفاسير سفر صموئيل الثاني
11- تفاسير سفر الملوك الأول
12- تفاسير سفر الملوك الثاني
13- تفاسير سفر أخبار الأيام الأول
14- تفاسير سفر أخبار الأيام الثاني
15- تفاسير سفر عزرا
16- تفاسير سفر نحميا
17- تفاسير سفر طوبيا
18- تفاسير سفر يهوديت
19- تفاسير سفر أستير + التتمة
20- تفاسير سفر أيوب
21- تفاسير سفر المزامير + مز 151
22- تفاسير سفر الأمثال
23- تفاسير سفر الجامعة
24- تفاسير سفر نشيد الأناشيد
25- تفاسير سفر الحكمة
26- تفاسير سفر يشوع بن سيراخ
27- تفاسير سفر إشعياء
28- تفاسير سفر إرميا
29- تفاسير سفر مراثي إرميا
30- تفاسير سفر نبوه باروخ
31- تفاسير سفر حزقيال
32- تفاسير سفر دانيال + التتمة
33- تفاسير سفر هوشع
34- تفاسير سفر يوئيل
35- تفاسير سفر عاموس
36- تفاسير سفر عوبديا
37- تفاسير سفر يونان
38- تفاسير سفر ميخا
39- تفاسير سفر ناحوم
40- تفاسير سفر حبقوق
41- تفاسير سفر صفنيا
42- تفاسير سفر حجي
43- تفاسير سفر زكريا
44- تفاسير سفر ملاخي
45- تفاسير سفر المكابيين الأول
46- تفاسير سفر المكابيين الثاني
1- تفاسير إنجيل متى
2- تفاسير إنجيل مرقس
3- تفاسير إنجيل لوقا
4- تفاسير إنجيل يوحنا
5- تفاسير سفر أعمال الرسل
6- تفاسير الرسالة إلى رومية
7- تفاسير رسالة كورنثوس الاولى
8- تفاسير كورنثوس الثانية
9- تفاسير الرسالة إلى أهل غلاطية
10- تفاسير الرسالة إلى أفسس
11- تفاسير الرسالة إلى فيلبي
12- تفاسير الرسالة إلى كولوسي
13- تفاسير تسالونيكي الأولى
14- تفاسير تسالونيكي الثانية
15- تفاسير رسالة تيموثاوس الأولى
16- تفاسير تيموثاوس الثانية
17- تفاسير الرسالة إلى تيطس
18- تفاسير الرسالة إلى فيلمون
19- تفاسير رسالة العبرانيين
20- تفاسير رسالة يعقوب
21- تفاسير رسالة بطرس الأولى
22- تفاسير رسالة بطرس الثانية
23- تفاسير رسالة يوحنا الأولى
24- تفاسير رسالة يوحنا الثانية
25- تفاسير رسالة يوحنا الثالثة
26- تفاسير رسالة يهوذا
27- تفاسير سفر الرؤيا"
حكمة سليمان,2,1,"(2:1): طرح سفر أيوب
تساؤلات كثيرة حول حياة الإنسان ونهايته، يجيب عليها سفر الحكمة، وخاصة في هذا
الأصحاح، فيوضح أن الأشرار قد رفضوا الله والرجوع إليه، وفكروا بعقلهم بعيدًا
عنه، فانحرفوا، وزاغوا عن الحق، فلم يروا إلا أن حياتهم فترة محدودة على الأرض،
مملوءة بالأحزان من التجارب والضيقات، وحاولوا إيقاف الموت بالبحث عن دواء له
فعجزوا، وتأكدوا من شقائهم.
وشك الأشرار أيضًا في كلام الله أن الأرواح تذهب
للجحيم، أو الهاوية بعد الموت (1 صم2: 6)؛ لأنه لم يعد أحد من الجحيم ليخبرهم
بعذابه هناك، وبالتالي نادوا بالانغماس في الشهوات في هذه الحياة؛ لعدم وجود
حياة أخرى بعد الموت، وهذا ما نادت به الفلسفة الأبيقورية التي تقول: ""لنأكل
ونشرب لأننا غدًا نموت.
ع2:"
حكمة سليمان,2,2,"(2:2): اتفاقًا: مصادفة.
وتماديًا مع الفكر الإلحادي المنحرف عن الحق، ظن
الأشرار الذين لا يؤمنون بالله أنهم لم يخلقوا؛ لأن الله غير موجود في
اعتقادهم. ولكن يبقى السؤال من إذًا قد أوجدهم؟ فردوا على هذا بأنهم وجدوا
صدفة في هذا العالم، ثم تنتهي حياتهم إلى العدم، كأنهم لم يوجدوا.
وهذا كلام ضد العلم والمنطق، وليس فقط ضد الله،
إذ لا توجد المادة من العدم، ولا يمكن أن تتلاشى المادة إلى العدم، بل تتحلل
وتتغير صورتها فقط.
وقالوا: أن الروح التي فيهم ليست من الله، بل هي
دخان، ولكن من خلق الدخان؟ ليس عندهم إجابة، وقالوا: إن قوة الكلام التي على
ألسنتهم هي شرارة ناتجة من حركة قلوبهم. إذن من حرك قلوبهم، فأعطت شرارة؟ ليس
عندهم إجابة؛ لأن خالق ومحرك كل شيء هو الله، هو أوجدنا من العدم، وأعطانا القوة
للحركة، وبحكمته نظم أجسادنا وأرواحنا.
نفهم من كلام الأشرار أن حياة الإنسان دخان
وشرارة، أي زوال سريع وعابر، وبالتالي نادوا بالانغماس في الشهوات، ولكن عند
الأبرار هذا الأمر له معنى آخر، إذ أن يعقوب الرسول أكد هذا فشبه حياة الإنسان
بأنها ""بخار يظهر قليلًا ثم يضمحل"" (يع4: 14). واستنتج الأبرار من هذا بطلان
العالم، فزهدوا في الماديات، وتنازلوا عن الشهوات، وعاشوا في نسك وانشغال بمحبة
الله.
ع3، 4: وقالوا أن بموت الإنسان يتحول جسده
إلى رماد، وبهذا يصير عدمًا، ولكن نسألهم من خلق الرماد الذي هو أصل الجسم؟
ويقولون عن الروح أنها نسيم، أي تتحول إلى هواء، أو تصير كغمامة، أي ضباب،
يسوقها شعاع الشمس، ثم تتكثف بحرارة الشمس، وتتحول إلى ماء يسقط على الأرض،
فإذا افترضنا صحة كلامهم، يبقى السؤال من خلق هذا الهواء، أو الضباب، أو الماء
؟ إنه الله ليس غيره خالق كل شيء، بالإضافة إلى أن الجسد لا يتحول فقط إلى رماد،
بل إلى مواد غازية مختلفة، والروح لا تتحول إلى مادة، بل هي جسم روحي لا يُرى،
محفوظًا عند الله.
وقول الأشرار في هذه الآية أنه ""بعد حين ينسى
اسمنا ولا يذكر أحد أعمالنا"" ليس كلامًا صحيحًا، إذ أن الروح ستبقى، والجسد
سيجمعه الله في اليوم الأخير، ويتحول إلى جسم روحي. والله لن ينسى إسمنا، بل
سيحاسبنا في يوم الدينونة، ولكن كل هذه الحقائق التي أعلنها الله في الكتاب
المقدس يعجز عقل الإنسان المحدود أن يدركها وحده بعيدًا عن الله.
ع5:"
حكمة سليمان,2,5,"(2:5): وبعد أن ادعى الأشرار أن حياتهم تُنسى
بعد موتهم، شبهوا حياتهم بظل يتحرك، ويختفى، ويختم عليها في النسيان، فلا توجد.
اعتمدت هذه الاستنتاجات على عقل الإنسان المحدود،
الذي ينسى مع الزمن، والذي لا يعرف كل الحقائق العلمية، بل ما زال يكتشف فيها
حتى الآن، وأمامه طريق طويل لا ينتهى من العلم.
والعقل أيضًا لا يستطيع أن يدرك عالم الروح. فهل
لعجزك أيها الإنسان تنكر ما لا تعرفه ولا تدركه؟ فمثلًا نظرك يرى في حدود
معينة، فما لا تراه لأنه بعيد، هل يصبح غير موجود على الأرض؟ أم تتحرك وتصل
إليه فتراه؟! وما لا تسمعه، هل هو غير موجود؟ بالطبع لا، ولكن إذا اقتربت
إليه ستسمعه، كذلك أيضًا عقلك إذا تدعم بالإيمان يستطيع أن يدرك أمورًا كثيرة.
ومن المنطق أن العقل المحدود لا يمكن أن يدرك الله خالقه غير المحدود، ولا كل
أعماله، إلا إذا خضع الإنسان لله، فينعم عليه بمعرفة إضافية عن طريق الإيمان.
إن كان الإيمان له كل هذه القدرات، فأعرف به نفسي
على حقيقتها، وأدرك به عالم الروح، بل أعرف به الله، فلماذا أرفض الإيمان؟
لماذا لا أهتم بوصايا الله، وأحيا معه، فينعم علىَّ بهذا الإيمان؟ خاصة أن روح
الله الذي فىّ يدعونى إلى الإيمان به، فأنا بطبيعتى منجذب نحو الله لأنى صورته.
† إن الإنسان إذا ابتعد عن الله لا يرى نفسه
إلا تافهًا عدمًا، أما في الله، فهو عظيم ورأس كل الخلائق، ومحبوب،وصديق لله بل
ابنه. فلماذا أيها الإنسان تترك كل هذا المجد؟ إنها كبرياءك، التي تفقدك
علاقتك بالله، فاتضع أمامه تستنير عيناك، وترى عظمتك، وتتمتع بمجدك فيه.
(2)
الانغماس في الشهوات (ع6-9):
6 فَتَعَالَوْا نَتَمَتَّعْ بِالطَّيِّبَاتِ
الْحَاضِرَةِ، وَنَبْتَدِرْ مَنَافِعَ الْوُجُودِ مَا دُمْنَا فِي
الشَّبِيبَةِ، 7 وَنَتَرَوَ مِنَ الْخَمْرِ الْفَاخِرَةِ، وَنَتَضَمَّخْ
بِالأَدْهَانِ، وَلاَ تَفُتْنَا زَهْرَةُ الأَوَانِ، 8 وَنَتَكَلَّلْ
بِالْوَرْدِ قَبْلَ ذُبُولِهِ، وَلاَ يَكُنْ مَرْجٌ إِلاَّ تَمُرُّ لَنَا فِيهِ
لَذَّةٌ. 9 وَلاَ يَكُنْ فِينَا مَنْ لاَ يَشْتَرِكُ فِي لَذَّاتِنَا،
وَلْنَتْرُكْ فِي كُلِّ مَكَانٍ آثَارَ الْفَرَحِ؛ فَإِنَّ هذَا حَظُّنَا
وَنَصيِبُنَا.
ع6:"
حكمة سليمان,2,6,"(2:6): نبتدر:
نبادر: أي نسرع إلى الشئ ونبدأ به.
الشبيبة: الشباب.
وإذ نجح الشيطان في إقناع الأشرار بأن حياتهم
فترة قصيرة مملوءة بالشقاء تنتهي إلى العدم، قادهم بالتالى إلى محاولة الخروج
من الحزن بالانهماك في الماديات، والمبادرة والإسراع إلى لذة الشهوات الحسية،
فلم يروا العالم إلا مجموعة شهوات اشتعلوا بها، خاصة في وقت الشباب، حيث يزداد
اشتعال الشهوة، أما الله فقد انتفى من فكرهم.
ع7:"
حكمة سليمان,2,7,"(2:7): نترو: ننطلق باشياق ونشرب
كثيرًا، أي نسكر.
نتضمخ: نتدهن، أي ندهن أجسادنا.
زهرة الآوان: وقت الشباب.
ولم يكتفوا بالأطعمة الطيبة، بل بحثوا عن الخمر
اللذيذة الفاخرة؛ ليشربوا منها بكثرة، ويسكروا، ويضعوا على أجسادهم أدهانً
وعطورًا بكميات كبيرة؛ حتى لا يفوت منهم فرصة التلذذ بالشهوات في ربيع حياتهم،
أو زهرة حياتهم التي هي الشباب، وهكذا يتم فيهم قول الكتاب المقدس: ""آلهتهم
بطونهم ومجدهم في خزيهم"" (فى3: 19).
ع8:"
حكمة سليمان,2,8,"(2:8): مرج: حديقة واسعة.
ورغم علمهم أن الماديات زائلة، أسرعوا يتلذذون
بها، مثل لبس الورود على رؤوسهم وصدورهم، قبل أن تذبل وتصبح بلا نفع، وكان
الأولى بهم ألا يتعلقوا بالماديات؛ لأنها زائلة. بل على العكس أسرعوا ليزوروا
الحدائق الخضراء؛ ليتلذذوا بشهواتهم في كل أركانها.
ع9:"
حكمة سليمان,2,9,"(2:9): وحتى لا ينتبهوا إلى اشتعالهم بالشهوات،
وانشغالهم بها، رفضوا اصطحاب أي إنسان يحاول تهدئة اندفاعهم الشهوانى، أي
أغلقوا على أنفسهم باب التوبة، وأعموا عيونهم بالماديات عن رؤية الله، إذ صارت
فرحتهم الوحيدة، ونصيبهم هو لذة الشهوات المادية، لأن إبليس نجح في إقناعهم
برفض الله وبالتالي لا داعى للجهاد الروحي وضبط الشهوات، أي لم لم يعد في
حياتهم الله، الذي يفرح قلوبهم، وبدأوا في البحث عن الفرح في شهوات العالم
الزائلة، والتي تؤدى بهم إلى الهلاك.
† عجيب الإنسان في اندفاعه بكبرياء وعناد،
غارقًا في شهواته، غير منتبه أنه بهذا قد صار عبدًا للخطية، يقوده إبليس بلا
مقاومة في طريق الشر. لا تقبلى يا نفسي شكوك إبليس، وتذمراته التي تجعل حياتك
سوداء محزنة، وتلغى وجود الله منها، إذ لن تحتملى هذا الحزن، وستصبحى فريسة
سهلة في يد إبليس، يحدرك إلى شهوات العالم الفاسدة، معللًا لكِ ذلك بأنها هي
الفرح والسعادة، والحل الوحيد لأحزانك. إنه كذاب وأبو الكذاب (يو8: 44)، فحياتك
ليست محزنة، بل إن رأيت الله وسط التجارب، ستنقلب التجربة إلى بركة وفرح، كما
رأى الثلاث فتية المسيح وسط الأتون، فتحولت النيران المحرقة إلى سور يحفظ
لقاءهم مع الله عن كل تشويش من البشر المحيطين بالأتون.
إن الطبيعة الجميلة والأطعمة اللذيذة، لذتها
الحقيقية أنها عطية من الله، يقدمها لكِ يا نفسى؛ لتشكرى عليها، فلا تغرقى
فيها، وتسيطر عليكِ، بل استخدميها بحكمة وشكر لله، فتفرحى فرحًا حقيقيًا. ولكن
الشباب هو فرصة لمعرفة الله ""فاذكر خالقك في أيام شبابك"" (جا12: 1). فافرحى يا
نفسى بالصلوات والتأملات في كل مكان، املأى الحقول والبرارى تسبيحًا، وفى كل
مكان اتركى آثار اللقاء الحلو مع الله.
←
وستجد
تفاسير أخرى
هنا في
(3)
ظلم الأشرار للبار (ع10-20):
10 لِنَجُرْ عَلَى الْفَقِيرِ الصِّدِّيقِ، وَلاَ
نُشْفِقْ عَلَى الأَرْمَلَةِ، وَلاَ نَهَبْ شَيْبَةَ الشَّيْخِ الْكَثِيرِ
الأَيَّامِ.11 وَلْتَكُنْ قُوَّتُنَا هِيَ شَرِيعَةَ الْعَدْلِ؛ فَإِنَّهُ مِنَ الثَّابِتِ
أَنَّ الضُّعْفَ لاَ يُغْنِي شَيْئًا. 12 وَلْنَكْمُنْ لِلصِّدِّيقِ؛ فَإِنَّهُ
ثَقِيلٌ عَلَيْنَا يُقَاوِمُ أَعْمَالَنَا، وَيُقَرِّعُنَا عَلَى
مُخَالَفَتِنَا لِلْنَّامُوسِ، وَيَفْضَحُ ذُنُوبَ سِيرَتِنَا. 13 يَزْعُمُ
أَنَّ عِنْدَهُ عَلِمَ اللهِ، وَيُسَمِّي نَفْسَهُ ابْنَ الرَّبِّ. 14 وَقَدْ
صَارَ لَنَا عَذُولًا حَتَّى عَلَى أَفْكَارِنَا. 15 بَلْ مَنْظَرُهُ ثَقِيلٌ
عَلَيْنَا، لأَنَّ سِيرَتَهُ تُخَالِفُ سِيرَةَ النَّاسِ، وَسُبُلَهُ تُبَايِنُ
سُبُلَهُمْ. 16 قَدْ حَسِبَنَا كَزُيُوفٍ؛ فَهُوَ يُجَانِبُ طُرُقَنَا
مُجَانَبَةَ الرِّجْسِ، وَيَغْبِطُ مَوْتَ الصِّدِّيقِينَ، وَيَتَبَاهَى
بِأَنَّ اللهَ أَبُوهُ. 17 فَلْنَنْظُرْ هَلْ أَقْوَالُهُ حَقٌّ؟ وَلْنَخْتَبِرْ
كَيْفَ تَكُونُ عَاقِبَتُهُ؟ 18 فَإِنَّهُ إِنْ كَانَ الصِّدِّيقُ ابْنَ اللهِ؛
فَهُوَ يَنْصُرُهُ وَيُنْقِذُهُ مِنْ أَيْدِي مُقَاوِمِيهِ.19 فَلْنَمْتَحِنْهُ بِالشَّتْمِ وَالْعَذَابِ، حَتَّى نَعْلَمَ حِلْمَهُ
وَنَخْتَبِرَ صَبْرَهُ، 20 وَلْنَقْضِ عَلَيْهِ بِأَقْبَحِ مِيْتَةٍ؛ فَإِنَّهُ
سَيُفْتَقَدُ كَمَا يَزْعُمُ.
ع10:"
حكمة سليمان,2,10,"(2:10): نجر: نظلم
ونتعدى ونغتصب.
لا نهب: لا نخاف ولا نحترم.
ولما انهمكوا في شهواتهم الشريرة، ازدادت
أنانيتهم حتى أخذوا حقوق الفقير والأرملة والشيخ العجوز؛ لأنهم فقدوا إحساس
الحب والرحمة، فظلموا ليس فقط الأشخاص العاديين، بل حتى الفقير في قوته
الضرورى، والأرملة التي ليس لها سند، والعجوز والضعيف.
فلإنغماس الأشرار في الشهوات - كما ظهر في الآيات
السابقة - أصبحت قلوبهم قاسية، فلم يشفقوا على الضعفاء فظلموهم، ولاعتقادهم
بعدم وجود حياة أخرى، انتهزوا فرصة هذه الحياة، ليشبعوا شهواتهم على حساب كل من
حولهم، مع أن الله أوصى أن نهتم بهؤلاء الضعفاء (تث10: 18).
ع11:"
حكمة سليمان,2,11,"(2:11): وبعدما تمادوا في الشهوة والأنانية،
برروا تصرفاتهم الخاطئة، فأعلنوا أن القوة والظلم، واستغلال الآخرين هي شريعة
العدل، أما كل المبادئ والقيم فقد ضاعت؛ لأنهم انفصلوا عن الله، ورفضوه،
وهومصدر كل المثل والقيم. ويظهر من هذا انحرافهم عن الحق، وضلالهم، فالقوه ليست
شريعة العدل، بل شريعة الغاب، أي بين الحيوانات، وليس البشر، ولا تفيد القوة
إلا في إنصاف المظلومين، وإنقاذهم من أيدي الأشرار.
ع12:"
حكمة سليمان,2,12,"(2:12): نكمن: نختبئ للإيقاع بأحد.
الصديق: البار أو القديس.
يقرعنا: يبكتنا كأنه يضربنا.
ولم يكتفِ الأشرار بالانهماك في الشهوة
والأنانية، فلم يشعروا بالفقراء والضعفاء، بل تضايقوا بالأكثر من الأبرار، ورغم
أنهم فقراء لم يكتفوا بظلمهم، بل حاولوا الإيقاع بهم في مكائد مختلفة. لماذا كل
هذا؟ لأن سلوك الأبرار فضح، وأظهر فساد شرهم. وكذلك قاوم الأشرار الأبرار،
عندما رفضوا الاشتراك معهم في أخطائهم، بل وبخ الأبرار الأشرار على مخالفتهم
لوصايا الله. فصار البار ثقيلًا على الأشرار؛ لأنه دون أن يشعر، ببره يوبخ
أفكارهم الشريرة، وبدلًا من أن يتركوها، تضايقوا منه، وأساءوا إليه.
ع13:"
حكمة سليمان,2,13,"(2:13): يزعم: يدعى.
ويواصل الأشرار ضيقهم من البار، فيتهمونه بأنه
يدعى أن عنده علم الله، بل يسمى نفسه ابن الرب. هذه وجهة نظر الأشرار، ولكنها
حقيقة أن البار يعلم وصايا الله، وهو ابن الله؛ لأنه يحيا معه. ومن ناحية أخرى،
هذه الآية هي نبوة واضحة عن ربنا يسوع المسيح الصديق، الذي تعاليمه وبخت الكتبة
والفريسيين، وكذا جميع الأشرار، وأعلن نفسه أنه ابن الله (يو5: 18)، وهو حقًا
يعلم كل شئ؛ لأنه هو الله.
ع14، 15: عذولًا: مبكتًا، ولائمًا.
تباين: تخالف وتباعد.
لم يحتمل الأشرار منظر البار، وأصبح ثقيلًا عليهم
جدًا رؤيته؛ لأن سلوكه بالبر اختلف تمامًا عن سلوكهم الشرير، إذ أن كلامه،
وأعماله النقية أصبحت تبكت الأشرار على أخطائهم، حتى دون أن يكلمهم. وهذا ما
حدث مع المسيح، الذي في نقاوته وعلمه بكت أفكار اليهود الشريرة وفضحها (مت9: 4)، فلم يحتملوا رؤيته، وقاموا وصلبوه.
ع16:"
حكمة سليمان,2,16,"(2:16): زيوف: مزيفين، أي مغشوشين وبلا قيمة.
يجانب: يأخذ جانبًا، أي يتباعد.
رجس: قذر وقبيح.
يغبط: يفرح ويطوب.
إدعى الأشرار أن البار يعتبرهم مزيفين، وكاذبين،
ولذا تباعد عن طرقهم، وتصرفاتهم، كمن يبتعد عن أي شيء نجس وشرير.
وأيضًا قالوا أن البار يطوب ويفرح لموت الصديقين،
إذ أنهم في نظره ينتقلون إلى حياة أفضل مع الله في السماء، ويفتخر البار أيضًا
بأن الله أبوه؛ لأنه ابن الله كما ذكر في (ع13).
هذا ما قاله الأشرار عن البار، وإن كان البار لم
يحتقرهم، لكنه انشغل بطريق الله، وتباعد عن الشر. فهم مغتاظون؛ لأن بره يكشف
شرهم، ولا يريدون أن يؤمنوا بأنه الله، وابن الله؛ لأن النبوة واضحة في هذه
الآيات عن المسيح، فالبار هو المسيح، وكلمات هذه الآية هي التي قالها اليهود عن
المسيح إذ تضايقوا أنه قال أنه ابن الله ومعادلًا لله (يو5: 18).
ع17، 18: عاقبته: نهايته.
ولأن الأشرار آمنوا أن القوة المادية هي شريعة
هذا العالم، واستهانوا بكل الأخلاق والمبادئ والمثل، معتقدين بعدم وجود حياة
أخرى، زادوا من إساءاتهم نحو البار؛ ليعلنوا أنهم أقوى منه، ولا يوجد إله، وإلا
كان ينصر البار عليهم، غير عالمين أن البار يحتمل كل هذا؛ لينال مجازاة في
السماء. إن الله قادر أن ينصره ليس فقط في السماء، بل وعلى الأرض أيضًا. وهذا
ما حدث في معجزات كثيرة مع الشهداء والقديسين، ولكن الأشرار، لكبريائهم، نسبوا
المعجزات للسحر وللذكاء، ورفضوا الإيمان بالله.
هاتان الآيتان أيضا تتكلمان ليس عن الإنسان البار
فقط، بل هما نبوة عن المسيح الذي تألم من أجلنا، وقام عليه الأشرار وصلبوه،
وقالوا: ""إن كنت ابن الله، فانزل عن الصليب"" (مت27: 40).
ع19، 20: حلمه: طول أناته.
وفى تمادى الأشرار في إساءاتهم نحو البار أرادوا
أن يخرجوه عن صبره؛ ليرد عليهم، فيكون شريرًا مثلهم، وهددوا بقتله بأشنع ميتة؛
ليترك بره، وينقاد لشرورهم.
إن هذا الكلام واضح عن المسيح البار، الذي أثار
الشيطان اليهود عليه، فاستهانوا به (لو23: 35)، وعندما قبضوا عليه شتموه،
وضربوه، وجلدوه، وقالوا عندما صرخ ""إلهى إلهي لماذا تركتنى"". هل يأتي الله
وينقذه؟ (مت27: 43). إنها نبوات واضحة عن المسيح تحققت بالتفصيل، وانتصر
المسيح في النهاية على الشيطان، وبموته داس الموت، إذ فدى البشرية كلها، وقام
ليقيمنا فيه.
† لا تنزعج من اضطهاد الناس لبرك؛ لأن البر
يكشف أخطاءهم. وما دام البر يثير إبليس، فتمسك به، واثقًا من قوة الله التي
تساندك. والمسيح مثال لك في احتمال الآلام، والثبات في الإيمان؛ حتى تنال
النصرة، وتُكلل في النهاية.
(4)
ضلال الأشرار (ع21-25):
21 هذَا مَا ارْتَأَوْهُ فَضَلُّوا؛ لأَنَّ
شَرَّهُمْ أَعْمَاهُمْ، 22 فَلَمْ يُدْرِكُوا أَسْرَارَ اللهِ، وَلَمْ يُرَجُّوا
جَزَاءَ الْقَدَاسَةِ، وَلَمْ يَعْتَبِرُوا ثَوَابَ النُّفُوسِ الطَّاهِرَةِ. 23 فَإِنَّ اللهَ خَلَقَ الإِنْسَانَ خَالِدًا، وَصَنَعَهُ عَلَى صُورَةِ
ذَاتِهِ، 24 لكِنْ بِحَسَدِ إِبْلِيسَ دَخَلَ الْمَوْتُ إِلَى الْعَالَمِ، 25 فَيَذُوقُهُ الَّذِينَ هُمْ مِنْ حِزْبِهِ.
ع21، 22: إرتأوه:
رأوه.
يعتبروا: يقدروا.
والخلاصة، أن هؤلاء الأشرار، في اندفاعهم، وثقوا
في آرائهم الخاطئة، مع أنهم عميان عن الحق، ولكن كبرياءهم منعهم من مراجعة
أنفسهم، فثبتوا في الجهل والضلال والعمى الروحي، وتوغلهم في الشر أعماهم عن
رؤية حكمة الله (لم يدركوا أسرار الله) في طول أناته؛ ليعطيهم فرصة للتوبة،
وكيف يزكى الأبرار باحتمالهم الآلام؛ لينالوا أكاليل مجد في السماء (لم يرجوا
جزاء القداسة). ولم يدركوا قوة الله الباطنية، التي تعمل في أولاده، فتعطيهم
سلامًا داخل الضيقات، بل إحساسًا بمعيته، فيفرحون فرحًا عظيمًا (لم يعتبروا
ثواب النفوس الطاهرة).
ع23-25:"
حكمة سليمان,2,23,"(2:23-25): لم يفهم الأشرار الحقيقة الإلهية
الثابتة أن الله خالد، وخلق الإنسان على صورته خالدًا. وبالتالي، فالموت دخيل
على حياة الإنسان نتيجة الخطية، إذ حسد الشيطان الإنسان، ودبر له مكيدة عن طريق
الحية، فسقط، واستحق الموت، ولكن إذا عاد الإنسان بالتوبة إلى الله لا يكون
للموت سلطان عليه، ويظل يتمتع بخلوده ونعيمه مع الله، أما من يصر على الشر، فهو
من حزب إبليس، ويستحق ليس موت الجسد فقط، بل الموت الأبدي، أي العذاب الأبدي.
ويلاحظ أن القداس الباسيلى أخذ من هذه الكلمات،
فيقول في صلاة الصلح: ""الموت الذي دخل إلى العالم بحسد إبليس""، وهذا يثبت
قانونية هذا السفر، إذ اقتبس منه القداس.
† هل رأيت يا نفسي خطورة التمادي في الخطية،
إنها تفقدك القدرة على الرؤيا، فتزدادين في الشر، الذي يقودك للهلاك.أسرعى
للتوبة؛ لتفتح عيناكِ، فترجعين للطريق المستقيم، بل وتكتشفين أسرار الله، فيما
أعد لكِ من أمجاد في السماء، وتستهينين بلذات الشهوات الشريرة، وتصبح مرارة في
حلقكِ أمام حلاوة الحياة الأبدية. بل ثقى أيضًا يا نفسي أن الله سيشعرك بوجوده؛
لتكملى توبتك، وتتعلقى بحبه، وتتمتعى بعشرته، فترفضى مخالطة الأشرار، وتتحمسى
لحياة البر، فتزداد سعادتك. ليس لك عدو يا نفسي إلا الشيطان الذي يريد أن يضمك
إلى حزبه، ولكنه مخادع لا يعلن اسمه، ولا حزبه، ولا النتيجة الحتمية لكل من
يتبعه، وهي الهلاك، بل يجذبك باللذات الحسية، ويتيه عقلك بالشكوك في البر
والحياة مع الله، ويقودك مع أغلبية العالم التائه في شروره، لتخسرى الحياة في
المسيح، إنه بلا سلطان عليك إلا إذا خضعت له. قومى الآن سريعًا، فباب التوبة هو
نجاتك من الهلاك، وسر الاعتراف ينتظرك في الكنيسة؛ ليمتعك بالنقاوة وعشرة الله.
← تفاسير أصحاحات
حكمة:
مقدمة |
1 |
2 |
3 |
4 |
5 |
6 |
7 |
8 |
9 |
10 |
11 |
12 |
13 |
14 |
15 |
16 |
17 |
18 |
19
تفاسير أسفار الكتاب المقدس
1- تفاسير سفر التكوين
2- تفاسير سفر الخروج
3- تفاسير سفر اللاويين
4- تفاسير سفر العدد
5- تفاسير سفر التثنية
6- تفاسير سفر يشوع
7- تفاسير سفر القضاة
8- تفاسير سفر راعوث
9- تفاسير سفر صموئيل الأول
10- تفاسير سفر صموئيل الثاني
11- تفاسير سفر الملوك الأول
12- تفاسير سفر الملوك الثاني
13- تفاسير سفر أخبار الأيام الأول
14- تفاسير سفر أخبار الأيام الثاني
15- تفاسير سفر عزرا
16- تفاسير سفر نحميا
17- تفاسير سفر طوبيا
18- تفاسير سفر يهوديت
19- تفاسير سفر أستير + التتمة
20- تفاسير سفر أيوب
21- تفاسير سفر المزامير + مز 151
22- تفاسير سفر الأمثال
23- تفاسير سفر الجامعة
24- تفاسير سفر نشيد الأناشيد
25- تفاسير سفر الحكمة
26- تفاسير سفر يشوع بن سيراخ
27- تفاسير سفر إشعياء
28- تفاسير سفر إرميا
29- تفاسير سفر مراثي إرميا
30- تفاسير سفر نبوه باروخ
31- تفاسير سفر حزقيال
32- تفاسير سفر دانيال + التتمة
33- تفاسير سفر هوشع
34- تفاسير سفر يوئيل
35- تفاسير سفر عاموس
36- تفاسير سفر عوبديا
37- تفاسير سفر يونان
38- تفاسير سفر ميخا
39- تفاسير سفر ناحوم
40- تفاسير سفر حبقوق
41- تفاسير سفر صفنيا
42- تفاسير سفر حجي
43- تفاسير سفر زكريا
44- تفاسير سفر ملاخي
45- تفاسير سفر المكابيين الأول
46- تفاسير سفر المكابيين الثاني
1- تفاسير إنجيل متى
2- تفاسير إنجيل مرقس
3- تفاسير إنجيل لوقا
4- تفاسير إنجيل يوحنا
5- تفاسير سفر أعمال الرسل
6- تفاسير الرسالة إلى رومية
7- تفاسير رسالة كورنثوس الاولى
8- تفاسير كورنثوس الثانية
9- تفاسير الرسالة إلى أهل غلاطية
10- تفاسير الرسالة إلى أفسس
11- تفاسير الرسالة إلى فيلبي
12- تفاسير الرسالة إلى كولوسي
13- تفاسير تسالونيكي الأولى
14- تفاسير تسالونيكي الثانية
15- تفاسير رسالة تيموثاوس الأولى
16- تفاسير تيموثاوس الثانية
17- تفاسير الرسالة إلى تيطس
18- تفاسير الرسالة إلى فيلمون
19- تفاسير رسالة العبرانيين
20- تفاسير رسالة يعقوب
21- تفاسير رسالة بطرس الأولى
22- تفاسير رسالة بطرس الثانية
23- تفاسير رسالة يوحنا الأولى
24- تفاسير رسالة يوحنا الثانية
25- تفاسير رسالة يوحنا الثالثة
26- تفاسير رسالة يهوذا
27- تفاسير سفر الرؤيا"
حكمة سليمان,3,0,"(3:1): مصير الأبرار والأشرار
(1) مصير
الأبرار (ع1-9)
(2) مصير
الأشرار (ع10-19)
(1)
مصير الأبرار (ع1-9):
1 أَمَّا نُفُوسُ الصِّدِّيقِينَ فَهِيَ بِيَدِ
اللهِ، فَلاَ يَمَسُّهَا الْعَذَابُ. 2 وَفِي ظَنِّ الْجُهَّالِ أَنَّهُمْ
مَاتُوا، وَقَدْ حُسِبَ خُرُوجُهُمْ شَقَاءً، 3 وَذَهَابُهُمْ عَنَّا عَطَبًا،
أَمَّا هُمْ فَفِي السَّلاَمِ. 4 وَمَعَ أَنَّهُمْ قَدْ عُوقِبُوا فِي عُيُونِ
النَّاسِ؛ فَرَجَاؤُهُمْ مَمْلُوءٌ خُلُودًا، 5 وَبَعْدَ تَأْدِيبٍ يَسِيرٍ
لَهُمْ ثَوَابٌ عَظِيمٌ، لأَنَّ اللهَ امْتَحَنَهُمْ فَوَجَدَهُمْ أَهْلًا
لَهُ. 6 مَحَّصَهُمْ كَالذَّهَبِ فِي الْبُودَقَةِ، وَقَبِلَهُمْ كَذَبِيحَةِ
مُحْرَقَةٍ. 7 فَهُمْ فِي وَقْتِ افْتِقَادِهِمْ يَتَلأْلأُونَ، وَيَسْعَوْنَ
سَعْيَ الشَّرَارِ بَيْنَ الْقَصَبِ، 8 وَيَدِينُونَ الأُمَمَ وَيَتَسَلَّطُونَ
عَلَى الشُّعُوبِ، وَيَمْلِكُ رَبُّهُمْ إِلَى الأَبَدِ. 9 الْمُتَوَكِّلُونَ
عَلَيْهِ سَيَفْهَمُونَ الْحَقَّ، وَالأُمَنَاءُ فِي الْمَحَبَّةِ
سَيُلاَزِمُونَهُ، لأَنَّ النِّعْمَةَ وَالرَّحْمَةَ لِمُخْتَارِيهِ.
ع1: إن كان الأشرار
يذهبون بعد الموت إلى العذاب الأبدي، فعلى الجانب الآخر، فإن نفوس الأبرار لا
يصيبها عذاب، أو أذى، بل إنهم محفوظون في يد الله، يتمتعون بعد الموت بسلام
كامل، ويخلدون في راحة مع الله؛ حتى وإن كانوا في العهد القديم يذهبون للجحيم -
مكان انتظار الأشرار؛ لأن المسيح لم يكن قد تمم الفداء بعد - فهم لا ينزعجون،
بل لهم رجاء ثابت في الراحة والنعيم. وفى العهد الجديد ينقلهم الموت مباشرة إلى
فردوس النعيم - مكان انتظار الأبرار - كما حدث مع اللص اليمين (لو23: 43).
ع2: أما الأشرار فلبعدهم عن الله صاروا
جهلاء، فيظنون أن الأبرار قد انتهت حياتهم إلى العدم، وقد نالوا عقابًا في
حياتهم بكثرة الآلام، ولم يتلذذوا بشهوات العالم، وانتهت حياتهم إلى لا شيء،
فهذا منتهى الشقاء؛ لأن الجهال يرون أن الحياة السعيدة هي عدم وجود آلام، ويكون
لهم كثرة من البنين والبنات، ويعيشون مدة طويلة. أما عند الأبرار فالسعادة هي
الإحساس بالله، ومساندته لهم، وتمتعهم بعشرته على الأرض، ثم بعد ذلك في السماء.
ع3: عطبًا: تلفًا وخسارة.
وأضاف الأشرار في تعليقهم على حياة الأبرار،
فقالوا: إن موتهم، وذهابهم من هذه الحياة هو تلف وخسارة، إذ لم يتمتعوا بشهوات
هذه الحياة، وذهبوا إلى العدم، ولكن الحقيقة أن الأبرار قد عاشوا في سلام على
الأرض، ثم انتقلوا للسلام الكامل في الحياة الأخرى، لأنهم محفوظون في يد الله
كما ذُكر في (ع1).
ع4: ورغم أن الأبرار كانت حياتهم على الأرض
مملوءة بالآلام، وحرموا أنفسهم من شهوات العالم الشريرة، إلا أنهم عاشوا في
عشرة الله، وانتقلوا إلى الخلود في الأبدية السعيدة، متمتعين برؤية الله،
ومحفوظين في يده. فحياتهم في نظر الأشرار كانت مملوءة بالعقاب الإلهي، ولكن
الحقيقة أنهم احتملوا أتعابًا محدودة في هذه الحياة، وكان رجاؤهم ثابتًا في
الله، الذي ذاقوا حلاوته جزئيًا على الأرض، ورجاؤهم الذي نالوه هو السعادة
الأبدية.
† إن نفسك محفوظة في يد
الله، فلا تخشى مقاومة الأشرار لك في هذه الحياة؛ لأنهم لا يستطيعون أن يضروك،
إلا إذا سمح الله لفائدتك. وبعد الموت تتمتع بالسلام والخلود والنعيم الدائم مع
الله.
لا تهتم بآراء الأشرار وتشكيكاتهم؛ لأن نظرتهم
مادية قاصرة، أما أنت فلك استنارة روحية، وترى الله المختفى وراء الماديات،
والذي أعد لك أعظم مكافأة بعد هذه الحياة، وهي النعيم الأبدي.
ع5: يسير: قليل.
أهلًا: مستحقًا.
وحقيقة الأمر أن الله يريد أن يكافئ أولاده إلى
الأبد، ويعطيهم كنوز بركاته، ووسيلته لذلك هي امتحانهم بالتجارب في فترة الحياة
القصيرة، فإذا احتملوا، بشكر وثبات في الإيمان، آلام هذه الحياة، استحقوا أمجاد
السماء العظيمة، وصاروا مستحقين لعشرة الله، ومعيته، والتمتع بالوجود الدائم
معه، وكما يقول معلمنا بولس الرسول: ""فإنى أحسب أن آلام الزمان الحاضر لا تقاس
بالمجد العتيد أن يُستعلن فينا"" (رو8: 18)، وكذلك يقول أيضًا: ""لأن خفة ضيقتنا
الوقتية تنشئ لنا أكثر فأكثر ثقل مجد أبديًا"" (2 كو4: 17).
ع6: محصهم: فحصهم بالتدقيق.
البودقة: أو البوتقة وهي إناء يتحمل درجات
حرارة عالية، يوضع فيه الذهب، ويوضع على النار؛ لينصهر الذهب، وتنفصل عنه شوائب
المواد الغريبة.
إن الله يثق في محبة أولاده له، ومعدنهم العظيم
كالذهب، ويقصد بالتجارب ليس عقابهم، بل تخليصهم من الخطية، كما نضع الذهب في
البوتقة، أو البودقة، لنمتحنه ونخلصه من الشوائب.
إن احتمال الأبرار للآلام هو تقديم ذبيحة حب لله،
ذبيحة محرقة، أي اشتراك في ذبيحة المسيح المصلوب، فهم يقدمون حبًا على أعلى
مستوى.
† هل رأيت يا أخى كم هي
مكانة وعظمة الآلام التي تحتملها من أجل المسيح، إنها دليل محبتك له، ووسيلة
تخليصك من شوائب الخطية، واشتراك في صليبه.
إن العالم لا يفهم ذلك لجهله، أما أنت فلا تتعطل
بأفكارهم، بل تعمق في محبتك له وفى احتمال الآلام بشكر، وافحص نفسك في كل ضيقة؛
لتقدم توبة عن خطاياك، وتفكر كم من الآلام احتمل المصلوب لأجلك، فتستهين
بآلامك، وتقدمها ذبيحة صغيرة على مذبح حبه.
ع7: يتلألأون: يلمعون ويضيئون.
ويصف الكتاب مصير الأبرار بعد الموت بأنهم
يتلألأون كالنجوم في السماء في مجد لا يعبر عنه، كما تنبأ دانيال عنهم وقال:
أنهم يضيئون كالجلد إلى أبد الدهور (دا12: 3). والمسيح نفسه قال عنهم: ""يضيىء
الأبرار كالشمس في ملكوت أبيهم"" (مت13: 43). ويوم الافتقاد يمكن أن يتم على
الأرض، عندما يصرخ أولاد الله إليه في ضيقتهم ويتلألأون، ويمجدون الله. ويصعد
الأبرار بسرعة إلى مكانهم العظيم بين يدى الله في السماء، كما تسرع شرارة النار
سريعًا وسط أعواد القصب (أو القش في ترجمة أخرى). وسعى الشرار بين القصب يشير
إلى إدانة الأبرار للأشرار؛ هذا يحدث جزئيًا على الأرض، ولكن الأشرار يرفضون
صوت الله، بل يتهمون الأبرار بالعناء، وينغمسون في شهواتهم الشريرة. ولكن في
الأبدية يكون الأبرار ببرهم كمشاعل نار تحرق الأشرار، الذين يظلون في عذاب إلى
الأبد كعقاب من الله؛ لأنهم لم يتعلموا من الأبرار في الأرض، ورفضوا صوت الله،
وقد أعلن بولس صوت الله ""أن القديسين سيدينون العالم"" (1 كو6: 2).
ع8: وإذ تظهر مكافأة
الأبرار تدين شر الأشرار؛ لأن الأبرار سلكوا بالاستقامة، ونالوا مجازاتهم، فما
عذر الأشرار الذين عاشوا في نفس ظروفهم، ورفضوا أن يخضعوا لله؟! ويكون الأبرار
في مكان العظمة والتسلط، أما الأشرار فيكونون في أدنى مستوى، وسط العذاب
الأبدي. ويملك الله على قلوب الأبرار، وأرواحهم في السماء، ويملكون معه في مجد
إلى الأبد.
ع9: سيتمتع أولاد الله المتوكلون عليه بنظر
الحق، أي الله، وتتجلى أكثر أمامهم حكمته. والذين يفهمون الحق، وهو الله، تصير
مشيئتهم مثل مشيئته، ويعرفون سر المجد الذي يتمتعون به، وهو نعمة الله التي
ساعدتهم على التمسك بوصاياه. وسر عذاب الأشرار لاختيارهم شهواتهم الشريرة،
بدلًا من محبة الله والخضوع له.
وعلى قدر أمانة الإنسان في محبة الله والناس
سيكون قريبًا لله، وملازمًا له إلى الأبد.وفى هذا الحفل السمائى تفيض مراحم
الله على أولاده، ونعمه لمختاريه الذين أعد لهم هذا المجد من قبل تأسيس العالم.
† هل بعدما رأيتِ يا نفسي كل هذا المجد يشغلك
أى شيء من تفاهات العالم، مهما بدت مبهرة؟ إن كل مجد العالم يتصاغر أمام عظمة
المجد الأبدي. فتعالى مع كل أولاد الله نستعد للأبدية بالصلاة والتأمل والتناول
من الأسرار المقدسة، تاركين عنا اهتمامات هذه الحياة الزائلة.
←
وستجد
تفاسير أخرى
هنا في
(2)
مصير الأشرار (ع10-19):
10 أَمَّا الْمُنَافِقُونَ فَسَيَنَالُهُمُ
الْعِقَابُ الْخَلِيقُ بِمَشُورَاتِهِمْ، إِذِ اسْتَهَانُوا بِالصِّدِّيقِ،
وَارْتَدُّوا عَنِ الرَّبِّ، 11 لأَنَّ مُزْدَرِيَ الْحِكْمَةِ وَالتَّأْدِيبِ
شَقِيٌّ. إِنَّمَا رَجَاؤُهُمْ بَاطِلٌ، وَأَتْعَابُهُمْ بِلاَ ثَمَرَةٍ،
وَأَعْمَالُهُمْ لاَ فَائِدَةَ فِيهَا. 12 نِسَاؤُهُمْ سَفِيهَاتٌ،
وَأَوْلاَدُهُمْ أَشْرَارٌ، 13 وَنَسْلُهُمْ مَلْعُونٌ. أَمَّا الْعَاقِرُ
الطَّاهِرَةُ الَّتِي لَمْ تَعْرِفِ الْمَضْجَعَ الْفَاحِشَ فَطُوبَى لَهَا.
إِنَّهَا سَتَحُوزُ ثَمَرَتَهَا فِي افْتِقَادِ النُّفُوسِ. 14 وَطُوبَى لِلْخَصِيِّ الَّذِي لَمْ تُبَاشِرْ يَدُهُ مَأْثَمًا، وَلاَ افْتَكَرَ
قَلْبُهُ بِشَرٍّ عَلَى الرَّبِّ؛ فَإِنَّهُ سَيُعْطَى نِعْمَةً سَامِيَةً
لأَمَانَتِهِ، وَحَظًّا شَهِيًّا فِي هَيْكَلِ الرَّبِّ. 15 لأَنَّ ثَمَرَةَ
الأَتْعَابِ الصَّالِحَةِ فَاخِرَةٌ، وَجُرْثُومَةَ الْفِطْنَةِ رَاسِخَةٌ. 16 أَمَّا أَوْلاَدُ الزُّنَاةِ فَلاَ يَبْلُغُونَ أَشُدَّهُمْ، وَذُرِّيَّةُ
الْمَضْجَعِ الأَثِيمِ تَنْقَرِضُ. 17 إِنْ طَالَتْ حَيَاتُهُمْ فَإِنَّهُمْ
يُحْسَبُونَ كَلاَ شَيْءٍ، وَفِي أَوَاخِرِهِمْ تَكُونُ شَيْخُوخَتُهُمْ بِلاَ
كَرَامَةٍ. 18 وَإِنْ مَاتُوا سَرِيعًا؛ فَلاَ يَكُونُ لَهُمْ رَجَاءٌ وَلاَ
عَزَاءٌ فِي يَوْمِ الْحِسَابِ، 19 لأَنَّ عَاقِبَةَ الْجِيلِ الأَثِيمِ
هَائِلَةٌ.
ع10: الخليق: اللائق
والمناسب.
إذا كانت نهاية الأبرار عظيمة بهذا المقدار، فمن
ناحية أخرى فإن نهاية الأشرار المنافقين صعبة، إذ يسلكون بالشر ضد صوت الله
الذي في داخلهم، وهو الضمير، ويستهينون بالصديق البار وسلوكه، الذي هو حسب
وصايا الله، ويتمادون في شرهم. ويكون عقاب الأشرار بحسب أفكارهم الشريرة، التي
أخذوها من الشيطان، فعلى قدر ما سلكوا في مشورات شريرة يكون عقابهم، أي أن هناك
درجات للعقاب، وهذا يؤكد عدل الله.
ع11: مزدرى: محتقر.
وكل أعمال الأشرار في حياتهم باطلة بلا ثمر، إذ
كلها شهوات شريرة، وانهماك في أنانيتهم، وليس في محبة الله، فارتدوا عنه. هذه
نتيجة من يرفض الحكمة الإلهية، ويسلك في ضلال الشر.
ع12: سفيهات: تافهات وكلامهن بلا
نفع. بل أكثر من هذا أن عائلات الأشرار التي يتركونها بعدهم مملوءة شرًا، بسبب
تعاليمهم وسلوكهم الشرير، فنساؤهم يتكلمن كلامًا باطلًا، وأولادهم يسلكون في
الشر مثلهم، وهم مرفوضون من الله، بل وملعونون.
ويلاحظ أن الأشرار سقطوا في ثلاثة شرور هي:
1- استهانوا بالصديق. 2- ارتدوا عن الرب. 3-
ازدروا بالحكمة والتأديب.
† لا تهمل وصايا الله منشغلًا بماديات العالم.
وإن وضع الله في طريقك إنسانًا بارًا، فتعلم منه محبة الله، حتى لا تدان في
النهاية بسبب كبريائك،وإهمالك لصوت الله لك. إهتم بتقديم محبة ورعاية روحية.
إهتم بخلاص نفوس كل من حولك، مهما كانوا بعيدين، أو رافضين، فالله قادر، ولو
بعد حين، أن يجذبهم إليه بصلواتك وخدمتك لهم، كما ساعد القديسة مونيكا، فأرجعت
إليه ابنها أغسطينوس، وزوجها، وحماتها الوثنيين.
ع13: المضجع الفاحش: مكان الرقاد
لممارسة الزنى.
ستحوز: ستنال.
يتكلم عن العاقر، أي التي لم تلد، وكان العقر في
العهد القديم يُعتبر نقصًا كبيرًا، وعدم استحقاق للقداسة، إذ أن كل امرأة من
شعب الله كانت تنتظر أن يأتي منها المسيا، أي المسيح. فمن لا تلد تعتبر غير
مستحقة لنوال البركة بولادة البنين، الذين قد يكون المسيح من نسلهم.
فهذه العاقر رغم أنها لم تلد، وحفظت قلبها نقيًا
شاكرًا لله، حتى لو لم يكن لها أولاد، فهي تمثل الثبات في نقاوة القلب دون
مكافأة أرضية، وهي بهذا تدخر لنفسها مكافأة أبدية.
وهذه العاقر أيضًا تشير للنفس المتبتلة، التي
فضلت أن تحيا بدون أولاد جسديين، وتكرس حياتها لمحبة الله على الأرض، فتستحق
مجازاة عظيمة في السماء، ويعوضها الله على الأرض ببركات كثيرة.
ع14: تباشر: تمتد.
مأثمًا: خطية.
وهذا الخصي الذي لا يستطيع الزواج وإنجاب البنين،
ومع هذا لم يكسر وصايا الله بالشرور المختلفة، فله مكافأة عالية في السماء.
وهو يشير للإنسان الذي خصى نفسه لأجل الله، ليس
بمعنى أنه أحدث تلفًا في أعضائه، بل تنازل عن احتياجاته الغريزية الطبيعية،
وحولها لمحبة الله، وخدمته، أي الإنسان البتول المكرس لله، فهذا له مجد عظيم في
السماء. وهذه الآية تشير لكلام المسيح الذي قاله عن البتوليين، إذ قال: ""يوجد
خصيان خصوا أنفسهم لأجل ملكوت السموات"" (مت19: 12).
هذا الخصى، الذي هو البتول، ينال حظًا شهيًا في
هيكل الرب، والهيكل هو مكان لقاء الله مع الإنسان، واتحاده به، هذا تم في هيكل
العهد القديم، حيث توجد شركة بين الإنسان والله، وفى العهد الجديد باتحاد
الإنسان بالله من خلال الجسد والدم، أما في الأبدية، فينال البتول مكانة عظيمة
لا يمكن التعبير عنها.
† إن النفس التي أحبت
الله، واستغنت به عن كل محبة أرضية، قد صار لها دخول إلى أعماق الله. هذه هي
النفس المتبتلة التي ينتظرها مجد عظيم في أحضان الحب الإلهي في السماء.
ما أجمل الطهارة والعفة، ليس فقط للمتبتلين الذين
يمجدهم الكتاب المقدس بوضوح، ولكن أيضًا للمتزوجين، حتى لا ينهمكوا في شهوات
العالم، بل يكون هدف الكل هو محبة الله. وكلما انشغلنا بمحبة الله، نتنازل
تدريجيًا عن احتياجاتنا المادية، فننال مكافأتنا في السماء.
ع15: جرثومة: ميكروب صغير لا يرى
بالعين المجردة، وينتشر، ويؤثر سريعًا بقوة على الإنسان.
الفطنة: الحكمة.
راسخة: ثابتة.
يختم يشوع كلامه عن البتولية بهذه الآية، فيعلن
أن من يتعبون في حفظ طهارتهم كبتوليين، لهم أجر عظيم من الله. فهذه الأتعاب من
أجل حياة البتولية هي أتعاب صالحة، وثمرتها فاخرة على الأرض بتعزيات وبركات
كثيرة، ثم في السماء أمجاد عظيمة.
وجرثومة الفطنة هي بذرة الحكمة الصغيرة التي
يهبها الله للإنسان، فتعمل بسرعة وقوة في كل كيانه. وعلى قدر ما يتعب البتول في
حفظ طهارته، والتمتع بعشرة الله، يثبت في حياة راسخة في الله، ويتمتع بها إلى
الأبد.
ع16: لا يبلغون أشدهم: يموتون في سن
صغيرة.
تنقرض: تفنى.
إن كانت عاقبة البتولية والتكريس للحب الإلهي
هكذا عظيمة في السماء، فعلى العكس، نرى نتيجة الخطية، أي الزنى، شقاء وتعب.
فأولاد الزناة يتعلمون الزنى والشر من آبائهم، وحياتهم تصبح قصيرة، ليس فقط في
عدد السنوات، ولكن تكون كل حياتهم بلا فائدة، وكأنهم لم يولدوا؛ لأنهم لم
يعرفوا الله. وإذا استمروا في الزنى، فإن الله يعاقبهم بأن يفنوا، ولا يكون لهم
ذرية على الأرض.
ويمكن أن يكون المقصود بأولاد الزناة هم من لا
يعبدون الله، بل يعبدون الأصنام، وينغمسون في شهوات العالم؛ وهذا هو الزنى
الروحي، فهؤلاء أيضًا لا ينالون بركة الله لا في الأرض، ولا في الحياة الأخرى.
الله لا يعاقب أولاد الزناة بسبب خطية آبائهم،
ولكن لأنهم سلكوا هم أيضًا مثلهم في الزنى، إذ أن كل واحد مسئول عن سلوكه
(حز18: 2-4).
ع17-19: الأشرار، أو أولاد الزناة لا تطول
حياتهم - كما ذكرنا في (ع16) - وإن طالت حياتهم وبلغوا سن الشيخوخة تكون حياتهم
بلا قيمة، ولا تكون لهم كرامة أمام الله، وحتى الناس يشعرون بشرهم وخزيهم.
وبعد موت هؤلاء الأشرار لا يكون لهم راحة، أو
رجاء في السعادة الأبدية، بل ينتظرهم العذاب الذي لا ينتهى؛ لأن عقاب الله
للأشرار فظيع جدًا، ويشمل كل من سار في الشر، ورفض الله؛ فكل هذا الجيل الشرير
يدان، ويتعذب.
† لا تترجى يا نفسي راحة من شرورك، فإن كل
أفعال الخطية مؤذية لك ولمن حولك، ""لأن غضب الإنسان لا يصنع بر الله"" (يع1: 20)، فلا تغضبى مثلًا بحجة إعلان الحق، وتفقدى سلامك، وتزعجى الآخرين، وتظنى أن
هذا يرضى الله. إهربى من الشر وكل مصادره فتحتمى من العذاب الأبدي، وتتمتعى
بسلام الله.
← تفاسير أصحاحات
حكمة:
مقدمة |
1 |
2 |
3 |
4 |
5 |
6 |
7 |
8 |
9 |
10 |
11 |
12 |
13 |
14 |
15 |
16 |
17 |
18 |
19
تفاسير أسفار الكتاب المقدس
1- تفاسير سفر التكوين
2- تفاسير سفر الخروج
3- تفاسير سفر اللاويين
4- تفاسير سفر العدد
5- تفاسير سفر التثنية
6- تفاسير سفر يشوع
7- تفاسير سفر القضاة
8- تفاسير سفر راعوث
9- تفاسير سفر صموئيل الأول
10- تفاسير سفر صموئيل الثاني
11- تفاسير سفر الملوك الأول
12- تفاسير سفر الملوك الثاني
13- تفاسير سفر أخبار الأيام الأول
14- تفاسير سفر أخبار الأيام الثاني
15- تفاسير سفر عزرا
16- تفاسير سفر نحميا
17- تفاسير سفر طوبيا
18- تفاسير سفر يهوديت
19- تفاسير سفر أستير + التتمة
20- تفاسير سفر أيوب
21- تفاسير سفر المزامير + مز 151
22- تفاسير سفر الأمثال
23- تفاسير سفر الجامعة
24- تفاسير سفر نشيد الأناشيد
25- تفاسير سفر الحكمة
26- تفاسير سفر يشوع بن سيراخ
27- تفاسير سفر إشعياء
28- تفاسير سفر إرميا
29- تفاسير سفر مراثي إرميا
30- تفاسير سفر نبوه باروخ
31- تفاسير سفر حزقيال
32- تفاسير سفر دانيال + التتمة
33- تفاسير سفر هوشع
34- تفاسير سفر يوئيل
35- تفاسير سفر عاموس
36- تفاسير سفر عوبديا
37- تفاسير سفر يونان
38- تفاسير سفر ميخا
39- تفاسير سفر ناحوم
40- تفاسير سفر حبقوق
41- تفاسير سفر صفنيا
42- تفاسير سفر حجي
43- تفاسير سفر زكريا
44- تفاسير سفر ملاخي
45- تفاسير سفر المكابيين الأول
46- تفاسير سفر المكابيين الثاني
1- تفاسير إنجيل متى
2- تفاسير إنجيل مرقس
3- تفاسير إنجيل لوقا
4- تفاسير إنجيل يوحنا
5- تفاسير سفر أعمال الرسل
6- تفاسير الرسالة إلى رومية
7- تفاسير رسالة كورنثوس الاولى
8- تفاسير كورنثوس الثانية
9- تفاسير الرسالة إلى أهل غلاطية
10- تفاسير الرسالة إلى أفسس
11- تفاسير الرسالة إلى فيلبي
12- تفاسير الرسالة إلى كولوسي
13- تفاسير تسالونيكي الأولى
14- تفاسير تسالونيكي الثانية
15- تفاسير رسالة تيموثاوس الأولى
16- تفاسير تيموثاوس الثانية
17- تفاسير الرسالة إلى تيطس
18- تفاسير الرسالة إلى فيلمون
19- تفاسير رسالة العبرانيين
20- تفاسير رسالة يعقوب
21- تفاسير رسالة بطرس الأولى
22- تفاسير رسالة بطرس الثانية
23- تفاسير رسالة يوحنا الأولى
24- تفاسير رسالة يوحنا الثانية
25- تفاسير رسالة يوحنا الثالثة
26- تفاسير رسالة يهوذا
27- تفاسير سفر الرؤيا"
حكمة سليمان,3,1,"(3:1): إن كان الأشرار
يذهبون بعد الموت إلى العذاب الأبدي، فعلى الجانب الآخر، فإن نفوس الأبرار لا
يصيبها عذاب، أو أذى، بل إنهم محفوظون في يد الله، يتمتعون بعد الموت بسلام
كامل، ويخلدون في راحة مع الله؛ حتى وإن كانوا في العهد القديم يذهبون للجحيم -
مكان انتظار الأشرار؛ لأن المسيح لم يكن قد تمم الفداء بعد - فهم لا ينزعجون،
بل لهم رجاء ثابت في الراحة والنعيم. وفى العهد الجديد ينقلهم الموت مباشرة إلى
فردوس النعيم - مكان انتظار الأبرار - كما حدث مع اللص اليمين (لو23: 43).
ع2:"
حكمة سليمان,3,2,"(3:2): أما الأشرار فلبعدهم عن الله صاروا
جهلاء، فيظنون أن الأبرار قد انتهت حياتهم إلى العدم، وقد نالوا عقابًا في
حياتهم بكثرة الآلام، ولم يتلذذوا بشهوات العالم، وانتهت حياتهم إلى لا شيء،
فهذا منتهى الشقاء؛ لأن الجهال يرون أن الحياة السعيدة هي عدم وجود آلام، ويكون
لهم كثرة من البنين والبنات، ويعيشون مدة طويلة. أما عند الأبرار فالسعادة هي
الإحساس بالله، ومساندته لهم، وتمتعهم بعشرته على الأرض، ثم بعد ذلك في السماء.
ع3:"
حكمة سليمان,3,3,"(3:3): عطبًا: تلفًا وخسارة.
وأضاف الأشرار في تعليقهم على حياة الأبرار،
فقالوا: إن موتهم، وذهابهم من هذه الحياة هو تلف وخسارة، إذ لم يتمتعوا بشهوات
هذه الحياة، وذهبوا إلى العدم، ولكن الحقيقة أن الأبرار قد عاشوا في سلام على
الأرض، ثم انتقلوا للسلام الكامل في الحياة الأخرى، لأنهم محفوظون في يد الله
كما ذُكر في (ع1).
ع4:"
حكمة سليمان,3,4,"(3:4): ورغم أن الأبرار كانت حياتهم على الأرض
مملوءة بالآلام، وحرموا أنفسهم من شهوات العالم الشريرة، إلا أنهم عاشوا في
عشرة الله، وانتقلوا إلى الخلود في الأبدية السعيدة، متمتعين برؤية الله،
ومحفوظين في يده. فحياتهم في نظر الأشرار كانت مملوءة بالعقاب الإلهي، ولكن
الحقيقة أنهم احتملوا أتعابًا محدودة في هذه الحياة، وكان رجاؤهم ثابتًا في
الله، الذي ذاقوا حلاوته جزئيًا على الأرض، ورجاؤهم الذي نالوه هو السعادة
الأبدية.
† إن نفسك محفوظة في يد
الله، فلا تخشى مقاومة الأشرار لك في هذه الحياة؛ لأنهم لا يستطيعون أن يضروك،
إلا إذا سمح الله لفائدتك. وبعد الموت تتمتع بالسلام والخلود والنعيم الدائم مع
الله.
لا تهتم بآراء الأشرار وتشكيكاتهم؛ لأن نظرتهم
مادية قاصرة، أما أنت فلك استنارة روحية، وترى الله المختفى وراء الماديات،
والذي أعد لك أعظم مكافأة بعد هذه الحياة، وهي النعيم الأبدي.
ع5:"
حكمة سليمان,3,5,"(3:5): يسير: قليل.
أهلًا: مستحقًا.
وحقيقة الأمر أن الله يريد أن يكافئ أولاده إلى
الأبد، ويعطيهم كنوز بركاته، ووسيلته لذلك هي امتحانهم بالتجارب في فترة الحياة
القصيرة، فإذا احتملوا، بشكر وثبات في الإيمان، آلام هذه الحياة، استحقوا أمجاد
السماء العظيمة، وصاروا مستحقين لعشرة الله، ومعيته، والتمتع بالوجود الدائم
معه، وكما يقول معلمنا بولس الرسول: ""فإنى أحسب أن آلام الزمان الحاضر لا تقاس
بالمجد العتيد أن يُستعلن فينا"" (رو8: 18)، وكذلك يقول أيضًا: ""لأن خفة ضيقتنا
الوقتية تنشئ لنا أكثر فأكثر ثقل مجد أبديًا"" (2 كو4: 17).
ع6:"
حكمة سليمان,3,6,"(3:6): محصهم: فحصهم بالتدقيق.
البودقة: أو البوتقة وهي إناء يتحمل درجات
حرارة عالية، يوضع فيه الذهب، ويوضع على النار؛ لينصهر الذهب، وتنفصل عنه شوائب
المواد الغريبة.
إن الله يثق في محبة أولاده له، ومعدنهم العظيم
كالذهب، ويقصد بالتجارب ليس عقابهم، بل تخليصهم من الخطية، كما نضع الذهب في
البوتقة، أو البودقة، لنمتحنه ونخلصه من الشوائب.
إن احتمال الأبرار للآلام هو تقديم ذبيحة حب لله،
ذبيحة محرقة، أي اشتراك في ذبيحة المسيح المصلوب، فهم يقدمون حبًا على أعلى
مستوى.
† هل رأيت يا أخى كم هي
مكانة وعظمة الآلام التي تحتملها من أجل المسيح، إنها دليل محبتك له، ووسيلة
تخليصك من شوائب الخطية، واشتراك في صليبه.
إن العالم لا يفهم ذلك لجهله، أما أنت فلا تتعطل
بأفكارهم، بل تعمق في محبتك له وفى احتمال الآلام بشكر، وافحص نفسك في كل ضيقة؛
لتقدم توبة عن خطاياك، وتفكر كم من الآلام احتمل المصلوب لأجلك، فتستهين
بآلامك، وتقدمها ذبيحة صغيرة على مذبح حبه.
ع7:"
حكمة سليمان,3,7,"(3:7): يتلألأون: يلمعون ويضيئون.
ويصف الكتاب مصير الأبرار بعد الموت بأنهم
يتلألأون كالنجوم في السماء في مجد لا يعبر عنه، كما تنبأ دانيال عنهم وقال:
أنهم يضيئون كالجلد إلى أبد الدهور (دا12: 3). والمسيح نفسه قال عنهم: ""يضيىء
الأبرار كالشمس في ملكوت أبيهم"" (مت13: 43). ويوم الافتقاد يمكن أن يتم على
الأرض، عندما يصرخ أولاد الله إليه في ضيقتهم ويتلألأون، ويمجدون الله. ويصعد
الأبرار بسرعة إلى مكانهم العظيم بين يدى الله في السماء، كما تسرع شرارة النار
سريعًا وسط أعواد القصب (أو القش في ترجمة أخرى). وسعى الشرار بين القصب يشير
إلى إدانة الأبرار للأشرار؛ هذا يحدث جزئيًا على الأرض، ولكن الأشرار يرفضون
صوت الله، بل يتهمون الأبرار بالعناء، وينغمسون في شهواتهم الشريرة. ولكن في
الأبدية يكون الأبرار ببرهم كمشاعل نار تحرق الأشرار، الذين يظلون في عذاب إلى
الأبد كعقاب من الله؛ لأنهم لم يتعلموا من الأبرار في الأرض، ورفضوا صوت الله،
وقد أعلن بولس صوت الله ""أن القديسين سيدينون العالم"" (1 كو6: 2).
ع8:"
حكمة سليمان,3,8,"(3:8): وإذ تظهر مكافأة
الأبرار تدين شر الأشرار؛ لأن الأبرار سلكوا بالاستقامة، ونالوا مجازاتهم، فما
عذر الأشرار الذين عاشوا في نفس ظروفهم، ورفضوا أن يخضعوا لله؟! ويكون الأبرار
في مكان العظمة والتسلط، أما الأشرار فيكونون في أدنى مستوى، وسط العذاب
الأبدي. ويملك الله على قلوب الأبرار، وأرواحهم في السماء، ويملكون معه في مجد
إلى الأبد.
ع9:"
حكمة سليمان,3,9,"(3:9): سيتمتع أولاد الله المتوكلون عليه بنظر
الحق، أي الله، وتتجلى أكثر أمامهم حكمته. والذين يفهمون الحق، وهو الله، تصير
مشيئتهم مثل مشيئته، ويعرفون سر المجد الذي يتمتعون به، وهو نعمة الله التي
ساعدتهم على التمسك بوصاياه. وسر عذاب الأشرار لاختيارهم شهواتهم الشريرة،
بدلًا من محبة الله والخضوع له.
وعلى قدر أمانة الإنسان في محبة الله والناس
سيكون قريبًا لله، وملازمًا له إلى الأبد.وفى هذا الحفل السمائى تفيض مراحم
الله على أولاده، ونعمه لمختاريه الذين أعد لهم هذا المجد من قبل تأسيس العالم.
† هل بعدما رأيتِ يا نفسي كل هذا المجد يشغلك
أى شيء من تفاهات العالم، مهما بدت مبهرة؟ إن كل مجد العالم يتصاغر أمام عظمة
المجد الأبدي. فتعالى مع كل أولاد الله نستعد للأبدية بالصلاة والتأمل والتناول
من الأسرار المقدسة، تاركين عنا اهتمامات هذه الحياة الزائلة.
←
وستجد
تفاسير أخرى
هنا في
(2)
مصير الأشرار (ع10-19):
10 أَمَّا الْمُنَافِقُونَ فَسَيَنَالُهُمُ
الْعِقَابُ الْخَلِيقُ بِمَشُورَاتِهِمْ، إِذِ اسْتَهَانُوا بِالصِّدِّيقِ،
وَارْتَدُّوا عَنِ الرَّبِّ، 11 لأَنَّ مُزْدَرِيَ الْحِكْمَةِ وَالتَّأْدِيبِ
شَقِيٌّ. إِنَّمَا رَجَاؤُهُمْ بَاطِلٌ، وَأَتْعَابُهُمْ بِلاَ ثَمَرَةٍ،
وَأَعْمَالُهُمْ لاَ فَائِدَةَ فِيهَا. 12 نِسَاؤُهُمْ سَفِيهَاتٌ،
وَأَوْلاَدُهُمْ أَشْرَارٌ، 13 وَنَسْلُهُمْ مَلْعُونٌ. أَمَّا الْعَاقِرُ
الطَّاهِرَةُ الَّتِي لَمْ تَعْرِفِ الْمَضْجَعَ الْفَاحِشَ فَطُوبَى لَهَا.
إِنَّهَا سَتَحُوزُ ثَمَرَتَهَا فِي افْتِقَادِ النُّفُوسِ. 14 وَطُوبَى لِلْخَصِيِّ الَّذِي لَمْ تُبَاشِرْ يَدُهُ مَأْثَمًا، وَلاَ افْتَكَرَ
قَلْبُهُ بِشَرٍّ عَلَى الرَّبِّ؛ فَإِنَّهُ سَيُعْطَى نِعْمَةً سَامِيَةً
لأَمَانَتِهِ، وَحَظًّا شَهِيًّا فِي هَيْكَلِ الرَّبِّ. 15 لأَنَّ ثَمَرَةَ
الأَتْعَابِ الصَّالِحَةِ فَاخِرَةٌ، وَجُرْثُومَةَ الْفِطْنَةِ رَاسِخَةٌ. 16 أَمَّا أَوْلاَدُ الزُّنَاةِ فَلاَ يَبْلُغُونَ أَشُدَّهُمْ، وَذُرِّيَّةُ
الْمَضْجَعِ الأَثِيمِ تَنْقَرِضُ. 17 إِنْ طَالَتْ حَيَاتُهُمْ فَإِنَّهُمْ
يُحْسَبُونَ كَلاَ شَيْءٍ، وَفِي أَوَاخِرِهِمْ تَكُونُ شَيْخُوخَتُهُمْ بِلاَ
كَرَامَةٍ. 18 وَإِنْ مَاتُوا سَرِيعًا؛ فَلاَ يَكُونُ لَهُمْ رَجَاءٌ وَلاَ
عَزَاءٌ فِي يَوْمِ الْحِسَابِ، 19 لأَنَّ عَاقِبَةَ الْجِيلِ الأَثِيمِ
هَائِلَةٌ.
ع10:"
حكمة سليمان,3,10,"(3:10): الخليق: اللائق
والمناسب.
إذا كانت نهاية الأبرار عظيمة بهذا المقدار، فمن
ناحية أخرى فإن نهاية الأشرار المنافقين صعبة، إذ يسلكون بالشر ضد صوت الله
الذي في داخلهم، وهو الضمير، ويستهينون بالصديق البار وسلوكه، الذي هو حسب
وصايا الله، ويتمادون في شرهم. ويكون عقاب الأشرار بحسب أفكارهم الشريرة، التي
أخذوها من الشيطان، فعلى قدر ما سلكوا في مشورات شريرة يكون عقابهم، أي أن هناك
درجات للعقاب، وهذا يؤكد عدل الله.
ع11:"
حكمة سليمان,3,11,"(3:11): مزدرى: محتقر.
وكل أعمال الأشرار في حياتهم باطلة بلا ثمر، إذ
كلها شهوات شريرة، وانهماك في أنانيتهم، وليس في محبة الله، فارتدوا عنه. هذه
نتيجة من يرفض الحكمة الإلهية، ويسلك في ضلال الشر.
ع12:"
حكمة سليمان,3,12,"(3:12): سفيهات: تافهات وكلامهن بلا
نفع. بل أكثر من هذا أن عائلات الأشرار التي يتركونها بعدهم مملوءة شرًا، بسبب
تعاليمهم وسلوكهم الشرير، فنساؤهم يتكلمن كلامًا باطلًا، وأولادهم يسلكون في
الشر مثلهم، وهم مرفوضون من الله، بل وملعونون.
ويلاحظ أن الأشرار سقطوا في ثلاثة شرور هي:
1- استهانوا بالصديق. 2- ارتدوا عن الرب. 3-
ازدروا بالحكمة والتأديب.
† لا تهمل وصايا الله منشغلًا بماديات العالم.
وإن وضع الله في طريقك إنسانًا بارًا، فتعلم منه محبة الله، حتى لا تدان في
النهاية بسبب كبريائك،وإهمالك لصوت الله لك. إهتم بتقديم محبة ورعاية روحية.
إهتم بخلاص نفوس كل من حولك، مهما كانوا بعيدين، أو رافضين، فالله قادر، ولو
بعد حين، أن يجذبهم إليه بصلواتك وخدمتك لهم، كما ساعد القديسة مونيكا، فأرجعت
إليه ابنها أغسطينوس، وزوجها، وحماتها الوثنيين.
ع13:"
حكمة سليمان,3,13,"(3:13): المضجع الفاحش: مكان الرقاد
لممارسة الزنى.
ستحوز: ستنال.
يتكلم عن العاقر، أي التي لم تلد، وكان العقر في
العهد القديم يُعتبر نقصًا كبيرًا، وعدم استحقاق للقداسة، إذ أن كل امرأة من
شعب الله كانت تنتظر أن يأتي منها المسيا، أي المسيح. فمن لا تلد تعتبر غير
مستحقة لنوال البركة بولادة البنين، الذين قد يكون المسيح من نسلهم.
فهذه العاقر رغم أنها لم تلد، وحفظت قلبها نقيًا
شاكرًا لله، حتى لو لم يكن لها أولاد، فهي تمثل الثبات في نقاوة القلب دون
مكافأة أرضية، وهي بهذا تدخر لنفسها مكافأة أبدية.
وهذه العاقر أيضًا تشير للنفس المتبتلة، التي
فضلت أن تحيا بدون أولاد جسديين، وتكرس حياتها لمحبة الله على الأرض، فتستحق
مجازاة عظيمة في السماء، ويعوضها الله على الأرض ببركات كثيرة.
ع14:"
حكمة سليمان,3,14,"(3:14): تباشر: تمتد.
مأثمًا: خطية.
وهذا الخصي الذي لا يستطيع الزواج وإنجاب البنين،
ومع هذا لم يكسر وصايا الله بالشرور المختلفة، فله مكافأة عالية في السماء.
وهو يشير للإنسان الذي خصى نفسه لأجل الله، ليس
بمعنى أنه أحدث تلفًا في أعضائه، بل تنازل عن احتياجاته الغريزية الطبيعية،
وحولها لمحبة الله، وخدمته، أي الإنسان البتول المكرس لله، فهذا له مجد عظيم في
السماء. وهذه الآية تشير لكلام المسيح الذي قاله عن البتوليين، إذ قال: ""يوجد
خصيان خصوا أنفسهم لأجل ملكوت السموات"" (مت19: 12).
هذا الخصى، الذي هو البتول، ينال حظًا شهيًا في
هيكل الرب، والهيكل هو مكان لقاء الله مع الإنسان، واتحاده به، هذا تم في هيكل
العهد القديم، حيث توجد شركة بين الإنسان والله، وفى العهد الجديد باتحاد
الإنسان بالله من خلال الجسد والدم، أما في الأبدية، فينال البتول مكانة عظيمة
لا يمكن التعبير عنها.
† إن النفس التي أحبت
الله، واستغنت به عن كل محبة أرضية، قد صار لها دخول إلى أعماق الله. هذه هي
النفس المتبتلة التي ينتظرها مجد عظيم في أحضان الحب الإلهي في السماء.
ما أجمل الطهارة والعفة، ليس فقط للمتبتلين الذين
يمجدهم الكتاب المقدس بوضوح، ولكن أيضًا للمتزوجين، حتى لا ينهمكوا في شهوات
العالم، بل يكون هدف الكل هو محبة الله. وكلما انشغلنا بمحبة الله، نتنازل
تدريجيًا عن احتياجاتنا المادية، فننال مكافأتنا في السماء.
ع15:"
حكمة سليمان,3,15,"(3:15): جرثومة: ميكروب صغير لا يرى
بالعين المجردة، وينتشر، ويؤثر سريعًا بقوة على الإنسان.
الفطنة: الحكمة.
راسخة: ثابتة.
يختم يشوع كلامه عن البتولية بهذه الآية، فيعلن
أن من يتعبون في حفظ طهارتهم كبتوليين، لهم أجر عظيم من الله. فهذه الأتعاب من
أجل حياة البتولية هي أتعاب صالحة، وثمرتها فاخرة على الأرض بتعزيات وبركات
كثيرة، ثم في السماء أمجاد عظيمة.
وجرثومة الفطنة هي بذرة الحكمة الصغيرة التي
يهبها الله للإنسان، فتعمل بسرعة وقوة في كل كيانه. وعلى قدر ما يتعب البتول في
حفظ طهارته، والتمتع بعشرة الله، يثبت في حياة راسخة في الله، ويتمتع بها إلى
الأبد.
ع16:"
حكمة سليمان,3,16,"(3:16): لا يبلغون أشدهم: يموتون في سن
صغيرة.
تنقرض: تفنى.
إن كانت عاقبة البتولية والتكريس للحب الإلهي
هكذا عظيمة في السماء، فعلى العكس، نرى نتيجة الخطية، أي الزنى، شقاء وتعب.
فأولاد الزناة يتعلمون الزنى والشر من آبائهم، وحياتهم تصبح قصيرة، ليس فقط في
عدد السنوات، ولكن تكون كل حياتهم بلا فائدة، وكأنهم لم يولدوا؛ لأنهم لم
يعرفوا الله. وإذا استمروا في الزنى، فإن الله يعاقبهم بأن يفنوا، ولا يكون لهم
ذرية على الأرض.
ويمكن أن يكون المقصود بأولاد الزناة هم من لا
يعبدون الله، بل يعبدون الأصنام، وينغمسون في شهوات العالم؛ وهذا هو الزنى
الروحي، فهؤلاء أيضًا لا ينالون بركة الله لا في الأرض، ولا في الحياة الأخرى.
الله لا يعاقب أولاد الزناة بسبب خطية آبائهم،
ولكن لأنهم سلكوا هم أيضًا مثلهم في الزنى، إذ أن كل واحد مسئول عن سلوكه
(حز18: 2-4).
ع17-19:"
حكمة سليمان,3,17,"(3:17-19): الأشرار، أو أولاد الزناة لا تطول
حياتهم - كما ذكرنا في (ع16) - وإن طالت حياتهم وبلغوا سن الشيخوخة تكون حياتهم
بلا قيمة، ولا تكون لهم كرامة أمام الله، وحتى الناس يشعرون بشرهم وخزيهم.
وبعد موت هؤلاء الأشرار لا يكون لهم راحة، أو
رجاء في السعادة الأبدية، بل ينتظرهم العذاب الذي لا ينتهى؛ لأن عقاب الله
للأشرار فظيع جدًا، ويشمل كل من سار في الشر، ورفض الله؛ فكل هذا الجيل الشرير
يدان، ويتعذب.
† لا تترجى يا نفسي راحة من شرورك، فإن كل
أفعال الخطية مؤذية لك ولمن حولك، ""لأن غضب الإنسان لا يصنع بر الله"" (يع1: 20)، فلا تغضبى مثلًا بحجة إعلان الحق، وتفقدى سلامك، وتزعجى الآخرين، وتظنى أن
هذا يرضى الله. إهربى من الشر وكل مصادره فتحتمى من العذاب الأبدي، وتتمتعى
بسلام الله.
← تفاسير أصحاحات
حكمة:
مقدمة |
1 |
2 |
3 |
4 |
5 |
6 |
7 |
8 |
9 |
10 |
11 |
12 |
13 |
14 |
15 |
16 |
17 |
18 |
19
تفاسير أسفار الكتاب المقدس
1- تفاسير سفر التكوين
2- تفاسير سفر الخروج
3- تفاسير سفر اللاويين
4- تفاسير سفر العدد
5- تفاسير سفر التثنية
6- تفاسير سفر يشوع
7- تفاسير سفر القضاة
8- تفاسير سفر راعوث
9- تفاسير سفر صموئيل الأول
10- تفاسير سفر صموئيل الثاني
11- تفاسير سفر الملوك الأول
12- تفاسير سفر الملوك الثاني
13- تفاسير سفر أخبار الأيام الأول
14- تفاسير سفر أخبار الأيام الثاني
15- تفاسير سفر عزرا
16- تفاسير سفر نحميا
17- تفاسير سفر طوبيا
18- تفاسير سفر يهوديت
19- تفاسير سفر أستير + التتمة
20- تفاسير سفر أيوب
21- تفاسير سفر المزامير + مز 151
22- تفاسير سفر الأمثال
23- تفاسير سفر الجامعة
24- تفاسير سفر نشيد الأناشيد
25- تفاسير سفر الحكمة
26- تفاسير سفر يشوع بن سيراخ
27- تفاسير سفر إشعياء
28- تفاسير سفر إرميا
29- تفاسير سفر مراثي إرميا
30- تفاسير سفر نبوه باروخ
31- تفاسير سفر حزقيال
32- تفاسير سفر دانيال + التتمة
33- تفاسير سفر هوشع
34- تفاسير سفر يوئيل
35- تفاسير سفر عاموس
36- تفاسير سفر عوبديا
37- تفاسير سفر يونان
38- تفاسير سفر ميخا
39- تفاسير سفر ناحوم
40- تفاسير سفر حبقوق
41- تفاسير سفر صفنيا
42- تفاسير سفر حجي
43- تفاسير سفر زكريا
44- تفاسير سفر ملاخي
45- تفاسير سفر المكابيين الأول
46- تفاسير سفر المكابيين الثاني
1- تفاسير إنجيل متى
2- تفاسير إنجيل مرقس
3- تفاسير إنجيل لوقا
4- تفاسير إنجيل يوحنا
5- تفاسير سفر أعمال الرسل
6- تفاسير الرسالة إلى رومية
7- تفاسير رسالة كورنثوس الاولى
8- تفاسير كورنثوس الثانية
9- تفاسير الرسالة إلى أهل غلاطية
10- تفاسير الرسالة إلى أفسس
11- تفاسير الرسالة إلى فيلبي
12- تفاسير الرسالة إلى كولوسي
13- تفاسير تسالونيكي الأولى
14- تفاسير تسالونيكي الثانية
15- تفاسير رسالة تيموثاوس الأولى
16- تفاسير تيموثاوس الثانية
17- تفاسير الرسالة إلى تيطس
18- تفاسير الرسالة إلى فيلمون
19- تفاسير رسالة العبرانيين
20- تفاسير رسالة يعقوب
21- تفاسير رسالة بطرس الأولى
22- تفاسير رسالة بطرس الثانية
23- تفاسير رسالة يوحنا الأولى
24- تفاسير رسالة يوحنا الثانية
25- تفاسير رسالة يوحنا الثالثة
26- تفاسير رسالة يهوذا
27- تفاسير سفر الرؤيا"
حكمة سليمان,4,0,"(4:1): ← تفاسير أصحاحات
حكمة:
مقدمة |
1 |
2 |
3 |
4 |
5 |
6 |
7 |
8 |
9 |
10 |
11 |
12 |
13 |
14 |
15 |
16 |
17 |
18 |
19
تفاسير أسفار الكتاب المقدس
1- تفاسير سفر التكوين
2- تفاسير سفر الخروج
3- تفاسير سفر اللاويين
4- تفاسير سفر العدد
5- تفاسير سفر التثنية
6- تفاسير سفر يشوع
7- تفاسير سفر القضاة
8- تفاسير سفر راعوث
9- تفاسير سفر صموئيل الأول
10- تفاسير سفر صموئيل الثاني
11- تفاسير سفر الملوك الأول
12- تفاسير سفر الملوك الثاني
13- تفاسير سفر أخبار الأيام الأول
14- تفاسير سفر أخبار الأيام الثاني
15- تفاسير سفر عزرا
16- تفاسير سفر نحميا
17- تفاسير سفر طوبيا
18- تفاسير سفر يهوديت
19- تفاسير سفر أستير + التتمة
20- تفاسير سفر أيوب
21- تفاسير سفر المزامير + مز 151
22- تفاسير سفر الأمثال
23- تفاسير سفر الجامعة
24- تفاسير سفر نشيد الأناشيد
25- تفاسير سفر الحكمة
26- تفاسير سفر يشوع بن سيراخ
27- تفاسير سفر إشعياء
28- تفاسير سفر إرميا
29- تفاسير سفر مراثي إرميا
30- تفاسير سفر نبوه باروخ
31- تفاسير سفر حزقيال
32- تفاسير سفر دانيال + التتمة
33- تفاسير سفر هوشع
34- تفاسير سفر يوئيل
35- تفاسير سفر عاموس
36- تفاسير سفر عوبديا
37- تفاسير سفر يونان
38- تفاسير سفر ميخا
39- تفاسير سفر ناحوم
40- تفاسير سفر حبقوق
41- تفاسير سفر صفنيا
42- تفاسير سفر حجي
43- تفاسير سفر زكريا
44- تفاسير سفر ملاخي
45- تفاسير سفر المكابيين الأول
46- تفاسير سفر المكابيين الثاني
1- تفاسير إنجيل متى
2- تفاسير إنجيل مرقس
3- تفاسير إنجيل لوقا
4- تفاسير إنجيل يوحنا
5- تفاسير سفر أعمال الرسل
6- تفاسير الرسالة إلى رومية
7- تفاسير رسالة كورنثوس الاولى
8- تفاسير كورنثوس الثانية
9- تفاسير الرسالة إلى أهل غلاطية
10- تفاسير الرسالة إلى أفسس
11- تفاسير الرسالة إلى فيلبي
12- تفاسير الرسالة إلى كولوسي
13- تفاسير تسالونيكي الأولى
14- تفاسير تسالونيكي الثانية
15- تفاسير رسالة تيموثاوس الأولى
16- تفاسير تيموثاوس الثانية
17- تفاسير الرسالة إلى تيطس
18- تفاسير الرسالة إلى فيلمون
19- تفاسير رسالة العبرانيين
20- تفاسير رسالة يعقوب
21- تفاسير رسالة بطرس الأولى
22- تفاسير رسالة بطرس الثانية
23- تفاسير رسالة يوحنا الأولى
24- تفاسير رسالة يوحنا الثانية
25- تفاسير رسالة يوحنا الثالثة
26- تفاسير رسالة يهوذا
27- تفاسير سفر الرؤيا"
حكمة سليمان,5,0,"(5:1): الأبرار والأشرار في يوم الدينونة
بعد أن أظهر سليمان الحكيم في
الأصحاح السابق أن موت الأبرار المبكر هو تنبيه للأشرار ليتوبوا عن خطاياهم.
فإذا استمروا في احتقارهم للأبرار، وتمادوا في شرورهم، يظهر في هذا الأصحاح
ندمهم الشديد بعد الموت، إذ يرون مجد الأبرار، وعقابهم الشنيع الذي ينتظرهم.
(1) ندم
الأشرار (ع1-15)
(2)
مجد الصديقين وعقاب الأشرار
(ع16-24)
(1)
ندم الأشرار
(ع1-15):
1 حِينَئِذٍ يَقُومُ الصِّدِّيقُ بِجُرْأَةٍ
عَظِيمَةٍ فِي وُجُوهِ الَّذِينَ ضَايَقُوهُ، وَجَعَلُوا أَتْعَابَهُ
بَاطِلَةً. 2 فَإِذَا رَأَوْهُ يَضْطَرِبُونَ مِنْ شِدَّةِ الْجَزَعِ،
وَيَنْذَهِلُونَ مِنْ خَلاَصٍ لَمْ يَكُونُوا يَظُنُّونَهُ، 3 وَيَقُولُونَ فِي
أَنْفُسِهِمْ نَادِمِينَ، وَهُمْ يَنُوحُونَ مِنْ ضِيقِ صُدُورِهِمْ: «هذَا
الَّذِي كُنَّا حِينًا نَتَّخِذُهُ سُخْرَةً وَمَثَلًا لِلْعَارِ. 4 وَكُنَّا
نَحْنُ الْجُهَّالَ نَحْسَبُ حَيَاتَهُ جُنُونًا، وَمَوْتَهُ هَوَانًا. 5 فَكَيْفَ أَصْبَحَ مَعْدُودًا فِي بَنِي اللهِ، وَحَظُّهُ بَيْنَ
الْقِدِّيسِينَ؟!6 لَقَدْ ضَلَلْنَا عَنْ طَرِيقِ الْحَقِّ، وَلَمْ يُضِئْ لَنَا نُورُ الْبِرِّ،
وَلَمْ تُشْرِقْ عَلَيْنَا الشَّمْسُ. 7 أَعْيَيْنَا فِي سُبُلِ الإِثْمِ
وَالْهَلاَكِ، وَهِمْنَا فِي مَتَايِهَ لاَ طَرِيقَ فِيهَا، وَلَمْ نَعْلَمْ
طَرِيقَ الرَّبِّ. 8 فَمَاذَا نَفَعَتْنَا الْكِبْرِيَاءُ، وَمَاذَا أَفَادَنَا
افْتِخَارُنَا بِالأَمْوَالِ. 9 قَدْ مَضَى ذلِكَ كُلُّهُ كَالظِّلِّ
وَكَالْخَبَرِ السَّائِرِ. 10 أَوْ كَالسَّفِينَةِ الْجَارِيَةِ عَلَى الْمَاءِ
الْمُتَمَوِّجِ، الَّتِي بَعْدَ مُرُورِهَا لاَ تَجِدُ أَثَرَهَا، وَلاَ خَطَّ
حَيْزُومِهَا فِي الأَمْوَاجِ. 11 أَوْ كَطَائِرٍ يَطِيرُ فِي الْجَوِّ؛ فَلاَ
يَبْقَى دَلِيلٌ عَلَى مَسِيرِهِ. يَضْرِبُ الرِّيحَ الْخَفِيفَةَ
بِقَوَادِمِهِ، وَيَشُقُّ الْهَوَاءَ بِشِدَّةِ سُرْعَتِهِ، وَبِرَفْرَفَةِ
جَنَاحَيْهِ يَعْبُرُ، ثُمَّ لاَ تَجِدُ لِمُرُورِهِ مِنْ عَلاَمَةٍ. 12 أَوْ
كَسَهْمٍ يُرْمَى إِلَى الْهَدَفِ؛ فَيُخْرَقُ بِهِ الْهَوَاءُ، وَلِوَقْتِهِ
يَعُودُ إِلَى حَالِهِ، حَتَّى لاَ يُعْرَفُ مَمَرُّ السَّهْمِ. 13 كَذلِكَ
نَحْنُ، وُلِدْنَا ثُمَّ اضْمَحْلَلْنَا، وَلَمْ يَكُنْ لَنَا أَنْ نُبْدِيَ
عَلاَمَةَ فَضِيلَةٍ، بَلْ فَنِينَا فِي رَذِيلَتِنَا». 14 كَذَا قَالَ
الْخُطَاةُ فِي الْجَحِيمِ. 15 لأَنَّ رَجَاءَ الْمُنَافِقِ كَغُبَارٍ تَذْهَبُ
بِهِ الرِّيحُ، وَكَزَبَدٍ رَقِيقٍ تُطَارِدُهُ الزَّوْبَعَةُ، وَكَدُخَانٍ
تُبَدِّدُهُ الرِّيحُ، وَكَذِكْرِ ضَيْفٍ نَزَلَ يَوْمًا ثُمَّ ارْتَحَلَ.
ع1: يحدثنا هنا الكتاب
عن صورة متكاملة للحياة بعد الموت، إذ يرى الأشرار الصديق يقوم بجرأة في مجد
عظيم، بينما يخزى الأشرار المعذبون نتيجة خطاياهم، إذ تنتظرهم النار الأبدية،
ويظهر خزى إدعاءاتهم على البار، ورفضهم لبره على الأرض، ويتحملون نتيجة
مضايقتهم واضطهادهم له، كما يظهر هذا في مثل الغنى ولعازر (لو16: 19-31).
ع2-5: الجزع: الخوف
الشديد.
سخرة:
سخرية واستهزاء.
وإذ انهمك الأشرار في شهواتهم لم
يتوقعوا خلاصًا ومجدًا للبار بهذا المقدار، لكنهم الآن يندمون على سخريتهم منه
في الأرض، إذ كانوا يظنون أن حياة البار جنون؛ لأنه لم يتمتع مثلهم بشهوات
العالم الردية، وعندما مات أمام أعينهم شعروا أن هذا خزى وهوان.
وهؤلاء الأشرار يسقطون أيضًا في
حزن وبكاء لا يستطيعون الخروج منه، إذ لم تعد لهم فرصة للتوبة، أما البار فإنه
أصبح واحدًا من القديسين وابنًا لله، متمتعًا بمجد السماء.
وما يظنه الناس في أولاد الله
المثابرين على الجهاد، والمتمسكين بالفضيلة واحتمال الضيقات، جنون وعدم حكمة،
يتحول بعد الموت إلى قداسة، وتمتع ببنوة الله والقرب منه في مجد وبهاء. وهكذا
نظر أصهار لوط إلى لوط البار وظنوه مازحًا بتكلم بكلام باطل
(تك19: 14).
† احتمل يا أخى ضيقات الحياة، ومقاومة الأشرار
لوصايا الله، التي أنت متمسك بها، وثق أن الشر له نهاية، وأن الله غير ظالم حتى
ينسى تعبك ومحبتك، بل إن كأس ماء بارد لا يضيع أجره أمام الله، وكل دمعة، وكل
يد مرفوعة، وركبة منحنية غالية جدًا عنده.أكمل جهادك وإكليلك. وفى نفس الوقت
يمتلئ كأس غضب الله على الأشرار، صلى من أجلهم؛ ليتوبوا، ويرجعوا عن شهواتهم،
فيخلصوا معك من الغضب الأبدي. لا تكترث بآرائهم المادية، أو شكوكهم؛ لأن منطقهم
هو الشهوة،ولم يجعلوا الله أمامهم، أما أنت فتمتع بحبه بحفظك وصاياه، ناظرًا
إلى المجد الأبدي الذي ينتظرك.
ع6-8: أعيينا: تعبنا.
سبل:
طرق.
همنا:
سرنا بلا هدف.
متايه
: متاهات وطرق غير معروفة يتوه ويضل فيها الإنسان.
وأمام مجد الصديق يندم الأشرار؛
لأنهم تركوا الله الحق، شمس البر، الذي هو ربنا يسوع المسيح، ورفضوا كل
توجيهاته لهم من خلال وصاياه وأحداث الحياة، فصاروا بسبب ظلمة الخطية، في
الظلام الأبدي، وكل طرق الشهوات التي سلكوا فيها، وتعبوا في تحصيلها جاءت على
رؤوسهم بالعذاب، وظهر أنها كانت كلها طرق ضلال تاهوا فيها بعيدًا عن الله.
وطريقه الوحيد هو المسيح كلمة الله، الذي قال: ""أنا هو الطريق..."" (يو14: 6).
ونلاحظ أن الشيطان يقدم طرقًا كثيرة للشر؛ ليغرى بها البشر، أما طريق الله فهو
واحد.
† كم هو خداع إبليس الذي يشغلنا عن هدفنا
الوحيد، وهو محبة الله، بشهوات وماديات وآراء، وفلسفات، ليس القصد منها شيئًا
في ذاتها، بل هو مجرد شغلنا عن هدفنا، ونحن هكذا نخدع بسذاجة قلوبنا، وينقضى
عمرنا دون أن ندرى. الآن وقت مقبول، وساعة للخلاص للتوبة والرجوع إلى الله. لا
تنتظر حتى تندم بعد نهاية هذا العمر، بل لنمت الآن عن الخطية؛ لنحيا لله، ونقتدى بالقديسين، وبالصديق، الذي هو إشارة واضحة ليسوع المسيح الذي مجده
سيديننا في نهاية الأيام.
ع9-12: حيزومها: الخط
الذي تتركه السفينة خلفها على وجه المياه، وسرعان ما يتلاشى.
قوادمه
: مقدمات ريش الطائر الذي في أجنحته.
إن حياة الأشرار خالية من كل
فضيلة وهي بلا معنى أمام الله، ولا أثر صالح لها على المجتمع المحيط، أما فضائل
الأبرار فتتبعهم إلى السماء، وتظل قدوة لمن بعدهم. ويشبهها هنا الكتاب بأنها
كالظل، أي يختفى باختفاء صاحبه، وكالخبر السائر من أخبار البشر التي
تُنسى سريعًا.
ويشبه أيضًا حياة الشرير
بالسفينة التي تشق مياه البحر، فتحدث أثرًا وخطًا وسط المياه المتموجة،
ولكن هذا الحيزوم أي الخط الوسطى بين المياه، سرعان ما يختفى وتعود المياه إلى
طبيعتها المتموجة، وهكذا تختفى كل آثار حياة الأشرار.
وتأكيدًا لفناء حياة الأشرار وعدم
وجود ذكر لهم في السماء، يشبه حياتهم بطائر يحرك أجنحته ويضارب بها
الهواء، ولكن بعد مروره لا نجد أثرًا في الهواء، أو خطًا يظهر طريق سيره. فكل
أعمال الشرير مهما بدت فيها قوة، أو مصادمات مع الآخرين، يختفى أثرها تمامًا؛
لأنها بلا نفع لصاحبها، أو للمحيطين به.
وهناك تشبيه آخر لسرعة فناء حياة
الأشرار،وهو مرور السهم في الهواء، الذي لا يترك أثرًا يعلن طريق مسيره.
إن كل هذه التشبيهات تصف زوال
حياة وأعمال الشرير، فالظل يختفى باختفاء صاحبه، والخبر السار ينساه الناس
بمرور الوقت، أما السفينة فهي دائمة التحرك، تعلن عدم استقرار البشر. والطائر
يرمز إلى غربة العالم، فينبه الإنسان إلى أهمية الاستعداد للأبدية، وأخيرًا فإن
السهم يعلن سرعة انتهاء حياة الإنسان، ويؤكد أهمية الحياة مع الله، والبعد عن
الشر.
ع13، 14: اضمحللنا:
فنينا ومتنا.
فنينا
: انتهينا ومتنا.
يا له من شعور مؤسف، وندم بلا
فائدة يشعره الأشرار في الجحيم بعد فوات الفرصة منهم؛ فرصة تحقيق علاقة مع الله
وفضائل روحية، وخدمات حب لمن حولهم. لقد ضيعوا كل طاقاتهم بلا فائدة لحساب
الشر، فخسروا كل شيء. هذا هو لسان حال الخطاة في الجحيم.
† هذا ما يحدث معى ومعك عندما ننشغل بشهواتنا
الشريرة، ونجرى وراء ماديات العالم، أو نتثقل بالهموم والقلق. ليتنا ننتبه
سريعًا، ونستغل وقتنا الحاضر في تحقيق فضيلة، سواء في تكوين علاقة حب مع الله
في أية ممارسات روحية، أو تقديم عمل رحمة وخدمة لمن حولنا. والكتاب المقدس كله
يؤكد هذا المعنى، كما يقول المزمور الأول عن حياة الأشرار: ""كالعصافة التي
تذريها الريح"" (مز1: 4). وعلى العكس يتحدث عن الصديقين، فيدعونا للاقتداء بهم،
وبفضائلهم الثابتة، إذ يقول: ""أنظروا إلى نهاية سيرتهم فتمثلوا بإيمانهم""
(عب13: 7).
ع15: زبد: فقاعات
الهواء التي تظهر في مياه البحر عندما تصل إلى الشاطئ، ولونها أبيض.
انشغال الشرير بالخطية يفقده
رجاءه في الأبدية، ولكن العجيب أنه يخدع نفسه، ويظن أن له مكانًا في السماء،
ويحاول أن يرضى ضميره بأنه يعمل بعض أعمال نافعة، مع أنها كلها مشوبة بالشر،
وهو لا يريد التوبة، أو الجهاد الروحي، فليس له رجاء مع المسيح. ويشبه الكتاب
رجاءه الفانى بأنه:
غبار تذهب به الريح
: فينتشر في الجو، ويختفى إذ يتناثر في كل مكان.
زبد رقيق تطارده الزوبعة
: ويشبه أيضًا الزبد الذي هو الأمواج البيضاء الرقيقة وفقاعات الهواء التي
تدفعها الأمواج نحو الشاطئ؛ حتى تتكسر وتتلاشى.
دخان يبدده الريح
: وكذلك هذا الرجاء مثل الدخان الأسود القاتم، الذي سرعان ما يخف سواده،
وينتشر، حتى يتلاشى مع الريح.
ذكر ضيف نزل يومًا ثم ارتحل
: ومثل ضيف أقام في مكان فترة صغيرة، ثم رحل، ومع الوقت تنسى كل أخبار إقامته
في هذا المكان، إذ ليس له استقرار فيه.
هذه التشبيهات لحياة الأشرار
يقابلها نفس المعنى في العهد الجديد في رسالة يهوذا (يه12، 13).
† ليتنا لا نخدع أنفسنا برجاء باطل، ونطمئن أن
لنا مكان في السماء، بل نقوم للتوبة والجهاد الروحي، وكل عمل صالح. فالإيمان
النظرى هو بلا فائدة؛ لأن الشياطين يؤمنون ويقشعرون، ولكنهم لن يخلصوا.وعمل
الخير هو الشئ الوحيد الذي له قيمة في هذا العالم، إنه الفضيلة... إنه الحب لكل
أحد ... إنه عمل الرحمة لكل محتاج.
←
وستجد
تفاسير أخرى
هنا في
(2) مجد الصديقين وعقاب
الأشرار (ع16-24):
16 أَمَّا الصِّدِّيقُونَ فَسَيَحْيَوْنَ إِلَى
الأَبَدِ، وَعِنْدَ الرَّبِّ ثَوَابُهُمْ، وَلَهُمْ عِنَايَةٌ مِنْ لَدُنِ
الْعَلِيِّ. 17 فَلِذلِكَ سَيَنَالُونَ مُلْكَ الْكَرَامَةِ، وَتَاجَ الْجَمَالِ
مِنْ يَدِ الرَّبِّ، لأَنَّهُ يَسْتُرُهُمْ بِيَمِينِهِ وَبِذِرَاعِهِ
يَقِيهِمْ.18 يَتَسَلَّحُ بِغَيْرَتِهِ وَيُسَلِّحُ الْخَلْقَ لِلاِنْتِقَامِ مِنَ
الأَعْدَاءِ. 19 يَلْبَسُ الْبِرَّ دِرْعًا وَحُكْمَ الْحَقِّ خُوذَةً،20 وَيَتَّخِذُ الْقَدَاسَةَ تُرْسًا لاَ يُقْهَرُ، 21 وَيُحَدِّدُ غَضَبَهُ
سَيْفًا مَاضِيًا، وَالْعَالَمُ يُحَارِبُ مَعَهُ الْجُهَّالَ.22 فَتَنْطَلِقُ صَوَاعِقُ الْبُرُوقِ انْطِلاَقًا لاَ يُخْطِئُ، وَعَنْ قَوْسِ
الْغُيُومِ الْمُحْكَمَةِ التَّوْتِيرِ تَطِيرُ إِلَى الْهَدَفِ.23 وَسُخْطُهُ يَرْجُمُهُمْ بِبَرَدٍ ضَخْمٍ، وَمِيَاهُ الْبِحَارِ تَسْتَشِيطُ
عَلَيْهِمْ، وَالأَنْهَارُ تَلْتَقِي بِطُغْيَانٍ شَدِيدٍ.24 وَتَثُورُ عَلَيْهِمْ رِيحٌ شَدِيدَةٌ زَوْبَعَةٌ تُذَرِّيهِمْ، وَالإِثْمُ
يُدَمِّرُ جَمِيعَ الأَرْضِ، وَالْفُجُورُ يَقْلِبُ عُرُوشَ الْمُقْتَدِرِينَ.
ع16: لدن: عند.
وعلى النقيض، نرى مجد أولاد الله
القديسين. فإن كان الأشرار ليس لهم ذكر، إذ أن نهايتهم عذاب وموت، فإن الأبرار
يحيون في المسيح. متلذذين بعشرته، وفيما هم يحيون في المسيح على الأرض، يكافئهم
في السماء بأمور لا يعبر عنها، عن كل جهاد وتعب أرضى احتملوه من أجله. وأكثر من
هذا، يحوطهم الله برعايته، فيشعرون بأبوته، واحتضانه ودفء محبته في الأرض وفى
السماء. فالحياة الأبدية تبدأ مقدمتها وعربونها على الأرض بالحياة في المسيح،
وتكمل في السماء، وتمتد إلى الأبد في رعاية وأحضان الله.
ع17: يقيهم: يحميهم.
ثم يكللهم بالمجد، إذ يملكون معه
إلى الأبد في مجد الملكوت الأبدي، ويلبسون في ملكهم وعظمتهم تيجان الفضائل
الجميلة التي تقربهم، وتشعرهم بالتلاقى مع الله، والتمتع برؤيته وجهًا لوجه.
والمسيح يستر على كل خطاياهم التي
تابوا عنها، فلا تظهر تمامًا، ويلقيها في بحر النسيان، ويمنع عنهم كل حروب
إبليس ويحميهم منها، إذ هناك تبطل قوة الشيطان؛ لأنه يُقيد، ويلقى في العذاب
الأبدي بعيدًا عنهم.
† حقًا إن آلام التوبة والجهاد الروحي وكل ما
نحتمله في هذه الحياة لا يقاس بالمجد العتيد أن يستعلن فينا في الأبدية، كما
يقول معلمنا بولس الرسول (2 كو4: 17)، فلماذا لا نسرع بفرح لحمل الصليب؛ لنعاين
القيامة ""طوبى للحزانى لأنهم يتعزون"" (مت5: 4). ولنحاضر بالصبر في الجهاد
الموضوع أمامنا"" (عب12: 1)؛ حتى نتمتع بأفراح السماء والمجد الذي لا يعبر عنه.
ع18: ينتقل هنا من الكلام على الصديقين، أي
أولاد الله الأبرار الحافظين لوصاياه، إلى الحديث عن البار الواحد، وهو ربنا
يسوع المسيح الإله المتجسد، الذي هو مثال الإنسان الكامل المطيع لله. وينطبق
الكلام أيضًا على أي إنسان بار، إذ أن الله يعضده بكل قوته وكل الأبرار
والملائكة معه، كما سنرى.
إن المسيح في يوم الدينونة يقوم
بغيرة شديدة ضد كل شرور البشر التي احتملها طوال حياتهم؛ لأنه بار وقدوس يتسلح
بغيرته، أي تظهر غيرته بكل قوة كسلاح لا يهزم، وقد سبق وتسلح المسيح بغيرته على
الصليب، عندما انتصر على الموت بموته وقيد الشيطان.
ويقوم للحرب معه كل خلائقه،
المقصود بهم الملائكة، للانتقام من الشيطان، وكل من خضع لهم من الأشرار. وينطبق
معنى الخلق أيضًا على أولاد الله القديسين، الذين أعطاهم الله قوة ليسلكوا
بالبر، وببرهم يدينون الأشرار على الأرض، ويُنتقم منهم في العذاب الأبدي.
فالله يسلح الخلق، أي أولاده
الأبرار بنعمته ومعونته، وبالأسلحة الروحية، فيستطيعون التغلب على حروب أعدائهم
الشياطين.
ع19: خوذة: غطاء
معدنى للرأس يحميه من سهام الأعداء.
يتحدث هنا عن حياة المسيح على
الأرض، وعن كل إنسان بار، إذ يحميه من سهام إبليس بدرع البر، أي تكون له حياة
البر حماية من السقوط في الخطية، أما عقله فيتغطى بخوذة الحق، التي تحميه من
الضلال، فكل أفكاره هي حق، وأحكامه سليمة.
هذه الأسلحة الروحية يذكرها لنا
بولس الرسول في (أف6: 13-17) وتعبير ""خوذة الحق"" يشير هنا إلى حكم الموت الذي
قبله المسيح لأجل خطايانا، وبهذا يتم العدل والحق الإلهي عند موته على الصليب.
والخوذة يلبسها الإنسان ولا يخلعها طوال حربه، والمسيح يظل إلى الأبد هو الفادى
الذي يعطى أولاده جسده ودمه على الأرض، ويظل يشبعهم إلى الأبد.
ع20: وإذ يسلك البار في القداسة، أي يكرس
نفسه للبر والحياة النقية، يصير له ذلك ترسًا يحميه من سهام العدو. والمسيح
أعلن قداسته عندما قال: ""من منكم يبكتنى على خطية"" (يو8: 46).
واضح أن السبيل الوحيد للنجاة من
حروب إبليس هو حياة البر والقداسة والتمسك بالله، الذي هو الحق، وحفظ وصاياه،
وبهذا أيضًا تنجو من الغضب الإلهي المعلن على فجور الناس، وإثمهم.
† لا تستطيع أن تعلن الحق إن لم تكن أنت
بارًا، وتحيا في القداسة. فكل خادم ومسئول ينبغى أن يحيا مع الله، ويختبر كلامه
عمليًا في حياته، قبل أن يحدث الناس عنه، وإلا فإن غضب الله يأتي عليه هو
بالأكثر؛ لأنه مستهين. لا تخشى من ضعفك، فتمسك عن أن تتكلم بكلام الله، فقط لكن
جاهد لتختبره، وتتحدث عنه في نفس الوقت. قدم توبة، فيكسيك الله ببره، وبهذا
تنتقم من أعدائه الشياطين.
ع21: وبعدما أطال الله أناته على الأشرار،
فإنهم سيرون أن غضب الله شديد، ويشبهه بسيف حاد ينتقم من الشياطين، وكل
الأشرار. والعالم الروحي، أي الملائكة يشتركون مع المسيح إلهنا في الحرب،
والانتقام من الأشرار الجهال الذين لا يعرفون الله، إذ يصبون جامات غضبه عليهم،
كما يعلن ذلك في سفر الرؤيا (رؤ15: 1).
والمقصود بالعالم أيضًا، أولاد
الله القديسين، الذين ببرهم يظهرون خطية الأشرار الجهال، ويحاربونهم بإدانتهم
على شرورهم في الأرض، وفى يوم الدينونة. والأبرار يجتذبون بعض الأشرار ببرهم،
فيتوبوا، ويرجعوا إلى الله؛ وهذا هو المقصود بأن العالم (القديسين) يحارب معه
الجهال.
ع22: محكمة التوتير:
القوس مشدودة جدًا إلى أقصى توتر، لتعطى أكبر قوة للسهم في انطلاقه للوصول
لهدفه.
ويعلن الله غضبه على الأشرار
مستخدمًا الطبيعة الجامدة، التي تتحرك لتقف مع الله ضد الخطاة. وذلك فيما يلي:
البروق
: الملتهبة نارًا والتي تنزل على الأرض، فتصعق مساحات شاسعة منها، وتحرقها بكل
ما عليها من بشر، وهذه البروق ترمز للتعاليم الإلهية التي توبخ الإنسان؛ ليتوب،
وتنذره بالعقاب الإلهي إن لم يتب.
الغيوم
: والتي يشبهها الكتاب بأنها قوس يشد، ويوتر إلى نهايته، لكيما يطلق السهام
بأقصى قوة نحو الهدف، فتوتير الغيوم هو انطلاق المياه منها، ليس فقط كأمطار، بل
كسيول جارفة تكتسح كل ما يقابلها من بشر، وكل أمتعتهم ومقتنياتهم؛ مثلما حدث
أيام نوح (تك7: 6).
ع23: سخطه: غضبه
الشديد.
برد:
رقائق ثلجية حادة الأطراف تسقط من السماء.
تستشيط
: تثور بغضب شديد.
ويظهر انتقام الله من الأشرار
أيضًا بما يلي:
البرد: الذي يتساقط بكميات كبيرة، وبسرعة، فتحطم وترجم وتقتل كل من يقابلها، كما حدث
في ضربة البرد في مصر أيام موسى (خر9: 25).
مياه البحار والأنهار
: التي تفيض وتغرق الأشرار، عندما تلتقى المياه المندفعة من الأنهار مع مياه
البحار الثائرة، فتدمر حياة البعيدين عن الله.
ع24: تذريهم: تنثرهم
بعيدًا.
ويختم كلامه عن غضبه العنيف في:
الرياح
: التي تهب كزوابع على البشر، فتبددهم، كما تذرى الريح الغبار.
إن كل ما سبق من مظاهر غضب الله
هو نتيجة لإثم، وفجور الأشرار، أي أن الشر يأتي على رؤوس الأشرار كأنه سيف،أو
صاعقة، أو سيول مكتسحة، أو برد مدمر، أو فيضان طاغى، أو زوابع عنيفة، فيقلب
حياة البشر، حتى الأقوياء والمقتدرين منهم، والمتسلطين، فيسقطون عن عروشهم
ومراكزهم، فيموتوا شر ميتة.
والأمثلة كثيرة على غضب الله
المعلن من السماء على الأشرار المتكبرين والمتمادين في شرهم وعنادهم، فسدوم
وعمورة اللتان انغمستا في الانحرافات الجنسية، وكل شهوة ردية، احترقت بالنيران
النازلة من السماء (تك19). وهيرودس الملك الذي تكبر وطغى وقتل الكثيرين، في
النهاية ضربه الدود وهو حى فمات؛ لأنه لم يعطِ المجد لله، عندما وصفه
الصيدونيون بأنه إله (أع12: 20-23).
† إن خطيتك يا نفسي هي التي تهلكك وتجلب غضب
الله عليكِ، فتوبى يا نفسي سريعًا ما دمتِ في الأرض ساكنة، فبهذا تحمى نفسكِ من
الغضب الإلهي، ويستر عليك بحبه ويحميك برعايته.
← تفاسير أصحاحات
حكمة:
مقدمة |
1 |
2 |
3 |
4 |
5 |
6 |
7 |
8 |
9 |
10 |
11 |
12 |
13 |
14 |
15 |
16 |
17 |
18 |
19
تفاسير أسفار الكتاب المقدس
1- تفاسير سفر التكوين
2- تفاسير سفر الخروج
3- تفاسير سفر اللاويين
4- تفاسير سفر العدد
5- تفاسير سفر التثنية
6- تفاسير سفر يشوع
7- تفاسير سفر القضاة
8- تفاسير سفر راعوث
9- تفاسير سفر صموئيل الأول
10- تفاسير سفر صموئيل الثاني
11- تفاسير سفر الملوك الأول
12- تفاسير سفر الملوك الثاني
13- تفاسير سفر أخبار الأيام الأول
14- تفاسير سفر أخبار الأيام الثاني
15- تفاسير سفر عزرا
16- تفاسير سفر نحميا
17- تفاسير سفر طوبيا
18- تفاسير سفر يهوديت
19- تفاسير سفر أستير + التتمة
20- تفاسير سفر أيوب
21- تفاسير سفر المزامير + مز 151
22- تفاسير سفر الأمثال
23- تفاسير سفر الجامعة
24- تفاسير سفر نشيد الأناشيد
25- تفاسير سفر الحكمة
26- تفاسير سفر يشوع بن سيراخ
27- تفاسير سفر إشعياء
28- تفاسير سفر إرميا
29- تفاسير سفر مراثي إرميا
30- تفاسير سفر نبوه باروخ
31- تفاسير سفر حزقيال
32- تفاسير سفر دانيال + التتمة
33- تفاسير سفر هوشع
34- تفاسير سفر يوئيل
35- تفاسير سفر عاموس
36- تفاسير سفر عوبديا
37- تفاسير سفر يونان
38- تفاسير سفر ميخا
39- تفاسير سفر ناحوم
40- تفاسير سفر حبقوق
41- تفاسير سفر صفنيا
42- تفاسير سفر حجي
43- تفاسير سفر زكريا
44- تفاسير سفر ملاخي
45- تفاسير سفر المكابيين الأول
46- تفاسير سفر المكابيين الثاني
1- تفاسير إنجيل متى
2- تفاسير إنجيل مرقس
3- تفاسير إنجيل لوقا
4- تفاسير إنجيل يوحنا
5- تفاسير سفر أعمال الرسل
6- تفاسير الرسالة إلى رومية
7- تفاسير رسالة كورنثوس الاولى
8- تفاسير كورنثوس الثانية
9- تفاسير الرسالة إلى أهل غلاطية
10- تفاسير الرسالة إلى أفسس
11- تفاسير الرسالة إلى فيلبي
12- تفاسير الرسالة إلى كولوسي
13- تفاسير تسالونيكي الأولى
14- تفاسير تسالونيكي الثانية
15- تفاسير رسالة تيموثاوس الأولى
16- تفاسير تيموثاوس الثانية
17- تفاسير الرسالة إلى تيطس
18- تفاسير الرسالة إلى فيلمون
19- تفاسير رسالة العبرانيين
20- تفاسير رسالة يعقوب
21- تفاسير رسالة بطرس الأولى
22- تفاسير رسالة بطرس الثانية
23- تفاسير رسالة يوحنا الأولى
24- تفاسير رسالة يوحنا الثانية
25- تفاسير رسالة يوحنا الثالثة
26- تفاسير رسالة يهوذا
27- تفاسير سفر الرؤيا"
حكمة سليمان,5,1,"(5:1): يحدثنا هنا الكتاب
عن صورة متكاملة للحياة بعد الموت، إذ يرى الأشرار الصديق يقوم بجرأة في مجد
عظيم، بينما يخزى الأشرار المعذبون نتيجة خطاياهم، إذ تنتظرهم النار الأبدية،
ويظهر خزى إدعاءاتهم على البار، ورفضهم لبره على الأرض، ويتحملون نتيجة
مضايقتهم واضطهادهم له، كما يظهر هذا في مثل الغنى ولعازر (لو16: 19-31).
ع2-5:"
حكمة سليمان,5,2,"(5:2-5): الجزع: الخوف
الشديد.
سخرة:
سخرية واستهزاء.
وإذ انهمك الأشرار في شهواتهم لم
يتوقعوا خلاصًا ومجدًا للبار بهذا المقدار، لكنهم الآن يندمون على سخريتهم منه
في الأرض، إذ كانوا يظنون أن حياة البار جنون؛ لأنه لم يتمتع مثلهم بشهوات
العالم الردية، وعندما مات أمام أعينهم شعروا أن هذا خزى وهوان.
وهؤلاء الأشرار يسقطون أيضًا في
حزن وبكاء لا يستطيعون الخروج منه، إذ لم تعد لهم فرصة للتوبة، أما البار فإنه
أصبح واحدًا من القديسين وابنًا لله، متمتعًا بمجد السماء.
وما يظنه الناس في أولاد الله
المثابرين على الجهاد، والمتمسكين بالفضيلة واحتمال الضيقات، جنون وعدم حكمة،
يتحول بعد الموت إلى قداسة، وتمتع ببنوة الله والقرب منه في مجد وبهاء. وهكذا
نظر أصهار لوط إلى لوط البار وظنوه مازحًا بتكلم بكلام باطل
(تك19: 14).
† احتمل يا أخى ضيقات الحياة، ومقاومة الأشرار
لوصايا الله، التي أنت متمسك بها، وثق أن الشر له نهاية، وأن الله غير ظالم حتى
ينسى تعبك ومحبتك، بل إن كأس ماء بارد لا يضيع أجره أمام الله، وكل دمعة، وكل
يد مرفوعة، وركبة منحنية غالية جدًا عنده.أكمل جهادك وإكليلك. وفى نفس الوقت
يمتلئ كأس غضب الله على الأشرار، صلى من أجلهم؛ ليتوبوا، ويرجعوا عن شهواتهم،
فيخلصوا معك من الغضب الأبدي. لا تكترث بآرائهم المادية، أو شكوكهم؛ لأن منطقهم
هو الشهوة،ولم يجعلوا الله أمامهم، أما أنت فتمتع بحبه بحفظك وصاياه، ناظرًا
إلى المجد الأبدي الذي ينتظرك.
ع6-8:"
حكمة سليمان,5,6,"(5:6-8): أعيينا: تعبنا.
سبل:
طرق.
همنا:
سرنا بلا هدف.
متايه
: متاهات وطرق غير معروفة يتوه ويضل فيها الإنسان.
وأمام مجد الصديق يندم الأشرار؛
لأنهم تركوا الله الحق، شمس البر، الذي هو ربنا يسوع المسيح، ورفضوا كل
توجيهاته لهم من خلال وصاياه وأحداث الحياة، فصاروا بسبب ظلمة الخطية، في
الظلام الأبدي، وكل طرق الشهوات التي سلكوا فيها، وتعبوا في تحصيلها جاءت على
رؤوسهم بالعذاب، وظهر أنها كانت كلها طرق ضلال تاهوا فيها بعيدًا عن الله.
وطريقه الوحيد هو المسيح كلمة الله، الذي قال: ""أنا هو الطريق..."" (يو14: 6).
ونلاحظ أن الشيطان يقدم طرقًا كثيرة للشر؛ ليغرى بها البشر، أما طريق الله فهو
واحد.
† كم هو خداع إبليس الذي يشغلنا عن هدفنا
الوحيد، وهو محبة الله، بشهوات وماديات وآراء، وفلسفات، ليس القصد منها شيئًا
في ذاتها، بل هو مجرد شغلنا عن هدفنا، ونحن هكذا نخدع بسذاجة قلوبنا، وينقضى
عمرنا دون أن ندرى. الآن وقت مقبول، وساعة للخلاص للتوبة والرجوع إلى الله. لا
تنتظر حتى تندم بعد نهاية هذا العمر، بل لنمت الآن عن الخطية؛ لنحيا لله، ونقتدى بالقديسين، وبالصديق، الذي هو إشارة واضحة ليسوع المسيح الذي مجده
سيديننا في نهاية الأيام.
ع9-12:"
حكمة سليمان,5,9,"(5:9-12): حيزومها: الخط
الذي تتركه السفينة خلفها على وجه المياه، وسرعان ما يتلاشى.
قوادمه
: مقدمات ريش الطائر الذي في أجنحته.
إن حياة الأشرار خالية من كل
فضيلة وهي بلا معنى أمام الله، ولا أثر صالح لها على المجتمع المحيط، أما فضائل
الأبرار فتتبعهم إلى السماء، وتظل قدوة لمن بعدهم. ويشبهها هنا الكتاب بأنها
كالظل، أي يختفى باختفاء صاحبه، وكالخبر السائر من أخبار البشر التي
تُنسى سريعًا.
ويشبه أيضًا حياة الشرير
بالسفينة التي تشق مياه البحر، فتحدث أثرًا وخطًا وسط المياه المتموجة،
ولكن هذا الحيزوم أي الخط الوسطى بين المياه، سرعان ما يختفى وتعود المياه إلى
طبيعتها المتموجة، وهكذا تختفى كل آثار حياة الأشرار.
وتأكيدًا لفناء حياة الأشرار وعدم
وجود ذكر لهم في السماء، يشبه حياتهم بطائر يحرك أجنحته ويضارب بها
الهواء، ولكن بعد مروره لا نجد أثرًا في الهواء، أو خطًا يظهر طريق سيره. فكل
أعمال الشرير مهما بدت فيها قوة، أو مصادمات مع الآخرين، يختفى أثرها تمامًا؛
لأنها بلا نفع لصاحبها، أو للمحيطين به.
وهناك تشبيه آخر لسرعة فناء حياة
الأشرار،وهو مرور السهم في الهواء، الذي لا يترك أثرًا يعلن طريق مسيره.
إن كل هذه التشبيهات تصف زوال
حياة وأعمال الشرير، فالظل يختفى باختفاء صاحبه، والخبر السار ينساه الناس
بمرور الوقت، أما السفينة فهي دائمة التحرك، تعلن عدم استقرار البشر. والطائر
يرمز إلى غربة العالم، فينبه الإنسان إلى أهمية الاستعداد للأبدية، وأخيرًا فإن
السهم يعلن سرعة انتهاء حياة الإنسان، ويؤكد أهمية الحياة مع الله، والبعد عن
الشر.
ع13، 14: اضمحللنا:
فنينا ومتنا.
فنينا
: انتهينا ومتنا.
يا له من شعور مؤسف، وندم بلا
فائدة يشعره الأشرار في الجحيم بعد فوات الفرصة منهم؛ فرصة تحقيق علاقة مع الله
وفضائل روحية، وخدمات حب لمن حولهم. لقد ضيعوا كل طاقاتهم بلا فائدة لحساب
الشر، فخسروا كل شيء. هذا هو لسان حال الخطاة في الجحيم.
† هذا ما يحدث معى ومعك عندما ننشغل بشهواتنا
الشريرة، ونجرى وراء ماديات العالم، أو نتثقل بالهموم والقلق. ليتنا ننتبه
سريعًا، ونستغل وقتنا الحاضر في تحقيق فضيلة، سواء في تكوين علاقة حب مع الله
في أية ممارسات روحية، أو تقديم عمل رحمة وخدمة لمن حولنا. والكتاب المقدس كله
يؤكد هذا المعنى، كما يقول المزمور الأول عن حياة الأشرار: ""كالعصافة التي
تذريها الريح"" (مز1: 4). وعلى العكس يتحدث عن الصديقين، فيدعونا للاقتداء بهم،
وبفضائلهم الثابتة، إذ يقول: ""أنظروا إلى نهاية سيرتهم فتمثلوا بإيمانهم""
(عب13: 7).
ع15:"
حكمة سليمان,5,15,"(5:15): زبد: فقاعات
الهواء التي تظهر في مياه البحر عندما تصل إلى الشاطئ، ولونها أبيض.
انشغال الشرير بالخطية يفقده
رجاءه في الأبدية، ولكن العجيب أنه يخدع نفسه، ويظن أن له مكانًا في السماء،
ويحاول أن يرضى ضميره بأنه يعمل بعض أعمال نافعة، مع أنها كلها مشوبة بالشر،
وهو لا يريد التوبة، أو الجهاد الروحي، فليس له رجاء مع المسيح. ويشبه الكتاب
رجاءه الفانى بأنه:
غبار تذهب به الريح
: فينتشر في الجو، ويختفى إذ يتناثر في كل مكان.
زبد رقيق تطارده الزوبعة
: ويشبه أيضًا الزبد الذي هو الأمواج البيضاء الرقيقة وفقاعات الهواء التي
تدفعها الأمواج نحو الشاطئ؛ حتى تتكسر وتتلاشى.
دخان يبدده الريح
: وكذلك هذا الرجاء مثل الدخان الأسود القاتم، الذي سرعان ما يخف سواده،
وينتشر، حتى يتلاشى مع الريح.
ذكر ضيف نزل يومًا ثم ارتحل
: ومثل ضيف أقام في مكان فترة صغيرة، ثم رحل، ومع الوقت تنسى كل أخبار إقامته
في هذا المكان، إذ ليس له استقرار فيه.
هذه التشبيهات لحياة الأشرار
يقابلها نفس المعنى في العهد الجديد في رسالة يهوذا (يه12، 13).
† ليتنا لا نخدع أنفسنا برجاء باطل، ونطمئن أن
لنا مكان في السماء، بل نقوم للتوبة والجهاد الروحي، وكل عمل صالح. فالإيمان
النظرى هو بلا فائدة؛ لأن الشياطين يؤمنون ويقشعرون، ولكنهم لن يخلصوا.وعمل
الخير هو الشئ الوحيد الذي له قيمة في هذا العالم، إنه الفضيلة... إنه الحب لكل
أحد ... إنه عمل الرحمة لكل محتاج.
←
وستجد
تفاسير أخرى
هنا في
(2) مجد الصديقين وعقاب
الأشرار (ع16-24):
16 أَمَّا الصِّدِّيقُونَ فَسَيَحْيَوْنَ إِلَى
الأَبَدِ، وَعِنْدَ الرَّبِّ ثَوَابُهُمْ، وَلَهُمْ عِنَايَةٌ مِنْ لَدُنِ
الْعَلِيِّ. 17 فَلِذلِكَ سَيَنَالُونَ مُلْكَ الْكَرَامَةِ، وَتَاجَ الْجَمَالِ
مِنْ يَدِ الرَّبِّ، لأَنَّهُ يَسْتُرُهُمْ بِيَمِينِهِ وَبِذِرَاعِهِ
يَقِيهِمْ.18 يَتَسَلَّحُ بِغَيْرَتِهِ وَيُسَلِّحُ الْخَلْقَ لِلاِنْتِقَامِ مِنَ
الأَعْدَاءِ. 19 يَلْبَسُ الْبِرَّ دِرْعًا وَحُكْمَ الْحَقِّ خُوذَةً،20 وَيَتَّخِذُ الْقَدَاسَةَ تُرْسًا لاَ يُقْهَرُ، 21 وَيُحَدِّدُ غَضَبَهُ
سَيْفًا مَاضِيًا، وَالْعَالَمُ يُحَارِبُ مَعَهُ الْجُهَّالَ.22 فَتَنْطَلِقُ صَوَاعِقُ الْبُرُوقِ انْطِلاَقًا لاَ يُخْطِئُ، وَعَنْ قَوْسِ
الْغُيُومِ الْمُحْكَمَةِ التَّوْتِيرِ تَطِيرُ إِلَى الْهَدَفِ.23 وَسُخْطُهُ يَرْجُمُهُمْ بِبَرَدٍ ضَخْمٍ، وَمِيَاهُ الْبِحَارِ تَسْتَشِيطُ
عَلَيْهِمْ، وَالأَنْهَارُ تَلْتَقِي بِطُغْيَانٍ شَدِيدٍ.24 وَتَثُورُ عَلَيْهِمْ رِيحٌ شَدِيدَةٌ زَوْبَعَةٌ تُذَرِّيهِمْ، وَالإِثْمُ
يُدَمِّرُ جَمِيعَ الأَرْضِ، وَالْفُجُورُ يَقْلِبُ عُرُوشَ الْمُقْتَدِرِينَ.
ع16:"
حكمة سليمان,5,16,"(5:16): لدن: عند.
وعلى النقيض، نرى مجد أولاد الله
القديسين. فإن كان الأشرار ليس لهم ذكر، إذ أن نهايتهم عذاب وموت، فإن الأبرار
يحيون في المسيح. متلذذين بعشرته، وفيما هم يحيون في المسيح على الأرض، يكافئهم
في السماء بأمور لا يعبر عنها، عن كل جهاد وتعب أرضى احتملوه من أجله. وأكثر من
هذا، يحوطهم الله برعايته، فيشعرون بأبوته، واحتضانه ودفء محبته في الأرض وفى
السماء. فالحياة الأبدية تبدأ مقدمتها وعربونها على الأرض بالحياة في المسيح،
وتكمل في السماء، وتمتد إلى الأبد في رعاية وأحضان الله.
ع17:"
حكمة سليمان,5,17,"(5:17): يقيهم: يحميهم.
ثم يكللهم بالمجد، إذ يملكون معه
إلى الأبد في مجد الملكوت الأبدي، ويلبسون في ملكهم وعظمتهم تيجان الفضائل
الجميلة التي تقربهم، وتشعرهم بالتلاقى مع الله، والتمتع برؤيته وجهًا لوجه.
والمسيح يستر على كل خطاياهم التي
تابوا عنها، فلا تظهر تمامًا، ويلقيها في بحر النسيان، ويمنع عنهم كل حروب
إبليس ويحميهم منها، إذ هناك تبطل قوة الشيطان؛ لأنه يُقيد، ويلقى في العذاب
الأبدي بعيدًا عنهم.
† حقًا إن آلام التوبة والجهاد الروحي وكل ما
نحتمله في هذه الحياة لا يقاس بالمجد العتيد أن يستعلن فينا في الأبدية، كما
يقول معلمنا بولس الرسول (2 كو4: 17)، فلماذا لا نسرع بفرح لحمل الصليب؛ لنعاين
القيامة ""طوبى للحزانى لأنهم يتعزون"" (مت5: 4). ولنحاضر بالصبر في الجهاد
الموضوع أمامنا"" (عب12: 1)؛ حتى نتمتع بأفراح السماء والمجد الذي لا يعبر عنه.
ع18:"
حكمة سليمان,5,18,"(5:18): ينتقل هنا من الكلام على الصديقين، أي
أولاد الله الأبرار الحافظين لوصاياه، إلى الحديث عن البار الواحد، وهو ربنا
يسوع المسيح الإله المتجسد، الذي هو مثال الإنسان الكامل المطيع لله. وينطبق
الكلام أيضًا على أي إنسان بار، إذ أن الله يعضده بكل قوته وكل الأبرار
والملائكة معه، كما سنرى.
إن المسيح في يوم الدينونة يقوم
بغيرة شديدة ضد كل شرور البشر التي احتملها طوال حياتهم؛ لأنه بار وقدوس يتسلح
بغيرته، أي تظهر غيرته بكل قوة كسلاح لا يهزم، وقد سبق وتسلح المسيح بغيرته على
الصليب، عندما انتصر على الموت بموته وقيد الشيطان.
ويقوم للحرب معه كل خلائقه،
المقصود بهم الملائكة، للانتقام من الشيطان، وكل من خضع لهم من الأشرار. وينطبق
معنى الخلق أيضًا على أولاد الله القديسين، الذين أعطاهم الله قوة ليسلكوا
بالبر، وببرهم يدينون الأشرار على الأرض، ويُنتقم منهم في العذاب الأبدي.
فالله يسلح الخلق، أي أولاده
الأبرار بنعمته ومعونته، وبالأسلحة الروحية، فيستطيعون التغلب على حروب أعدائهم
الشياطين.
ع19:"
حكمة سليمان,5,19,"(5:19): خوذة: غطاء
معدنى للرأس يحميه من سهام الأعداء.
يتحدث هنا عن حياة المسيح على
الأرض، وعن كل إنسان بار، إذ يحميه من سهام إبليس بدرع البر، أي تكون له حياة
البر حماية من السقوط في الخطية، أما عقله فيتغطى بخوذة الحق، التي تحميه من
الضلال، فكل أفكاره هي حق، وأحكامه سليمة.
هذه الأسلحة الروحية يذكرها لنا
بولس الرسول في (أف6: 13-17) وتعبير ""خوذة الحق"" يشير هنا إلى حكم الموت الذي
قبله المسيح لأجل خطايانا، وبهذا يتم العدل والحق الإلهي عند موته على الصليب.
والخوذة يلبسها الإنسان ولا يخلعها طوال حربه، والمسيح يظل إلى الأبد هو الفادى
الذي يعطى أولاده جسده ودمه على الأرض، ويظل يشبعهم إلى الأبد.
ع20:"
حكمة سليمان,5,20,"(5:20): وإذ يسلك البار في القداسة، أي يكرس
نفسه للبر والحياة النقية، يصير له ذلك ترسًا يحميه من سهام العدو. والمسيح
أعلن قداسته عندما قال: ""من منكم يبكتنى على خطية"" (يو8: 46).
واضح أن السبيل الوحيد للنجاة من
حروب إبليس هو حياة البر والقداسة والتمسك بالله، الذي هو الحق، وحفظ وصاياه،
وبهذا أيضًا تنجو من الغضب الإلهي المعلن على فجور الناس، وإثمهم.
† لا تستطيع أن تعلن الحق إن لم تكن أنت
بارًا، وتحيا في القداسة. فكل خادم ومسئول ينبغى أن يحيا مع الله، ويختبر كلامه
عمليًا في حياته، قبل أن يحدث الناس عنه، وإلا فإن غضب الله يأتي عليه هو
بالأكثر؛ لأنه مستهين. لا تخشى من ضعفك، فتمسك عن أن تتكلم بكلام الله، فقط لكن
جاهد لتختبره، وتتحدث عنه في نفس الوقت. قدم توبة، فيكسيك الله ببره، وبهذا
تنتقم من أعدائه الشياطين.
ع21:"
حكمة سليمان,5,21,"(5:21): وبعدما أطال الله أناته على الأشرار،
فإنهم سيرون أن غضب الله شديد، ويشبهه بسيف حاد ينتقم من الشياطين، وكل
الأشرار. والعالم الروحي، أي الملائكة يشتركون مع المسيح إلهنا في الحرب،
والانتقام من الأشرار الجهال الذين لا يعرفون الله، إذ يصبون جامات غضبه عليهم،
كما يعلن ذلك في سفر الرؤيا (رؤ15: 1).
والمقصود بالعالم أيضًا، أولاد
الله القديسين، الذين ببرهم يظهرون خطية الأشرار الجهال، ويحاربونهم بإدانتهم
على شرورهم في الأرض، وفى يوم الدينونة. والأبرار يجتذبون بعض الأشرار ببرهم،
فيتوبوا، ويرجعوا إلى الله؛ وهذا هو المقصود بأن العالم (القديسين) يحارب معه
الجهال.
ع22:"
حكمة سليمان,5,22,"(5:22): محكمة التوتير:
القوس مشدودة جدًا إلى أقصى توتر، لتعطى أكبر قوة للسهم في انطلاقه للوصول
لهدفه.
ويعلن الله غضبه على الأشرار
مستخدمًا الطبيعة الجامدة، التي تتحرك لتقف مع الله ضد الخطاة. وذلك فيما يلي:
البروق
: الملتهبة نارًا والتي تنزل على الأرض، فتصعق مساحات شاسعة منها، وتحرقها بكل
ما عليها من بشر، وهذه البروق ترمز للتعاليم الإلهية التي توبخ الإنسان؛ ليتوب،
وتنذره بالعقاب الإلهي إن لم يتب.
الغيوم
: والتي يشبهها الكتاب بأنها قوس يشد، ويوتر إلى نهايته، لكيما يطلق السهام
بأقصى قوة نحو الهدف، فتوتير الغيوم هو انطلاق المياه منها، ليس فقط كأمطار، بل
كسيول جارفة تكتسح كل ما يقابلها من بشر، وكل أمتعتهم ومقتنياتهم؛ مثلما حدث
أيام نوح (تك7: 6).
ع23:"
حكمة سليمان,5,23,"(5:23): سخطه: غضبه
الشديد.
برد:
رقائق ثلجية حادة الأطراف تسقط من السماء.
تستشيط
: تثور بغضب شديد.
ويظهر انتقام الله من الأشرار
أيضًا بما يلي:
البرد: الذي يتساقط بكميات كبيرة، وبسرعة، فتحطم وترجم وتقتل كل من يقابلها، كما حدث
في ضربة البرد في مصر أيام موسى (خر9: 25).
مياه البحار والأنهار
: التي تفيض وتغرق الأشرار، عندما تلتقى المياه المندفعة من الأنهار مع مياه
البحار الثائرة، فتدمر حياة البعيدين عن الله.
ع24:"
حكمة سليمان,5,24,"(5:24): تذريهم: تنثرهم
بعيدًا.
ويختم كلامه عن غضبه العنيف في:
الرياح
: التي تهب كزوابع على البشر، فتبددهم، كما تذرى الريح الغبار.
إن كل ما سبق من مظاهر غضب الله
هو نتيجة لإثم، وفجور الأشرار، أي أن الشر يأتي على رؤوس الأشرار كأنه سيف،أو
صاعقة، أو سيول مكتسحة، أو برد مدمر، أو فيضان طاغى، أو زوابع عنيفة، فيقلب
حياة البشر، حتى الأقوياء والمقتدرين منهم، والمتسلطين، فيسقطون عن عروشهم
ومراكزهم، فيموتوا شر ميتة.
والأمثلة كثيرة على غضب الله
المعلن من السماء على الأشرار المتكبرين والمتمادين في شرهم وعنادهم، فسدوم
وعمورة اللتان انغمستا في الانحرافات الجنسية، وكل شهوة ردية، احترقت بالنيران
النازلة من السماء (تك19). وهيرودس الملك الذي تكبر وطغى وقتل الكثيرين، في
النهاية ضربه الدود وهو حى فمات؛ لأنه لم يعطِ المجد لله، عندما وصفه
الصيدونيون بأنه إله (أع12: 20-23).
† إن خطيتك يا نفسي هي التي تهلكك وتجلب غضب
الله عليكِ، فتوبى يا نفسي سريعًا ما دمتِ في الأرض ساكنة، فبهذا تحمى نفسكِ من
الغضب الإلهي، ويستر عليك بحبه ويحميك برعايته.
← تفاسير أصحاحات
حكمة:
مقدمة |
1 |
2 |
3 |
4 |
5 |
6 |
7 |
8 |
9 |
10 |
11 |
12 |
13 |
14 |
15 |
16 |
17 |
18 |
19
تفاسير أسفار الكتاب المقدس
1- تفاسير سفر التكوين
2- تفاسير سفر الخروج
3- تفاسير سفر اللاويين
4- تفاسير سفر العدد
5- تفاسير سفر التثنية
6- تفاسير سفر يشوع
7- تفاسير سفر القضاة
8- تفاسير سفر راعوث
9- تفاسير سفر صموئيل الأول
10- تفاسير سفر صموئيل الثاني
11- تفاسير سفر الملوك الأول
12- تفاسير سفر الملوك الثاني
13- تفاسير سفر أخبار الأيام الأول
14- تفاسير سفر أخبار الأيام الثاني
15- تفاسير سفر عزرا
16- تفاسير سفر نحميا
17- تفاسير سفر طوبيا
18- تفاسير سفر يهوديت
19- تفاسير سفر أستير + التتمة
20- تفاسير سفر أيوب
21- تفاسير سفر المزامير + مز 151
22- تفاسير سفر الأمثال
23- تفاسير سفر الجامعة
24- تفاسير سفر نشيد الأناشيد
25- تفاسير سفر الحكمة
26- تفاسير سفر يشوع بن سيراخ
27- تفاسير سفر إشعياء
28- تفاسير سفر إرميا
29- تفاسير سفر مراثي إرميا
30- تفاسير سفر نبوه باروخ
31- تفاسير سفر حزقيال
32- تفاسير سفر دانيال + التتمة
33- تفاسير سفر هوشع
34- تفاسير سفر يوئيل
35- تفاسير سفر عاموس
36- تفاسير سفر عوبديا
37- تفاسير سفر يونان
38- تفاسير سفر ميخا
39- تفاسير سفر ناحوم
40- تفاسير سفر حبقوق
41- تفاسير سفر صفنيا
42- تفاسير سفر حجي
43- تفاسير سفر زكريا
44- تفاسير سفر ملاخي
45- تفاسير سفر المكابيين الأول
46- تفاسير سفر المكابيين الثاني
1- تفاسير إنجيل متى
2- تفاسير إنجيل مرقس
3- تفاسير إنجيل لوقا
4- تفاسير إنجيل يوحنا
5- تفاسير سفر أعمال الرسل
6- تفاسير الرسالة إلى رومية
7- تفاسير رسالة كورنثوس الاولى
8- تفاسير كورنثوس الثانية
9- تفاسير الرسالة إلى أهل غلاطية
10- تفاسير الرسالة إلى أفسس
11- تفاسير الرسالة إلى فيلبي
12- تفاسير الرسالة إلى كولوسي
13- تفاسير تسالونيكي الأولى
14- تفاسير تسالونيكي الثانية
15- تفاسير رسالة تيموثاوس الأولى
16- تفاسير تيموثاوس الثانية
17- تفاسير الرسالة إلى تيطس
18- تفاسير الرسالة إلى فيلمون
19- تفاسير رسالة العبرانيين
20- تفاسير رسالة يعقوب
21- تفاسير رسالة بطرس الأولى
22- تفاسير رسالة بطرس الثانية
23- تفاسير رسالة يوحنا الأولى
24- تفاسير رسالة يوحنا الثانية
25- تفاسير رسالة يوحنا الثالثة
26- تفاسير رسالة يهوذا
27- تفاسير سفر الرؤيا"
حكمة سليمان,6,0,"(6:1): الملوك والحكمة
إن كان القسم الأول من السفر من (حك 1-5) قد حدثنا
عن مكافأة الأبرار ومصير الأشرار، فالقسم الثاني من السفر، وهو من (حك 6-9)
يحدثنا عن مفهوم الحكمة ومدحها، ويظهر في هذا القسم طبيعة الحكمة وعظمتها،
ودعوة الملوك لإتباعها.
(1)
الله يفحص الملوك (ع1-10)
(2)
الاحتياج للحكمة (ع11-21)
(3)
الملك الحكيم (ع22-27)
(1)
الله يفحص الملوك (ع1-10):
1 الْحِكْمَةُ خَيْرٌ مِنَ الْقُوَّةِ،
وَالْحَكِيمُ أَفْضَلُ مِنَ الْجَبَّارِ. 2 وَأَنْتُمْ أَيُّهَا الْمُلُوكُ،
فَاسْمَعُوا وَتَعَقَّلُوا، وَيَا قُضَاةَ أَقَاصِي الأَرْضِ، اتَّعِظُوا. 3 أَصْغُوا أَيُّهَا الْمُتَسَلِّطُونَ عَلَى الْجَمَاهِيرِ، الْمُفْتَخِرُونَ
بِجُمُوعِ الأُمَمِ، 4 فَإِن سُلْطَانَكُمْ مِنَ الرَّبِّ، وَقُدْرَتَكُمْ مِنَ
الْعَلِيِّ، الَّذِي سَيَفْحَصُ أَعْمَالَكُمْ، وَيَسْتَقْصِي نِيَّاتِكُمْ5 فَإِنَّكُمْ أَنْتُمُ الْخَادِمِينَ لِمُلْكِهِ، لَمْ تَحْكُمُوا حُكْمَ
الْحَقِّ، وَلَمْ تَحْفَظُوا الشَّرِيعَةَ، وَلَمْ تَسِيرُوا بِحَسَبِ
مَشِيئَةِ اللهِ. 6 فَسَيَطْلُعُ عَلَيْكُمْ بَغْتَةً مَطْلَعًا مُخِيفًا،
لأَنَّهُ سَيُمْضَى عَلَى الْحُكَّامِ قَضَاءٌ شَدِيدٌ. 7 فَإِنَّ الصَّغِيرَ
أَهْلٌ لِلرَّحْمَةِ، أَمَّا أَرْبَابُ الْقُوَّةِ فَبِقُوَّةٍ يُفْحَصُونَ. 8 وَرَبُّ الْجَمِيعِ لاَ يَسْتَثْنِي أَحَدًا، وَلاَ يَهَابُ الْعَظَمَةَ،
لأَنَّ الصَّغِيرَ وَالْعَظِيمَ كِلَيْهُمَا صُنْعُهُ عَلَى السَّوَاءِ،
وَعِنَايَتُهُ تَعُمُّ الْجَمِيعَ. 9 لكِنَّ عَلَى الأَشِدَّاءِ امْتِحَانًا
شَدِيدًا. 10 إِلَيْكُمْ أَيُّهَا الْمُلُوكُ تَوْجِيهُ كَلاَمِي، لِكَيْ
تَتَعَلَّمُوا الْحِكْمَةَ وَلاَ تَسْقُطُوا.
ع1: العالم يمجد القوة
المادية، سواء سلطان المال، أو السلاح، أو الذكاء، ولكن كل هذا يمكن أن يستخدم
للخير، أو للشر. والذي يحسن استخدام القوة هو الإنسان الحكيم، فيوجهها حيثما
يشاء. لذا، فالحكمة أفضل من القوة، فبحكمة كبيرة وقوة يسيرة يمكن تحقيق مكاسب
متنوعة، إذ بالحكمة الحقيقية يتمتع الإنسان بمعونة الله، فيحقق المعجزات.
وحيث أن الحكمة هي الله، فالحكمة غير محدودة،
ولذا فهي أفضل من قوة العالم؛ لأنها محدودة، وبالتالي فالذي له الحكمة الإلهية
يستطيع أن ينتصر على كل قوى العالم التي يستخدمها الشيطان.
أما القوة الكبيرة دون حكمة، فيمكن أن تهلك
الإنسان، مثل يهوذا الأسخريوطى الذي أهلك نفسه بجمعه للمال من الصندوق (يو12: 6)، ولكن باقي التلاميذ الصيادين والبسطاء، الذين بلا سند، أو قوة مادية، بشروا
المسكونة كلها وجذبوها للإيمان، و""فتنوا المسكونة"" (أع17: 6) وشمشون الجبار
الذي انغمس في الشهوات الشريرة، فقد علاقته مع الله، وبالتالي حكمته، وسقط في
أيدى الأعداء، وخسر قوته (قض16: 21). والإسكندر الأكبر الذي اكتسح العالم
بقوته، عندما سقط في الكبرياء، فقد الحكمة، فقتلته حشرة صغيرة، وهي بعوضة نقلت
إليه مرض الملاريا، فمات وهو في سن الشباب.
† لا تنزعج يا أخى
إذا كانت قدراتك ضئيلة بالقياس بمن حولك. لا تقارن نفسك بأحد؛ لأن عندك أهم شيء
وهو الحكمة، أي المسيح الساكن فيك، الذي يحقق لك كل ما تعجز عنه، ويغير كل شيء
لمصلحتك. آمن بالحكمة تغلب كل قوة.
ع2، 3: أقاصى: الأماكن البعيدة.
وينادى الكتاب المقدس الملوك والقضاة والمتسلطين
على جماهير البشر ليفهموا هذا المبدأ الأساسى، أن الحكمة خير من القوة، إذ
تخدعهم مراكزهم وسلطانهم، فيتكبروا ويفقدوا الحكمة، كما سقط نبوخذنصر ملك بابل
وصار كالحيوانات، وكما سقطت إمبراطوريات كثيرة على مر الزمان.
هذا الكلام موجه أيضًا لكل واحد منا، إذا كان في
مكان مسئولية، أو رئاسة، أو رعاية، مثل كل أب وكل أم، وكل رئيس في العمل، وكل
مسئول في الكنيسة عن أية خدمة. فليسأل كل واحد نفسه، وليفحصها في ضوء كلمات هذه
الآيات.
ع4: يستقصى: يفحص بدقة.
جيد أن يعرف كل مسئول في مكانه أن قوته وسلطانه
من الله، وأنه وكيل مؤتمن على هذه المسئولية، وسيقدم حساب وكالته له، إذ سيحاسب
بتدقيق، فيخافه، ويسلك بحكمة واتضاع.
والمقصود بالسلطان، هو أية قدرة يتمتع بها
الإنسان، سواء المعرفة، أو الذكاء، أو المركز، أو المال، أو العلاقات ... والله
سيفحص كل عمل يعمله الإنسان من جهة غرضه، ونيته، ومدى أمانته في إتمامه. والله
يعرف أفكار القلب الداخلية والنيات، فيجازى كل واحد بحسب أعماله ومشاعره
الداخلية.
ع5: يبدأ حساب الله للرؤساء والمسئولين،
فيوبخهم لنسيانهم أنهم خدام الله، وخدمتهم في ملك الله، وليس ملكهم الشخصى، إذ
يقودون شعبه بما يلي:
بحفظهم وصاياه، بل ويشجعون الشعب على حفظها.
الخضوع لإرادة الله.
يحكمون بالحق.
† إسأل نفسك ماذا
يفعل المسيح لو كان مكانى؟ وبحسب كلام الله تسلك دون انزعاج داخلي، فتكون
تصرفاتك للبنيان، وبهذا تخضع لمشيئة الله، فتحيا في سلام وتصل للأبدية.
ع6: بغتة: فجأة.
سيمضى: سيجرى، أو سينفذ.
وتنذر هذه الآية أن الله سيظهر فجأة ويدين العالم
كله، ويعاقب الأشرار، خاصة من كان لهم مسئولية، أو سلطان. إنه كلام واضح عن يوم
الدينونة الأخير؛ لأن الله أعطى الحكام سلطانًا وقوة؛ ليقودوا شعبه؛ لذلك
سيحاسبهم بشدة أكثر من غيرهم، فهو لا يشفق على من لا يشفق على رعيته.
ع7: أهل: مستحق.
أرباب: أصحاب.
الصغير هو كل إنسان ذو مركز قليل، أو قدرات
ضعيفة، فهذا يطالب بالقليل، ويمكن أن يُعفى، رحمةً من المسئولين عنه، أما ذو
المركز الكبير والقوة والسلطان الأكبر، يُطالب بشدة، ويُفحص أمره بأكثر تدقيق،
كما أعلن المسيح أن ""كل من أعطى كثيرًا يطلب منه كثير ومن يودعونه كثيرًا
يطالبونه بأكثر"" (لو12: 48).
وكل إنسان وهبه الله قدرات، أو مواهب، هو مسئول
عن استخدامها لفائدة الكنيسة، وكل من حوله، فهو وكيل عليها من الله؛ ليكون
أمينًا عليها، ويستثمرها لمجد اسمه القدوس، أما إذا استخدم هذه المواهب فقط
لمصلحته الشخصية، فسيحاسبه الله عن هذا بشدة؛ لأنه تميز عن غيره، ولم يستخدم
هذا التميز من أجل من يحتاجون ممن حوله.
إن الصغير هنا المتضع، فهذا يستدر رحمة الله، أما
من يتكبر ويظن أنه قوى ويعتمد على قوته العالمية، فهذا يحاسب بلا رحمة، إذ أنه
اعتمد على قوته، وكان قاسيًا، فيحاسب بقسوة ""طوبى للرحماء لأنهم يرحمون"" (مت5: 7)، وكما نقول في صلاة نصف الليل: ""لأنه ليس رحمة في الدينونة لمن لم يستعمل
الرحمة"".
ع8، 9: واضح أن الله كامل في قدرته، فلا يخاف
من أحد، أي لا يخاف من ذوى السلطان، بل يحاسب الكل، ويرحم الكل، الصغير في
قدراته، وكذا الكبير، يرحمهم على قدر اتضاعهم ورحمتهم للآخرين.
الله سيحاسب ويدين كل من له سلطان ولم يستخدمه من
أجل الحق، مثل يهوذا الإسخريوطى تلميذ المسيح، الذي عرف كثيرًا، ولكنه لم يستفد
من هذه المعرفة، وقيافا رئيس الكهنة الذي تنبأ عن المسيح الفادى (يو11: 51) ومع
هذا، اشترك في صلب المسيح، وكذلك بيلاطس الذي كان له سلطان أن يطلق المسيح،
ولكنه خاف من اليهود وجاملهم وسلم المسيح لأيديهم ليصلبوه.
كل هؤلاء ستكون دينونتهم أكبر من غيرهم، مثل
الشعب الذي نادى أصلبه أصلبه.
وعلى الجانب الآخر، يكافأ كل من كان له إمكانيات
قليلة، ولكنه كان أمينًا فيها لمجد الله، مثل المرأة ذات الفلسين، مجدها الله
أكثر من جميع من أعطوا، وداود الصغير بمعونة الله تغلب على جليات، أما شاول
الملك إذ تكبر وقدم الذبيحة بدل الكاهن، رفضه الله وفارقه روحه القدوس.
ع10: يستكمل الله حديثه مع الملوك والرؤساء
وكل مسئول في أي مكان في العالم وفى كل زمان، فيدعوه لتعلم الحكمة حتى لا يسقط
في الخطأ، ويدان من الله، فيفشل في مسئوليته، ويخسر أبديته. فالسلطان أعطاه
الله للبشر، ليستخدموه في خدمة من حولهم، وليس للتشامخ والكرامة الشخصية، وكذلك
يلزم أن يهتم الملوك بالاستمرار في التعلم والتلمذة طوال حياتهم، كما أوصى بولس
الرسول تلميذه تيموثاوس الأسقف رأس الكنيسة بمداومة التعلم (1 تى4: 16).
† إهتم أن تسمع
وصايا الله وتطيعها فتمتلئ حكمة. إن الاتضاع هو سبيلك لاقتنائها، وعلى قدر ما
تزداد مسئولياتك، تحتاج لخضوع أكبر لله؛ ليسندك بحكمته، فيوجه قوتك حسب إرادته.
(2)
الاحتياج للحكمة (ع11-21):
11 فَإِن الَّذِينَ يَحْفَظُونَ بِقَدَاسَةٍ مَا
هُوَ مُقَدَّسٌ يُقَدَّسُونَ، وَالَّذِينَ يَتَعَلَّمُونَ هذِهِ، يَجِدُونَ مَا
يَحْتَجُّونَ بِهِ. 12 فَابْتَغُوا كَلاَمِي، وَاحْرِصُوا عَلَيْهِ
فَتَتَأَدَّبُوا. 13 فَإِنَّ الْحِكْمَةَ ذَاتُ بَهَاءٍ وَنَضْرَةٍ لاَ
تَذْبُلُ، وَمُشَاهَدَتُهَا مُتَيَسِّرَةٌ لِلَّذِينَ يُحِبُّونَهَا،
وَوِجْدَانُهَا سَهْلٌ عَلَى الَّذِينَ يَلْتَمِسُونَهَا. 14 فَهِيَ تَسْبِقُ
فَتَتَجَلَّى لِلَّذِينَ يَبْتَغُونَهَا، 15 وَمَنِ ابْتَكَرَ فِي طَلَبِهَا لاَ
يَتْعَبُ، لأَنَّهُ يَجِدُهَا جَالِسَةً عِنْدَ أَبْوَابِهِ. 16 فَالتَّأَمُّلُ
فِيهَا كَمَالُ الْفِطْنَةِ، وَمَنْ سَهِرَ لأَجْلِهَا فَلاَ يَلْبَثُ لَهُ
هَمٌّ. 17 لأَنَّهَا تَجُولُ فِي طَلَبِ الَّذِينَ هُمْ أَهْلٌ لَهَا،
وَتَتَمَثَّلُ لَهُمْ فِي الطُّرُقِ بَاسِمَةً، وَتَتَلَقَّاهُمْ كُلَّمَا
تَأَمَّلُوا فِيهَا. 18 فَأَوَّلُهَا الْخُلُوصُ فِي ابْتِغَاءِ التَّأْدِيبِ.19 وَتَطَلُّبُ التَّأْدِيبِ هُوَ الْمَحَبَّةُ، وَالْمَحَبَّةُ حِفْظُ
الشَّرَائِعِ، وَمُرَاعَاةُ الشَّرَائِعِ ثَبَاتُ الطَّهَارَةِ. 20 وَالطَّهَارَةُ تُقَرِّبُ إِلَى اللهِ. 21 فَابْتِغَاءُ الْحِكْمَةِ يُبَلِّغُ
إِلَى الْمَلَكُوتِ.
ع11: ويظهر الله
الحكمة في التمسك بوصاياه المقدسة، وكل ما يعطيه الروح القدس لنا في الكنيسة من
أسرار ووسائط النعمة. فإذا اقترب الإنسان بخشوع واهتمام إلى الله، فإنه يتقدس
ويصير حكيمًا. ولذا ينادى الكاهن في القداس قائلًا: القدسات للقديسين، أي
الذين آمنوا بالمقدسات. وكلمة ""يقدسون"" تعنى كذلك يمتلئون من عمل الروح القدس.
وتعبير ما يحتجون به، تعنى أنهم يستطيعون أن يصدوا كل أفكار إبليس الشريرة، أي
يكونوا محصنين بهذه القداسة، فيرفضوا كل شر، وتعنى أيضًا أنهم يجدون نعمة في
عينى الله يوم الدينونة.
ع12: ابتغوا: تمنوا واطلبوا.
إن الأدب هو نتيجة طبيعية للحكمة، ويتأتى من
معرفة الإنسان لوصايا الله والتمسك بها، فيحفظه الله من كل انحراف في الخطية.
وكلمة ""ابتغوا"" تعنى محبة الحكمة وطلبها؛ ليتعلمها الإنسان ويحيا بها، وليس فقط
مجرد طاعة بدون اقتناع.
ع13: ثم يعلن مجد الحكمة وبركاتها، فهي عظيمة
كالنور الساطع تبهر العيون، متميزة عن كل شيء حولها، بل وجذابة للجميع، وأكثر من
هذا، فحيوتها دائمة كالنباتات المستديمة الخضرة، التي لا تفقد جمالها ولا تذبل؛
لأن بركات الحكمة دائمة إلى الأبد لا تزول.
ثم يجيب على سؤال مهم هو، كيفية اقتناء الحكمة،
فيعلن أنه سهل وميسور إذا توفر ما يلي:
محبة الحكمة.
الاهتمام بالبحث عنها؛ لأن الحكمة لا تقحم نفسها،
أو تجبر أحدًا على قبولها، فمشكلة البشر هي الانهماك في الماديات، فيهملوا
الحكمة، وبالتالي لا يحصلون عليها، فتضيع حياتهم.
إن الحكمة هي الله، المسيح إلهنا، الأقنوم
الثاني، الذي هو بهاء مجد الآب ورسم جوهره (عب1: 3)، وهو أيضًا الحياة (يو14: 6)، ويسهل الوصول إليه؛ لأنه واقف على باب القلب يقرع (رؤ3: 20).
† إذا طلبت المسيح
وأعطيته مكانًا في قلبك تقتنى حياتك، وتجد المجد والبركة والسعادة في الأرض وفى
السماء. إعط وقتًا لممارساتك الروحية، أي الوجود مع الله، فيسكب عليك حكمته
بسهولة ويسر.
ع14، 15: تتجلى: تظهر بوضوح.
ابتكر: قام باكرًا.
من يطلب الحكمة باهتمام، ويظهر ذلك في التبكير
إليها (أم8: 17)، أي يعطيها بكور وقته واهتمامه، ويفضلها عن ارتباطاته
واحتياجاته المادية، فالحكمة تظهر أمامه، وتتجلى بمجدها أمام عينيه، فهي تسرع
نحوه، ويجدها عند بابه، فلا يتوه في البحث عنها، إذ يجدها أقرب ما تكون إليه.
ويلاحظ في هاتين الآيتين ما يلي:
يلزم أن يبتغي ويبكر الإنسان ويسعى نحو الحكمة،
ولكنه لا يستطيع أن يحصل عليها بمفرده؛ لأن الحكمة هي الله. ولكن الله عندما
يرى سعيه يسبق ويلتقى به، ويفيض عليه بحكمته. فجهاد الإنسان وسعيه ضرورى لنوال
نعمة الله.
الحكمة عندما تأتى للإنسان تجلس عند بابه، أي
تقترب إليه، ولكن لا تدخل إلا إذا قام وفتح الباب، فيجدها بسهولة أمامه. فكما
ذكرنا في الآية السابقة، فإن الله يقرع على الباب وينتظر أن يفتح له الإنسان.
ع16: وإذا وجدت الحكمة وشعرت بالله معك، فهل
ستمسك به وتتأمل جماله؟ .. هذا هو العمق الروحي وحياة الكاملين. هل تستوعب
معانى كلمات الصلاة، وتسكب كل مشاعرك أمامه؟ .. هل تتأمل في كلمات الكتاب
المقدس؟ إذا فعلت هذا سيكشف الله لك أعماقًا جديدة من حبه، وتشعر بلذة لا يعبر
عنها، ترفع عنك كل هموم العالم؛ حتى وإن كنت داخل المشكلة سيذهب عنك كل ضيق،
وتكون في سعادة لا يعبر عنها، بل تشعر أن هذه اللحظات ليست من لحظات الزمان
الأرضى، بل هي عربون وصورة مصغرة للأبدية تذقها على الأرض. إن السهر الروحي، أي
الاهتمام بالوجود مع الله يدخلنا في شركة السمائيين ويرفعنا فوق كل أتعاب
الأرض.
ع17: تجول: تسعى.
أهل لها: يستحقونها.
إن الحكمة تفرح بمن يطلبها، وتظهر محبتها له فيما
يلى:
تجول باحثة عمن يستحقونها ويبتغونها ويشتاقون
إليها.
تتمثل في طريق من يجاهدون في طلبها، فتظهر لهم
بأشكال مختلفة بابتسامتها، أي تشجعهم على مواصلة الجهاد الروحي، سواء بكلمات
الكتاب المقدس، أو تشجيعات الآخرين، أو أية بركات تهبها لهم.
تتلقى المجاهدين المتأملين فيها بالأحضان
والترحيب، مثل التأمل في كلمات الكتاب المقدس، أو البحث عن الله في الطبيعة
وأحداث الحياة وعنايته بالبشر. وهكذا تظهر للمتأملين الباحثين عنها، فتدخلهم
إلى أعماق جديدة فيها.
ع18-20: الخلوص: الإخلاص، أي الصفاء
والنقاوة والاستقامة في طلب الشئ.
ولكن الحكمة تشترط ما يلي لنوالها:
1- الخلوص في ابتغاء التأديب:
أن يبتغى الإنسان التأديب، يعنى ضيق الإنسان
الشديد من الخطية التي يصنعها، فيفضل العقاب الإلهي، وخسارة كل شيء أرضى؛ ليتمتع
بالحياة النقية مع الله، فهو يضحى بكل لذاته واحتياجاته المادية وكل كرامة
أرضية؛ ليتنقى من خطاياه؛ حتى يتأهل لاقتناء الحكمة، أي التمتع بالوجود مع
الله، فهو ليس فقط يقبل التجارب والضيقات، بل يطالب الله أن يؤدبه بالتجارب،
وينقيه؛ ليتمتع بمعاينة الحكمة. هكذا شعر داود النبي فقال: ""جربنى يا رب
وامتحنى صف كليتى وقلبى"" (مز26: 2).
2- المحبة:
ثم يعلن باقي شروط اقتناء الحكمة، وهي تتدرج
كسلسلة تؤدى كل واحدة للأخرى. فطلب التأديب ينمى محبة الإنسان لله، فينغلق
القلب بالله عن الماديات ويرفع قلبه بالصلاة، ويصغر العالم في عينيه، ويشعر
تدريجيًا أن باطل الأباطيل الكل باطل وقبض الريح ولا منفعة تحت الشمس، كما قال
الحكيم سليمان في سفر الجامعة (جا1: 2-3).
3- حفظ الشرائع:
محبة الله تقود الإنسان إلى حفظ وصاياه ""الذى
عنده وصاياى ويحفظها فهو الذي يحبنى"" (يو14: 21)؛ لأن من يحب أحدًا، يحب كلامه
ويحفظه ويحيا به، إذ يرى من يحبه في كلامه، أي نرى الله في وصاياه، ونتمتع
بعشرته.
4- الطهارة:
حفظ الوصايا ومراعاة الشرائع في كل سلوكنا
وكلامنا وأفكارنا، سينقينا من كل خطية ويحفظنا في طهارة ونقاوة.
5- تقرب إلى الله:
وإذ نتمتع بالنقاوة والطهارة نصبح أهلًا للاقتراب
من الله ومعاينته، بل والدخول إلى أعماقه ""طوبى للأنقياء القلب لأنهم يعاينون
الله"" (مت5: 8).
† أرأيت يا أخى إن
اقتناء الحكمة هو اقتناء الله، وأن الطريق إليه أصبح واضحًا للحصول على حكمته،
والعلامات محددة، فإن كنت تحب الله، فاقبل تأديبه، بل واطلبه، وهذا يرفعك فوق
كل خطية، ويقودك إلى الملكوت.
ع21: من يطلب الحكمة يتحلى بكل الشروط الخمسة
السابقة، فينال في النهاية مكافأة الحكمة، وهي الملكوت السماوى؛ وهذا هو الملك
الحقيقي.
←
وستجد
تفاسير أخرى
هنا في
(3)
الملك الحكيم (ع22-27):
22 فَإِنْ كُنْتُمْ تَلْتَذُّونَ بِالْعَرْشِ
وَالصَّوْلَجَانِ، يَا مُلُوكَ الشُّعُوبِ، فَأَكْرِمُوا الْحِكْمَةَ لِكَيْ
تَمْلِكُوا إِلَى الأَبَدِ، 23 وَأَحِبُّوا نُورَ الْحِكْمَةِ يَا حُكَّامَ
الشُّعُوبِ. 24 وَأَنَا أُخْبِرُكُمْ مَا الْحِكْمَةُ وَكَيْفَ صَدَرَتْ، وَلاَ
أَكْتُمُ عَنْكُمُ الأَسْرَارَ، لكِنْ أَبْحَثُ عَنْهَا مِنْ أَوَّلِ
كَوْنِهَا، وَأَجْعَلُ مَعْرِفَتَهَا بَيِّنَةً، وَلاَ أَتَجَاوَزُ مِنَ
الْحَقِّ شَيْئًا، 25 وَلاَ أَسِيرُ مَعَ مَنْ يَذُوبُ حَسَدًا، لأَنَّ مِثْلَ
هذَا لاَ حَظَّ لَهُ فِي الْحِكْمَةِ. 26 إِنَّ كَثْرَةَ الْحُكَمَاءِ خَلاَصُ
الْعَالَمِ، وَالْمَلِكَ الْفَطِنَ ثَبَاتُ الشَّعْبِ، 27 فَتَأَدَّبُوا
بِأَقْوَالِي وَاسْتَفِيدُوا بِهَا.
ع22: تلتذون:
تتمتعون.
الصولجان: عصا الملك.
يوجه نظرنا هنا إلى الملك الحقيقي وهو الملكوت
الدائم الأبدي، أما المُلك الأرضى فهو زائف؛ لأنه مؤقت وزائل، وقد يكون باختيار
الناس، وليس لله. فالملك الأرضى هو رأى الناس، أما الملكوت الأبدي فهو رأى
الله؛ لذا فهو حقيقي، وهذا الأخير يحتاج بالضرورة إلى الحكمة، أي الله. فإن سلك
الملك الأرضى بالحكمة، أي سار مع الله، فهو يملك إلى الأبد، وإن لم يسلك في
الحكمة، فملكوته زائف ومؤقت.
والمُلك الحقيقي هو أن يملك الإنسان على نفسه،
فيضبط حواسه، وكل طاقاته، ويعطى مكانًا لله ليملك عليه، ويقدم نفسه ذبيحة حب
لله في عبادة مقدسة، وخدمة باذلة. وهذا بالطبع ينجح في القيام بمسئولياته نحو
الآخرين، ويحبه الجميع، ويقودهم في طريق السماء.
وليس الملك الحقيقي مرتبطًا بسمو المركز الأرضى،
فقد يبدو الإنسان عاديًا وأقل من كثيرين، وذو مركز صغير في المجتمع، ولكن إن
كان ضابطًا لنفسه، فهو أعظم من الكل، وملكه يدوم إلى الأبد، كما يعلمنا سليمان
الحكيم في سفر الأمثال، فيقول: ""مالك روحه خير ممن يأخذ مدينة"" (أم16: 32).
ع23: ليتكم أيها الرؤساء تحبون نور الحكمة،
وليس نور الماديات، أي تستنير عقولكم بمعرفة الله وليس معرفة العالم الشرير،
حينئذ تقتنون التمييز والحكم السليم على كل الأمور، وتقودون كل من حولكم لمعرفة
الله، واطلبوا الحكمة كما طلبها سليمان فوهبها له الله (1 مل3: 9، 11).
ع24: بينة: واضحة.
وبعد أن دعى سليمان الرؤساء لمحبة الحكمة، فهو
يعلنها لهم، ويعلن أن الله هو مصدرها، ويجعلها واضحة لهم تمامًا، ويكشف أعماقها
ويمتعهم بكل أسرارها. ويضيف سليمان أنه يبحث عن الحكمة منذ بدايتها، أي منذ
الأزل؛ لأن الحكمة هي الله. ويعلن أنه يدقق في بحثه عن الحكمة؛ حتى لا يتجاوز
كلام الله، الذي هو الحق، بل يلتزم بكل وصايا الله، وشرائعه.
ع25: ويتنافر محبو الحكمة مع الحاسدين؛ لأن
الحسود أنانى لا يحب الآخرين، وبهذا قد انفصل عن الحكمة التي هي الله مصدر كل
الحب. وتعبير ""يذوب حسدًا"" تعنى الانغماس في الحسد والامتلاء منه، فيكون في شدة
الأنانية، أما الحكيم فيميل للعطاء والبذل حبًا في الآخرين.
ع26: الفطن: الحكيم.
إذا كثر الحكماء في الشعب يقودونه في طريق الله؛
لينالوا خلاص نفوسهم، وخاصة إذا كانوا يشغلون مركز الرئاسة والسلطان.
هكذا كان يوشيا الملك الصالح الذي أزال عبادة
الأوثان، ورمم الهيكل، وشجع الشعب على عبادة الله. وعلى العكس يربعام بن نباط
أضل الشعب بصنعه عجلين، ودعى الشعب للسجود لهما، فأبعد شعبه عن الله. والملك
الفطن أي الحكيم يثبت شعبه في طريق الصلاح، فيحيا الجميع مع الله في طمأنينة.
والحكمة تخلص الإنسان من خطاياه، وكل خداعات
وحروب إبليس، ليس على مستوى الفرد فقط، بل على مستوى الكنيسة كلها، أي المؤمنين
بالحكمة وطالبيها. والحكمة تثبت الإنسان في الحياة مع الله، فيستقر ويفرح
دائمًا ويتمتع بمحبته.
ع27: يختم الكاتب هذا الإصحاح بتنبيه من
يقرأون كلامه إلى الاستفادة بكل الأقوال الموجودة في هذا الأصحاح، التي تخاطب
الملوك، وكل من كان في مكان مسئولية في بيته، أو في عمله؛ ليصحح أخطاءه، ويحيا
في الأدب الروحي، ويعمل بالحكمة، فيستريح ويقود من معه في طريق الله.
ليتنا نصغى باهتمام إلى تعاليم الله لنا في
الكنيسة والكتاب المقدس، فهي رسالة شخصية لكل واحد منا يرسلها الله له لخلاصه.
† إن كنت تبغى
الحكمة فستتمتع بها كهبة إلهية. إن كنت تعطيها وقتًا، وتفضلها عن لذاتك
وشهواتك، فستجدها أمامك. إن الله يريدك، ويود أن يعطيك نفسه، ولو كنت تريده فلا
تتوان، قم أطلبه سريعًا بالصلاة والتضرع، واشكره على عطاياه، فينفتح قلبك كإناء
صالح؛ ليملأه الله بالحكمة.
← تفاسير أصحاحات
حكمة:
مقدمة |
1 |
2 |
3 |
4 |
5 |
6 |
7 |
8 |
9 |
10 |
11 |
12 |
13 |
14 |
15 |
16 |
17 |
18 |
19
تفاسير أسفار الكتاب المقدس
1- تفاسير سفر التكوين
2- تفاسير سفر الخروج
3- تفاسير سفر اللاويين
4- تفاسير سفر العدد
5- تفاسير سفر التثنية
6- تفاسير سفر يشوع
7- تفاسير سفر القضاة
8- تفاسير سفر راعوث
9- تفاسير سفر صموئيل الأول
10- تفاسير سفر صموئيل الثاني
11- تفاسير سفر الملوك الأول
12- تفاسير سفر الملوك الثاني
13- تفاسير سفر أخبار الأيام الأول
14- تفاسير سفر أخبار الأيام الثاني
15- تفاسير سفر عزرا
16- تفاسير سفر نحميا
17- تفاسير سفر طوبيا
18- تفاسير سفر يهوديت
19- تفاسير سفر أستير + التتمة
20- تفاسير سفر أيوب
21- تفاسير سفر المزامير + مز 151
22- تفاسير سفر الأمثال
23- تفاسير سفر الجامعة
24- تفاسير سفر نشيد الأناشيد
25- تفاسير سفر الحكمة
26- تفاسير سفر يشوع بن سيراخ
27- تفاسير سفر إشعياء
28- تفاسير سفر إرميا
29- تفاسير سفر مراثي إرميا
30- تفاسير سفر نبوه باروخ
31- تفاسير سفر حزقيال
32- تفاسير سفر دانيال + التتمة
33- تفاسير سفر هوشع
34- تفاسير سفر يوئيل
35- تفاسير سفر عاموس
36- تفاسير سفر عوبديا
37- تفاسير سفر يونان
38- تفاسير سفر ميخا
39- تفاسير سفر ناحوم
40- تفاسير سفر حبقوق
41- تفاسير سفر صفنيا
42- تفاسير سفر حجي
43- تفاسير سفر زكريا
44- تفاسير سفر ملاخي
45- تفاسير سفر المكابيين الأول
46- تفاسير سفر المكابيين الثاني
1- تفاسير إنجيل متى
2- تفاسير إنجيل مرقس
3- تفاسير إنجيل لوقا
4- تفاسير إنجيل يوحنا
5- تفاسير سفر أعمال الرسل
6- تفاسير الرسالة إلى رومية
7- تفاسير رسالة كورنثوس الاولى
8- تفاسير كورنثوس الثانية
9- تفاسير الرسالة إلى أهل غلاطية
10- تفاسير الرسالة إلى أفسس
11- تفاسير الرسالة إلى فيلبي
12- تفاسير الرسالة إلى كولوسي
13- تفاسير تسالونيكي الأولى
14- تفاسير تسالونيكي الثانية
15- تفاسير رسالة تيموثاوس الأولى
16- تفاسير تيموثاوس الثانية
17- تفاسير الرسالة إلى تيطس
18- تفاسير الرسالة إلى فيلمون
19- تفاسير رسالة العبرانيين
20- تفاسير رسالة يعقوب
21- تفاسير رسالة بطرس الأولى
22- تفاسير رسالة بطرس الثانية
23- تفاسير رسالة يوحنا الأولى
24- تفاسير رسالة يوحنا الثانية
25- تفاسير رسالة يوحنا الثالثة
26- تفاسير رسالة يهوذا
27- تفاسير سفر الرؤيا"
حكمة سليمان,6,1,"(6:1): العالم يمجد القوة
المادية، سواء سلطان المال، أو السلاح، أو الذكاء، ولكن كل هذا يمكن أن يستخدم
للخير، أو للشر. والذي يحسن استخدام القوة هو الإنسان الحكيم، فيوجهها حيثما
يشاء. لذا، فالحكمة أفضل من القوة، فبحكمة كبيرة وقوة يسيرة يمكن تحقيق مكاسب
متنوعة، إذ بالحكمة الحقيقية يتمتع الإنسان بمعونة الله، فيحقق المعجزات.
وحيث أن الحكمة هي الله، فالحكمة غير محدودة،
ولذا فهي أفضل من قوة العالم؛ لأنها محدودة، وبالتالي فالذي له الحكمة الإلهية
يستطيع أن ينتصر على كل قوى العالم التي يستخدمها الشيطان.
أما القوة الكبيرة دون حكمة، فيمكن أن تهلك
الإنسان، مثل يهوذا الأسخريوطى الذي أهلك نفسه بجمعه للمال من الصندوق (يو12: 6)، ولكن باقي التلاميذ الصيادين والبسطاء، الذين بلا سند، أو قوة مادية، بشروا
المسكونة كلها وجذبوها للإيمان، و""فتنوا المسكونة"" (أع17: 6) وشمشون الجبار
الذي انغمس في الشهوات الشريرة، فقد علاقته مع الله، وبالتالي حكمته، وسقط في
أيدى الأعداء، وخسر قوته (قض16: 21). والإسكندر الأكبر الذي اكتسح العالم
بقوته، عندما سقط في الكبرياء، فقد الحكمة، فقتلته حشرة صغيرة، وهي بعوضة نقلت
إليه مرض الملاريا، فمات وهو في سن الشباب.
† لا تنزعج يا أخى
إذا كانت قدراتك ضئيلة بالقياس بمن حولك. لا تقارن نفسك بأحد؛ لأن عندك أهم شيء
وهو الحكمة، أي المسيح الساكن فيك، الذي يحقق لك كل ما تعجز عنه، ويغير كل شيء
لمصلحتك. آمن بالحكمة تغلب كل قوة.
ع2، 3: أقاصى: الأماكن البعيدة.
وينادى الكتاب المقدس الملوك والقضاة والمتسلطين
على جماهير البشر ليفهموا هذا المبدأ الأساسى، أن الحكمة خير من القوة، إذ
تخدعهم مراكزهم وسلطانهم، فيتكبروا ويفقدوا الحكمة، كما سقط نبوخذنصر ملك بابل
وصار كالحيوانات، وكما سقطت إمبراطوريات كثيرة على مر الزمان.
هذا الكلام موجه أيضًا لكل واحد منا، إذا كان في
مكان مسئولية، أو رئاسة، أو رعاية، مثل كل أب وكل أم، وكل رئيس في العمل، وكل
مسئول في الكنيسة عن أية خدمة. فليسأل كل واحد نفسه، وليفحصها في ضوء كلمات هذه
الآيات.
ع4:"
حكمة سليمان,6,4,"(6:4): يستقصى: يفحص بدقة.
جيد أن يعرف كل مسئول في مكانه أن قوته وسلطانه
من الله، وأنه وكيل مؤتمن على هذه المسئولية، وسيقدم حساب وكالته له، إذ سيحاسب
بتدقيق، فيخافه، ويسلك بحكمة واتضاع.
والمقصود بالسلطان، هو أية قدرة يتمتع بها
الإنسان، سواء المعرفة، أو الذكاء، أو المركز، أو المال، أو العلاقات ... والله
سيفحص كل عمل يعمله الإنسان من جهة غرضه، ونيته، ومدى أمانته في إتمامه. والله
يعرف أفكار القلب الداخلية والنيات، فيجازى كل واحد بحسب أعماله ومشاعره
الداخلية.
ع5:"
حكمة سليمان,6,5,"(6:5): يبدأ حساب الله للرؤساء والمسئولين،
فيوبخهم لنسيانهم أنهم خدام الله، وخدمتهم في ملك الله، وليس ملكهم الشخصى، إذ
يقودون شعبه بما يلي:
بحفظهم وصاياه، بل ويشجعون الشعب على حفظها.
الخضوع لإرادة الله.
يحكمون بالحق.
† إسأل نفسك ماذا
يفعل المسيح لو كان مكانى؟ وبحسب كلام الله تسلك دون انزعاج داخلي، فتكون
تصرفاتك للبنيان، وبهذا تخضع لمشيئة الله، فتحيا في سلام وتصل للأبدية.
ع6:"
حكمة سليمان,6,6,"(6:6): بغتة: فجأة.
سيمضى: سيجرى، أو سينفذ.
وتنذر هذه الآية أن الله سيظهر فجأة ويدين العالم
كله، ويعاقب الأشرار، خاصة من كان لهم مسئولية، أو سلطان. إنه كلام واضح عن يوم
الدينونة الأخير؛ لأن الله أعطى الحكام سلطانًا وقوة؛ ليقودوا شعبه؛ لذلك
سيحاسبهم بشدة أكثر من غيرهم، فهو لا يشفق على من لا يشفق على رعيته.
ع7:"
حكمة سليمان,6,7,"(6:7): أهل: مستحق.
أرباب: أصحاب.
الصغير هو كل إنسان ذو مركز قليل، أو قدرات
ضعيفة، فهذا يطالب بالقليل، ويمكن أن يُعفى، رحمةً من المسئولين عنه، أما ذو
المركز الكبير والقوة والسلطان الأكبر، يُطالب بشدة، ويُفحص أمره بأكثر تدقيق،
كما أعلن المسيح أن ""كل من أعطى كثيرًا يطلب منه كثير ومن يودعونه كثيرًا
يطالبونه بأكثر"" (لو12: 48).
وكل إنسان وهبه الله قدرات، أو مواهب، هو مسئول
عن استخدامها لفائدة الكنيسة، وكل من حوله، فهو وكيل عليها من الله؛ ليكون
أمينًا عليها، ويستثمرها لمجد اسمه القدوس، أما إذا استخدم هذه المواهب فقط
لمصلحته الشخصية، فسيحاسبه الله عن هذا بشدة؛ لأنه تميز عن غيره، ولم يستخدم
هذا التميز من أجل من يحتاجون ممن حوله.
إن الصغير هنا المتضع، فهذا يستدر رحمة الله، أما
من يتكبر ويظن أنه قوى ويعتمد على قوته العالمية، فهذا يحاسب بلا رحمة، إذ أنه
اعتمد على قوته، وكان قاسيًا، فيحاسب بقسوة ""طوبى للرحماء لأنهم يرحمون"" (مت5: 7)، وكما نقول في صلاة نصف الليل: ""لأنه ليس رحمة في الدينونة لمن لم يستعمل
الرحمة"".
ع8، 9: واضح أن الله كامل في قدرته، فلا يخاف
من أحد، أي لا يخاف من ذوى السلطان، بل يحاسب الكل، ويرحم الكل، الصغير في
قدراته، وكذا الكبير، يرحمهم على قدر اتضاعهم ورحمتهم للآخرين.
الله سيحاسب ويدين كل من له سلطان ولم يستخدمه من
أجل الحق، مثل يهوذا الإسخريوطى تلميذ المسيح، الذي عرف كثيرًا، ولكنه لم يستفد
من هذه المعرفة، وقيافا رئيس الكهنة الذي تنبأ عن المسيح الفادى (يو11: 51) ومع
هذا، اشترك في صلب المسيح، وكذلك بيلاطس الذي كان له سلطان أن يطلق المسيح،
ولكنه خاف من اليهود وجاملهم وسلم المسيح لأيديهم ليصلبوه.
كل هؤلاء ستكون دينونتهم أكبر من غيرهم، مثل
الشعب الذي نادى أصلبه أصلبه.
وعلى الجانب الآخر، يكافأ كل من كان له إمكانيات
قليلة، ولكنه كان أمينًا فيها لمجد الله، مثل المرأة ذات الفلسين، مجدها الله
أكثر من جميع من أعطوا، وداود الصغير بمعونة الله تغلب على جليات، أما شاول
الملك إذ تكبر وقدم الذبيحة بدل الكاهن، رفضه الله وفارقه روحه القدوس.
ع10:"
حكمة سليمان,6,10,"(6:10): يستكمل الله حديثه مع الملوك والرؤساء
وكل مسئول في أي مكان في العالم وفى كل زمان، فيدعوه لتعلم الحكمة حتى لا يسقط
في الخطأ، ويدان من الله، فيفشل في مسئوليته، ويخسر أبديته. فالسلطان أعطاه
الله للبشر، ليستخدموه في خدمة من حولهم، وليس للتشامخ والكرامة الشخصية، وكذلك
يلزم أن يهتم الملوك بالاستمرار في التعلم والتلمذة طوال حياتهم، كما أوصى بولس
الرسول تلميذه تيموثاوس الأسقف رأس الكنيسة بمداومة التعلم (1 تى4: 16).
† إهتم أن تسمع
وصايا الله وتطيعها فتمتلئ حكمة. إن الاتضاع هو سبيلك لاقتنائها، وعلى قدر ما
تزداد مسئولياتك، تحتاج لخضوع أكبر لله؛ ليسندك بحكمته، فيوجه قوتك حسب إرادته.
(2)
الاحتياج للحكمة (ع11-21):
11 فَإِن الَّذِينَ يَحْفَظُونَ بِقَدَاسَةٍ مَا
هُوَ مُقَدَّسٌ يُقَدَّسُونَ، وَالَّذِينَ يَتَعَلَّمُونَ هذِهِ، يَجِدُونَ مَا
يَحْتَجُّونَ بِهِ. 12 فَابْتَغُوا كَلاَمِي، وَاحْرِصُوا عَلَيْهِ
فَتَتَأَدَّبُوا. 13 فَإِنَّ الْحِكْمَةَ ذَاتُ بَهَاءٍ وَنَضْرَةٍ لاَ
تَذْبُلُ، وَمُشَاهَدَتُهَا مُتَيَسِّرَةٌ لِلَّذِينَ يُحِبُّونَهَا،
وَوِجْدَانُهَا سَهْلٌ عَلَى الَّذِينَ يَلْتَمِسُونَهَا. 14 فَهِيَ تَسْبِقُ
فَتَتَجَلَّى لِلَّذِينَ يَبْتَغُونَهَا، 15 وَمَنِ ابْتَكَرَ فِي طَلَبِهَا لاَ
يَتْعَبُ، لأَنَّهُ يَجِدُهَا جَالِسَةً عِنْدَ أَبْوَابِهِ. 16 فَالتَّأَمُّلُ
فِيهَا كَمَالُ الْفِطْنَةِ، وَمَنْ سَهِرَ لأَجْلِهَا فَلاَ يَلْبَثُ لَهُ
هَمٌّ. 17 لأَنَّهَا تَجُولُ فِي طَلَبِ الَّذِينَ هُمْ أَهْلٌ لَهَا،
وَتَتَمَثَّلُ لَهُمْ فِي الطُّرُقِ بَاسِمَةً، وَتَتَلَقَّاهُمْ كُلَّمَا
تَأَمَّلُوا فِيهَا. 18 فَأَوَّلُهَا الْخُلُوصُ فِي ابْتِغَاءِ التَّأْدِيبِ.19 وَتَطَلُّبُ التَّأْدِيبِ هُوَ الْمَحَبَّةُ، وَالْمَحَبَّةُ حِفْظُ
الشَّرَائِعِ، وَمُرَاعَاةُ الشَّرَائِعِ ثَبَاتُ الطَّهَارَةِ. 20 وَالطَّهَارَةُ تُقَرِّبُ إِلَى اللهِ. 21 فَابْتِغَاءُ الْحِكْمَةِ يُبَلِّغُ
إِلَى الْمَلَكُوتِ.
ع11:"
حكمة سليمان,6,11,"(6:11): ويظهر الله
الحكمة في التمسك بوصاياه المقدسة، وكل ما يعطيه الروح القدس لنا في الكنيسة من
أسرار ووسائط النعمة. فإذا اقترب الإنسان بخشوع واهتمام إلى الله، فإنه يتقدس
ويصير حكيمًا. ولذا ينادى الكاهن في القداس قائلًا: القدسات للقديسين، أي
الذين آمنوا بالمقدسات. وكلمة ""يقدسون"" تعنى كذلك يمتلئون من عمل الروح القدس.
وتعبير ما يحتجون به، تعنى أنهم يستطيعون أن يصدوا كل أفكار إبليس الشريرة، أي
يكونوا محصنين بهذه القداسة، فيرفضوا كل شر، وتعنى أيضًا أنهم يجدون نعمة في
عينى الله يوم الدينونة.
ع12:"
حكمة سليمان,6,12,"(6:12): ابتغوا: تمنوا واطلبوا.
إن الأدب هو نتيجة طبيعية للحكمة، ويتأتى من
معرفة الإنسان لوصايا الله والتمسك بها، فيحفظه الله من كل انحراف في الخطية.
وكلمة ""ابتغوا"" تعنى محبة الحكمة وطلبها؛ ليتعلمها الإنسان ويحيا بها، وليس فقط
مجرد طاعة بدون اقتناع.
ع13:"
حكمة سليمان,6,13,"(6:13): ثم يعلن مجد الحكمة وبركاتها، فهي عظيمة
كالنور الساطع تبهر العيون، متميزة عن كل شيء حولها، بل وجذابة للجميع، وأكثر من
هذا، فحيوتها دائمة كالنباتات المستديمة الخضرة، التي لا تفقد جمالها ولا تذبل؛
لأن بركات الحكمة دائمة إلى الأبد لا تزول.
ثم يجيب على سؤال مهم هو، كيفية اقتناء الحكمة،
فيعلن أنه سهل وميسور إذا توفر ما يلي:
محبة الحكمة.
الاهتمام بالبحث عنها؛ لأن الحكمة لا تقحم نفسها،
أو تجبر أحدًا على قبولها، فمشكلة البشر هي الانهماك في الماديات، فيهملوا
الحكمة، وبالتالي لا يحصلون عليها، فتضيع حياتهم.
إن الحكمة هي الله، المسيح إلهنا، الأقنوم
الثاني، الذي هو بهاء مجد الآب ورسم جوهره (عب1: 3)، وهو أيضًا الحياة (يو14: 6)، ويسهل الوصول إليه؛ لأنه واقف على باب القلب يقرع (رؤ3: 20).
† إذا طلبت المسيح
وأعطيته مكانًا في قلبك تقتنى حياتك، وتجد المجد والبركة والسعادة في الأرض وفى
السماء. إعط وقتًا لممارساتك الروحية، أي الوجود مع الله، فيسكب عليك حكمته
بسهولة ويسر.
ع14، 15: تتجلى: تظهر بوضوح.
ابتكر: قام باكرًا.
من يطلب الحكمة باهتمام، ويظهر ذلك في التبكير
إليها (أم8: 17)، أي يعطيها بكور وقته واهتمامه، ويفضلها عن ارتباطاته
واحتياجاته المادية، فالحكمة تظهر أمامه، وتتجلى بمجدها أمام عينيه، فهي تسرع
نحوه، ويجدها عند بابه، فلا يتوه في البحث عنها، إذ يجدها أقرب ما تكون إليه.
ويلاحظ في هاتين الآيتين ما يلي:
يلزم أن يبتغي ويبكر الإنسان ويسعى نحو الحكمة،
ولكنه لا يستطيع أن يحصل عليها بمفرده؛ لأن الحكمة هي الله. ولكن الله عندما
يرى سعيه يسبق ويلتقى به، ويفيض عليه بحكمته. فجهاد الإنسان وسعيه ضرورى لنوال
نعمة الله.
الحكمة عندما تأتى للإنسان تجلس عند بابه، أي
تقترب إليه، ولكن لا تدخل إلا إذا قام وفتح الباب، فيجدها بسهولة أمامه. فكما
ذكرنا في الآية السابقة، فإن الله يقرع على الباب وينتظر أن يفتح له الإنسان.
ع16:"
حكمة سليمان,6,16,"(6:16): وإذا وجدت الحكمة وشعرت بالله معك، فهل
ستمسك به وتتأمل جماله؟ .. هذا هو العمق الروحي وحياة الكاملين. هل تستوعب
معانى كلمات الصلاة، وتسكب كل مشاعرك أمامه؟ .. هل تتأمل في كلمات الكتاب
المقدس؟ إذا فعلت هذا سيكشف الله لك أعماقًا جديدة من حبه، وتشعر بلذة لا يعبر
عنها، ترفع عنك كل هموم العالم؛ حتى وإن كنت داخل المشكلة سيذهب عنك كل ضيق،
وتكون في سعادة لا يعبر عنها، بل تشعر أن هذه اللحظات ليست من لحظات الزمان
الأرضى، بل هي عربون وصورة مصغرة للأبدية تذقها على الأرض. إن السهر الروحي، أي
الاهتمام بالوجود مع الله يدخلنا في شركة السمائيين ويرفعنا فوق كل أتعاب
الأرض.
ع17:"
حكمة سليمان,6,17,"(6:17): تجول: تسعى.
أهل لها: يستحقونها.
إن الحكمة تفرح بمن يطلبها، وتظهر محبتها له فيما
يلى:
تجول باحثة عمن يستحقونها ويبتغونها ويشتاقون
إليها.
تتمثل في طريق من يجاهدون في طلبها، فتظهر لهم
بأشكال مختلفة بابتسامتها، أي تشجعهم على مواصلة الجهاد الروحي، سواء بكلمات
الكتاب المقدس، أو تشجيعات الآخرين، أو أية بركات تهبها لهم.
تتلقى المجاهدين المتأملين فيها بالأحضان
والترحيب، مثل التأمل في كلمات الكتاب المقدس، أو البحث عن الله في الطبيعة
وأحداث الحياة وعنايته بالبشر. وهكذا تظهر للمتأملين الباحثين عنها، فتدخلهم
إلى أعماق جديدة فيها.
ع18-20:"
حكمة سليمان,6,18,"(6:18-20): الخلوص: الإخلاص، أي الصفاء
والنقاوة والاستقامة في طلب الشئ.
ولكن الحكمة تشترط ما يلي لنوالها:
1- الخلوص في ابتغاء التأديب:
أن يبتغى الإنسان التأديب، يعنى ضيق الإنسان
الشديد من الخطية التي يصنعها، فيفضل العقاب الإلهي، وخسارة كل شيء أرضى؛ ليتمتع
بالحياة النقية مع الله، فهو يضحى بكل لذاته واحتياجاته المادية وكل كرامة
أرضية؛ ليتنقى من خطاياه؛ حتى يتأهل لاقتناء الحكمة، أي التمتع بالوجود مع
الله، فهو ليس فقط يقبل التجارب والضيقات، بل يطالب الله أن يؤدبه بالتجارب،
وينقيه؛ ليتمتع بمعاينة الحكمة. هكذا شعر داود النبي فقال: ""جربنى يا رب
وامتحنى صف كليتى وقلبى"" (مز26: 2).
2- المحبة:
ثم يعلن باقي شروط اقتناء الحكمة، وهي تتدرج
كسلسلة تؤدى كل واحدة للأخرى. فطلب التأديب ينمى محبة الإنسان لله، فينغلق
القلب بالله عن الماديات ويرفع قلبه بالصلاة، ويصغر العالم في عينيه، ويشعر
تدريجيًا أن باطل الأباطيل الكل باطل وقبض الريح ولا منفعة تحت الشمس، كما قال
الحكيم سليمان في سفر الجامعة (جا1: 2-3).
3- حفظ الشرائع:
محبة الله تقود الإنسان إلى حفظ وصاياه ""الذى
عنده وصاياى ويحفظها فهو الذي يحبنى"" (يو14: 21)؛ لأن من يحب أحدًا، يحب كلامه
ويحفظه ويحيا به، إذ يرى من يحبه في كلامه، أي نرى الله في وصاياه، ونتمتع
بعشرته.
4- الطهارة:
حفظ الوصايا ومراعاة الشرائع في كل سلوكنا
وكلامنا وأفكارنا، سينقينا من كل خطية ويحفظنا في طهارة ونقاوة.
5- تقرب إلى الله:
وإذ نتمتع بالنقاوة والطهارة نصبح أهلًا للاقتراب
من الله ومعاينته، بل والدخول إلى أعماقه ""طوبى للأنقياء القلب لأنهم يعاينون
الله"" (مت5: 8).
† أرأيت يا أخى إن
اقتناء الحكمة هو اقتناء الله، وأن الطريق إليه أصبح واضحًا للحصول على حكمته،
والعلامات محددة، فإن كنت تحب الله، فاقبل تأديبه، بل واطلبه، وهذا يرفعك فوق
كل خطية، ويقودك إلى الملكوت.
ع21:"
حكمة سليمان,6,21,"(6:21): من يطلب الحكمة يتحلى بكل الشروط الخمسة
السابقة، فينال في النهاية مكافأة الحكمة، وهي الملكوت السماوى؛ وهذا هو الملك
الحقيقي.
←
وستجد
تفاسير أخرى
هنا في
(3)
الملك الحكيم (ع22-27):
22 فَإِنْ كُنْتُمْ تَلْتَذُّونَ بِالْعَرْشِ
وَالصَّوْلَجَانِ، يَا مُلُوكَ الشُّعُوبِ، فَأَكْرِمُوا الْحِكْمَةَ لِكَيْ
تَمْلِكُوا إِلَى الأَبَدِ، 23 وَأَحِبُّوا نُورَ الْحِكْمَةِ يَا حُكَّامَ
الشُّعُوبِ. 24 وَأَنَا أُخْبِرُكُمْ مَا الْحِكْمَةُ وَكَيْفَ صَدَرَتْ، وَلاَ
أَكْتُمُ عَنْكُمُ الأَسْرَارَ، لكِنْ أَبْحَثُ عَنْهَا مِنْ أَوَّلِ
كَوْنِهَا، وَأَجْعَلُ مَعْرِفَتَهَا بَيِّنَةً، وَلاَ أَتَجَاوَزُ مِنَ
الْحَقِّ شَيْئًا، 25 وَلاَ أَسِيرُ مَعَ مَنْ يَذُوبُ حَسَدًا، لأَنَّ مِثْلَ
هذَا لاَ حَظَّ لَهُ فِي الْحِكْمَةِ. 26 إِنَّ كَثْرَةَ الْحُكَمَاءِ خَلاَصُ
الْعَالَمِ، وَالْمَلِكَ الْفَطِنَ ثَبَاتُ الشَّعْبِ، 27 فَتَأَدَّبُوا
بِأَقْوَالِي وَاسْتَفِيدُوا بِهَا.
ع22:"
حكمة سليمان,6,22,"(6:22): تلتذون:
تتمتعون.
الصولجان: عصا الملك.
يوجه نظرنا هنا إلى الملك الحقيقي وهو الملكوت
الدائم الأبدي، أما المُلك الأرضى فهو زائف؛ لأنه مؤقت وزائل، وقد يكون باختيار
الناس، وليس لله. فالملك الأرضى هو رأى الناس، أما الملكوت الأبدي فهو رأى
الله؛ لذا فهو حقيقي، وهذا الأخير يحتاج بالضرورة إلى الحكمة، أي الله. فإن سلك
الملك الأرضى بالحكمة، أي سار مع الله، فهو يملك إلى الأبد، وإن لم يسلك في
الحكمة، فملكوته زائف ومؤقت.
والمُلك الحقيقي هو أن يملك الإنسان على نفسه،
فيضبط حواسه، وكل طاقاته، ويعطى مكانًا لله ليملك عليه، ويقدم نفسه ذبيحة حب
لله في عبادة مقدسة، وخدمة باذلة. وهذا بالطبع ينجح في القيام بمسئولياته نحو
الآخرين، ويحبه الجميع، ويقودهم في طريق السماء.
وليس الملك الحقيقي مرتبطًا بسمو المركز الأرضى،
فقد يبدو الإنسان عاديًا وأقل من كثيرين، وذو مركز صغير في المجتمع، ولكن إن
كان ضابطًا لنفسه، فهو أعظم من الكل، وملكه يدوم إلى الأبد، كما يعلمنا سليمان
الحكيم في سفر الأمثال، فيقول: ""مالك روحه خير ممن يأخذ مدينة"" (أم16: 32).
ع23:"
حكمة سليمان,6,23,"(6:23): ليتكم أيها الرؤساء تحبون نور الحكمة،
وليس نور الماديات، أي تستنير عقولكم بمعرفة الله وليس معرفة العالم الشرير،
حينئذ تقتنون التمييز والحكم السليم على كل الأمور، وتقودون كل من حولكم لمعرفة
الله، واطلبوا الحكمة كما طلبها سليمان فوهبها له الله (1 مل3: 9، 11).
ع24:"
حكمة سليمان,6,24,"(6:24): بينة: واضحة.
وبعد أن دعى سليمان الرؤساء لمحبة الحكمة، فهو
يعلنها لهم، ويعلن أن الله هو مصدرها، ويجعلها واضحة لهم تمامًا، ويكشف أعماقها
ويمتعهم بكل أسرارها. ويضيف سليمان أنه يبحث عن الحكمة منذ بدايتها، أي منذ
الأزل؛ لأن الحكمة هي الله. ويعلن أنه يدقق في بحثه عن الحكمة؛ حتى لا يتجاوز
كلام الله، الذي هو الحق، بل يلتزم بكل وصايا الله، وشرائعه.
ع25:"
حكمة سليمان,6,25,"(6:25): ويتنافر محبو الحكمة مع الحاسدين؛ لأن
الحسود أنانى لا يحب الآخرين، وبهذا قد انفصل عن الحكمة التي هي الله مصدر كل
الحب. وتعبير ""يذوب حسدًا"" تعنى الانغماس في الحسد والامتلاء منه، فيكون في شدة
الأنانية، أما الحكيم فيميل للعطاء والبذل حبًا في الآخرين.
ع26:"
حكمة سليمان,6,26,"(6:26): الفطن: الحكيم.
إذا كثر الحكماء في الشعب يقودونه في طريق الله؛
لينالوا خلاص نفوسهم، وخاصة إذا كانوا يشغلون مركز الرئاسة والسلطان.
هكذا كان يوشيا الملك الصالح الذي أزال عبادة
الأوثان، ورمم الهيكل، وشجع الشعب على عبادة الله. وعلى العكس يربعام بن نباط
أضل الشعب بصنعه عجلين، ودعى الشعب للسجود لهما، فأبعد شعبه عن الله. والملك
الفطن أي الحكيم يثبت شعبه في طريق الصلاح، فيحيا الجميع مع الله في طمأنينة.
والحكمة تخلص الإنسان من خطاياه، وكل خداعات
وحروب إبليس، ليس على مستوى الفرد فقط، بل على مستوى الكنيسة كلها، أي المؤمنين
بالحكمة وطالبيها. والحكمة تثبت الإنسان في الحياة مع الله، فيستقر ويفرح
دائمًا ويتمتع بمحبته.
ع27:"
حكمة سليمان,6,27,"(6:27): يختم الكاتب هذا الإصحاح بتنبيه من
يقرأون كلامه إلى الاستفادة بكل الأقوال الموجودة في هذا الأصحاح، التي تخاطب
الملوك، وكل من كان في مكان مسئولية في بيته، أو في عمله؛ ليصحح أخطاءه، ويحيا
في الأدب الروحي، ويعمل بالحكمة، فيستريح ويقود من معه في طريق الله.
ليتنا نصغى باهتمام إلى تعاليم الله لنا في
الكنيسة والكتاب المقدس، فهي رسالة شخصية لكل واحد منا يرسلها الله له لخلاصه.
† إن كنت تبغى
الحكمة فستتمتع بها كهبة إلهية. إن كنت تعطيها وقتًا، وتفضلها عن لذاتك
وشهواتك، فستجدها أمامك. إن الله يريدك، ويود أن يعطيك نفسه، ولو كنت تريده فلا
تتوان، قم أطلبه سريعًا بالصلاة والتضرع، واشكره على عطاياه، فينفتح قلبك كإناء
صالح؛ ليملأه الله بالحكمة.
← تفاسير أصحاحات
حكمة:
مقدمة |
1 |
2 |
3 |
4 |
5 |
6 |
7 |
8 |
9 |
10 |
11 |
12 |
13 |
14 |
15 |
16 |
17 |
18 |
19
تفاسير أسفار الكتاب المقدس
1- تفاسير سفر التكوين
2- تفاسير سفر الخروج
3- تفاسير سفر اللاويين
4- تفاسير سفر العدد
5- تفاسير سفر التثنية
6- تفاسير سفر يشوع
7- تفاسير سفر القضاة
8- تفاسير سفر راعوث
9- تفاسير سفر صموئيل الأول
10- تفاسير سفر صموئيل الثاني
11- تفاسير سفر الملوك الأول
12- تفاسير سفر الملوك الثاني
13- تفاسير سفر أخبار الأيام الأول
14- تفاسير سفر أخبار الأيام الثاني
15- تفاسير سفر عزرا
16- تفاسير سفر نحميا
17- تفاسير سفر طوبيا
18- تفاسير سفر يهوديت
19- تفاسير سفر أستير + التتمة
20- تفاسير سفر أيوب
21- تفاسير سفر المزامير + مز 151
22- تفاسير سفر الأمثال
23- تفاسير سفر الجامعة
24- تفاسير سفر نشيد الأناشيد
25- تفاسير سفر الحكمة
26- تفاسير سفر يشوع بن سيراخ
27- تفاسير سفر إشعياء
28- تفاسير سفر إرميا
29- تفاسير سفر مراثي إرميا
30- تفاسير سفر نبوه باروخ
31- تفاسير سفر حزقيال
32- تفاسير سفر دانيال + التتمة
33- تفاسير سفر هوشع
34- تفاسير سفر يوئيل
35- تفاسير سفر عاموس
36- تفاسير سفر عوبديا
37- تفاسير سفر يونان
38- تفاسير سفر ميخا
39- تفاسير سفر ناحوم
40- تفاسير سفر حبقوق
41- تفاسير سفر صفنيا
42- تفاسير سفر حجي
43- تفاسير سفر زكريا
44- تفاسير سفر ملاخي
45- تفاسير سفر المكابيين الأول
46- تفاسير سفر المكابيين الثاني
1- تفاسير إنجيل متى
2- تفاسير إنجيل مرقس
3- تفاسير إنجيل لوقا
4- تفاسير إنجيل يوحنا
5- تفاسير سفر أعمال الرسل
6- تفاسير الرسالة إلى رومية
7- تفاسير رسالة كورنثوس الاولى
8- تفاسير كورنثوس الثانية
9- تفاسير الرسالة إلى أهل غلاطية
10- تفاسير الرسالة إلى أفسس
11- تفاسير الرسالة إلى فيلبي
12- تفاسير الرسالة إلى كولوسي
13- تفاسير تسالونيكي الأولى
14- تفاسير تسالونيكي الثانية
15- تفاسير رسالة تيموثاوس الأولى
16- تفاسير تيموثاوس الثانية
17- تفاسير الرسالة إلى تيطس
18- تفاسير الرسالة إلى فيلمون
19- تفاسير رسالة العبرانيين
20- تفاسير رسالة يعقوب
21- تفاسير رسالة بطرس الأولى
22- تفاسير رسالة بطرس الثانية
23- تفاسير رسالة يوحنا الأولى
24- تفاسير رسالة يوحنا الثانية
25- تفاسير رسالة يوحنا الثالثة
26- تفاسير رسالة يهوذا
27- تفاسير سفر الرؤيا"
حكمة سليمان,7,0,"(7:1): عظمة الحكمة
(1)
ميلاد واحد للجميع (ع1-6)
(2)
أهمية الحكمة (ع7-14)
(3)
الله مصدر المعرفة (ع15-21)
(4) صفات
الحكمة (ع22-30)
(1)
ميلاد واحد للجميع (ع1-6):
1 إِنَّمَا أَنَا إِنْسَانٌ يَمُوتُ، مُشَاكِلٌ
لِسَائِرِ النَّاسِ، مِنْ جِنْسِ أَوَّلِ مَنْ جُبِلَ مِنَ الأَرْضِ، وَقَدْ
صُوِّرْتُ جَسَدًا فِي جَوْفِ أُمِّي، 2 وَفِي مُدَّةِ عَشَرَةِ أَشْهُرٍ
صُنِعْتُ مِنَ الدَّمِ بِزَرْعِ الرَّجُلِ، وَاللَّذَّةِ الَّتِي تُصَاحِبُ
النَّوْمَ. 3 وَلَمَّا وُلِدْتُ انْتَشَيْتُ هذَا الْهَوَاءَ الشَّائِعَ،
وَسَقَطْتُ عَلَى هذِهِ الأَرْضِ الْمُشْتَرَكَةِ، وَأَوَّلَ مَا اسْتَهْلَلْتُ
بِالْبُكَاءِ عَلَى حَدِّ الْجَمِيعِ، 4 وَرُبِّيتُ فِي الْقُمُطِ
وَبِاهْتِمَامٍ كَثِيرٍ. 5 فَإِنَّهُ لَيْسَ لِمَلِكٍ بَدْءُ مَوْلِدٍ غَيْرُ
هذَا؛ 6 بَلْ دُخُولُ الْجَمِيعِ إِلَى الْحَيَاةِ وَاحِدٌ، وَخُرُوجُهُمْ
سَوَاءٌ.
ع1: مُشاكل:
مشابه، أو مثل.
يعلن سليمان الحكيم لنا حقيقة هامة، وهي أن كل
البشر، أغنياء وفقراء، عظماء ومحتقرين، الكل يشترك في ميلاد واحد وموت واحد. كل
بنى آدم ولدوا من بطون أمهاتهم، ولابد أن تنتهي حياتهم على الأرض بالموت، وليس
لأحد تميز عن الآخر في منشأه، أو نهايته ولكن يبقى شيء واحد، هو ما حدث له أثناء
حياته القصيرة على الأرض، وسنرى أن التميز الوحيد هو مقدار تمتعه بالحكمة،
وارتباطه بالمسيح أقنوم الحكمة، فينقله إليه في السماء؛ ليدوم معه إلى الأبد،
على قدر ما تمتع بسلوكه في الحكمة على الأرض.
يُفهم من هذا، أن تميز سليمان في الحكمة عن كل
البشر لم يكن بسبب محاباة الله له، أو نشأته الغريبة، بل هو إنسان عادى، ابن
لآدم، صورة الله في بطن أمه كجنين، وأعطاه الحياة، كباقى البشر، وهذا يعطى رجاء
لكل الناس، مهما كان منشأهم ضعيف، أو حقير، لأن الله يعمل في الكل، ويرفعهم،
كما رفع داود من وسط الغنم، وجعله ملكًا على شعبه.
† إن كان الأمر هكذا يا أخي، فقد أصبح الهدف
واضحًا، وهو الالتصاق بالله، وبالتالي يتصاغر، بل ينتهى كل تفاخر بالحسب
والنسب، أي كل ما يختص بمنشأ الإنسان، وتتلاشى أيضا كل عظمة مادية على الأرض؛
لأنها تنتهي بالفناء بموت بالإنسان.
ع2: ثم يحدثنا عن تكوين كل إنسان كجنين في
بطن أمه، من علاقة بين رجل وامرأة بدافع الغريزة الطبيعية في الزواج، وتكوين
الخلية الأولى داخل جسم المرأة، ونمو الجنين في الرحم متغذيًا من دم الأم؛ حتى
يتكامل بعد 9 أشهر شمسية، أي حوالي 10 أشهر قمرية (فالشهر القمرى 28 يومًا أما
الشهر الشمسى 30، أو 31 يومًا)؛ لأن مدة الحمل 40 أسبوعًا، أي 280 يومًا وهي
عشرة أشهر قمرية (28 × 10 = 280). وكان العبرانيون يستخدمون السنة القمرية.
† إن كانت بدايتك يا أخى مجرد خلية واحدة
ضعيفة، فلماذا تتعاظم على غيرك؟ ولماذا تظلم، أو تحتقر غيرك؟ إنه تكون مثلك في
نفس الظروف، ليس لك فضل إلا بنعمة الله المجانية الموهوبة لك، إن كنت تطلبها،
وهي الحكمة الحقيقية.
ع3: انتشيت: استنشقت الهواء وتنفسته.
استهللت: بدأت.
على حد: مثل.
ويواصل حديثه، فيعلن اشتراك كل البشر، ليس فقط في
ظروف تكوين الجنين داخل البطن، بل أيضًا بعد الولادة، إذ يتنفس الجميع هواءً
واحدًا، ويسقطون على أرض واحدة، التي نحن كائنون عليها، وأول إعلان وتخاطب مع
العالم الجديد يكون هو البكاء.
† إن استطعت أن ترى الله المختفى وراء
مخلوقاته، فقد بلغت الحكمة؛ لأن الله واضع الغريزة في جسد الإنسان، وصانع كل
أجهزة جسمه، التي تنمى الجنين، وبعد ما يحتضنه الله في رحم أمه، يحوطه بهوائه،
عندما يخرج إلى العالم، ويستقر على أرضه، وحينئذ يبكى الإنسان، معلنًا ضعفه
أمام الخالق العظيم، واحتياجه للتطهير والرعاية والحب، حتى ينمو أمام الله.
ع4: القمط: الأقمطة، أي الأقمشة التي
يلف بها الطفل حديث الولادة، بعد ولادته.
ولضعف المولود الجديد يلفونه بأقمشة لينة، أي
الأقمطة؛ ليحفظونه من كل ضرر؛ حتى ينمو جسده على مر الأيام والسنين، ويشتد
عوده، ويستطيع أن يواجه الحياة.
ع5، 6: سواء: واحد.
يُفهم مما سبق أن كل العظماء، بما فيهم الملوك،
مولدهم ونشأتهم مثل باقي البشر، كما ذكرت الآيات السابقة، وكل البشر يدخلون إلى
الحياة بهذا الميلاد السابق ذكره، ويخرجون من الحياة، أي يموتون كلهم متشابهين،
فهم لا يملكون شيئًا عند ميلادهم، وأيضًا عند موتهم لا يخرجون بشئ.
† إنك يا أخى في ضعفك
محتاج لحنان الله، الذي يعتنى بك قبل أن تعرفه، لعلك عندما تكبر وتعى عنايته
الجزيلة بك، يرتفع قلبك بالشكر والتسبيح له، فيشعر كل عظيم - حتى لو كان فوق
الكل كملك - أنه مثل سائر البشر في دخوله إلى العالم، وخروجه منه، حينئذ يحترم
كل إنسان، ويقدره، مهما كان وضيعًا أمامه. إبحث عن شيء آخر يميزك غير كل هذه
الماديات والأفكار التي انشغلت بها .. إبحث عن الحكمة ... إبحث عن الله.
(2)
أهمية الحكمة (ع7-14):
7 حِينَئِذٍ تَمَنَّيْتُ؛ فَأُوتِيتُ الْفِطْنَةَ،
وَدَعَوْتُ فَحَلَّ عَلَيَّ رُوحُ الْحِكْمَةِ. 8 فَفَضَّلْتُهَا عَلَى
الصَّوَالِجَةِ وَالْعُرُوشِ، وَلَمْ أَحْسَبِ الْغِنَى شَيْئًا بِالْقِيَاسِ
إِلَيْهَا، 9 وَلَمْ أَعْدِلْ بِهَا الْحَجَرَ الْكَرِيمَ، لأَنَّ جَمِيعَ
الذَّهَبِ بِإِزَائِهَا قَلِيلٌ مِنَ الرَّمْلِ، وَالْفِضَّةَ عِنْدَهَا
تُحْسَبُ طِينًا. 10 وَأَحْبَبْتُهَا فَوْقَ الْعَافِيَةِ وَالْجَمَالِ،
وَاتَّخَذْتُهَا لِي نُورًا، لأَنَّ ضَوْءَهَا لاَ يَغْرُبُ، 11 فَأُوتِيتُ
مَعَهَا كُلَّ صِنْفٍ مِنَ الْخَيْرِ، وَنِلْتُ مِنْ يَدَيْهَا غِنًى لاَ
يُحْصَى.12 فَتَمَتَّعْتُ بِهذِهِ كُلِّهَا، لأَنَّ الْحِكْمَةَ قَائِدَةٌ لَهَا، وَلَمْ
أَعْلَمْ أَنَّهَا أُمُّ جَمِيعِهَا. 13 تَعَلَّمْتُهَا بِغَيْرِ مَكْرٍ،
وَأُشْرِكُ فِيهَا بِغَيْرِ حَسَدٍ، وَغِنَاهَا لاَ أَسْتُرُهُ. 14 فَإِنَّهَا
كَنْزٌ لِلنَّاسِ لاَ يَنْقُصُ، وَالَّذِينَ اسْتَفَادُوا مِنْهُ أُشْرِكُوا
فِي مَحَبَّةِ اللهِ، لأَنَّ مَوَاهِبَ التَّأْدِيبِ قَرَّبَتْهُمْ إِلَيْهِ.
ع7: الفطنة: الحكمة و
الفهم.
إذ رأى سليمان الحكيم تساوى البشر في كل شيء، بحث
عن التميز الوحيد في حياة الإنسان، وهو علاقته بالله الذي هو الحكمة الحقيقية،
فتمناه من كل قلبه، وطلب إلى الله، ودعاه لينعم عليه بها، فهو لم يكتفِ باشتهاء
الحكمة، ولكنه صلى، وطلب من الله أن يُنعم عليه بها، فوهبها له، بل ميزه فيها
بأنه أكثر حكمة ممن قبله وأيضًا من بعده (1 مل3: 9-12). وهذا يبين أن سليمان رجل
صلاة، ويحب الله، فيطلب الحكمة وليس المال، أو شهوات العالم، فهو إنسان روحانى.
ع8، 9: الصوالجة: جمع
صولجان، وهو القضيب الذهبى الذي يمسكه الملك في يده دليل على ملكه وتسلطه.
أعدل بها: أعادلها وأساويها.
بإزائها: بالقياس بها أو بالمقارنة بها.
وقد شعر سليمان بأن الحكمة أفضل من كل شيء في
العالم، فهي أفضل من كل المراكز والرئاسات، ولا قيمة لصولجان الملك أمامها.
وشعر أيضًا أن الغنى وكل أموال العالم ومقتنياته
تافهة أمام الحكمة، ولا تستطيع أن تساويها أو تعادلها، وأحس أن الأحجار الكريمة
والذهب والفضة كأنها حبات الرمل والطين التي ندوسها بأرجلنا، فهذا يجعلنا نحتقر
كل هذه الماديات أمام عظمة الحكمة.
† إنك لم تستطع أن تشعر
بعظمة الحكمة، لأن قلبك ما زال مثقلًا بمحبة المال والكرامة. لقد طمست هذه
الماديات عينيك، فلم تعد ترى الله مصدر الحكمة والسعادة، وتعلقت بالكرامة
وشهوات العالم، ولأنك فاقد الحكمة لم تلاحظ الله الذي أعطاها لك، كما قال بولس
الرسول: ""وعبدوا المخلوق دون الخالق"" (رو1: 25).
ما أعظم البتوليين والنساك في البرارى وفى كل
أرجاء العالم؛ لأنهم عرفوا الحكمة الحقيقية، وداسوا كل أمجاد الماديات؛
ليرتفعوا إلى محبة الله، ويحيوا بالحكمة التي تدوم إلى الأبد.
ع10: ويعدد هنا بركات الحكمة، فهي ليست فقط
تدوس الغنى والمراكز، بل تعلو أيضًا على الصحة والقوة الجسدية، وتتسامى أيضًا
فوق الجمال الجسدي، لأن الصحة والجمال سيزولان، فهما مؤقتان، حيث يضعف الجسد
عند التقدم في السن، ويذبل الجمال، بتجاعيد الوجه، وترهل الجسد في الشيخوخة.
إن الحكمة يسطع نورها، فيصير كل نور بقياسها
ظلمة، إذ يخفت ويتلاشى، لأنه صغير بالقياس بعظمتها، ولأنه زائل ومتغير في هذه
الأرض، ينتهى بانتهاء حياة الإنسان المادية، أما الحكمة فتدوم إلى الأبد.
والظلمة ترمز للخطية، اما النور فيرمز للنقاوة
التي بها نعاين الله في الأرض، ثم في السماء، والخطية تزول بالتوبة، ويحل محلها
النور الإلهي، أي الحكمة التي تثبت في قلب الإنسان، وتدوم معه إلى الأبد في
الملكوت.
ع11، 12: وعلى الجانب الآخر، عندما يطلب
الإنسان الحكمة ليس فقط يتمتع بدوامها معه، ويتلذذ بعشرة الله، ولكنه أيضًا
ينال جميع البركات التي يتمناها، فهي مصدر كل الخيرات، بل تقودها في نظام؛
لتحقق له السعادة الكاملة، فهي تعطى الإنسان السلام والفرح والنشاط والحب
والعطاء.
ونلاحظ أن الله عندما رأى استقامة قلب سليمان،
وطلبه من الله الحكمة، أعطاه الله الغنى أكثر من كل من على الأرض في زمانه
(1 مل3: 13)، فالحكمة هي الأساس، والقائد في الطريق المستقيم، أما بالجهل فيضيع
الإنسان كل غناه.
ع13: لا أستره: لا
أخفيه.
يلزم لاقتناء الحكمة أن يكون الإنسان نقيًا،
واضحًا، صادقًا غير ملتو، أو خبيث، أو مكار، أو كذاب. فالمكر هو حكمة أرضية، أو
شريرة. أما الحكمة السماوية فتتميز بالنقاوة والبساطة (يع3: 15-17).
وتحتاج بجانب النقاوة إلى الحب المنفتح لكل أحد،
فتشتاق أن يمتلئ الكل بالحكمة، وتود أن تشرك كل البشر في التلذذ بعشرة الله،
ولا تحسد أحدًا إذا تفوق عليك في الحكمة والقداسة، بل تفرح له، وتقتدى به،
وتطلب صلواته.
وحينئذ يتحرك قلبك بروح الخدمة، فتعلن الحكمة لكل
أحد، ولا تخفى بركاتها لتجذب الكثيرين إليها من خلال سلوكك الروحي، وكلامك
بطريقة مباشرة وغير مباشرة عن الله، كما اهتم سليمان بإعلان الحكمة وتعليمها
لشعبه، فكتب 3000 مثلًا و1005 من الأناشيد (1 مل4: 32).
ع14: وثق يا أخى أن الحكمة كنز غير محدود؛
لأن الله غير محدود، فتظل تنمو في الحكمة، والتمتع بها ليس فقط في هذه الحياة،
بل أتصور أن النمو فيها سيظل في الأبدية بلا حدود.
وكلما سلكت بالحكمة اختبرت علاقة أعمق مع الله،
وتلذذت بعشرته، فتنال حكمة أكبر، إذ تحب كل الممارسات الروحية، وتفيض عليك
بالتالي أعماق جديدة في الحكمة تدخلك في عشرة أكبر مع الله، تفيض عليك بالتالى
بحكمة أوفر، وهكذا تتقدم من مجد إلى مجد.
ثم يعلن الحكيم وسيلة ضرورية لاقتناء الحكمة، وهي
قبول التأديب، أي التجارب والضيقات، وكل معاناة وجهاد نحتاجه في تنفيذ الوصية
وعبادة الله وخدمته، هذا التأديب ينشئ بالضرورة حكمة، ويفيض ببركاته على
الإنسان، بل يزينه بمواهب متعددة من الحكمة، مثل التمييز، والقدرة على تعليم
الآخرين، وقوة الإقناع، وحسن الإنصات، وتدبير الأمور، وقيادة الآخرين .... إلخ.
كل هذه المواهب يسميها ليست مواهب الحكمة، بل
مواهب التأديب، لأن الحكمة تقتنى بقبول التأديب، وهذه المواهب ليست فقط لخدمة
الآخرين، بل إن صاحبها يتمتع بها، إذ تقربه لله، فيشكر الله على عطاياه.
من الآيات السابقة من (ع7-14) نرى تميز الحكمة عن
كل شيء، فهي افضل من:
كل مركز وسلطان.
كل غنى العالم.
العافية والصحة الجسدية.
الجمال الجسدي.
كل أنوار العالم؛ لأنها دائمة إلى الأبد.
ويلزم للحصول على الحكمة ما يلي:
البساطة ورفض المكر.
محبة للجميع.
البعد عن الحسد.
تعليم الحكمة للآخرين وعدم إخفائها.
قبول التأديب.
† غريب الإنسان الذي يحرص على اقتناء
المقتنيات الثمينة التي تحتفظ بجمالها وقوتها أطول مدة ممكنة، ولكنه يتناسى أن
كل الماديات والكرامة والصحة وكل الأمور العالمية زائلة، ولا يطلب الشئ الوحيد
الباقى وهو الحكمة، أي الله.
←
وستجد
تفاسير أخرى
هنا في
(3)
الله مصدر المعرفة (ع15-21):
15 وَقَدْ وَهَبَنِي اللهُ أَنْ أُبْدِيَ عَمَّا
فِي نَفْسِي، وَأَنْ أُجْرِيَ فِي خَاطِرِي مَا يَلِيقُ بِمَوَاهِبِهِ؛
فَإِنَّهُ هُوَ الْمُرْشِدُ إِلَى الْحِكْمَةِ وَمُثَقِّفُ الْحُكَمَاءِ. 16 وَفِي يَدِهِ نَحْنُ، وَأَقْوَالُنَا وَالْفِطْنَةُ كُلُّهَا وَمَعْرِفَةُ
مَا يُصْنَعُ. 17 وَوَهَبَنِي عِلْمًا يَقِينًا بِالأَكْوَانِ، حَتَّى أَعْرِفَ
نِظَامَ الْعَالَمِ وَقُوَّاتِ الْعَنَاصِرِ، 18 وَمَبْدَأَ الأَزْمِنَةِ
وَمُنْتَهَاهَا وَمَا بَيْنَهُمَا، وَتَغَيُّرَ الأَحْوَالِ وَتَحَوُّلَ
الأَوْقَاتِ، 19 وَمَدَاوِرَ السِّنِينَ وَمَرَاكِزَ النُّجُومِ، 20 وَطَبَائِعَ
الْحَيَوَانِ وَأَخْلاَقَ الْوُحُوشِ وَعُصُوفَ الرِّيَاحِ وَخَوَاطِرَ
النَّاسِ وَتَبَايُنَ الأَنْبِتَةِ وَقُوَى الْعَقَاقِيرِ. 21 فَعَلِمْتُ
جَمِيعَ الْمَكْنُونَاتِ وَالظَّوَاهِرِ، لأَنَّ الْحِكْمَةَ مُهَنْدِسَةَ
كُلِّ شَيْءٍ، هِيَ عَلَّمَتْنِي.
ع15: أبدي عما في نفسى
: أعبر عما أفكر فيه.
أجرى في خاطرى: أفكر.
مُثقف: معلم ومعطى العلم والثقافة.
ويظهر هنا الحكيم سليمان أنه من مواهب الله عليه
في الحكمة أنه أعطاه القدرة على التعبير عما في داخله بهذه الأقوال الحكيمة
التي نقرأها في هذا السفر؛ لأن بعض الناس لهم حكمة وفهم، ولكن لا يستطيعوا
التعبير عنها بشكل سهل يفهمه الآخرون.
ويظهر هنا أن الحكمة في مجموعة مواهب وليست موهبة
واحدة، حركت أفكاره وخواطره الداخلية بنقاوة تليق بعظمة مواهب الحكمة.
وحيث أن الله هو معطى مواهب الحكمة لسليمان
والقدرة على التعبير عنها بكلام عظيم، وحيث أن أفكاره الداخلية استمرت طاهرة
تليق بهذه المواهب؛ فإنه يعلن أن الله هو مصدر الحكمة، وهو الذي أرشده إليها،
إذ طلبها قديمًا في بداية ملكه لحاجته إليها، وهو مرشد كل من يحتاج، ويطلب
الحكمة، بل هو المصدر الوحيد للحكمة، وأي حكمة أخرى يصطنعها البشر هي مزيفة.
وهو أيضًا الذي ينمى الحكماء في الحكمة، ويعطيهم ثقافات متزايدة فيها.
† إن كان الله هو المصدر الوحيد للحكمة،
والمرشد إليها، وإن كنت يا نفسي تتمرغين في الخطية، ويذلك إبليس؛ لأنك عديمة
الحكمة وبعيدة عنها، فأنت أكثر الناس احتياجًا لها؛ لتستعيدى طهارتك. قومى
إسرعى إلى إلهك، وهو بحنانه مستعد أن يغفر لك، ويرشدك للحكمة، بل ينميكِ في
معرفته، فتصيرى من الحكماء.
ع16: وبما أن الحكمة
تحرك البشر والكون كله، وحيث أن الله مصدر الحكمة الوحيد، وهو خالقنا، فحياتنا
كلها بيده، وهو ضابط الكل، فإذا أسلمنا حياتنا له، فهو يقودنا بحكمته ولا نسقط
في الخطية.
وهو ليس فقط يقود أفكارنا، بل أيضًا أقوالنا التي
نعبر بها عن الحكمة التي وهبها لنا الله في داخلنا، ويهبنا أن نتصرف بحكمة في
كل أعمالنا، وهكذا تصير حياتنا كلها في حكمته، ونتمتع بسلام في العالم، يمتد
بنا إلى الراحة الأبدية.
† ما أجمل الوجود في أحضانك يا إلهي للتمتع
بحكمتك، وحينئذ نسلك براحة وحرية في داخلنا، وكل أعمالنا؛ لأنك ساكن فينا
تحفظنا، وتظهر ذاتك لنا، فنعلنك من خلال أقوالنا وأعمالنا، ونجتذب البعيدين إلى
معرفتك وحكمتك.
ع17: الأكوان: جمع
كون، وهو مساحة كبيرة من الفضاء تشمل المجرات والنجوم والكواكب.
ثم يحدثنا الملك سليمان عن بركات الحكمة، فيعلن
أنها مصدر المعرفة، وأنه شخصيًا كمثال لمن أنعم عليهم الله بالحكمة فقد تعلم
بالتدقيق، وبالتأكيد ما يختص بالكون، وكل ما فيه من كواكب، فلم يكتفِ أن علم ما
يختص بكوكب الأرض التي نحيا عليها، بل علم أيضًا بالكواكب الأخرى داخل المجموعة
الشمسية الخاصة بالأرض، والمجموعات الشمسية الأخرى داخل المجرة المختصة بنا.
وأنه توجد ملايين المجرات التي تسبح في الكون، وعلم كثيرًا من المعلومات
المختصة في الفلك.
وعلم أيضًا بالحكمة الإلهية ليس فقط عن الكواكب
الضخمة العظيمة، بل فهم أيضًا ما يختص بالعناصر المكونة للمواد المختلفة، وما
يرتبط بعلم الذرة. فقد علم عن أكبر المخلوقات، أي الكواكب، ونظامها، أي دورانها
باتفاق بعضها مع البعض، وعلم كل مادة، والعناصر المكونة لها، أي كشفت له الحكمة
كل شيء.
ع18: وكشفت له أيضًا كل ما يختص بالأزمنة من
الأزلية إلى الأبدية، وتغير المناخ، أي الأحوال الجوية من مكان لمكان، وأيضًا
تحول المناخ على مدار السنة، وهو تغير الفصول من الشتاء إلى الربيع، ثم الصيف
والخريف، والتغير في الجو بين النهار والليل، وتغير الأحوال الجوية على مدار
السنين. إنه لا يمكن استيعاب كل هذا إلا بمعونة الحكمة الإلهية.
ع19: مداور: دوران
وتعاقب السنين.
وعلم أيضًا التغيرات التي تحدث في مسار النجوم
على مدار السنين، وعلاقة الأرض بالكواكب المختلفة، والجاذبية الأرضية، وتأثير
الكواكب على بعضها.
ع20: عصوف: هبوب.
تباين: اختلاف.
العقاقير: الأدوية.
ثم تكشف له الحكمة حقائق كثيرة عما يحدث على
أرضنا، فتعلمه الكثير في علم الحيوان من طباع، وعادات الحيوانات المستأنسة،
وطرق تربيتها، وكذا طباع الحيوانات المفترسة، وكيفية التعامل معها، إذ أن
الإنسان رأس الخليقة كلها، وقائدها، وكانت كلها خاضعة له قبل السقوط.
وتعلم سليمان أيضًا أنواع الرياح المختلفة التي
تهب على الأرض، ومصادرها، وما تحمله من حرارة، أو برودة، أو أتربة، وأسراب
الطيور، وتأثير كل ذلك على الأرض والإنسان.
والأكثر من هذا، أن الحكمة كشفت له أفكار الناس،
وما يخطر ببالهم قبل أن ينطقوا به، وبالتالي كيفية كسبهم، وقيادتهم، والتعامل
معهم، والمقصود به علم النفس.
ومن جهة أخرى، كشفت له الكثير والكثير في علم
النبات بأنواع النباتات المختلفة، وكيفية زراعتها، والاستفادة منها، وكل ما
يختص بصفاتها، وما يؤثر فيها.
ثم يكشف له أيضًا تأثير بعض المواد على الأخرى،
أى بعض المواد ذات التاثير القوى المسماة بالعقاقير، أي الأدوية، سواء المؤثرة
على الإنسان، أو الحيوان، أو النبات، وهي التي تدرس الآن في كليات الصيدلة.
ع21: مما سبق، فهم سليمان أن الحكمة هي إلى
تنظم، وتقود العالم كله، وشبهها بمهندس ينظم ويرتب كل شيء، فتعلم من الحكمة
أسرارًا بلا حصر.
† فيا من تطلب العلم
والمعرفة تعال إلى مصدر الحكمة؛ لينعم عليك بالمعرفة الحقيقية. إعرف الله
أولًا، فتستطيع أن تعرف كل شيء، وتفهم القصد من كل علم تقرأه في الكتب، فتستفيد
منه، وتتمتع به.
ولا تحزن يا قليل المعرفة؛ لأن الله هو واهب
الحكمة والمعرفة، وهو يستطيع أن يملأك بمعرفته أكثر من كل من حولك، كما أعطى
لأولاده القديسين.
(4)
صفات الحكمة (ع22-30):
22 فَإِنَّ فِيهَا الرُّوحَ الْفَهِمَ
الْقُدُّوسَ، الْمَوْلُودَ الْوَحِيدَ ذَا الْمَزَايَا الْكثِيرَةِ، اللَّطِيفَ
السَّرِيعَ الْحَرَكَةِ، الْفَصِيحَ الطَّاهِرَ النَّيِّرَ السَّلِيمَ
الْمُحِبَّ لِلْخَيْرِ، الْحَدِيدَ الْحُرَّ الْمُحْسِنَ، 23 الْمُحِبَّ
لِلْبَشَرِ، الثَّابِتَ الرَّاسِخَ الْمُطْمَئِنَّ الْقَدِيرَ الرَّقِيبَ،
الَّذِي يَنْفُذُ جَمِيعَ الأَرْوَاحِ الْفَهِمَةِ الطَّاهِرَةِ اللَّطِيفَةِ. 24 لأَنَّ الْحِكْمَةَ أَسْرَعُ حَرَكَةً مِنْ كُلِّ مُتَحَرِّكٍ؛ فَهِيَ
لِطَهَارَتِهَا تَلِجُ وَتَنْفُذُ فِي كُلِّ شَيْءٍ. 25 فَإِنَّهَا بُخَارُ
قُوَّةِ اللهِ، وَصُدُورُ مَجْدِ الْقَدِيرِ الْخَالِصُ؛ فَلِذلِكَ لاَ
يَشُوبُهَا شَيْءٌ نَجِسٌ، 26 لأَنَّهَا ضِيَاءُ النُّورِ الأَزَلِيِّ،
وَمِرْآةُ عَمَلِ اللهِ النَّقِيَّةُ، وَصُورَةُ جُودَتِهِ. 27 تَقْدِرُ عَلَى
كُلِّ شَيْءٍ، وَهِيَ وَاحِدَةٌ، وَتُجَدِّدُ كُلَّ شَيْءٍ وَهِيَ ثَابِتَةٌ
فِي ذَاتِهَا. وَفِي كُلِّ جِيلٍ تَحِلُّ فِي النُّفُوسِ الْقِدِّيسَةِ؛
فَتُنْشِئْ أَحِبَّاءَ للهِ وَأَنْبِيَاءَ، 28 لأَنَّ اللهَ لاَ يُحِبُّ
أَحَدًا؛ إِلاَّ مَنْ يُسَاكِنُ الْحِكْمَةَ. 29 إِنَّهَا أَبْهَى مِنَ
الشَّمْسِ، وَأَسْمَى مِنْ كُلِّ مَرْكَزٍ لِلنُّجُومِ، وَإِذَا قِيسَتْ
بِالنُّورِ تَقَدَّمَتْ عَلَيْهِ، 30 لأَنَّ النُّورَ يَعْقُبُهُ اللَّيْلُ،
أَمَّا الْحِكْمَةُ فَلاَ يَغْلِبُهَا الشَّرُّ.
ع22: يتكلم هنا عن
الحكمة ليس كمعلومات، أو قدرات بشرية، مثل الاستيعاب، أو الذكاء، ِأو القدرة
على التصرف في الأعمال المختلفة، بل يسمو بها، ويحدثنا عنها كأقنوم إلهى،
فيقول: أن فيها الروح القادر على فهم كل شيء.
ثم يظهر جليًا أنه يتكلم عن الله، عندما يصف روح
الحكمة بالقدوس، وليس قديس، أو مقدس، ولا يوصف بالقدوس إلا الله مصدر كل قداسة.
ثم يحدد كلامه أنه يتكلم عن أقنوم الابن الكلمة
المسيح إلهنا، عندما يصف هذا الروح، أو يصف الحكمة بالمولود، فهو ليس أقنوم
الآب؛ لأنه والد، ولا الروح القدس؛ لأنه منبثق . فالابن هو أقنوم الحكمة.
وهو أيضًا الوحيد، إذ يختلف عن كل أبناء الله؛
لأنهم أبناء بالتبنى، أما المسيح أقنوم الحكمة، فهو ابن في الجوهر، لذا يسمى
بالوحيد، أو الوحيد الجنس. ولأقنوم الابن فضائل كثيرة لا يمكن حصرها، إذ هو غير
محدود، ولكننا نتعرف على بعض صفاته، وهي:
1- ""اللطيف"":
فهو لطيف رغم قوة لاهوته، فيحنو على كل البشر
والمخلوقات، بل هو اللطيف، ومصدر كل لطف. وهذه الصفة تعطى طمأنينة للإنسان،
وتشجعه على محبة الله، وإقامة علاقة معه.
2- ""السريع الحركة"":
وهو في لطفه ليس رقيقًا في ضعف، بل قويًا وسريعًا
في نجدة أولاده، وإغاثة كل محتاج، مما يعضدنا في حياتنا مهما أحاطت بنا
الأخطار.
3- ""الفصيح"":
وهو ليس فقط يفهم، ويميز كل شيء، بل هو فصيح يعبر
عن حكمته بأفضل الأساليب التي تسبى قلب اللإنسان الذي يحب الحكمة، أي الله،
ولكن إن انشغل الإنسان بشهواته وكرامته تنطمس عيناه، فلا يرى، أو يسمع حكمة
الله.
4- ""الطاهر"":
والمسيح هو الطاهر، أي النقى في كل شيء، وقد نادى
الجموع قائلًا: ""من منكم يبكتنى على خطية"" (يو8: 46)، فلم يرد عليه أحد؛ لأنه
فيه كمال الطهارة والنقاوة؛ لذا فبذبيحة نفسه استطاع أن يحمل كل خطايا العالم،
ويقدم فداءً للبشرية على الصليب.
5- ""النير"":
وهو ممتلئ نورًا، بل ينير العالم كله بنوره. وقد
قال عن نفسه: ""أنا هو نور العالم"" (يو8: 12).
† فلماذا لا تستنيرى يا نفسي بضيائه، وتخلصى
من ظلمات الخطية التي تغطيكِ.
6- ""السليم"":
وهو أيضًا السليم، أي الحق المستقيم الذي بلا
عيب، أو خطأ، ومقياس للصلاح نقتدى به.
† ما أجمل أن تسأل نفسك يا أخى في كل موقف
وتقول: ماذا يفعل المسيح لو كان مكانى؟ وهكذا تتصرف.
7- ""المحب للخير""
ومن أعظم صفات الله أنه محب للخير، أي يعمل كل
عمل بناء مفيد لأولاده. ومحبة الله للخير تكشف لأولاده كل أعماله وأفكاره،
وتساعدهم على تمييز أفكار وأعمال إبليس الشريرة.
8- ""الحديد"":
ويصفه بأنه الحديد، أي المنيع، مثل معدن الحديد
القوى، فالله في قوته لا يمكن اختراقه، أو التغلب عليه، ففيه كمال القوة،
وبقوته الكاملة هو الحديد الذي يضع حدودًا لكل شيء في العالم، فهو ضابط الكل،
الذي يضع حدودًا للبحر فلا يطغى على الأرض، والكواكب تسير في مساراتها، وأيضًا
يضع لكل الكائنات حدًا، مهما تعاظمت.
† فلماذا تتكبر أيها الإنسان، وتتحدى الله
بخطاياك، وتظن أن قوتك منك وتنسى أنك أحد مخلوقاته الضعيفة؟!
9- ""الحر"":
وإذ هو أقوى من كل شيء، فلا يستطيع أحد أن يحده،
أو يقلل من قوته؛ لذا فهو حر، كامل في حريته، والمصدر الوحيد للعالم في الحرية،
ومن حبه في الإنسان ميزه عن باقي المخلوقات الحية والجامدة بالحرية، إذ هو صورة
الله ومثاله.
† ليتكِ يا نفسي تستخدمى حريتك بفطنة للالتصاق
بمصدر الحرية، أي الله، ولا تفقدى حريتك، وتعطيها للشهوات الدنسة والكبرياء،
فتسقطى في الضيق والتعب كل أيامك.
10- ""المحسن"":
والمسيح إلهنا الأقنوم الثاني، أقنوم الحكمة، ليس
فقط محبًا للخير، بل من صفاته الإحسان، أي العطاء، وليس الأخذ، لأنه كامل، وغير
محتاج لشئ فلماذا يأخذ؟!. فإن كنا على صورته ومثاله نكون مثله نميل للعطاء
وليس الأخذ، ونفهم ما قاله لنا: ""مغبوط هو العطاء أكثر من الأخذ"" (أع20: 35).
† إن كان حب الله كاملًا، ويفيض بإحسانه على
كل مخلوقاته التي خلقها بحبه، فهو يخص البشر أكثر من باقي المخلوقات، لأنهم
صورته ومثاله. وهو يقول بوضوح: ""لذاتى مع بنى آدم"" (أم8: 31). وهو يفرح أن
يتحقق قصده بأن يحيا الإنسان في صداقة معه إلى الأبد. هل لك يا أخى كل هذا الحب
وتهمله. الله يسعى نحوك ويطلبك أنت وحدك. فلماذا تتوانى؟
ع23: ثم يضيف صفات جديدة في الله (الحكمة)
وهي:
11- ""الثابت""
لأن كل شيء في العالم متغير، أما هو ""ليس عنده
تغيير ولا ظل دوران"" (يع1: 17)، وكما أعلن بولس الرسول ""يسوع المسيح هو هو
أمسًا واليوم وإلى الأبد"" (عب13: 8).
12- ""الراسخ""
وهو أيضًا راسخ، أي كامل الثبات والاستقرار، فمن
يستطيع أن يقلقه وفيه كمال القوة؟!
† فإذ لنا إله عظيم كهذا، وحكمته ثابتة، فكم
يكون تمسكنا بوصاياه التي لا تتغير، وتعطينا الاستقرار والثبات فيه.
13- ""المطمئن""
وحيث يتمتع الله بالثبات الكامل، فهو يستطيع أن
يعطينا طمأنينة كاملة، إذ نلتجئ إلى أحضانه نشعر بالراحة والسلام الكامل، وهو
بنفسه يقول عن استقرار أولاده الذين يلتجئون إليه، وعدم قدرة الشيطان أن يأخذهم
منه: ""ولا يخطفها أحد من يدى"" (الخراف) (يو10: 28). ولأن الله يرى الماضى
والحاضر والمستقبل، فلا يوجد أي شيء يؤذينا أو يخيفنا ونحن بين يديه.
14- ""القدير""
وهو ليس فقط يعطى طمأنينة لأولاده، بل هو قادر أن
يشبع كل احتياجاتهم، ويحل كل مشاكلهم، ويهزم أعداءهم الشياطين تحت أقدامهم.
† لماذا تخاف يا أخى وتقلق ومعك الإله القدير
الثابت، الذي يطمئن نفسك ويهبك السلام؟!
15- ""الرقيب""
وهو في ثباته وقوته ومحبته أيضًا رقيب على كل شيء،
فهو فاحص القلوب والكلى، ويراقب كل أعمالك وأقوالك، بل وأيضًا أفكارك، فكيف لا
تخافه في كل خطواتك؟ كيف تفعل الخطية أمام عينيه؟
16- ""الذى ينفذ جميع الأرواح الفهمة الطاهرة
اللطيفة""
وهو ليس رقيبًا لكي يعاقب الناس، بل ليعتنى بهم
ويشبعهم بحبه. وإذ هو مالئ لكل مكان ينفذ، ويتخلل كل أولاده المطيعين له، وهم
ذوو الأرواح الخاضعة له، المملوءة حكمة وفهم، وتحيا في نقاوة من كل شهوة شريرة،
وتتمتع بلطف ورقة، وتسبح بالتالى بسهولة في محبة الله وتتناغم معه، أي أن
الأرواح التي تتشبه به يملأها بمحبته وكل بركاته.
هذا هو المسيح إلهنا، أقنوم الحكمة الكامل في كل
شئ، مصدر كل البركات لجميع المخلوقات.
ع24: تلج: تدخل
وتخترق.
إن الخطية هي إلى تثقل الروح، فتقلل حركتها
وسرعتها في تعمق معرفة الله، كمثل طائر يربط في أجنحته أثقال تقلل وتمنع
طيرانه، أما الحكمة - التي هي الله - فطهارتها كاملة، وبالتالي سرعتها كاملة،
وقادرة أن تنفذ وتتخلل كل شئ؛ لتصل إلى أعماق الكل، كما يعلن الكتاب المقدس
عنها: ""لأن كلمة الله حية وفعالة، وأمضى من كل سيف ذى حدين، وخارقة إلى مفرق
النفس والروح"" (عب4: 12)، وبالتالي كل من يمتلئ بها من البشر، تصير له هذه
الصفة العظيمة، فيستطيع أن يفهم، ويشعر بالله، ويتجاوب معه، ويسهل عليه أن يشعر
بكل من حوله، ويخترق كل أعماق النفوس المحيطة به، فيعلن لنا الله بوضوح:
""الروح يفحص كل شيء حتى أعماق الله"" (1 كو2: 10).
† هذه رسالة واضحة لكل مربى وخادم، إن كنت تود
أن تشعر وترعى وتخدم غيرك، فلا سبيل إلى ذلك إلا الالتصاق بالحكمة الإلهية. إن
كل ذكائك وحكمتك لن تفيدك شيئًا؛ لأنك مثقل بخطايا العالم. تب أولًا، والتصق
بالله تستطيع حينئذ أن تشعر بمن حولك.
ع25: صدور: ظهور
وانبعاث.
يشوبها: يلتصق بها.
يشبه الحكمة بالبخار، وهو يبدو خفيفًا يتصاعد في
الهواء ولكن له قوة جبارة، فبه تحركت الماكينات، إذ بضغط البخار سارت القطارات
والمركبات المختلفة قديمًا، ومازالت حتى الآن هذه القوة الجبارة يمكن استخدامها
في مجالات مختلفة.
والبخار أيضًا ذو منظر جميل يملأ الهواء، فهو
يرمز إلى مجد الحكمة، الذي يملأ الكون حوله، ويستفيد منه الآخرون، فهي تصدر من
الله، وتعم على العالم كله.
كذلك البخار، هو الماء النقى المتصاعد كغاز في
الهواء بعد أن تخلص من كل الشوائب التي تظل في الإناء الموضوع على النار،
وبالنار والحرارة يتصاعد البخار، ويرتفع بمجد عظيم، كما تظهر الحكمة من خلال
احتمال الضيقات، فيفيض الله على أولاده من الحكمة، عندما يتخلصوا من تعلقاتهم
المادية، وخطاياهم الكثيرة بمعاناة الجهاد الروحي، وحينئذ ترتفع حكمتهم بمجد
عظيم، كالبخار الأبيض الجميل.
والبخار الأبيض الجميل يرمز لصعود المسيح، الذي
عاش على الأرض، وارتفع للسماء دون أن يلتصق به أي شيء من شوائب الخطية المنتشرة
بين البشر، فهو نقى تمامًا، ويظل نقيًا إلى الأبد.
ع26: إن الحكمة التي تتمتع بها هي من حكمة
الله الأزلية الغير محدودة، فالله النور الأزلي يعطينا قليلًا من نوره في ضياء
عجيب، الذي هو الحكمة.
والمسيح أقنوم الحكمة هو ضياء النور الأزلي،
فبتجسده أعلن لنا وأخبرنا عن الآب، الذي هو النور الأزلي.
والحكمة أيضًا هي صورة لإحسان الله، وجوده على
الإنسان؛ إنها الرحمة الإلهية التي تفيض على البشر، ونرى فيها شيئًا من صفات
الله الغير محدودة.
وقد عبر بولس الرسول عن هذه الآية بقوله عن
المسيح أقنوم الحكمة: ""هو بهاء مجده ورسم جوهره"" (عب1: 3).
† إن كانت الحكمة بكل هذا المجد، وهي الإعلان
الإلهي للبشر، فلماذا نتوانى في طلبها؟ إننا لم نرَ الله إلا من خلال تجسد
الإبن الكلمة؛ الحكمة الأزلية، ""الله لم يره أحد قط، الابن الوحيد الذي هو في
حضن الآب هو خبر"" (يو1: 18). فالحكمة ترفعنا فوق العالم، وتعطينا عربون
الأبدية، وتشركنا في علاقة حب عميقة مع الله، فنصير بالحقيقة بنينًا له.
ع27: والحكمة كاملة القوة والقدرة، لا يعسر
عليها أمر، وهي واحدة، إذ هي الله الواحد ضابط الكل الخالق للعالم كله، ومدبره،
وكل شيء خاضع له. وإذ يخطئ البشر، ويتوبون تقبلهم بحنان، وتغفر خطاياهم وتجددهم،
فتعيد لهم طبيعتهم الأولى النقية التي خلقتهم عليها. كما تجدد حياة النباتات من
خلال البراعم التي تصير فروعًا كبيرة، تجدد حياة الأشجار والبذور التي تدفن في
الأرض، فتصير نباتات، وكما يتجدد جمال بعض الحيوانات كالديدان التي ينسلخ
جلدها، وكالطيور التي تجدد ريشها. إنها تنعم على كل الخليقة بالبهاء والمجد
الذي تفقده بسبب ضعفها. ولكن الحكمة تظل ثابتة بلا تغيير، ولا تجديد؛ لأنها
كاملة، ولأنها كاملة فهي قادرة على تجديد غيرها.
ويعقوب الرسول يعلن ثبات كلمة الله، الذي هو
الحكمة، فيقول: ""ليس عنده تغيير ولا ظل دوران"" (يع1: 17).
إن الله مستعد أن يفيض بحكمته على كل من يقبل
إليه، ويكرس، أي يقدس قلبه له، فيملأ الله وحده القلب، ويملك عليه ""تحب الرب
إلهك من كل قلبك ومن كل نفسك ومن كل قدرتك ومن كل فكرك"" (لو10: 27). وإذ تدخل
الحكمة إلى القلب تربطه بالله، فيزداد اشتياقًا له، وحبًا فيه، فيفيض عليه الله
بحكمة أكبر، تدخله إلى أعماق جديدة في محبة الله، بل تنعم عليه بمواهب لخدمة
الآخرين، مثل النبوة التي هي تعليم الآخرين وإخبارهم بمحبة المسيح، أي أن
الحكمة تنشئ أحباء لله وأنبياء.
ع28: الله يحب من يثبت في الحكمة (يساكن
الحكمة)، ولا يحب من يرفض الحكمة، ويتعلق بشهوات العالم ""لأن محبة العالم عداوة
لله"" (يع4: 4).
† لا تفتح قلبك للحكمة، ثم تعود وتغلقه، وإلا
فستفقد محبة الله، بل لتستقر الحكمة فيك، وتسكن داخلك، فتضمن استقرار محبة الله
لك، وحياتك الأبدية.
ع29، 30: إن الحكمة أعظم من كل شيء في العالم،
فإن كانت الشمس هي أعظم نور يشع على الأرض بضيائها القوى، فالحكمة في ضيائها
أبهى من الشمس. وإن كانت النجوم ترتفع في علو السماء، فلا يرى الإنسان أسمى
منها، لكن الحكمة ترتفع فوق هذه النجوم؛ لأنها هي الخالقة لكل هذه الكائنات،
وإن كان النور ضروريًا في حياة الإنسان، وهو أول شيء خلقه الله في العالم، فإن
الحكمة أعظم منه، إذ أن نور النهار يعقبه ظلام الليل، أما الحكمة فلأنها الله،
وصادرة منه، فلا تغلبها قوى الشر، أي الظلمة، بل هي التي تخلص الأشرار من شرهم
إن تابوا، وتحمى الأبرار من كل الشرور.
† إن كنت يا أخى تخاف من حروب الشياطين، فتحصن
بالحكمة التي ترفعك فوق كل خطية، وتحميك من شهوات العالم، لأنها تشغلك وتملأك
بالحب الإلهي، وحينئذ تسقط كل قوة إبليس عند قدميك.
← تفاسير أصحاحات
حكمة:
مقدمة |
1 |
2 |
3 |
4 |
5 |
6 |
7 |
8 |
9 |
10 |
11 |
12 |
13 |
14 |
15 |
16 |
17 |
18 |
19
تفاسير أسفار الكتاب المقدس
1- تفاسير سفر التكوين
2- تفاسير سفر الخروج
3- تفاسير سفر اللاويين
4- تفاسير سفر العدد
5- تفاسير سفر التثنية
6- تفاسير سفر يشوع
7- تفاسير سفر القضاة
8- تفاسير سفر راعوث
9- تفاسير سفر صموئيل الأول
10- تفاسير سفر صموئيل الثاني
11- تفاسير سفر الملوك الأول
12- تفاسير سفر الملوك الثاني
13- تفاسير سفر أخبار الأيام الأول
14- تفاسير سفر أخبار الأيام الثاني
15- تفاسير سفر عزرا
16- تفاسير سفر نحميا
17- تفاسير سفر طوبيا
18- تفاسير سفر يهوديت
19- تفاسير سفر أستير + التتمة
20- تفاسير سفر أيوب
21- تفاسير سفر المزامير + مز 151
22- تفاسير سفر الأمثال
23- تفاسير سفر الجامعة
24- تفاسير سفر نشيد الأناشيد
25- تفاسير سفر الحكمة
26- تفاسير سفر يشوع بن سيراخ
27- تفاسير سفر إشعياء
28- تفاسير سفر إرميا
29- تفاسير سفر مراثي إرميا
30- تفاسير سفر نبوه باروخ
31- تفاسير سفر حزقيال
32- تفاسير سفر دانيال + التتمة
33- تفاسير سفر هوشع
34- تفاسير سفر يوئيل
35- تفاسير سفر عاموس
36- تفاسير سفر عوبديا
37- تفاسير سفر يونان
38- تفاسير سفر ميخا
39- تفاسير سفر ناحوم
40- تفاسير سفر حبقوق
41- تفاسير سفر صفنيا
42- تفاسير سفر حجي
43- تفاسير سفر زكريا
44- تفاسير سفر ملاخي
45- تفاسير سفر المكابيين الأول
46- تفاسير سفر المكابيين الثاني
1- تفاسير إنجيل متى
2- تفاسير إنجيل مرقس
3- تفاسير إنجيل لوقا
4- تفاسير إنجيل يوحنا
5- تفاسير سفر أعمال الرسل
6- تفاسير الرسالة إلى رومية
7- تفاسير رسالة كورنثوس الاولى
8- تفاسير كورنثوس الثانية
9- تفاسير الرسالة إلى أهل غلاطية
10- تفاسير الرسالة إلى أفسس
11- تفاسير الرسالة إلى فيلبي
12- تفاسير الرسالة إلى كولوسي
13- تفاسير تسالونيكي الأولى
14- تفاسير تسالونيكي الثانية
15- تفاسير رسالة تيموثاوس الأولى
16- تفاسير تيموثاوس الثانية
17- تفاسير الرسالة إلى تيطس
18- تفاسير الرسالة إلى فيلمون
19- تفاسير رسالة العبرانيين
20- تفاسير رسالة يعقوب
21- تفاسير رسالة بطرس الأولى
22- تفاسير رسالة بطرس الثانية
23- تفاسير رسالة يوحنا الأولى
24- تفاسير رسالة يوحنا الثانية
25- تفاسير رسالة يوحنا الثالثة
26- تفاسير رسالة يهوذا
27- تفاسير سفر الرؤيا"
حكمة سليمان,7,1,"(7:1): مُشاكل:
مشابه، أو مثل.
يعلن سليمان الحكيم لنا حقيقة هامة، وهي أن كل
البشر، أغنياء وفقراء، عظماء ومحتقرين، الكل يشترك في ميلاد واحد وموت واحد. كل
بنى آدم ولدوا من بطون أمهاتهم، ولابد أن تنتهي حياتهم على الأرض بالموت، وليس
لأحد تميز عن الآخر في منشأه، أو نهايته ولكن يبقى شيء واحد، هو ما حدث له أثناء
حياته القصيرة على الأرض، وسنرى أن التميز الوحيد هو مقدار تمتعه بالحكمة،
وارتباطه بالمسيح أقنوم الحكمة، فينقله إليه في السماء؛ ليدوم معه إلى الأبد،
على قدر ما تمتع بسلوكه في الحكمة على الأرض.
يُفهم من هذا، أن تميز سليمان في الحكمة عن كل
البشر لم يكن بسبب محاباة الله له، أو نشأته الغريبة، بل هو إنسان عادى، ابن
لآدم، صورة الله في بطن أمه كجنين، وأعطاه الحياة، كباقى البشر، وهذا يعطى رجاء
لكل الناس، مهما كان منشأهم ضعيف، أو حقير، لأن الله يعمل في الكل، ويرفعهم،
كما رفع داود من وسط الغنم، وجعله ملكًا على شعبه.
† إن كان الأمر هكذا يا أخي، فقد أصبح الهدف
واضحًا، وهو الالتصاق بالله، وبالتالي يتصاغر، بل ينتهى كل تفاخر بالحسب
والنسب، أي كل ما يختص بمنشأ الإنسان، وتتلاشى أيضا كل عظمة مادية على الأرض؛
لأنها تنتهي بالفناء بموت بالإنسان.
ع2:"
حكمة سليمان,7,2,"(7:2): ثم يحدثنا عن تكوين كل إنسان كجنين في
بطن أمه، من علاقة بين رجل وامرأة بدافع الغريزة الطبيعية في الزواج، وتكوين
الخلية الأولى داخل جسم المرأة، ونمو الجنين في الرحم متغذيًا من دم الأم؛ حتى
يتكامل بعد 9 أشهر شمسية، أي حوالي 10 أشهر قمرية (فالشهر القمرى 28 يومًا أما
الشهر الشمسى 30، أو 31 يومًا)؛ لأن مدة الحمل 40 أسبوعًا، أي 280 يومًا وهي
عشرة أشهر قمرية (28 × 10 = 280). وكان العبرانيون يستخدمون السنة القمرية.
† إن كانت بدايتك يا أخى مجرد خلية واحدة
ضعيفة، فلماذا تتعاظم على غيرك؟ ولماذا تظلم، أو تحتقر غيرك؟ إنه تكون مثلك في
نفس الظروف، ليس لك فضل إلا بنعمة الله المجانية الموهوبة لك، إن كنت تطلبها،
وهي الحكمة الحقيقية.
ع3:"
حكمة سليمان,7,3,"(7:3): انتشيت: استنشقت الهواء وتنفسته.
استهللت: بدأت.
على حد: مثل.
ويواصل حديثه، فيعلن اشتراك كل البشر، ليس فقط في
ظروف تكوين الجنين داخل البطن، بل أيضًا بعد الولادة، إذ يتنفس الجميع هواءً
واحدًا، ويسقطون على أرض واحدة، التي نحن كائنون عليها، وأول إعلان وتخاطب مع
العالم الجديد يكون هو البكاء.
† إن استطعت أن ترى الله المختفى وراء
مخلوقاته، فقد بلغت الحكمة؛ لأن الله واضع الغريزة في جسد الإنسان، وصانع كل
أجهزة جسمه، التي تنمى الجنين، وبعد ما يحتضنه الله في رحم أمه، يحوطه بهوائه،
عندما يخرج إلى العالم، ويستقر على أرضه، وحينئذ يبكى الإنسان، معلنًا ضعفه
أمام الخالق العظيم، واحتياجه للتطهير والرعاية والحب، حتى ينمو أمام الله.
ع4:"
حكمة سليمان,7,4,"(7:4): القمط: الأقمطة، أي الأقمشة التي
يلف بها الطفل حديث الولادة، بعد ولادته.
ولضعف المولود الجديد يلفونه بأقمشة لينة، أي
الأقمطة؛ ليحفظونه من كل ضرر؛ حتى ينمو جسده على مر الأيام والسنين، ويشتد
عوده، ويستطيع أن يواجه الحياة.
ع5، 6: سواء: واحد.
يُفهم مما سبق أن كل العظماء، بما فيهم الملوك،
مولدهم ونشأتهم مثل باقي البشر، كما ذكرت الآيات السابقة، وكل البشر يدخلون إلى
الحياة بهذا الميلاد السابق ذكره، ويخرجون من الحياة، أي يموتون كلهم متشابهين،
فهم لا يملكون شيئًا عند ميلادهم، وأيضًا عند موتهم لا يخرجون بشئ.
† إنك يا أخى في ضعفك
محتاج لحنان الله، الذي يعتنى بك قبل أن تعرفه، لعلك عندما تكبر وتعى عنايته
الجزيلة بك، يرتفع قلبك بالشكر والتسبيح له، فيشعر كل عظيم - حتى لو كان فوق
الكل كملك - أنه مثل سائر البشر في دخوله إلى العالم، وخروجه منه، حينئذ يحترم
كل إنسان، ويقدره، مهما كان وضيعًا أمامه. إبحث عن شيء آخر يميزك غير كل هذه
الماديات والأفكار التي انشغلت بها .. إبحث عن الحكمة ... إبحث عن الله.
(2)
أهمية الحكمة (ع7-14):
7 حِينَئِذٍ تَمَنَّيْتُ؛ فَأُوتِيتُ الْفِطْنَةَ،
وَدَعَوْتُ فَحَلَّ عَلَيَّ رُوحُ الْحِكْمَةِ. 8 فَفَضَّلْتُهَا عَلَى
الصَّوَالِجَةِ وَالْعُرُوشِ، وَلَمْ أَحْسَبِ الْغِنَى شَيْئًا بِالْقِيَاسِ
إِلَيْهَا، 9 وَلَمْ أَعْدِلْ بِهَا الْحَجَرَ الْكَرِيمَ، لأَنَّ جَمِيعَ
الذَّهَبِ بِإِزَائِهَا قَلِيلٌ مِنَ الرَّمْلِ، وَالْفِضَّةَ عِنْدَهَا
تُحْسَبُ طِينًا. 10 وَأَحْبَبْتُهَا فَوْقَ الْعَافِيَةِ وَالْجَمَالِ،
وَاتَّخَذْتُهَا لِي نُورًا، لأَنَّ ضَوْءَهَا لاَ يَغْرُبُ، 11 فَأُوتِيتُ
مَعَهَا كُلَّ صِنْفٍ مِنَ الْخَيْرِ، وَنِلْتُ مِنْ يَدَيْهَا غِنًى لاَ
يُحْصَى.12 فَتَمَتَّعْتُ بِهذِهِ كُلِّهَا، لأَنَّ الْحِكْمَةَ قَائِدَةٌ لَهَا، وَلَمْ
أَعْلَمْ أَنَّهَا أُمُّ جَمِيعِهَا. 13 تَعَلَّمْتُهَا بِغَيْرِ مَكْرٍ،
وَأُشْرِكُ فِيهَا بِغَيْرِ حَسَدٍ، وَغِنَاهَا لاَ أَسْتُرُهُ. 14 فَإِنَّهَا
كَنْزٌ لِلنَّاسِ لاَ يَنْقُصُ، وَالَّذِينَ اسْتَفَادُوا مِنْهُ أُشْرِكُوا
فِي مَحَبَّةِ اللهِ، لأَنَّ مَوَاهِبَ التَّأْدِيبِ قَرَّبَتْهُمْ إِلَيْهِ.
ع7:"
حكمة سليمان,7,7,"(7:7): الفطنة: الحكمة و
الفهم.
إذ رأى سليمان الحكيم تساوى البشر في كل شيء، بحث
عن التميز الوحيد في حياة الإنسان، وهو علاقته بالله الذي هو الحكمة الحقيقية،
فتمناه من كل قلبه، وطلب إلى الله، ودعاه لينعم عليه بها، فهو لم يكتفِ باشتهاء
الحكمة، ولكنه صلى، وطلب من الله أن يُنعم عليه بها، فوهبها له، بل ميزه فيها
بأنه أكثر حكمة ممن قبله وأيضًا من بعده (1 مل3: 9-12). وهذا يبين أن سليمان رجل
صلاة، ويحب الله، فيطلب الحكمة وليس المال، أو شهوات العالم، فهو إنسان روحانى.
ع8، 9: الصوالجة: جمع
صولجان، وهو القضيب الذهبى الذي يمسكه الملك في يده دليل على ملكه وتسلطه.
أعدل بها: أعادلها وأساويها.
بإزائها: بالقياس بها أو بالمقارنة بها.
وقد شعر سليمان بأن الحكمة أفضل من كل شيء في
العالم، فهي أفضل من كل المراكز والرئاسات، ولا قيمة لصولجان الملك أمامها.
وشعر أيضًا أن الغنى وكل أموال العالم ومقتنياته
تافهة أمام الحكمة، ولا تستطيع أن تساويها أو تعادلها، وأحس أن الأحجار الكريمة
والذهب والفضة كأنها حبات الرمل والطين التي ندوسها بأرجلنا، فهذا يجعلنا نحتقر
كل هذه الماديات أمام عظمة الحكمة.
† إنك لم تستطع أن تشعر
بعظمة الحكمة، لأن قلبك ما زال مثقلًا بمحبة المال والكرامة. لقد طمست هذه
الماديات عينيك، فلم تعد ترى الله مصدر الحكمة والسعادة، وتعلقت بالكرامة
وشهوات العالم، ولأنك فاقد الحكمة لم تلاحظ الله الذي أعطاها لك، كما قال بولس
الرسول: ""وعبدوا المخلوق دون الخالق"" (رو1: 25).
ما أعظم البتوليين والنساك في البرارى وفى كل
أرجاء العالم؛ لأنهم عرفوا الحكمة الحقيقية، وداسوا كل أمجاد الماديات؛
ليرتفعوا إلى محبة الله، ويحيوا بالحكمة التي تدوم إلى الأبد.
ع10:"
حكمة سليمان,7,10,"(7:10): ويعدد هنا بركات الحكمة، فهي ليست فقط
تدوس الغنى والمراكز، بل تعلو أيضًا على الصحة والقوة الجسدية، وتتسامى أيضًا
فوق الجمال الجسدي، لأن الصحة والجمال سيزولان، فهما مؤقتان، حيث يضعف الجسد
عند التقدم في السن، ويذبل الجمال، بتجاعيد الوجه، وترهل الجسد في الشيخوخة.
إن الحكمة يسطع نورها، فيصير كل نور بقياسها
ظلمة، إذ يخفت ويتلاشى، لأنه صغير بالقياس بعظمتها، ولأنه زائل ومتغير في هذه
الأرض، ينتهى بانتهاء حياة الإنسان المادية، أما الحكمة فتدوم إلى الأبد.
والظلمة ترمز للخطية، اما النور فيرمز للنقاوة
التي بها نعاين الله في الأرض، ثم في السماء، والخطية تزول بالتوبة، ويحل محلها
النور الإلهي، أي الحكمة التي تثبت في قلب الإنسان، وتدوم معه إلى الأبد في
الملكوت.
ع11، 12: وعلى الجانب الآخر، عندما يطلب
الإنسان الحكمة ليس فقط يتمتع بدوامها معه، ويتلذذ بعشرة الله، ولكنه أيضًا
ينال جميع البركات التي يتمناها، فهي مصدر كل الخيرات، بل تقودها في نظام؛
لتحقق له السعادة الكاملة، فهي تعطى الإنسان السلام والفرح والنشاط والحب
والعطاء.
ونلاحظ أن الله عندما رأى استقامة قلب سليمان،
وطلبه من الله الحكمة، أعطاه الله الغنى أكثر من كل من على الأرض في زمانه
(1 مل3: 13)، فالحكمة هي الأساس، والقائد في الطريق المستقيم، أما بالجهل فيضيع
الإنسان كل غناه.
ع13:"
حكمة سليمان,7,13,"(7:13): لا أستره: لا
أخفيه.
يلزم لاقتناء الحكمة أن يكون الإنسان نقيًا،
واضحًا، صادقًا غير ملتو، أو خبيث، أو مكار، أو كذاب. فالمكر هو حكمة أرضية، أو
شريرة. أما الحكمة السماوية فتتميز بالنقاوة والبساطة (يع3: 15-17).
وتحتاج بجانب النقاوة إلى الحب المنفتح لكل أحد،
فتشتاق أن يمتلئ الكل بالحكمة، وتود أن تشرك كل البشر في التلذذ بعشرة الله،
ولا تحسد أحدًا إذا تفوق عليك في الحكمة والقداسة، بل تفرح له، وتقتدى به،
وتطلب صلواته.
وحينئذ يتحرك قلبك بروح الخدمة، فتعلن الحكمة لكل
أحد، ولا تخفى بركاتها لتجذب الكثيرين إليها من خلال سلوكك الروحي، وكلامك
بطريقة مباشرة وغير مباشرة عن الله، كما اهتم سليمان بإعلان الحكمة وتعليمها
لشعبه، فكتب 3000 مثلًا و1005 من الأناشيد (1 مل4: 32).
ع14:"
حكمة سليمان,7,14,"(7:14): وثق يا أخى أن الحكمة كنز غير محدود؛
لأن الله غير محدود، فتظل تنمو في الحكمة، والتمتع بها ليس فقط في هذه الحياة،
بل أتصور أن النمو فيها سيظل في الأبدية بلا حدود.
وكلما سلكت بالحكمة اختبرت علاقة أعمق مع الله،
وتلذذت بعشرته، فتنال حكمة أكبر، إذ تحب كل الممارسات الروحية، وتفيض عليك
بالتالي أعماق جديدة في الحكمة تدخلك في عشرة أكبر مع الله، تفيض عليك بالتالى
بحكمة أوفر، وهكذا تتقدم من مجد إلى مجد.
ثم يعلن الحكيم وسيلة ضرورية لاقتناء الحكمة، وهي
قبول التأديب، أي التجارب والضيقات، وكل معاناة وجهاد نحتاجه في تنفيذ الوصية
وعبادة الله وخدمته، هذا التأديب ينشئ بالضرورة حكمة، ويفيض ببركاته على
الإنسان، بل يزينه بمواهب متعددة من الحكمة، مثل التمييز، والقدرة على تعليم
الآخرين، وقوة الإقناع، وحسن الإنصات، وتدبير الأمور، وقيادة الآخرين .... إلخ.
كل هذه المواهب يسميها ليست مواهب الحكمة، بل
مواهب التأديب، لأن الحكمة تقتنى بقبول التأديب، وهذه المواهب ليست فقط لخدمة
الآخرين، بل إن صاحبها يتمتع بها، إذ تقربه لله، فيشكر الله على عطاياه.
من الآيات السابقة من (ع7-14) نرى تميز الحكمة عن
كل شيء، فهي افضل من:
كل مركز وسلطان.
كل غنى العالم.
العافية والصحة الجسدية.
الجمال الجسدي.
كل أنوار العالم؛ لأنها دائمة إلى الأبد.
ويلزم للحصول على الحكمة ما يلي:
البساطة ورفض المكر.
محبة للجميع.
البعد عن الحسد.
تعليم الحكمة للآخرين وعدم إخفائها.
قبول التأديب.
† غريب الإنسان الذي يحرص على اقتناء
المقتنيات الثمينة التي تحتفظ بجمالها وقوتها أطول مدة ممكنة، ولكنه يتناسى أن
كل الماديات والكرامة والصحة وكل الأمور العالمية زائلة، ولا يطلب الشئ الوحيد
الباقى وهو الحكمة، أي الله.
←
وستجد
تفاسير أخرى
هنا في
(3)
الله مصدر المعرفة (ع15-21):
15 وَقَدْ وَهَبَنِي اللهُ أَنْ أُبْدِيَ عَمَّا
فِي نَفْسِي، وَأَنْ أُجْرِيَ فِي خَاطِرِي مَا يَلِيقُ بِمَوَاهِبِهِ؛
فَإِنَّهُ هُوَ الْمُرْشِدُ إِلَى الْحِكْمَةِ وَمُثَقِّفُ الْحُكَمَاءِ. 16 وَفِي يَدِهِ نَحْنُ، وَأَقْوَالُنَا وَالْفِطْنَةُ كُلُّهَا وَمَعْرِفَةُ
مَا يُصْنَعُ. 17 وَوَهَبَنِي عِلْمًا يَقِينًا بِالأَكْوَانِ، حَتَّى أَعْرِفَ
نِظَامَ الْعَالَمِ وَقُوَّاتِ الْعَنَاصِرِ، 18 وَمَبْدَأَ الأَزْمِنَةِ
وَمُنْتَهَاهَا وَمَا بَيْنَهُمَا، وَتَغَيُّرَ الأَحْوَالِ وَتَحَوُّلَ
الأَوْقَاتِ، 19 وَمَدَاوِرَ السِّنِينَ وَمَرَاكِزَ النُّجُومِ، 20 وَطَبَائِعَ
الْحَيَوَانِ وَأَخْلاَقَ الْوُحُوشِ وَعُصُوفَ الرِّيَاحِ وَخَوَاطِرَ
النَّاسِ وَتَبَايُنَ الأَنْبِتَةِ وَقُوَى الْعَقَاقِيرِ. 21 فَعَلِمْتُ
جَمِيعَ الْمَكْنُونَاتِ وَالظَّوَاهِرِ، لأَنَّ الْحِكْمَةَ مُهَنْدِسَةَ
كُلِّ شَيْءٍ، هِيَ عَلَّمَتْنِي.
ع15:"
حكمة سليمان,7,15,"(7:15): أبدي عما في نفسى
: أعبر عما أفكر فيه.
أجرى في خاطرى: أفكر.
مُثقف: معلم ومعطى العلم والثقافة.
ويظهر هنا الحكيم سليمان أنه من مواهب الله عليه
في الحكمة أنه أعطاه القدرة على التعبير عما في داخله بهذه الأقوال الحكيمة
التي نقرأها في هذا السفر؛ لأن بعض الناس لهم حكمة وفهم، ولكن لا يستطيعوا
التعبير عنها بشكل سهل يفهمه الآخرون.
ويظهر هنا أن الحكمة في مجموعة مواهب وليست موهبة
واحدة، حركت أفكاره وخواطره الداخلية بنقاوة تليق بعظمة مواهب الحكمة.
وحيث أن الله هو معطى مواهب الحكمة لسليمان
والقدرة على التعبير عنها بكلام عظيم، وحيث أن أفكاره الداخلية استمرت طاهرة
تليق بهذه المواهب؛ فإنه يعلن أن الله هو مصدر الحكمة، وهو الذي أرشده إليها،
إذ طلبها قديمًا في بداية ملكه لحاجته إليها، وهو مرشد كل من يحتاج، ويطلب
الحكمة، بل هو المصدر الوحيد للحكمة، وأي حكمة أخرى يصطنعها البشر هي مزيفة.
وهو أيضًا الذي ينمى الحكماء في الحكمة، ويعطيهم ثقافات متزايدة فيها.
† إن كان الله هو المصدر الوحيد للحكمة،
والمرشد إليها، وإن كنت يا نفسي تتمرغين في الخطية، ويذلك إبليس؛ لأنك عديمة
الحكمة وبعيدة عنها، فأنت أكثر الناس احتياجًا لها؛ لتستعيدى طهارتك. قومى
إسرعى إلى إلهك، وهو بحنانه مستعد أن يغفر لك، ويرشدك للحكمة، بل ينميكِ في
معرفته، فتصيرى من الحكماء.
ع16:"
حكمة سليمان,7,16,"(7:16): وبما أن الحكمة
تحرك البشر والكون كله، وحيث أن الله مصدر الحكمة الوحيد، وهو خالقنا، فحياتنا
كلها بيده، وهو ضابط الكل، فإذا أسلمنا حياتنا له، فهو يقودنا بحكمته ولا نسقط
في الخطية.
وهو ليس فقط يقود أفكارنا، بل أيضًا أقوالنا التي
نعبر بها عن الحكمة التي وهبها لنا الله في داخلنا، ويهبنا أن نتصرف بحكمة في
كل أعمالنا، وهكذا تصير حياتنا كلها في حكمته، ونتمتع بسلام في العالم، يمتد
بنا إلى الراحة الأبدية.
† ما أجمل الوجود في أحضانك يا إلهي للتمتع
بحكمتك، وحينئذ نسلك براحة وحرية في داخلنا، وكل أعمالنا؛ لأنك ساكن فينا
تحفظنا، وتظهر ذاتك لنا، فنعلنك من خلال أقوالنا وأعمالنا، ونجتذب البعيدين إلى
معرفتك وحكمتك.
ع17:"
حكمة سليمان,7,17,"(7:17): الأكوان: جمع
كون، وهو مساحة كبيرة من الفضاء تشمل المجرات والنجوم والكواكب.
ثم يحدثنا الملك سليمان عن بركات الحكمة، فيعلن
أنها مصدر المعرفة، وأنه شخصيًا كمثال لمن أنعم عليهم الله بالحكمة فقد تعلم
بالتدقيق، وبالتأكيد ما يختص بالكون، وكل ما فيه من كواكب، فلم يكتفِ أن علم ما
يختص بكوكب الأرض التي نحيا عليها، بل علم أيضًا بالكواكب الأخرى داخل المجموعة
الشمسية الخاصة بالأرض، والمجموعات الشمسية الأخرى داخل المجرة المختصة بنا.
وأنه توجد ملايين المجرات التي تسبح في الكون، وعلم كثيرًا من المعلومات
المختصة في الفلك.
وعلم أيضًا بالحكمة الإلهية ليس فقط عن الكواكب
الضخمة العظيمة، بل فهم أيضًا ما يختص بالعناصر المكونة للمواد المختلفة، وما
يرتبط بعلم الذرة. فقد علم عن أكبر المخلوقات، أي الكواكب، ونظامها، أي دورانها
باتفاق بعضها مع البعض، وعلم كل مادة، والعناصر المكونة لها، أي كشفت له الحكمة
كل شيء.
ع18:"
حكمة سليمان,7,18,"(7:18): وكشفت له أيضًا كل ما يختص بالأزمنة من
الأزلية إلى الأبدية، وتغير المناخ، أي الأحوال الجوية من مكان لمكان، وأيضًا
تحول المناخ على مدار السنة، وهو تغير الفصول من الشتاء إلى الربيع، ثم الصيف
والخريف، والتغير في الجو بين النهار والليل، وتغير الأحوال الجوية على مدار
السنين. إنه لا يمكن استيعاب كل هذا إلا بمعونة الحكمة الإلهية.
ع19:"
حكمة سليمان,7,19,"(7:19): مداور: دوران
وتعاقب السنين.
وعلم أيضًا التغيرات التي تحدث في مسار النجوم
على مدار السنين، وعلاقة الأرض بالكواكب المختلفة، والجاذبية الأرضية، وتأثير
الكواكب على بعضها.
ع20:"
حكمة سليمان,7,20,"(7:20): عصوف: هبوب.
تباين: اختلاف.
العقاقير: الأدوية.
ثم تكشف له الحكمة حقائق كثيرة عما يحدث على
أرضنا، فتعلمه الكثير في علم الحيوان من طباع، وعادات الحيوانات المستأنسة،
وطرق تربيتها، وكذا طباع الحيوانات المفترسة، وكيفية التعامل معها، إذ أن
الإنسان رأس الخليقة كلها، وقائدها، وكانت كلها خاضعة له قبل السقوط.
وتعلم سليمان أيضًا أنواع الرياح المختلفة التي
تهب على الأرض، ومصادرها، وما تحمله من حرارة، أو برودة، أو أتربة، وأسراب
الطيور، وتأثير كل ذلك على الأرض والإنسان.
والأكثر من هذا، أن الحكمة كشفت له أفكار الناس،
وما يخطر ببالهم قبل أن ينطقوا به، وبالتالي كيفية كسبهم، وقيادتهم، والتعامل
معهم، والمقصود به علم النفس.
ومن جهة أخرى، كشفت له الكثير والكثير في علم
النبات بأنواع النباتات المختلفة، وكيفية زراعتها، والاستفادة منها، وكل ما
يختص بصفاتها، وما يؤثر فيها.
ثم يكشف له أيضًا تأثير بعض المواد على الأخرى،
أى بعض المواد ذات التاثير القوى المسماة بالعقاقير، أي الأدوية، سواء المؤثرة
على الإنسان، أو الحيوان، أو النبات، وهي التي تدرس الآن في كليات الصيدلة.
ع21:"
حكمة سليمان,7,21,"(7:21): مما سبق، فهم سليمان أن الحكمة هي إلى
تنظم، وتقود العالم كله، وشبهها بمهندس ينظم ويرتب كل شيء، فتعلم من الحكمة
أسرارًا بلا حصر.
† فيا من تطلب العلم
والمعرفة تعال إلى مصدر الحكمة؛ لينعم عليك بالمعرفة الحقيقية. إعرف الله
أولًا، فتستطيع أن تعرف كل شيء، وتفهم القصد من كل علم تقرأه في الكتب، فتستفيد
منه، وتتمتع به.
ولا تحزن يا قليل المعرفة؛ لأن الله هو واهب
الحكمة والمعرفة، وهو يستطيع أن يملأك بمعرفته أكثر من كل من حولك، كما أعطى
لأولاده القديسين.
(4)
صفات الحكمة (ع22-30):
22 فَإِنَّ فِيهَا الرُّوحَ الْفَهِمَ
الْقُدُّوسَ، الْمَوْلُودَ الْوَحِيدَ ذَا الْمَزَايَا الْكثِيرَةِ، اللَّطِيفَ
السَّرِيعَ الْحَرَكَةِ، الْفَصِيحَ الطَّاهِرَ النَّيِّرَ السَّلِيمَ
الْمُحِبَّ لِلْخَيْرِ، الْحَدِيدَ الْحُرَّ الْمُحْسِنَ، 23 الْمُحِبَّ
لِلْبَشَرِ، الثَّابِتَ الرَّاسِخَ الْمُطْمَئِنَّ الْقَدِيرَ الرَّقِيبَ،
الَّذِي يَنْفُذُ جَمِيعَ الأَرْوَاحِ الْفَهِمَةِ الطَّاهِرَةِ اللَّطِيفَةِ. 24 لأَنَّ الْحِكْمَةَ أَسْرَعُ حَرَكَةً مِنْ كُلِّ مُتَحَرِّكٍ؛ فَهِيَ
لِطَهَارَتِهَا تَلِجُ وَتَنْفُذُ فِي كُلِّ شَيْءٍ. 25 فَإِنَّهَا بُخَارُ
قُوَّةِ اللهِ، وَصُدُورُ مَجْدِ الْقَدِيرِ الْخَالِصُ؛ فَلِذلِكَ لاَ
يَشُوبُهَا شَيْءٌ نَجِسٌ، 26 لأَنَّهَا ضِيَاءُ النُّورِ الأَزَلِيِّ،
وَمِرْآةُ عَمَلِ اللهِ النَّقِيَّةُ، وَصُورَةُ جُودَتِهِ. 27 تَقْدِرُ عَلَى
كُلِّ شَيْءٍ، وَهِيَ وَاحِدَةٌ، وَتُجَدِّدُ كُلَّ شَيْءٍ وَهِيَ ثَابِتَةٌ
فِي ذَاتِهَا. وَفِي كُلِّ جِيلٍ تَحِلُّ فِي النُّفُوسِ الْقِدِّيسَةِ؛
فَتُنْشِئْ أَحِبَّاءَ للهِ وَأَنْبِيَاءَ، 28 لأَنَّ اللهَ لاَ يُحِبُّ
أَحَدًا؛ إِلاَّ مَنْ يُسَاكِنُ الْحِكْمَةَ. 29 إِنَّهَا أَبْهَى مِنَ
الشَّمْسِ، وَأَسْمَى مِنْ كُلِّ مَرْكَزٍ لِلنُّجُومِ، وَإِذَا قِيسَتْ
بِالنُّورِ تَقَدَّمَتْ عَلَيْهِ، 30 لأَنَّ النُّورَ يَعْقُبُهُ اللَّيْلُ،
أَمَّا الْحِكْمَةُ فَلاَ يَغْلِبُهَا الشَّرُّ.
ع22:"
حكمة سليمان,7,22,"(7:22): يتكلم هنا عن
الحكمة ليس كمعلومات، أو قدرات بشرية، مثل الاستيعاب، أو الذكاء، ِأو القدرة
على التصرف في الأعمال المختلفة، بل يسمو بها، ويحدثنا عنها كأقنوم إلهى،
فيقول: أن فيها الروح القادر على فهم كل شيء.
ثم يظهر جليًا أنه يتكلم عن الله، عندما يصف روح
الحكمة بالقدوس، وليس قديس، أو مقدس، ولا يوصف بالقدوس إلا الله مصدر كل قداسة.
ثم يحدد كلامه أنه يتكلم عن أقنوم الابن الكلمة
المسيح إلهنا، عندما يصف هذا الروح، أو يصف الحكمة بالمولود، فهو ليس أقنوم
الآب؛ لأنه والد، ولا الروح القدس؛ لأنه منبثق . فالابن هو أقنوم الحكمة.
وهو أيضًا الوحيد، إذ يختلف عن كل أبناء الله؛
لأنهم أبناء بالتبنى، أما المسيح أقنوم الحكمة، فهو ابن في الجوهر، لذا يسمى
بالوحيد، أو الوحيد الجنس. ولأقنوم الابن فضائل كثيرة لا يمكن حصرها، إذ هو غير
محدود، ولكننا نتعرف على بعض صفاته، وهي:
1- ""اللطيف"":
فهو لطيف رغم قوة لاهوته، فيحنو على كل البشر
والمخلوقات، بل هو اللطيف، ومصدر كل لطف. وهذه الصفة تعطى طمأنينة للإنسان،
وتشجعه على محبة الله، وإقامة علاقة معه.
2- ""السريع الحركة"":
وهو في لطفه ليس رقيقًا في ضعف، بل قويًا وسريعًا
في نجدة أولاده، وإغاثة كل محتاج، مما يعضدنا في حياتنا مهما أحاطت بنا
الأخطار.
3- ""الفصيح"":
وهو ليس فقط يفهم، ويميز كل شيء، بل هو فصيح يعبر
عن حكمته بأفضل الأساليب التي تسبى قلب اللإنسان الذي يحب الحكمة، أي الله،
ولكن إن انشغل الإنسان بشهواته وكرامته تنطمس عيناه، فلا يرى، أو يسمع حكمة
الله.
4- ""الطاهر"":
والمسيح هو الطاهر، أي النقى في كل شيء، وقد نادى
الجموع قائلًا: ""من منكم يبكتنى على خطية"" (يو8: 46)، فلم يرد عليه أحد؛ لأنه
فيه كمال الطهارة والنقاوة؛ لذا فبذبيحة نفسه استطاع أن يحمل كل خطايا العالم،
ويقدم فداءً للبشرية على الصليب.
5- ""النير"":
وهو ممتلئ نورًا، بل ينير العالم كله بنوره. وقد
قال عن نفسه: ""أنا هو نور العالم"" (يو8: 12).
† فلماذا لا تستنيرى يا نفسي بضيائه، وتخلصى
من ظلمات الخطية التي تغطيكِ.
6- ""السليم"":
وهو أيضًا السليم، أي الحق المستقيم الذي بلا
عيب، أو خطأ، ومقياس للصلاح نقتدى به.
† ما أجمل أن تسأل نفسك يا أخى في كل موقف
وتقول: ماذا يفعل المسيح لو كان مكانى؟ وهكذا تتصرف.
7- ""المحب للخير""
ومن أعظم صفات الله أنه محب للخير، أي يعمل كل
عمل بناء مفيد لأولاده. ومحبة الله للخير تكشف لأولاده كل أعماله وأفكاره،
وتساعدهم على تمييز أفكار وأعمال إبليس الشريرة.
8- ""الحديد"":
ويصفه بأنه الحديد، أي المنيع، مثل معدن الحديد
القوى، فالله في قوته لا يمكن اختراقه، أو التغلب عليه، ففيه كمال القوة،
وبقوته الكاملة هو الحديد الذي يضع حدودًا لكل شيء في العالم، فهو ضابط الكل،
الذي يضع حدودًا للبحر فلا يطغى على الأرض، والكواكب تسير في مساراتها، وأيضًا
يضع لكل الكائنات حدًا، مهما تعاظمت.
† فلماذا تتكبر أيها الإنسان، وتتحدى الله
بخطاياك، وتظن أن قوتك منك وتنسى أنك أحد مخلوقاته الضعيفة؟!
9- ""الحر"":
وإذ هو أقوى من كل شيء، فلا يستطيع أحد أن يحده،
أو يقلل من قوته؛ لذا فهو حر، كامل في حريته، والمصدر الوحيد للعالم في الحرية،
ومن حبه في الإنسان ميزه عن باقي المخلوقات الحية والجامدة بالحرية، إذ هو صورة
الله ومثاله.
† ليتكِ يا نفسي تستخدمى حريتك بفطنة للالتصاق
بمصدر الحرية، أي الله، ولا تفقدى حريتك، وتعطيها للشهوات الدنسة والكبرياء،
فتسقطى في الضيق والتعب كل أيامك.
10- ""المحسن"":
والمسيح إلهنا الأقنوم الثاني، أقنوم الحكمة، ليس
فقط محبًا للخير، بل من صفاته الإحسان، أي العطاء، وليس الأخذ، لأنه كامل، وغير
محتاج لشئ فلماذا يأخذ؟!. فإن كنا على صورته ومثاله نكون مثله نميل للعطاء
وليس الأخذ، ونفهم ما قاله لنا: ""مغبوط هو العطاء أكثر من الأخذ"" (أع20: 35).
† إن كان حب الله كاملًا، ويفيض بإحسانه على
كل مخلوقاته التي خلقها بحبه، فهو يخص البشر أكثر من باقي المخلوقات، لأنهم
صورته ومثاله. وهو يقول بوضوح: ""لذاتى مع بنى آدم"" (أم8: 31). وهو يفرح أن
يتحقق قصده بأن يحيا الإنسان في صداقة معه إلى الأبد. هل لك يا أخى كل هذا الحب
وتهمله. الله يسعى نحوك ويطلبك أنت وحدك. فلماذا تتوانى؟
ع23:"
حكمة سليمان,7,23,"(7:23): ثم يضيف صفات جديدة في الله (الحكمة)
وهي:
11- ""الثابت""
لأن كل شيء في العالم متغير، أما هو ""ليس عنده
تغيير ولا ظل دوران"" (يع1: 17)، وكما أعلن بولس الرسول ""يسوع المسيح هو هو
أمسًا واليوم وإلى الأبد"" (عب13: 8).
12- ""الراسخ""
وهو أيضًا راسخ، أي كامل الثبات والاستقرار، فمن
يستطيع أن يقلقه وفيه كمال القوة؟!
† فإذ لنا إله عظيم كهذا، وحكمته ثابتة، فكم
يكون تمسكنا بوصاياه التي لا تتغير، وتعطينا الاستقرار والثبات فيه.
13- ""المطمئن""
وحيث يتمتع الله بالثبات الكامل، فهو يستطيع أن
يعطينا طمأنينة كاملة، إذ نلتجئ إلى أحضانه نشعر بالراحة والسلام الكامل، وهو
بنفسه يقول عن استقرار أولاده الذين يلتجئون إليه، وعدم قدرة الشيطان أن يأخذهم
منه: ""ولا يخطفها أحد من يدى"" (الخراف) (يو10: 28). ولأن الله يرى الماضى
والحاضر والمستقبل، فلا يوجد أي شيء يؤذينا أو يخيفنا ونحن بين يديه.
14- ""القدير""
وهو ليس فقط يعطى طمأنينة لأولاده، بل هو قادر أن
يشبع كل احتياجاتهم، ويحل كل مشاكلهم، ويهزم أعداءهم الشياطين تحت أقدامهم.
† لماذا تخاف يا أخى وتقلق ومعك الإله القدير
الثابت، الذي يطمئن نفسك ويهبك السلام؟!
15- ""الرقيب""
وهو في ثباته وقوته ومحبته أيضًا رقيب على كل شيء،
فهو فاحص القلوب والكلى، ويراقب كل أعمالك وأقوالك، بل وأيضًا أفكارك، فكيف لا
تخافه في كل خطواتك؟ كيف تفعل الخطية أمام عينيه؟
16- ""الذى ينفذ جميع الأرواح الفهمة الطاهرة
اللطيفة""
وهو ليس رقيبًا لكي يعاقب الناس، بل ليعتنى بهم
ويشبعهم بحبه. وإذ هو مالئ لكل مكان ينفذ، ويتخلل كل أولاده المطيعين له، وهم
ذوو الأرواح الخاضعة له، المملوءة حكمة وفهم، وتحيا في نقاوة من كل شهوة شريرة،
وتتمتع بلطف ورقة، وتسبح بالتالى بسهولة في محبة الله وتتناغم معه، أي أن
الأرواح التي تتشبه به يملأها بمحبته وكل بركاته.
هذا هو المسيح إلهنا، أقنوم الحكمة الكامل في كل
شئ، مصدر كل البركات لجميع المخلوقات.
ع24:"
حكمة سليمان,7,24,"(7:24): تلج: تدخل
وتخترق.
إن الخطية هي إلى تثقل الروح، فتقلل حركتها
وسرعتها في تعمق معرفة الله، كمثل طائر يربط في أجنحته أثقال تقلل وتمنع
طيرانه، أما الحكمة - التي هي الله - فطهارتها كاملة، وبالتالي سرعتها كاملة،
وقادرة أن تنفذ وتتخلل كل شئ؛ لتصل إلى أعماق الكل، كما يعلن الكتاب المقدس
عنها: ""لأن كلمة الله حية وفعالة، وأمضى من كل سيف ذى حدين، وخارقة إلى مفرق
النفس والروح"" (عب4: 12)، وبالتالي كل من يمتلئ بها من البشر، تصير له هذه
الصفة العظيمة، فيستطيع أن يفهم، ويشعر بالله، ويتجاوب معه، ويسهل عليه أن يشعر
بكل من حوله، ويخترق كل أعماق النفوس المحيطة به، فيعلن لنا الله بوضوح:
""الروح يفحص كل شيء حتى أعماق الله"" (1 كو2: 10).
† هذه رسالة واضحة لكل مربى وخادم، إن كنت تود
أن تشعر وترعى وتخدم غيرك، فلا سبيل إلى ذلك إلا الالتصاق بالحكمة الإلهية. إن
كل ذكائك وحكمتك لن تفيدك شيئًا؛ لأنك مثقل بخطايا العالم. تب أولًا، والتصق
بالله تستطيع حينئذ أن تشعر بمن حولك.
ع25:"
حكمة سليمان,7,25,"(7:25): صدور: ظهور
وانبعاث.
يشوبها: يلتصق بها.
يشبه الحكمة بالبخار، وهو يبدو خفيفًا يتصاعد في
الهواء ولكن له قوة جبارة، فبه تحركت الماكينات، إذ بضغط البخار سارت القطارات
والمركبات المختلفة قديمًا، ومازالت حتى الآن هذه القوة الجبارة يمكن استخدامها
في مجالات مختلفة.
والبخار أيضًا ذو منظر جميل يملأ الهواء، فهو
يرمز إلى مجد الحكمة، الذي يملأ الكون حوله، ويستفيد منه الآخرون، فهي تصدر من
الله، وتعم على العالم كله.
كذلك البخار، هو الماء النقى المتصاعد كغاز في
الهواء بعد أن تخلص من كل الشوائب التي تظل في الإناء الموضوع على النار،
وبالنار والحرارة يتصاعد البخار، ويرتفع بمجد عظيم، كما تظهر الحكمة من خلال
احتمال الضيقات، فيفيض الله على أولاده من الحكمة، عندما يتخلصوا من تعلقاتهم
المادية، وخطاياهم الكثيرة بمعاناة الجهاد الروحي، وحينئذ ترتفع حكمتهم بمجد
عظيم، كالبخار الأبيض الجميل.
والبخار الأبيض الجميل يرمز لصعود المسيح، الذي
عاش على الأرض، وارتفع للسماء دون أن يلتصق به أي شيء من شوائب الخطية المنتشرة
بين البشر، فهو نقى تمامًا، ويظل نقيًا إلى الأبد.
ع26:"
حكمة سليمان,7,26,"(7:26): إن الحكمة التي تتمتع بها هي من حكمة
الله الأزلية الغير محدودة، فالله النور الأزلي يعطينا قليلًا من نوره في ضياء
عجيب، الذي هو الحكمة.
والمسيح أقنوم الحكمة هو ضياء النور الأزلي،
فبتجسده أعلن لنا وأخبرنا عن الآب، الذي هو النور الأزلي.
والحكمة أيضًا هي صورة لإحسان الله، وجوده على
الإنسان؛ إنها الرحمة الإلهية التي تفيض على البشر، ونرى فيها شيئًا من صفات
الله الغير محدودة.
وقد عبر بولس الرسول عن هذه الآية بقوله عن
المسيح أقنوم الحكمة: ""هو بهاء مجده ورسم جوهره"" (عب1: 3).
† إن كانت الحكمة بكل هذا المجد، وهي الإعلان
الإلهي للبشر، فلماذا نتوانى في طلبها؟ إننا لم نرَ الله إلا من خلال تجسد
الإبن الكلمة؛ الحكمة الأزلية، ""الله لم يره أحد قط، الابن الوحيد الذي هو في
حضن الآب هو خبر"" (يو1: 18). فالحكمة ترفعنا فوق العالم، وتعطينا عربون
الأبدية، وتشركنا في علاقة حب عميقة مع الله، فنصير بالحقيقة بنينًا له.
ع27:"
حكمة سليمان,7,27,"(7:27): والحكمة كاملة القوة والقدرة، لا يعسر
عليها أمر، وهي واحدة، إذ هي الله الواحد ضابط الكل الخالق للعالم كله، ومدبره،
وكل شيء خاضع له. وإذ يخطئ البشر، ويتوبون تقبلهم بحنان، وتغفر خطاياهم وتجددهم،
فتعيد لهم طبيعتهم الأولى النقية التي خلقتهم عليها. كما تجدد حياة النباتات من
خلال البراعم التي تصير فروعًا كبيرة، تجدد حياة الأشجار والبذور التي تدفن في
الأرض، فتصير نباتات، وكما يتجدد جمال بعض الحيوانات كالديدان التي ينسلخ
جلدها، وكالطيور التي تجدد ريشها. إنها تنعم على كل الخليقة بالبهاء والمجد
الذي تفقده بسبب ضعفها. ولكن الحكمة تظل ثابتة بلا تغيير، ولا تجديد؛ لأنها
كاملة، ولأنها كاملة فهي قادرة على تجديد غيرها.
ويعقوب الرسول يعلن ثبات كلمة الله، الذي هو
الحكمة، فيقول: ""ليس عنده تغيير ولا ظل دوران"" (يع1: 17).
إن الله مستعد أن يفيض بحكمته على كل من يقبل
إليه، ويكرس، أي يقدس قلبه له، فيملأ الله وحده القلب، ويملك عليه ""تحب الرب
إلهك من كل قلبك ومن كل نفسك ومن كل قدرتك ومن كل فكرك"" (لو10: 27). وإذ تدخل
الحكمة إلى القلب تربطه بالله، فيزداد اشتياقًا له، وحبًا فيه، فيفيض عليه الله
بحكمة أكبر، تدخله إلى أعماق جديدة في محبة الله، بل تنعم عليه بمواهب لخدمة
الآخرين، مثل النبوة التي هي تعليم الآخرين وإخبارهم بمحبة المسيح، أي أن
الحكمة تنشئ أحباء لله وأنبياء.
ع28:"
حكمة سليمان,7,28,"(7:28): الله يحب من يثبت في الحكمة (يساكن
الحكمة)، ولا يحب من يرفض الحكمة، ويتعلق بشهوات العالم ""لأن محبة العالم عداوة
لله"" (يع4: 4).
† لا تفتح قلبك للحكمة، ثم تعود وتغلقه، وإلا
فستفقد محبة الله، بل لتستقر الحكمة فيك، وتسكن داخلك، فتضمن استقرار محبة الله
لك، وحياتك الأبدية.
ع29، 30: إن الحكمة أعظم من كل شيء في العالم،
فإن كانت الشمس هي أعظم نور يشع على الأرض بضيائها القوى، فالحكمة في ضيائها
أبهى من الشمس. وإن كانت النجوم ترتفع في علو السماء، فلا يرى الإنسان أسمى
منها، لكن الحكمة ترتفع فوق هذه النجوم؛ لأنها هي الخالقة لكل هذه الكائنات،
وإن كان النور ضروريًا في حياة الإنسان، وهو أول شيء خلقه الله في العالم، فإن
الحكمة أعظم منه، إذ أن نور النهار يعقبه ظلام الليل، أما الحكمة فلأنها الله،
وصادرة منه، فلا تغلبها قوى الشر، أي الظلمة، بل هي التي تخلص الأشرار من شرهم
إن تابوا، وتحمى الأبرار من كل الشرور.
† إن كنت يا أخى تخاف من حروب الشياطين، فتحصن
بالحكمة التي ترفعك فوق كل خطية، وتحميك من شهوات العالم، لأنها تشغلك وتملأك
بالحب الإلهي، وحينئذ تسقط كل قوة إبليس عند قدميك.
← تفاسير أصحاحات
حكمة:
مقدمة |
1 |
2 |
3 |
4 |
5 |
6 |
7 |
8 |
9 |
10 |
11 |
12 |
13 |
14 |
15 |
16 |
17 |
18 |
19
تفاسير أسفار الكتاب المقدس
1- تفاسير سفر التكوين
2- تفاسير سفر الخروج
3- تفاسير سفر اللاويين
4- تفاسير سفر العدد
5- تفاسير سفر التثنية
6- تفاسير سفر يشوع
7- تفاسير سفر القضاة
8- تفاسير سفر راعوث
9- تفاسير سفر صموئيل الأول
10- تفاسير سفر صموئيل الثاني
11- تفاسير سفر الملوك الأول
12- تفاسير سفر الملوك الثاني
13- تفاسير سفر أخبار الأيام الأول
14- تفاسير سفر أخبار الأيام الثاني
15- تفاسير سفر عزرا
16- تفاسير سفر نحميا
17- تفاسير سفر طوبيا
18- تفاسير سفر يهوديت
19- تفاسير سفر أستير + التتمة
20- تفاسير سفر أيوب
21- تفاسير سفر المزامير + مز 151
22- تفاسير سفر الأمثال
23- تفاسير سفر الجامعة
24- تفاسير سفر نشيد الأناشيد
25- تفاسير سفر الحكمة
26- تفاسير سفر يشوع بن سيراخ
27- تفاسير سفر إشعياء
28- تفاسير سفر إرميا
29- تفاسير سفر مراثي إرميا
30- تفاسير سفر نبوه باروخ
31- تفاسير سفر حزقيال
32- تفاسير سفر دانيال + التتمة
33- تفاسير سفر هوشع
34- تفاسير سفر يوئيل
35- تفاسير سفر عاموس
36- تفاسير سفر عوبديا
37- تفاسير سفر يونان
38- تفاسير سفر ميخا
39- تفاسير سفر ناحوم
40- تفاسير سفر حبقوق
41- تفاسير سفر صفنيا
42- تفاسير سفر حجي
43- تفاسير سفر زكريا
44- تفاسير سفر ملاخي
45- تفاسير سفر المكابيين الأول
46- تفاسير سفر المكابيين الثاني
1- تفاسير إنجيل متى
2- تفاسير إنجيل مرقس
3- تفاسير إنجيل لوقا
4- تفاسير إنجيل يوحنا
5- تفاسير سفر أعمال الرسل
6- تفاسير الرسالة إلى رومية
7- تفاسير رسالة كورنثوس الاولى
8- تفاسير كورنثوس الثانية
9- تفاسير الرسالة إلى أهل غلاطية
10- تفاسير الرسالة إلى أفسس
11- تفاسير الرسالة إلى فيلبي
12- تفاسير الرسالة إلى كولوسي
13- تفاسير تسالونيكي الأولى
14- تفاسير تسالونيكي الثانية
15- تفاسير رسالة تيموثاوس الأولى
16- تفاسير تيموثاوس الثانية
17- تفاسير الرسالة إلى تيطس
18- تفاسير الرسالة إلى فيلمون
19- تفاسير رسالة العبرانيين
20- تفاسير رسالة يعقوب
21- تفاسير رسالة بطرس الأولى
22- تفاسير رسالة بطرس الثانية
23- تفاسير رسالة يوحنا الأولى
24- تفاسير رسالة يوحنا الثانية
25- تفاسير رسالة يوحنا الثالثة
26- تفاسير رسالة يهوذا
27- تفاسير سفر الرؤيا"
حكمة سليمان,8,0,"(8:1): ← تفاسير أصحاحات
حكمة:
مقدمة |
1 |
2 |
3 |
4 |
5 |
6 |
7 |
8 |
9 |
10 |
11 |
12 |
13 |
14 |
15 |
16 |
17 |
18 |
19
تفاسير أسفار الكتاب المقدس
1- تفاسير سفر التكوين
2- تفاسير سفر الخروج
3- تفاسير سفر اللاويين
4- تفاسير سفر العدد
5- تفاسير سفر التثنية
6- تفاسير سفر يشوع
7- تفاسير سفر القضاة
8- تفاسير سفر راعوث
9- تفاسير سفر صموئيل الأول
10- تفاسير سفر صموئيل الثاني
11- تفاسير سفر الملوك الأول
12- تفاسير سفر الملوك الثاني
13- تفاسير سفر أخبار الأيام الأول
14- تفاسير سفر أخبار الأيام الثاني
15- تفاسير سفر عزرا
16- تفاسير سفر نحميا
17- تفاسير سفر طوبيا
18- تفاسير سفر يهوديت
19- تفاسير سفر أستير + التتمة
20- تفاسير سفر أيوب
21- تفاسير سفر المزامير + مز 151
22- تفاسير سفر الأمثال
23- تفاسير سفر الجامعة
24- تفاسير سفر نشيد الأناشيد
25- تفاسير سفر الحكمة
26- تفاسير سفر يشوع بن سيراخ
27- تفاسير سفر إشعياء
28- تفاسير سفر إرميا
29- تفاسير سفر مراثي إرميا
30- تفاسير سفر نبوه باروخ
31- تفاسير سفر حزقيال
32- تفاسير سفر دانيال + التتمة
33- تفاسير سفر هوشع
34- تفاسير سفر يوئيل
35- تفاسير سفر عاموس
36- تفاسير سفر عوبديا
37- تفاسير سفر يونان
38- تفاسير سفر ميخا
39- تفاسير سفر ناحوم
40- تفاسير سفر حبقوق
41- تفاسير سفر صفنيا
42- تفاسير سفر حجي
43- تفاسير سفر زكريا
44- تفاسير سفر ملاخي
45- تفاسير سفر المكابيين الأول
46- تفاسير سفر المكابيين الثاني
1- تفاسير إنجيل متى
2- تفاسير إنجيل مرقس
3- تفاسير إنجيل لوقا
4- تفاسير إنجيل يوحنا
5- تفاسير سفر أعمال الرسل
6- تفاسير الرسالة إلى رومية
7- تفاسير رسالة كورنثوس الاولى
8- تفاسير كورنثوس الثانية
9- تفاسير الرسالة إلى أهل غلاطية
10- تفاسير الرسالة إلى أفسس
11- تفاسير الرسالة إلى فيلبي
12- تفاسير الرسالة إلى كولوسي
13- تفاسير تسالونيكي الأولى
14- تفاسير تسالونيكي الثانية
15- تفاسير رسالة تيموثاوس الأولى
16- تفاسير تيموثاوس الثانية
17- تفاسير الرسالة إلى تيطس
18- تفاسير الرسالة إلى فيلمون
19- تفاسير رسالة العبرانيين
20- تفاسير رسالة يعقوب
21- تفاسير رسالة بطرس الأولى
22- تفاسير رسالة بطرس الثانية
23- تفاسير رسالة يوحنا الأولى
24- تفاسير رسالة يوحنا الثانية
25- تفاسير رسالة يوحنا الثالثة
26- تفاسير رسالة يهوذا
27- تفاسير سفر الرؤيا"
حكمة سليمان,9,0,"(9:1): صلاة سليمان لطلب الحكمة
يبين سليمان في هذا الأصحاح ثلاثة أمور أساسية
وهي:
نظرة الله للإنسان، فهو يجعله قائدًا للخليقة
كلها.
حاجة الإنسان لله، وخاصة تعلم الحكمة.
لكل إنسان رسالة ليتممها في حياته.
(1)
الحكمة تُعظم الإنسان (ع1-8)
(2)
الحكمة تعلم إرضاء الله (ع9-19)
(1)
الحكمة تُعظم الإنسان (ع1-8):
1 يَا إِلهَ الآبَاءِ، يَا رَبَّ الرَّحْمَةِ، يَا
صَانِعَ الْجَمِيعِ بِكَلِمَتِكَ، 2 وَفَاطِرَ الإِنْسَانِ بِحِكْمَتِكَ، لِكَيْ
يَسُودَ عَلَى الْخَلاَئِقِ الَّتِي كَوَّنْتَهَا، 3 وَيَسُوسَ الْعَالَمَ
بِالْقَدَاسَةِ وَالْبِرِّ، وَيُجْرِيَ الْحُكْمَ بِاسْتِقَامَةِ النَّفْسِ.4 هَبْ لِي الْحِكْمَةَ الْجَالِسَةَ إِلَى عَرْشِكَ، وَلاَ تَرْذُلْنِي مِنْ
بَيْنِ بَنِيكَ، 5 فَإِنِّي أَنَا عَبْدُكَ وَابْنُ أَمَتِكَ، إِنْسَانٌ ضَعِيفٌ
قَلِيلُ الْبَقَاءِ، وَنَاقِصُ الْفَهْمِ فِي الْقَضَاءِ وَالشَّرَائِعِ. 6 عَلَى أَنَّهُ إِنْ كَانَ فِي بَنِي الْبَشَرِ أَحَدٌ كَامِلٌ؛ فَمَا لَمْ
تَكُنْ مَعَهُ الْحِكْمَةُ الَّتِي مِنْكَ، لا يُحْسَبُ شَيْئًا. 7 إِنَّكَ قَدِ
اخْتَرْتَنِي لِشَعْبِكَ مَلِكًا، وَلِبَنِيكَ وَبَنَاتِكَ قَاضِيًا، 8 وَأَمَرْتَنِي أَنْ أَبْنِيَ هَيْكَلًا فِي جَبَلِ قُدْسِكَ، وَمَذْبَحًا فِي
مَدِينَةِ سُكْنَاكَ عَلَى مِثَالِ الْمَسْكَنِ الْمُقَدَّسِ الَّذِي
هَيَّأَتَهُ مُنْذُ الْبَدْءِ.
ع1: يبدأ سليمان
صلاته، التي تظهر مدى محبته وتقديره للحكمة، ويستهل هذه الصلاة بتقديم المجد
والعظمة لله. إنه لا يقول كلمات رنانة بلا معنى، بل يعلن إحساسه بالله، إذ يشعر
أنه:
1- ""إله الآباء""
فهو الذي رعى آباءه بالحب، ووعدهم بوعود كثيرة
تتحقق في نسلهم. على هذا الرجاء يقف أمام الله ويصلى ويطلب.
وذِكر الآباء يشير إلى أهمية الأبوة عند الملك،
أو القائد. فالحكم ليس تسلطًا وإدارة، ولكنه قبل كل شيء أبوة.
2- ""رب الرحمة"":
ويرى أيضًا أنه رب الرحمة، الذي يغفر خطايا
التائبين، ويعضد ويسند الضعفاء، ويهتم بكل محتاج. فها هو سليمان الضعيف يتقدم
بثقة؛ لينال من رب الرحمة كل احتياجاته، ثم يراعى، وهو يحكم شعبه، أن يقودهم
بأبوة مملوءة بالرحمة، مثل الله، فينال هو أيضًا رحمة من الله، كما يذكر لنا
المسيح في العهد الجديد ويقول ""طوبى للرحماء؛ لأنهم يُرحمون""
(مت5: 7).
3- ""صانع الجميع بكلمتك""
وفى نفس الوقت يشعر سليمان أن هذا الإله الحنون،
راعى النفوس، هو أيضًا القادر على كل شئ؛ لأنه خالق الكل .. جميع البشر، بل
أيضًا كل المخلوقات، وبالتالي فحياتهم كلها في يده، وهو ضابط الكل. فيطمئن
قلبه، إذ يقف أمامه، ويتشجع، فيطلب ما يحتاجه من القادر على منحه كل شيء.
ع2: فاطر: خالق.
ثم يناجى الله واهب العطايا، الذي أجزل عطاياه
للإنسان دونًا عن باقي الخلائق. فقد خلقه بحكمته على صورته ومثاله، مميزًا عن
الكل، ورأسًا لكل المخلوقات، حتى الأكبر منه في الحجم بما لا يقاس، مثل الكواكب
والبحار والأنهار، وأيضًا الأقوى منه، مثل الوحوش المفترسة، وتحركات الطبيعة
العنيفة، مثل العواصف والفيضانات. فكيف يسود الإنسان على كل هذه الخلائق؟ إلا
بنعمة الله المعطاة له، أي روح الله الذي ناله، فصار على صورة الله. لذا يذكر
لنا سفر التكوين هذا السلطان الإلهي الممنوح للإنسان (تك1: 28). ويظهر هنا الله
القائد الحقيقي، الذي يخلق قادة وليس عبيدًا، فلم يخلق الإنسان ليكون ضعيفًا
ومجرد عبد خاضع له، بل جعله قائدًا ومتسلطًا على الخليقة كلها.
† المجد لك يا خالق الكل، ومخضع جميع الكائنات
للإنسان، الذي أنعمت عليه بروحك الساكن فيه.
ع3: يسوس: يدبر ويقود ويحكم.
وواضح أن تميز الإنسان ورئاسة الخليقة كلها قائم
على تشبهه بالله في القداسة والصلاح والبر. وعلى قدر ما يحيا مع الله تخضع له
كل الخلائق، وإذ يتبع الله بلا غرض، يصير عادلًا في حكمه على الأمور، وتستقيم
نفسه في اتجاه الله، لا يبغى إلا تمجيد اسمه القدوس، وطاعة وصاياه في كل شيء،
ولا يحابى أحدًا، أي يكون عادلًا في كل شيء. فكما أن الله قائد يخلق قادة، فالله
القدوس يخلق قديسين يحكمون بالقداسة والبر.
† ما أعظمك أيها الإنسان، يا من مجدك الله
على كل خليقته، لا يكفيك العمر كله لتسبح الله وتشكره على نعمه وبركاته، التي
تزداد كل يوم بخضوعك ونشر اسمه القدوس.
ع4: ترذلنى: تحتقرنى.
شعر سليمان بضعفه وخطاياه وعدم استحقاقه أن يكون
ابنًا لله، فطلب مراحمه، وطول أناته عليه. بل تجاسر، بدالة البنوة، معلنًا
احتياجه للحكمة الإلهية المرتفعة عند العرش الإلهي. فهو لا يطلب حكمة البشر
المادية، بل يشتاق للحكمة الحقيقية التي ينعم بها الله عليه كعطية مجانية؛ لأجل
محبته كأب لأولاده.
والحكمة الحقيقية هي الأقنوم الثانى؛ المسيح
إلهنا، الذي تجسد في ملء الزمان.
ع5: وأعلن سليمان، باتضاع، ضعفه أمام الله،
فلم يتعظم بملكه، عالمًا أنه مجرد عبد، ابن لعبيد، فيقول عن والدته أمتك، أي
عبدتك يا الله.
ودليل على ضعفه، أن حياته قصيرة على الأرض، ولابد
أن تنتهي، فأين ملكه وسلطانه، إن كان الموت يملك عليه؟!
ثم أعلن ضعفه في الفهم، فكيف يصير قائدًا حكيمًا،
وقاضيًا لشعب الله، وهو لا يفهم القوانين والشرائع التي يقضى بها بين شعبه؟ كل
هذه لا يحصل عليها إلا بالحكمة الإلهية.
† إن الاتضاع هو أن
تعرف يا أخى ذاتك على حقيقتها، حينئذ تنهمر عليك سيول مراحم الله، خاصة عندما
تواجه مواقف كبيرة، ومسئوليات ضخمة. أعلن ضعفك أمامه، تنال أكثر مما تطلب أو
تفتكر.
ع6: ولم ينخدع سليمان بمظاهر العظمة والكمال
التي يتحلى بها البشر. فها سليمان رجلًا يتحلى بقوة الشباب، وعظمة الملك،
والغنى، وكل مظاهر الكمال في نظر البشر، ولكنه يؤمن أنه بدون الله لا يساوى
شيئًا؛ هو مجرد تراب ورماد؛ لذا يتضرع طالبًا حكمة الله. ولأن سليمان له معرفة
بالعلوم الكثيرة، وأيضًا يقتنى الغنى وكل الاحتياجات المادية، فهذا يمكن أن
يخدع البعض، فيشعرون بالاكتفاء وعدم الحاجة إلى الله. أما سليمان ففهم حقيقة
الأمر، وهو أن كل هذا زائل ومؤقت، ولا يغنيه عن الله المعطى الحكمة الحقيقية.
ع7: وفى اتضاعه لم يشعر أن الملك حق مكتسب له
بالوراثة عن أبيه داود، بل الله هو الذي اختاره من بين بنى داود الكثيرين،
وجعله مسئولًا عن القضاء بشريعة الله بين شعبه. لذا فهو محتاج لحكمة الله التي
تعلمه الوصايا الإلهية، وكيفية السلوك بها، ثم بالتالى الحكم بها بين شعب الله.
فالملك في نظر سليمان وظيفة كلفه بها الله، فهي نعمة لا يستحقها، يشكر الله
عليها، ويطلب معونته لإتمامها.
ع8: وأهم عمل شعر سليمان أنه مطلوب منه، هو
إقامة هيكل الله في أورشليم مدينته... مدينة السلام، التي رضى أن يسكن فيها وسط
شعبه. لقد كان هذا قصد الله من البدء، حين أخرج شعبه إلى برية سيناء، وأعطى
مثال خيمة الاجتماع لموسى النبي، كانت خيمة لتناسب حياة البرية، وتعطى معنى
غربة العالم لكل أولاده. ولكن من ناحية أخرى، أراد الله في ملء الزمان في حياة
سليمان أن يكون له استقرار وسط شعبه، ببناء هيكل ثابت له، يقترب إليه كل أولاده
بالصلاة فيه. إنه رمز للكنيسة في العهد الجديد، أهم مكان في العالم، حيث يلتقى
الله بشعبه، ويعطيهم عطيته العظمى؛ جسده ودمه الأقدسين؛ ليعبروا بها برية هذا
العالم، ويصلوا إلى أورشليم السمائية، حيث الاستقرار الكامل في الهيكل الأبدي
في ملكوت السموات. فالمسكن المقدس الذي منذ البدء، أي منذ الأزل، في فكر الله،
هو حلوله الإلهي وسط شعبه، الذي أتمه سليمان في هيكله على الأرض، ويكمل في
ملكوت السموات، حيث الحلول الإلهي الدائم.
فرسالة سليمان في حياته هي أن يبنى هيكلًا لله،
ويحيا معه فيه. هذا ما أتمه سليمان، وعاشه أيضًا مع الله، حتى وإن كان في بعض
الوقت منشغلًا بأمور العالم، ولكنه عاد إليه في نهاية حياته، فهو أتم الرسالة
المطلوبة منه. كما أن كل إنسان لابد أن يتمم الرسالة المطلوبة منه التي يريدها
الله.
† إلتصقى بالمذبح يا نفسي تجدى حياتك. إن أبوك
إبراهيم كان أهم ما في حياته المذبح والخيمة، أي الله وغربة العالم، فلا تنشغلى
بشئ عن هدفك الوحيد، وهو محبته. تخلى عن كل كرامة العالم، وانفضى عنكِ كل شهوة
أرضية، لتتكرسى كهيكل مقدس للحب الإلهي، فيملك عليك، وتصيرى ملكة عظيمة، مثل
سليمان.
←
وستجد
تفاسير أخرى
هنا في
(2)
الحكمة تعلم إرضاء الله (ع9-19):
9 إِنَّ مَعَكَ الْحِكْمَةَ الْعَلِيمَةَ
بِأَعْمَالِكَ، وَالَّتِي كَانَتْ حَاضِرَةً إِذْ صَنَعْتَ الْعَالَمَ، وَهِيَ
عَارِفَةٌ مَا الْمَرْضِيُّ فِي عَيْنَيْكَ، وَالْمُسْتَقِيمُ فِي وَصَايَاكَ، 10 فَأَرْسِلْهَا مِنَ السَّمَوَاتِ الْمُقَدَّسَةِ، وَابْعَثْهَا مِنْ عَرْشِ
مَجْدِكَ، حَتَّى إِذَا حَضَرَتْ تَجِدُّ مَعِي، وَأَعْلَمُ مَّا الْمَرْضِيُّ
لَدَيْكَ. 11 فَإِنَّهَا تَعْلَمُ وَتَفْهَمُ كُلَّ شَيْءٍ؛ فَتَكُونُ لِي فِي
أَفْعَالِي مُرْشِدًا فَطِينًا، وَبِعِزِّهَا تَحْفَظُنِي، 12 فَتَغْدُو
أَعْمَالِي مَقْبُولَةً، وَأَحْكُمُ لِشَعْبِكَ بِالْعَدْلِ، وَأَكُونُ أَهْلًا
لِعَرْشِ أَبِي. 13 فَأَيُّ إِنْسَانٍ يَعْلَمُ مَشُورَةَ اللهِ، أَوْ يَفْطَنُ
لِمَا يُرِيدُ الرَّبُّ؟ 14 إِنَّ أَفْكَارَ الْبَشَرِ ذَاتُ إِحْجَامٍ،
وَبَصَائِرَنَا غَيْرُ رَاسِخَةٍ، 15 إِذِ الْجَسَدُ الْفَاسِدُ يُثَقِّلُ
النَّفْسَ، وَالْمَسْكِنُ الأَرْضِيُّ يَخْفِضُ الْعَقْلَ الْكَثِيرَ
الْهُمُومِ. 16 وَنَحْنُ بِالْجَهْدِ نَتَمَثَّلُ مَا عَلَى الأَرْضِ،
وَبِالْكَدِّ نُدْرِكُ مَا بَيْنَ أَيْدِينَا، فَمَا فِي السَّمَوَاتِ مَنِ
اطَّلَعَ عَلَيْهِ؟ 17 وَمَنْ عَلِمَ مَشُورَتَكَ لَوْ لَمْ تُؤْتِ الْحِكْمَةَ،
وَتَبْعَثْ رُوحَكَ الْقُدُّوسَ مِنَ الأَعَالِي؟ 18 فَإِنَّهُ كَذلِكَ
قُوِّمَتْ سُبُلُ الَّذِينَ عَلَى الأَرْضِ، وَتَعَلَّمَ النَّاسُ مَرْضَاتَكَ، 19 وَالْحِكْمَةُ هِيَ الَّتِي خَلَّصَتْ كُلَّ مَنْ أَرْضَاكَ، يَا رَبُّ،
مُنْذُ الْبَدْءِ.
ع9: إن حكمة الله
أزلية فيه، وقد ظهرت أمامنا منذ البدء؛ بدء خلقة العالم، وتكوين الإنسان هي
التي خلقت كل شيء من العدم، ودبرت ونظمت حياة الكل.
وهى التي وضعت الوصايا والشرائع منذ البدء في
ضمير الإنسان، أو في وصايا موسى النبي.
إن الله عظيم بلا حدود. فكيف نقترب إليه ونعبده
وهو نار آكلة، لا نستطيع إرضاءه إلا بمعونة الحكمة الإلهية، العارفة أعماق
الله، وضعف الإنسان، وقادرة أن ترشده، وتوقفه بخشوع كإبن أمام الله في الصلاة.
وهكذا نشعر بوضوح أكبر في العهد الجديد بعمل الروح القدس، معطى الحكمة، الذي
يعلمنا كيف نصلى؟ إذ يقول الكتاب المقدس ""الروح نفسه يشفع فينا بأنات لا يُنطق
بها"" (رو8: 26).
والحكمة العارفة ما هو المرضى في عينيك يا الله،
هى المسيح إلهنا، الذي شهد له الآب عند عماده بقوله ""هذا هو ابنى الحبيب الذي
به سررت"" (مت3: 17). فالمسيح وحده هو القادر على إرضاء الآب بذبيحة نفسه على
الصليب. وبإيماننا بالمسيح، واتحادنا به نستطيع أن نرضى الله على قدر طاقتنا.
ع10: تجدُ: تجتهد.
ويطلب سليمان بوضوح أن يتنازل الله، ويرسل حكمته
العظيمة؛ لتعمل فيه. إنه عاجز عن الاقتراب لله، وكل جهاد روحي، فيطلب أن تعطيه
الحكمة الإرادة والقوة؛ ليجاهد بجدية، ويقوم من تكاسله وضعفه، وتعلمه كيف يرضى
الله، ويتمتع بحبه.
فالحكمة الإلهية تساند الإنسان ضد حروب إبليس؛
لينتصر عليه. وإن كان سليمان يطلب هنا نوال الحكمة الإلهية لنفسه، لكنه يعلن
اشتياقه بوضوح إلى تجسد المسيح الحكمة الأزلية، فينزل من السماء، ومن عرش مجده؛
ليحيا بيننا، ويفدينا على الصليب.
† لا تنزعجى يا نفسي من ضعفك، فإن حكمة الله
قادرة أن تقيمك من كل كسل وتهاون، وتنزع، عنك جهلك الناتج من انشغالاتك
العالمية، فتعلمك كيف تصلى، وتعبدى الله بأمانة.
ع11: فطينا: حكيمًا ذكيًا.
عزها: قوتها.
وحيث أن الحكمة تعلم كل شيء، فأنا مطمئن لإرشادها؛
لأنه لا يستطيع أحد أن يخدعها، ولا يخفى عليها أمر، وبالتالي تكون كل أعمالى
مستقيمة؛ لأنها ناتجة من حكمة الله، بل هي أيضًا بقدرتها التي تفوق كل قدرة
تستطيع أن تحفظنى في حياة البر، وتصرع عند قدمى كل قوى الشر، فأتمتع بالثبات في
الله؛ كما قال بولس الرسول: ""فبالمسيح قوة الله وحكمة الله"" (1 كو1: 24).
وسليمان لا يطلب ويتمسك بالحكمة لكي يتكبر بها،
بل لينفذ بها إرادة الله في قيادة شعبه، وعمل كل خير.
ع12: تغدو: تصير.
أهلًا: مستحقًا.
وهكذا يطمئن قلب سليمان أن الله راضٍ عن أعماله؛
لأنها منه، وبحكمته. وبالطاعة والخضوع لحكمة الله قد نقل سليمان المسئولية من
على كتفه إلى الله. فالاتكال على الله هو سر السلام الداخلي والنجاح في كل
المسئوليات. ولا يجد سليمان خلاصه وحده بالحكمة، بل ويخلص آخرين أيضًا، فيصير
خادمًا حقيقيًا لله، ويحكم شعبه بكلامه المقدس، ويعلن صوته للجميع. وهكذا
بالحكمة يصير أهلًا لهذا المُلك العظيم، الذي يشعر بعدم استحقاقه له؛ لضعفه
وحقارته.
† لقد أقامك الله يا أخى نورًا للعالم، وملحًا
للأرض، فتمسك به؛ لتجد خلاصك، ثم تصير أيضًا مرشدًا لكل من حولك بسلوكك الحكيم
ومحبتك لله. إنك أعظم من كل ملوك العالم، لست محتاجًا إلى تيجان الملوك؛ لأن
الله هو تاجك، ويملك بنفسه على قلبك، وأوكل إليك قيادة كل من حولك روحيًا،
لتجذب الكل لخلاص نفوسهم في المسيح يسوع.
ع13: إن حكمة الله الغير محدودة أكبر من أن
يستوعبها الإنسان المخلوق المحدود. وهي بالتالى مختلفة عن حكمة الأرض الضعيفة،
التي يظنها البشر حكمة. لذا تبدو وصايا الله أحيانًا غريبة وصعبة في نظرنا؛
لأجل انهماكنا في أفكار الخطية، وشهوات العالم. ونتحير كثيرًا، باحثين عن إرادة
الله، وهي قريبة منا، إذا التصقنا بالله، وأحببناه أكثر من كل ما في العالم.
ع14: إحجام: يحجم أي يتوقف عن. وذات
إحجام أي ذات حدود، فتخشى وتخاف من أمور كثيرة.
راسخة: ثابتة.
وأفكار البشر - التي يؤلهها البعض، مثل السياسيين
وحكام الأرض، ويشعرون أنهم يدبرون العالم - هي أفكار محدودة، وذات إحجام، أي
تخشى، وتخاف من أمور كثيرة. وما نراه بعيوننا البشرية غير ثابت، وحكمنا على
الأمور يتغير من وقت لآخر. أما الحكمة الإلهية فهي بلا حدود، وثابتة منذ الأزل
وإلى الأبد، لأنها من الله.
† فلتتصاغر أفكارنا، بل هي عدم وشر، إن قيست
بالحكمة الإلهية النقية الكاملة. فلتطلب نفوسنا الحكمة الحقيقية، إذ علمنا ضعف
أفكارنا البشرية. والله في سمائه يضحك ويستهزئ بحكمة حكماء الأرض الشريرة،
ويقول المزمور الثاني عن الله ""الساكن في السموات يضحك. الرب يستهزئ بهم"" (مز2: 4).
ع15: لأن عقولنا مرتبطة بأجسادنا، وحين نحيا
في شهوات العالم، يثقل الجسد بالخطية ويجذب العقل معه، فتصير أفكارنا دنيئة
وحقيرة. فإن مسكننا الأرضى، أي أجسادنا، تربطنا بمحبة الماديات، وتقلق
لاضطرابها وتغيرها، فنمتلئ بالهموم، وحينئذ ينشغل العقل والنفس عن محبة الله،
فتفقد سموها، وتنزل إلى أسافل الخطية والشهوات الردية. هذه هي الحكمة البشرية
وأفكار العالم، فأين هي من سمو الحكمة الإلهية؟!.
الله خلق الجسد طاهرًا، والإنسان الصالح يحيا
بجسده وروحه في نقاوة مع الله. ولكن إن ابتعد الإنسان عن الله يسقط في الخطية،
ويصير جسده فاسدًا. والجسد الفاسد يصير ثقيلًا على الروح، ويجذبها إلى الشر،
ويجذب العقل إلى الخطية، فيفسد هو أيضًا، ويمتلئ بالهموم. إذن إذا اكتشف
الإنسان فساد جسده بالشهوات، يلزم أن يسرع إلى التوبة؛ ليتنقى جسده ونفسه
وعقله، فيحيا مع الله في نقاوة، كما أراد الله له أن يعيش.
ع16: نتمثل: نتصور ونفهم.
بالكد: بالجهد.
إن العالم ملئ بالكائنات، والأحداث الكثيرة، التي
مازال الإنسان يكتشف الكثير منها كل يوم. فإن كنا لا ندرك ما نلمسه بحواسنا،
فكيف نفهم ما لا نراه، أي الله الساكن في السماء والمخلوقات الروحية، أي
الملائكة؟ إننا لا نستطيع إدراك ما على الأرض، وبالأولى ما في السماء، إلا
بمعونة الحكمة الإلهية.
ويظهر من هذه الآية، والتي قبلها أن الذي يعطل
الإنسان عن بلوغ الحكمة الإلهية ثلاثة أمور هي:
شهوات الجسد (ع15).
هموم العقل (ع15).
محدودية فهم الإنسان (ع16).
ولا سبيل إلى إدراك الحكمة الإلهية إلا بالاتضاع،
والالتجاء لله بالصلاة.
ع17: تُؤت:
تُعطى.
وطبعًا الإنسان العاجز عن إدراك الأرضيات، لا
يستطيع الارتفاع إلى السماء. والحل الوحيد لإدراك السمائيات هو تنازل الله؛
لينعم على البشر بحكمته، فيستطيعوا فهم الله، وكل ما هو روحي.
هذا ما فعله المسيح إلهنا الكلمة بتجسده، فهو
أقنوم الحكمة الأزلية، الذي تجسد في ملء الزمان؛ ليقترب إلينا، فندركه ونرتبط
به، ونحيا له في الأرض، ثم في السماء. لقد تنازل وأخذ جسدنا، وأعطانا حكمته،
وأعطانا ذاته بتجسده ويعطينا نفسه في جسده المقدس ودمه الكريم على المذبح كل
يوم؛ لذا نمجده ونقول: ""هو أخذ الذي لنا وأعطانا الذي له نسبحه ونمجده ونزيده
علوًا"" (تذاكية الجمعة). ويعطينا الله كل بركات تجسده وفدائه من خلال الروح
القدس، الذي حل على الكنيسة في يوم الخمسين، فيهبنا حكمة الله من خلال الأسرار
المقدسة ووسائط النعمة.
ع18، 19: قومت: أصلحت.
إن كان إبليس يحاول دائمًا أن ينحرف بالبشر عن
طرق الله، ويتيههم في مشاغل العالم، ويسقطهم في الشهوات الردية، فإن الحكمة
تخلص كل من يلتجئ إليها، وتعيده إلى الطريق المستقيم، وتصلح أخطاءه، وتغفر
خطاياه، وتعلمه كيف يحيا مع الله ويرضيه. لا شيء سوى الحكمة غيرت الخطاة وحولتهم
إلى قديسين منذ بدء العالم. فهي التي علمت آدم الساقط الاقتراب إلى الله
بذبيحة، وكذلك ابنه هابيل. وهي إلى رفعت أخنوخ إلى السماء، وأنقذت نوح من
الطوفان. وهي التي تعمل حتى الآن في تخليص أولاد الله من شر العالم.
† لا تخش يا أخى سطوة الشر وقوة إبليس، فإن
الله أقوى منه. آمن بالمسيح يسوع الحكمة الأزلية، وتمسك بروحه القدوس، وأكمل
جهادك، كإبن للكنيسة، بهذا ترضى الله، فيخلصك من كل مؤامرات العدو.
← تفاسير أصحاحات
حكمة:
مقدمة |
1 |
2 |
3 |
4 |
5 |
6 |
7 |
8 |
9 |
10 |
11 |
12 |
13 |
14 |
15 |
16 |
17 |
18 |
19
تفاسير أسفار الكتاب المقدس
1- تفاسير سفر التكوين
2- تفاسير سفر الخروج
3- تفاسير سفر اللاويين
4- تفاسير سفر العدد
5- تفاسير سفر التثنية
6- تفاسير سفر يشوع
7- تفاسير سفر القضاة
8- تفاسير سفر راعوث
9- تفاسير سفر صموئيل الأول
10- تفاسير سفر صموئيل الثاني
11- تفاسير سفر الملوك الأول
12- تفاسير سفر الملوك الثاني
13- تفاسير سفر أخبار الأيام الأول
14- تفاسير سفر أخبار الأيام الثاني
15- تفاسير سفر عزرا
16- تفاسير سفر نحميا
17- تفاسير سفر طوبيا
18- تفاسير سفر يهوديت
19- تفاسير سفر أستير + التتمة
20- تفاسير سفر أيوب
21- تفاسير سفر المزامير + مز 151
22- تفاسير سفر الأمثال
23- تفاسير سفر الجامعة
24- تفاسير سفر نشيد الأناشيد
25- تفاسير سفر الحكمة
26- تفاسير سفر يشوع بن سيراخ
27- تفاسير سفر إشعياء
28- تفاسير سفر إرميا
29- تفاسير سفر مراثي إرميا
30- تفاسير سفر نبوه باروخ
31- تفاسير سفر حزقيال
32- تفاسير سفر دانيال + التتمة
33- تفاسير سفر هوشع
34- تفاسير سفر يوئيل
35- تفاسير سفر عاموس
36- تفاسير سفر عوبديا
37- تفاسير سفر يونان
38- تفاسير سفر ميخا
39- تفاسير سفر ناحوم
40- تفاسير سفر حبقوق
41- تفاسير سفر صفنيا
42- تفاسير سفر حجي
43- تفاسير سفر زكريا
44- تفاسير سفر ملاخي
45- تفاسير سفر المكابيين الأول
46- تفاسير سفر المكابيين الثاني
1- تفاسير إنجيل متى
2- تفاسير إنجيل مرقس
3- تفاسير إنجيل لوقا
4- تفاسير إنجيل يوحنا
5- تفاسير سفر أعمال الرسل
6- تفاسير الرسالة إلى رومية
7- تفاسير رسالة كورنثوس الاولى
8- تفاسير كورنثوس الثانية
9- تفاسير الرسالة إلى أهل غلاطية
10- تفاسير الرسالة إلى أفسس
11- تفاسير الرسالة إلى فيلبي
12- تفاسير الرسالة إلى كولوسي
13- تفاسير تسالونيكي الأولى
14- تفاسير تسالونيكي الثانية
15- تفاسير رسالة تيموثاوس الأولى
16- تفاسير تيموثاوس الثانية
17- تفاسير الرسالة إلى تيطس
18- تفاسير الرسالة إلى فيلمون
19- تفاسير رسالة العبرانيين
20- تفاسير رسالة يعقوب
21- تفاسير رسالة بطرس الأولى
22- تفاسير رسالة بطرس الثانية
23- تفاسير رسالة يوحنا الأولى
24- تفاسير رسالة يوحنا الثانية
25- تفاسير رسالة يوحنا الثالثة
26- تفاسير رسالة يهوذا
27- تفاسير سفر الرؤيا"
حكمة سليمان,9,1,"(9:1): يبدأ سليمان
صلاته، التي تظهر مدى محبته وتقديره للحكمة، ويستهل هذه الصلاة بتقديم المجد
والعظمة لله. إنه لا يقول كلمات رنانة بلا معنى، بل يعلن إحساسه بالله، إذ يشعر
أنه:
1- ""إله الآباء""
فهو الذي رعى آباءه بالحب، ووعدهم بوعود كثيرة
تتحقق في نسلهم. على هذا الرجاء يقف أمام الله ويصلى ويطلب.
وذِكر الآباء يشير إلى أهمية الأبوة عند الملك،
أو القائد. فالحكم ليس تسلطًا وإدارة، ولكنه قبل كل شيء أبوة.
2- ""رب الرحمة"":
ويرى أيضًا أنه رب الرحمة، الذي يغفر خطايا
التائبين، ويعضد ويسند الضعفاء، ويهتم بكل محتاج. فها هو سليمان الضعيف يتقدم
بثقة؛ لينال من رب الرحمة كل احتياجاته، ثم يراعى، وهو يحكم شعبه، أن يقودهم
بأبوة مملوءة بالرحمة، مثل الله، فينال هو أيضًا رحمة من الله، كما يذكر لنا
المسيح في العهد الجديد ويقول ""طوبى للرحماء؛ لأنهم يُرحمون""
(مت5: 7).
3- ""صانع الجميع بكلمتك""
وفى نفس الوقت يشعر سليمان أن هذا الإله الحنون،
راعى النفوس، هو أيضًا القادر على كل شئ؛ لأنه خالق الكل .. جميع البشر، بل
أيضًا كل المخلوقات، وبالتالي فحياتهم كلها في يده، وهو ضابط الكل. فيطمئن
قلبه، إذ يقف أمامه، ويتشجع، فيطلب ما يحتاجه من القادر على منحه كل شيء.
ع2:"
حكمة سليمان,9,2,"(9:2): فاطر: خالق.
ثم يناجى الله واهب العطايا، الذي أجزل عطاياه
للإنسان دونًا عن باقي الخلائق. فقد خلقه بحكمته على صورته ومثاله، مميزًا عن
الكل، ورأسًا لكل المخلوقات، حتى الأكبر منه في الحجم بما لا يقاس، مثل الكواكب
والبحار والأنهار، وأيضًا الأقوى منه، مثل الوحوش المفترسة، وتحركات الطبيعة
العنيفة، مثل العواصف والفيضانات. فكيف يسود الإنسان على كل هذه الخلائق؟ إلا
بنعمة الله المعطاة له، أي روح الله الذي ناله، فصار على صورة الله. لذا يذكر
لنا سفر التكوين هذا السلطان الإلهي الممنوح للإنسان (تك1: 28). ويظهر هنا الله
القائد الحقيقي، الذي يخلق قادة وليس عبيدًا، فلم يخلق الإنسان ليكون ضعيفًا
ومجرد عبد خاضع له، بل جعله قائدًا ومتسلطًا على الخليقة كلها.
† المجد لك يا خالق الكل، ومخضع جميع الكائنات
للإنسان، الذي أنعمت عليه بروحك الساكن فيه.
ع3:"
حكمة سليمان,9,3,"(9:3): يسوس: يدبر ويقود ويحكم.
وواضح أن تميز الإنسان ورئاسة الخليقة كلها قائم
على تشبهه بالله في القداسة والصلاح والبر. وعلى قدر ما يحيا مع الله تخضع له
كل الخلائق، وإذ يتبع الله بلا غرض، يصير عادلًا في حكمه على الأمور، وتستقيم
نفسه في اتجاه الله، لا يبغى إلا تمجيد اسمه القدوس، وطاعة وصاياه في كل شيء،
ولا يحابى أحدًا، أي يكون عادلًا في كل شيء. فكما أن الله قائد يخلق قادة، فالله
القدوس يخلق قديسين يحكمون بالقداسة والبر.
† ما أعظمك أيها الإنسان، يا من مجدك الله
على كل خليقته، لا يكفيك العمر كله لتسبح الله وتشكره على نعمه وبركاته، التي
تزداد كل يوم بخضوعك ونشر اسمه القدوس.
ع4:"
حكمة سليمان,9,4,"(9:4): ترذلنى: تحتقرنى.
شعر سليمان بضعفه وخطاياه وعدم استحقاقه أن يكون
ابنًا لله، فطلب مراحمه، وطول أناته عليه. بل تجاسر، بدالة البنوة، معلنًا
احتياجه للحكمة الإلهية المرتفعة عند العرش الإلهي. فهو لا يطلب حكمة البشر
المادية، بل يشتاق للحكمة الحقيقية التي ينعم بها الله عليه كعطية مجانية؛ لأجل
محبته كأب لأولاده.
والحكمة الحقيقية هي الأقنوم الثانى؛ المسيح
إلهنا، الذي تجسد في ملء الزمان.
ع5:"
حكمة سليمان,9,5,"(9:5): وأعلن سليمان، باتضاع، ضعفه أمام الله،
فلم يتعظم بملكه، عالمًا أنه مجرد عبد، ابن لعبيد، فيقول عن والدته أمتك، أي
عبدتك يا الله.
ودليل على ضعفه، أن حياته قصيرة على الأرض، ولابد
أن تنتهي، فأين ملكه وسلطانه، إن كان الموت يملك عليه؟!
ثم أعلن ضعفه في الفهم، فكيف يصير قائدًا حكيمًا،
وقاضيًا لشعب الله، وهو لا يفهم القوانين والشرائع التي يقضى بها بين شعبه؟ كل
هذه لا يحصل عليها إلا بالحكمة الإلهية.
† إن الاتضاع هو أن
تعرف يا أخى ذاتك على حقيقتها، حينئذ تنهمر عليك سيول مراحم الله، خاصة عندما
تواجه مواقف كبيرة، ومسئوليات ضخمة. أعلن ضعفك أمامه، تنال أكثر مما تطلب أو
تفتكر.
ع6:"
حكمة سليمان,9,6,"(9:6): ولم ينخدع سليمان بمظاهر العظمة والكمال
التي يتحلى بها البشر. فها سليمان رجلًا يتحلى بقوة الشباب، وعظمة الملك،
والغنى، وكل مظاهر الكمال في نظر البشر، ولكنه يؤمن أنه بدون الله لا يساوى
شيئًا؛ هو مجرد تراب ورماد؛ لذا يتضرع طالبًا حكمة الله. ولأن سليمان له معرفة
بالعلوم الكثيرة، وأيضًا يقتنى الغنى وكل الاحتياجات المادية، فهذا يمكن أن
يخدع البعض، فيشعرون بالاكتفاء وعدم الحاجة إلى الله. أما سليمان ففهم حقيقة
الأمر، وهو أن كل هذا زائل ومؤقت، ولا يغنيه عن الله المعطى الحكمة الحقيقية.
ع7:"
حكمة سليمان,9,7,"(9:7): وفى اتضاعه لم يشعر أن الملك حق مكتسب له
بالوراثة عن أبيه داود، بل الله هو الذي اختاره من بين بنى داود الكثيرين،
وجعله مسئولًا عن القضاء بشريعة الله بين شعبه. لذا فهو محتاج لحكمة الله التي
تعلمه الوصايا الإلهية، وكيفية السلوك بها، ثم بالتالى الحكم بها بين شعب الله.
فالملك في نظر سليمان وظيفة كلفه بها الله، فهي نعمة لا يستحقها، يشكر الله
عليها، ويطلب معونته لإتمامها.
ع8:"
حكمة سليمان,9,8,"(9:8): وأهم عمل شعر سليمان أنه مطلوب منه، هو
إقامة هيكل الله في أورشليم مدينته... مدينة السلام، التي رضى أن يسكن فيها وسط
شعبه. لقد كان هذا قصد الله من البدء، حين أخرج شعبه إلى برية سيناء، وأعطى
مثال خيمة الاجتماع لموسى النبي، كانت خيمة لتناسب حياة البرية، وتعطى معنى
غربة العالم لكل أولاده. ولكن من ناحية أخرى، أراد الله في ملء الزمان في حياة
سليمان أن يكون له استقرار وسط شعبه، ببناء هيكل ثابت له، يقترب إليه كل أولاده
بالصلاة فيه. إنه رمز للكنيسة في العهد الجديد، أهم مكان في العالم، حيث يلتقى
الله بشعبه، ويعطيهم عطيته العظمى؛ جسده ودمه الأقدسين؛ ليعبروا بها برية هذا
العالم، ويصلوا إلى أورشليم السمائية، حيث الاستقرار الكامل في الهيكل الأبدي
في ملكوت السموات. فالمسكن المقدس الذي منذ البدء، أي منذ الأزل، في فكر الله،
هو حلوله الإلهي وسط شعبه، الذي أتمه سليمان في هيكله على الأرض، ويكمل في
ملكوت السموات، حيث الحلول الإلهي الدائم.
فرسالة سليمان في حياته هي أن يبنى هيكلًا لله،
ويحيا معه فيه. هذا ما أتمه سليمان، وعاشه أيضًا مع الله، حتى وإن كان في بعض
الوقت منشغلًا بأمور العالم، ولكنه عاد إليه في نهاية حياته، فهو أتم الرسالة
المطلوبة منه. كما أن كل إنسان لابد أن يتمم الرسالة المطلوبة منه التي يريدها
الله.
† إلتصقى بالمذبح يا نفسي تجدى حياتك. إن أبوك
إبراهيم كان أهم ما في حياته المذبح والخيمة، أي الله وغربة العالم، فلا تنشغلى
بشئ عن هدفك الوحيد، وهو محبته. تخلى عن كل كرامة العالم، وانفضى عنكِ كل شهوة
أرضية، لتتكرسى كهيكل مقدس للحب الإلهي، فيملك عليك، وتصيرى ملكة عظيمة، مثل
سليمان.
←
وستجد
تفاسير أخرى
هنا في
(2)
الحكمة تعلم إرضاء الله (ع9-19):
9 إِنَّ مَعَكَ الْحِكْمَةَ الْعَلِيمَةَ
بِأَعْمَالِكَ، وَالَّتِي كَانَتْ حَاضِرَةً إِذْ صَنَعْتَ الْعَالَمَ، وَهِيَ
عَارِفَةٌ مَا الْمَرْضِيُّ فِي عَيْنَيْكَ، وَالْمُسْتَقِيمُ فِي وَصَايَاكَ، 10 فَأَرْسِلْهَا مِنَ السَّمَوَاتِ الْمُقَدَّسَةِ، وَابْعَثْهَا مِنْ عَرْشِ
مَجْدِكَ، حَتَّى إِذَا حَضَرَتْ تَجِدُّ مَعِي، وَأَعْلَمُ مَّا الْمَرْضِيُّ
لَدَيْكَ. 11 فَإِنَّهَا تَعْلَمُ وَتَفْهَمُ كُلَّ شَيْءٍ؛ فَتَكُونُ لِي فِي
أَفْعَالِي مُرْشِدًا فَطِينًا، وَبِعِزِّهَا تَحْفَظُنِي، 12 فَتَغْدُو
أَعْمَالِي مَقْبُولَةً، وَأَحْكُمُ لِشَعْبِكَ بِالْعَدْلِ، وَأَكُونُ أَهْلًا
لِعَرْشِ أَبِي. 13 فَأَيُّ إِنْسَانٍ يَعْلَمُ مَشُورَةَ اللهِ، أَوْ يَفْطَنُ
لِمَا يُرِيدُ الرَّبُّ؟ 14 إِنَّ أَفْكَارَ الْبَشَرِ ذَاتُ إِحْجَامٍ،
وَبَصَائِرَنَا غَيْرُ رَاسِخَةٍ، 15 إِذِ الْجَسَدُ الْفَاسِدُ يُثَقِّلُ
النَّفْسَ، وَالْمَسْكِنُ الأَرْضِيُّ يَخْفِضُ الْعَقْلَ الْكَثِيرَ
الْهُمُومِ. 16 وَنَحْنُ بِالْجَهْدِ نَتَمَثَّلُ مَا عَلَى الأَرْضِ،
وَبِالْكَدِّ نُدْرِكُ مَا بَيْنَ أَيْدِينَا، فَمَا فِي السَّمَوَاتِ مَنِ
اطَّلَعَ عَلَيْهِ؟ 17 وَمَنْ عَلِمَ مَشُورَتَكَ لَوْ لَمْ تُؤْتِ الْحِكْمَةَ،
وَتَبْعَثْ رُوحَكَ الْقُدُّوسَ مِنَ الأَعَالِي؟ 18 فَإِنَّهُ كَذلِكَ
قُوِّمَتْ سُبُلُ الَّذِينَ عَلَى الأَرْضِ، وَتَعَلَّمَ النَّاسُ مَرْضَاتَكَ، 19 وَالْحِكْمَةُ هِيَ الَّتِي خَلَّصَتْ كُلَّ مَنْ أَرْضَاكَ، يَا رَبُّ،
مُنْذُ الْبَدْءِ.
ع9:"
حكمة سليمان,9,9,"(9:9): إن حكمة الله
أزلية فيه، وقد ظهرت أمامنا منذ البدء؛ بدء خلقة العالم، وتكوين الإنسان هي
التي خلقت كل شيء من العدم، ودبرت ونظمت حياة الكل.
وهى التي وضعت الوصايا والشرائع منذ البدء في
ضمير الإنسان، أو في وصايا موسى النبي.
إن الله عظيم بلا حدود. فكيف نقترب إليه ونعبده
وهو نار آكلة، لا نستطيع إرضاءه إلا بمعونة الحكمة الإلهية، العارفة أعماق
الله، وضعف الإنسان، وقادرة أن ترشده، وتوقفه بخشوع كإبن أمام الله في الصلاة.
وهكذا نشعر بوضوح أكبر في العهد الجديد بعمل الروح القدس، معطى الحكمة، الذي
يعلمنا كيف نصلى؟ إذ يقول الكتاب المقدس ""الروح نفسه يشفع فينا بأنات لا يُنطق
بها"" (رو8: 26).
والحكمة العارفة ما هو المرضى في عينيك يا الله،
هى المسيح إلهنا، الذي شهد له الآب عند عماده بقوله ""هذا هو ابنى الحبيب الذي
به سررت"" (مت3: 17). فالمسيح وحده هو القادر على إرضاء الآب بذبيحة نفسه على
الصليب. وبإيماننا بالمسيح، واتحادنا به نستطيع أن نرضى الله على قدر طاقتنا.
ع10:"
حكمة سليمان,9,10,"(9:10): تجدُ: تجتهد.
ويطلب سليمان بوضوح أن يتنازل الله، ويرسل حكمته
العظيمة؛ لتعمل فيه. إنه عاجز عن الاقتراب لله، وكل جهاد روحي، فيطلب أن تعطيه
الحكمة الإرادة والقوة؛ ليجاهد بجدية، ويقوم من تكاسله وضعفه، وتعلمه كيف يرضى
الله، ويتمتع بحبه.
فالحكمة الإلهية تساند الإنسان ضد حروب إبليس؛
لينتصر عليه. وإن كان سليمان يطلب هنا نوال الحكمة الإلهية لنفسه، لكنه يعلن
اشتياقه بوضوح إلى تجسد المسيح الحكمة الأزلية، فينزل من السماء، ومن عرش مجده؛
ليحيا بيننا، ويفدينا على الصليب.
† لا تنزعجى يا نفسي من ضعفك، فإن حكمة الله
قادرة أن تقيمك من كل كسل وتهاون، وتنزع، عنك جهلك الناتج من انشغالاتك
العالمية، فتعلمك كيف تصلى، وتعبدى الله بأمانة.
ع11:"
حكمة سليمان,9,11,"(9:11): فطينا: حكيمًا ذكيًا.
عزها: قوتها.
وحيث أن الحكمة تعلم كل شيء، فأنا مطمئن لإرشادها؛
لأنه لا يستطيع أحد أن يخدعها، ولا يخفى عليها أمر، وبالتالي تكون كل أعمالى
مستقيمة؛ لأنها ناتجة من حكمة الله، بل هي أيضًا بقدرتها التي تفوق كل قدرة
تستطيع أن تحفظنى في حياة البر، وتصرع عند قدمى كل قوى الشر، فأتمتع بالثبات في
الله؛ كما قال بولس الرسول: ""فبالمسيح قوة الله وحكمة الله"" (1 كو1: 24).
وسليمان لا يطلب ويتمسك بالحكمة لكي يتكبر بها،
بل لينفذ بها إرادة الله في قيادة شعبه، وعمل كل خير.
ع12:"
حكمة سليمان,9,12,"(9:12): تغدو: تصير.
أهلًا: مستحقًا.
وهكذا يطمئن قلب سليمان أن الله راضٍ عن أعماله؛
لأنها منه، وبحكمته. وبالطاعة والخضوع لحكمة الله قد نقل سليمان المسئولية من
على كتفه إلى الله. فالاتكال على الله هو سر السلام الداخلي والنجاح في كل
المسئوليات. ولا يجد سليمان خلاصه وحده بالحكمة، بل ويخلص آخرين أيضًا، فيصير
خادمًا حقيقيًا لله، ويحكم شعبه بكلامه المقدس، ويعلن صوته للجميع. وهكذا
بالحكمة يصير أهلًا لهذا المُلك العظيم، الذي يشعر بعدم استحقاقه له؛ لضعفه
وحقارته.
† لقد أقامك الله يا أخى نورًا للعالم، وملحًا
للأرض، فتمسك به؛ لتجد خلاصك، ثم تصير أيضًا مرشدًا لكل من حولك بسلوكك الحكيم
ومحبتك لله. إنك أعظم من كل ملوك العالم، لست محتاجًا إلى تيجان الملوك؛ لأن
الله هو تاجك، ويملك بنفسه على قلبك، وأوكل إليك قيادة كل من حولك روحيًا،
لتجذب الكل لخلاص نفوسهم في المسيح يسوع.
ع13:"
حكمة سليمان,9,13,"(9:13): إن حكمة الله الغير محدودة أكبر من أن
يستوعبها الإنسان المخلوق المحدود. وهي بالتالى مختلفة عن حكمة الأرض الضعيفة،
التي يظنها البشر حكمة. لذا تبدو وصايا الله أحيانًا غريبة وصعبة في نظرنا؛
لأجل انهماكنا في أفكار الخطية، وشهوات العالم. ونتحير كثيرًا، باحثين عن إرادة
الله، وهي قريبة منا، إذا التصقنا بالله، وأحببناه أكثر من كل ما في العالم.
ع14:"
حكمة سليمان,9,14,"(9:14): إحجام: يحجم أي يتوقف عن. وذات
إحجام أي ذات حدود، فتخشى وتخاف من أمور كثيرة.
راسخة: ثابتة.
وأفكار البشر - التي يؤلهها البعض، مثل السياسيين
وحكام الأرض، ويشعرون أنهم يدبرون العالم - هي أفكار محدودة، وذات إحجام، أي
تخشى، وتخاف من أمور كثيرة. وما نراه بعيوننا البشرية غير ثابت، وحكمنا على
الأمور يتغير من وقت لآخر. أما الحكمة الإلهية فهي بلا حدود، وثابتة منذ الأزل
وإلى الأبد، لأنها من الله.
† فلتتصاغر أفكارنا، بل هي عدم وشر، إن قيست
بالحكمة الإلهية النقية الكاملة. فلتطلب نفوسنا الحكمة الحقيقية، إذ علمنا ضعف
أفكارنا البشرية. والله في سمائه يضحك ويستهزئ بحكمة حكماء الأرض الشريرة،
ويقول المزمور الثاني عن الله ""الساكن في السموات يضحك. الرب يستهزئ بهم"" (مز2: 4).
ع15:"
حكمة سليمان,9,15,"(9:15): لأن عقولنا مرتبطة بأجسادنا، وحين نحيا
في شهوات العالم، يثقل الجسد بالخطية ويجذب العقل معه، فتصير أفكارنا دنيئة
وحقيرة. فإن مسكننا الأرضى، أي أجسادنا، تربطنا بمحبة الماديات، وتقلق
لاضطرابها وتغيرها، فنمتلئ بالهموم، وحينئذ ينشغل العقل والنفس عن محبة الله،
فتفقد سموها، وتنزل إلى أسافل الخطية والشهوات الردية. هذه هي الحكمة البشرية
وأفكار العالم، فأين هي من سمو الحكمة الإلهية؟!.
الله خلق الجسد طاهرًا، والإنسان الصالح يحيا
بجسده وروحه في نقاوة مع الله. ولكن إن ابتعد الإنسان عن الله يسقط في الخطية،
ويصير جسده فاسدًا. والجسد الفاسد يصير ثقيلًا على الروح، ويجذبها إلى الشر،
ويجذب العقل إلى الخطية، فيفسد هو أيضًا، ويمتلئ بالهموم. إذن إذا اكتشف
الإنسان فساد جسده بالشهوات، يلزم أن يسرع إلى التوبة؛ ليتنقى جسده ونفسه
وعقله، فيحيا مع الله في نقاوة، كما أراد الله له أن يعيش.
ع16:"
حكمة سليمان,9,16,"(9:16): نتمثل: نتصور ونفهم.
بالكد: بالجهد.
إن العالم ملئ بالكائنات، والأحداث الكثيرة، التي
مازال الإنسان يكتشف الكثير منها كل يوم. فإن كنا لا ندرك ما نلمسه بحواسنا،
فكيف نفهم ما لا نراه، أي الله الساكن في السماء والمخلوقات الروحية، أي
الملائكة؟ إننا لا نستطيع إدراك ما على الأرض، وبالأولى ما في السماء، إلا
بمعونة الحكمة الإلهية.
ويظهر من هذه الآية، والتي قبلها أن الذي يعطل
الإنسان عن بلوغ الحكمة الإلهية ثلاثة أمور هي:
شهوات الجسد (ع15).
هموم العقل (ع15).
محدودية فهم الإنسان (ع16).
ولا سبيل إلى إدراك الحكمة الإلهية إلا بالاتضاع،
والالتجاء لله بالصلاة.
ع17:"
حكمة سليمان,9,17,"(9:17): تُؤت:
تُعطى.
وطبعًا الإنسان العاجز عن إدراك الأرضيات، لا
يستطيع الارتفاع إلى السماء. والحل الوحيد لإدراك السمائيات هو تنازل الله؛
لينعم على البشر بحكمته، فيستطيعوا فهم الله، وكل ما هو روحي.
هذا ما فعله المسيح إلهنا الكلمة بتجسده، فهو
أقنوم الحكمة الأزلية، الذي تجسد في ملء الزمان؛ ليقترب إلينا، فندركه ونرتبط
به، ونحيا له في الأرض، ثم في السماء. لقد تنازل وأخذ جسدنا، وأعطانا حكمته،
وأعطانا ذاته بتجسده ويعطينا نفسه في جسده المقدس ودمه الكريم على المذبح كل
يوم؛ لذا نمجده ونقول: ""هو أخذ الذي لنا وأعطانا الذي له نسبحه ونمجده ونزيده
علوًا"" (تذاكية الجمعة). ويعطينا الله كل بركات تجسده وفدائه من خلال الروح
القدس، الذي حل على الكنيسة في يوم الخمسين، فيهبنا حكمة الله من خلال الأسرار
المقدسة ووسائط النعمة.
ع18، 19: قومت: أصلحت.
إن كان إبليس يحاول دائمًا أن ينحرف بالبشر عن
طرق الله، ويتيههم في مشاغل العالم، ويسقطهم في الشهوات الردية، فإن الحكمة
تخلص كل من يلتجئ إليها، وتعيده إلى الطريق المستقيم، وتصلح أخطاءه، وتغفر
خطاياه، وتعلمه كيف يحيا مع الله ويرضيه. لا شيء سوى الحكمة غيرت الخطاة وحولتهم
إلى قديسين منذ بدء العالم. فهي التي علمت آدم الساقط الاقتراب إلى الله
بذبيحة، وكذلك ابنه هابيل. وهي إلى رفعت أخنوخ إلى السماء، وأنقذت نوح من
الطوفان. وهي التي تعمل حتى الآن في تخليص أولاد الله من شر العالم.
† لا تخش يا أخى سطوة الشر وقوة إبليس، فإن
الله أقوى منه. آمن بالمسيح يسوع الحكمة الأزلية، وتمسك بروحه القدوس، وأكمل
جهادك، كإبن للكنيسة، بهذا ترضى الله، فيخلصك من كل مؤامرات العدو.
← تفاسير أصحاحات
حكمة:
مقدمة |
1 |
2 |
3 |
4 |
5 |
6 |
7 |
8 |
9 |
10 |
11 |
12 |
13 |
14 |
15 |
16 |
17 |
18 |
19
تفاسير أسفار الكتاب المقدس
1- تفاسير سفر التكوين
2- تفاسير سفر الخروج
3- تفاسير سفر اللاويين
4- تفاسير سفر العدد
5- تفاسير سفر التثنية
6- تفاسير سفر يشوع
7- تفاسير سفر القضاة
8- تفاسير سفر راعوث
9- تفاسير سفر صموئيل الأول
10- تفاسير سفر صموئيل الثاني
11- تفاسير سفر الملوك الأول
12- تفاسير سفر الملوك الثاني
13- تفاسير سفر أخبار الأيام الأول
14- تفاسير سفر أخبار الأيام الثاني
15- تفاسير سفر عزرا
16- تفاسير سفر نحميا
17- تفاسير سفر طوبيا
18- تفاسير سفر يهوديت
19- تفاسير سفر أستير + التتمة
20- تفاسير سفر أيوب
21- تفاسير سفر المزامير + مز 151
22- تفاسير سفر الأمثال
23- تفاسير سفر الجامعة
24- تفاسير سفر نشيد الأناشيد
25- تفاسير سفر الحكمة
26- تفاسير سفر يشوع بن سيراخ
27- تفاسير سفر إشعياء
28- تفاسير سفر إرميا
29- تفاسير سفر مراثي إرميا
30- تفاسير سفر نبوه باروخ
31- تفاسير سفر حزقيال
32- تفاسير سفر دانيال + التتمة
33- تفاسير سفر هوشع
34- تفاسير سفر يوئيل
35- تفاسير سفر عاموس
36- تفاسير سفر عوبديا
37- تفاسير سفر يونان
38- تفاسير سفر ميخا
39- تفاسير سفر ناحوم
40- تفاسير سفر حبقوق
41- تفاسير سفر صفنيا
42- تفاسير سفر حجي
43- تفاسير سفر زكريا
44- تفاسير سفر ملاخي
45- تفاسير سفر المكابيين الأول
46- تفاسير سفر المكابيين الثاني
1- تفاسير إنجيل متى
2- تفاسير إنجيل مرقس
3- تفاسير إنجيل لوقا
4- تفاسير إنجيل يوحنا
5- تفاسير سفر أعمال الرسل
6- تفاسير الرسالة إلى رومية
7- تفاسير رسالة كورنثوس الاولى
8- تفاسير كورنثوس الثانية
9- تفاسير الرسالة إلى أهل غلاطية
10- تفاسير الرسالة إلى أفسس
11- تفاسير الرسالة إلى فيلبي
12- تفاسير الرسالة إلى كولوسي
13- تفاسير تسالونيكي الأولى
14- تفاسير تسالونيكي الثانية
15- تفاسير رسالة تيموثاوس الأولى
16- تفاسير تيموثاوس الثانية
17- تفاسير الرسالة إلى تيطس
18- تفاسير الرسالة إلى فيلمون
19- تفاسير رسالة العبرانيين
20- تفاسير رسالة يعقوب
21- تفاسير رسالة بطرس الأولى
22- تفاسير رسالة بطرس الثانية
23- تفاسير رسالة يوحنا الأولى
24- تفاسير رسالة يوحنا الثانية
25- تفاسير رسالة يوحنا الثالثة
26- تفاسير رسالة يهوذا
27- تفاسير سفر الرؤيا"
حكمة سليمان,10,0,"(10:1): (3)
يعقوب ويوسف (ع10-14):
10 وَهِيَ الَّتِي قَادَتِ الصِّدِّيقَ الْهَارِبَ
مِنْ غَضَبِ أَخِيهِ فِي سُبُلٍ مُسْتَقِيمَةٍ، وَأَرَتْهُ مَلَكُوتَ اللهِ،
وَأَتَتْهُ عِلْمَ الْقِدِّيسِينَ، وَأَنْجَحَتْهُ فِي أَتْعَابِهِ،
وَأَكْثَرَتْ ثَمَرَاتِ أَعْمَالِهِ. 11 وَعِنْدَ طَمَاعَةِ الْمُسْتَطِيلِينَ
عَلَيْهِ، انْتَصَبَتْ لِمَعُونَتِهِ وَأَغْنَتْهُ، 12 وَوَقْتَهُ مِنْ
أَعْدَائِهِ، وَحَمَتْهُ مِنَ الْكَامِنِينَ لَهُ، وَأَظْفَرَتْهُ فِي
الْقِتَالِ الشَّدِيدِ، لِكَيْ يَعْلَمَ أَنَّ التَّقْوَى أَقْدَرُ مِنْ كُلِّ
شَيْءٍ. 13 وَهِيَ الَّتِي لَمْ تَخْذُلِ الصِّدِّيقَ الْمَبِيعَ، بَلْ
صَانَتْهُ مِنَ الْخَطِيئَةِ، وَنَزَلَتْ مَعَهُ فِي الْجُبِّ. 14 وَفِي
الْقُيُودِ لَمْ تُفَارِقْهُ، حَتَّى نَاوَلَتْهُ صَوَالِجَةَ الْمُلْكِ،
وَسُلْطَانًا عَلَى الَّذِينَ قَسَرُوهُ، وَكَذَّبَتِ الَّذِينَ عَابُوهُ،
وَأَتَتْهُ مَجْدًا أَبَدِيًّا.
ع10: ثم تظهر قوة الحكمة الإلهية فيما يلي:
1- ""هى التي قادت الصديق الهارب من غضب أخيه"" في
سبل مستقيمة"":
فأنقذت الحكمة يعقوب آب الآباء من يد أخيه عيسو،
إذ بعدما سرق البكورية، بإيعاز من أمه رفقة، وعلم عيسو، أضمر له الشر. فهرب
يعقوب في البرية، مسافرا نحو خاله لابان.
وقاده الله في سبل مستقيمة، فلم يضل في البرية،
بل هداه الله إلى طريق خاله لابان. ومن ناحية أخرى، أبعده الله عن الكذب الذي
سقط فيه بإرشاد أمه، فسار باستقامة، يريد أن يهرب بحياته، ويحيا لله.
2- ""أرته ملكوت الله وأتته علم القديسين"":
كان يعقوب مضطربًا وخائفًا، وعندما نام في البرية
وحيدًا، ظهر له الله في حلم عجيب، إذ رأى سلم من الأرض يمتد نحو السماء،
وملائكة صاعدون ونازلون عليه، وسمع صوت الله من السماء يطمئنه ويباركه. وهكذا
في عمق الضيقة انكشفت له أسرار الله العجيبة. وكان هذا نبوة عن تجسد المسيح
وفدائه.
3- ""أنجحته في أتعابه وأكثرت ثمرات أعماله"":
ثم أوصله الله إلى خاله، الذي رحب به؛ ليعمل عنده
وزوجته وابنتيه ليئة وراحيل. وعمل أربع عشرة سنة في رعاية غنم لابان بدون أجر،
كمهر لزوجته. وكان الله معه، فأنجحه في عمله، فزادت أملاك خاله جدًا، كما أعطاه
الله نسل كثير، هم أثنا عشر ابنًا عدا البنات. وصار أبناؤه رؤساء أسباط الله
بعد هذا.
ع11: المستطيلين: المتطاولين
الظالمين.
انتصبت: قامت.
بعد أربع عشرة سنة عمل يعقوب بالأجرة عند خاله
لمدة ست سنوات. وكان خاله طماعًا، فغير أجرته عشر مرات (تك31: 7)، بغرض
استغلاله. ولكن الله كان معه، فوعده الله في حلم أنه سيباركه رغم ظلم خاله له
(تك31: 11). فعندما كان خاله يقول له أن نصيبه هي الغنم المخططة، يبارك الله
هذا النوع من الغنم أكثر من باقي الغنم، فتزيد أجرة وأملاك يعقوب. وكلما غير
لابان نوع الغنم التي هي نصيب يعقوب يبارك الله هذا النوع، فصار يعقوب غنيًا
جدًا.
ع12: ووقته: وحمته.
وأظفرته: ونصرته.
وأمام استغلال لابان خاله له، إضطر في النهاية أن
يهرب منه؛ هو وزوجتاه وأولاده. وعندما علم خاله قام وراءه برجال كثيرين؛ ليعيده
بالقوة، ويسئ إليه. ولكن الله ظهر له، وحذره من الإساءة إلى يعقوب، فخاف جدًا
(تك31: 24). وعندما أدركه لابان، أعلن له حماية الله له، وقطع معه عهدًا، يعلن
فيه أنه لن يسىء إليه أبدًا. وعندما وصل يعقوب إلى مكان إقامته الأول، وخرج
عيسو بأربعمائة رجل عليه؛ لينتقم منه، بعد عشرين سنة، صلى طوال الليل، وظهر
الله له، وباركه. ثم تقابل مع أخيه بعد أن هدأه الله، فتعانق الأخوان بمحبة.
وهكذا ظهرت قوة حياة البر وعشرة الله، التي تبارك
من يتبعها وتحميه من كل الشرور، فلم يكن ممكنًا ليعقوب أن ينجو من يد لابان، أو
يد عيسو إلا بقوة الله، الذي ظهر في الحلم للابان، ثم ظهر في الرؤيا ليعقوب،
وصارع يعقوب الله طالبًا البركة، فنالها. فزاد هذا تمسك يعقوب بالله؛ ليعلم أن
التقوى هي سر قوته.
† ليتك تثق في الصلاح والبر أكثر من كل شهوات
وقوى هذا العالم؛ فهذه الأخيرة باطلة ومؤقتة، والله يسمح فيظهرها أمامك ليختبر
بها إيمانك، وتمسكك به ""الذى يصبر إلى المنتهى فهذا يخلص"" (مت10: 22).
ع13: تخذل: تتخلى.
الجب: حفرة عميقة، والمقصود بها البئر، أو
السجن.
أما قصة يوسف الصديق، فتعلن قوة الحكمة التي تحمى
الضعفاء والمضطهدين. فرغم حسد إخوته له، ومحاولة قتله، وإلقاؤه في البئر، وبيعه
كعبد، كان الله معه في مصر، وأنجحه في بيت فوطيفار، وشدد قلبه في طريق الطهارة،
فرفض إغراءات إمرأة سيده في إصرار عجيب، متمسكًا بمخافة الله؛ حتى ألقى في
السجن، وكان الله معه في السجن، فوجد نعمة في عينى رئيس السجن، وصار مساعدًا له
في إدارة السجن بكفاءة ونجاح كبير.
ع14: صوالجه: جمع صولجان وهو قضيب
المُلك، إلى يمسكه الملك، ويشير إلى سلطانه.
قسروه: أجبروه، وتسلطوا عليه، وأذلوه.
والمقصود إخوته، وفوطيفار، وكل معاونيه في بيته، أو في السجن.
ثم رفعته الحكمة إلى عرش مصر، بعد تفسير أحلام
فرعون، فصار الرجل الثاني في مصر، وخضع له فوطيفار، وكل رؤساء مصر، وظهرت
براءته ونقاوته، بل بارك الله مصر كلها من أجله، وأعد الله له مجدًا أبديًا في
السماء من أجل تقواه، فصار حكيمًا في الأرض، وفى السماء ممجدًا بين القديسين.
† إن الحكمة قادرة أن ترفع عنك كل ظلم، وتعلن
نقاوتك، وتعوضك عن كل أتعابك، وتهبك مجدًا في السماء، فتمسك بها؛ حتى لو كنت
وحدك، ووقفت الدنيا كلها ضدك، فستنتصر في النهاية في الأرض وفى السماء.
(4)
خروج بني إسرائيل من مصر (ع15-21):
15 وَهِيَ الَّتِي أَنْقَذَتْ شَعْبًا مُقَدَّسًا،
وَذُرِّيَّةً لاَ وَصْمَةَ فِيهَا مِنْ أُمَّةِ مُضَايِقِيهِمْ. 16 وَحَلَّتْ
نَفْسَ عَبْدٍ لِلرَّبِّ، وَقَاوَمَتْ مُلُوكًا مَرْهُوبِينَ بِعَجَائِبَ
وَآيَاتٍ. 17 وَجَزَتِ الْقِدِّيسِينَ ثَوَابَ أَتْعَابِهِمْ، وَقَادَتْهُمْ فِي
طَرِيقٍ عَجِيبٍ، وَكَانَتْ لَهُمْ ظِلاًّ فِي النَّهَارِ، وَضِيَاءَ نُجُومٍ
فِي اللَّيْلِ. 18 وَعَبَرَتْ بِهِمِ الْبَحْرَ الأَحْمَرَ، وَأَجَازَتْهُمُ
الْمِيَاهَ الْغَزِيرَةَ. 19 أَمَّا أَعْدَاؤُهُمْ فَأَغْرَقَتْهُمْ، ثُمَّ
قَذَفَتْهُمْ مِنْ عُمْقِ الْغِمَارِ عَلَى الشَّاطِئِ؛ فَسَلَبَ
الصِّدِّيقُونَ الْمُنَافِقِينَ، 20 وَرَنِّمُوا لاِسْمِكَ الْقُدُّوسِ،
أَيُّهَا الرَّبُّ، وَحَمِدُوا بِقَلْبٍ وَاحِدٍ يَدَكَ النَّاصِرَةَ،21 لأَنَّ الْحِكْمَةَ فَتَحَتْ أَفْوَاهَ الْبُكْمِ، وَجَعَلَتْ أَلْسِنَةَ
الأَطْفَالِ تُفْصِحُ.
ع15: ذرية: نسل، أو أبناء.
وصمة: عيب، أو عار.
ثم يتكلم عن الحكمة التي أنقذت شعبًا كاملًا،
وليس فقط أفرادًا؛ هذا هو شعب الله، بنو إسرائيل، الذين عاشوا في مصر، يعبدون
الرب وسط الوثنيين المصريين.
ويصفهم بأن لا وصمة فيهم، كما وصف الله عروس
النشيد، أي النفس البشرية بأنها لا عيبة فيها (نش4: 7). وهذا يبين محبة الله
لشعبه الذي يفعل خطايا كثيرة، ولكنه يرى فيه الإيمان. ورغم أنهم كانوا مستعبدين
لفرعون، وكانوا يعملون بالسخرة، أي بدون أجر، ورغم محاولات فرعون إضعافهم
بإنهاكهم بالعمل، وقتل أطفالهم الذكور، إلا أن الحكمة الإلهية أجبرت، بالضربات
العشر، فرعون على تركهم يخرجون من مصر.
ع16: يتكلم سليمان في هذه الآية عن موسى
النبى، فيقول:
""حلت نفس عبد الرب"":
حلت الحكمة على نفس موسى عبد الرب، ليصير قائدًا
حكيمًا ومنقذًا لشعبه، بعد أن تربى في قصور فرعون أمام عينيه، وتعلم كل حكمة
المصريين.
""وقاومت ملوكًا مرهوبين بعجائب وآيات"":
وبقوة الحكمة استطاع موسى أن يقف أمام فرعون،
ويضربه بالضربات العشر التي لم يتخيلها الملك؛ حتى أخرج شعبه بقوة واقتدار من
مصر. والمقصود بالملوك المرهوبين هم فرعون، وكل عبيده ومشيريه.
† عجيب هو الله في محبته وقوته، يعتنى
بالضعفاء، ويهز بهم عروش الأقوياء. لا تخف يا أخى مهما كان ضعفك، ومهما تعرضت
للظلم؛ لأن إلهك قوى، يطيل أناته، ثم يسخر من قوى الأقوياء، ويمجد أولاده.
ع17: جزت: كافأت.
ومن أجل تمسك شعب الله بالإيمان،
واحتمالهم أتعاب العبودية، لم يباركهم الله فقط بكثرة النسل، إذ دخلوا مصر
وعددهم 72 فردًا، وبعد أربع مئة سنة صار عددهم 32 مليونًا. ولكن تكاثرت عليهم
نعمة الله، فبعد خروجهم من مصر قادهم بعمود من السحاب نهارًا، وعمود من النار
ليلًا. فالسحاب يظلل عليهم من الشمس، والنار تضئ لهم في الليل كالنجوم.
""والطريق العجيب"" إما هو الطريق من عاصمة مصر ""تنيس"" إلى وصولهم للبحر الأحمر،
أو يقصد طريقهم في برية سيناء، حتى داروا في البرية كلها؛ ليقضوا أربعين عامًا
في رعاية الله، بدلًا من أن يسلكوا الطريق الساحلى القصير، الذي يمر بالعريش؛
لأن الله أراد تنقيتهم بموت المتذمرين، ودخول الأبناء الأطهار إلى أرض كنعان.
ع18، 19: الغمار: البحر.
وأكثر من هذا كافأهم الله بشق البحر الأحمر لهم؛
ليعبروا في وسطه بسلام. أما جيوش المصريين الذين خرجوا وراءهم؛ ليعيدوهم إلى
العبودية بالقوة، فعندما تبعوهم في البحر غمرتهم المياه، وغرقوا جميعًا. وفى
اليوم التالي طفت جثثهم على وجه البحر، وقذفتها الأمواج على الشاطئ، وسلب بنو
إسرائيل ما تغطت به هذه الجثث من حلى، أو ثياب وأسلحة، فخلصوا من شرهم، وصاروا
غنيمة لهم، بالإضافة لما أخذوه من المصريين من حلى وجواهر قبل خروجهم من مصر.
ونلاحظ هنا الكتاب المقدس يذكر لأول مرة ما حدث لجثث المصريين، وسلب اليهود
لهم.
ع20: وأمام هذا الانتصار العظيم، الذي لم
يسمع مثله من قبل في العالم كله، قادت مريم أخت موسى وهارون الشعب في تسبيح
الله وتمجيده.
ع21: تفصح: من
فصاحة، أي تتكلم بكلام عظيم هو تسبيح الله.
وهكذا انفتحت أفواه الضعفاء، الذين هم بالقياس
بالمصريين يعتبرون أطفالًا. والذين سكتت ألسنتهم عن الكلام سنينًا طويلة من
الذل والسخرية، الآن انفتحت بالترنيم، وبعد صمت طويل كانوا فيه كالبُكم، رنموا
لقوة الله، الذي نصرهم على أقوى جيش في العالم آنذاك. ولعل أطفال العبرانيين
اشتركوا أيضًا في التسبيح (خر15).
† إن كان الشيطان قد أذلك بالخطية سنينًا
طويلة، وسد فمك عن الصلاة، فالله مستعد أن يحررك من كل شهواتك، إن مُت عن
العالم بالتوبة في سر الاعتراف، الذي هو معمودية ثانية، ويعطيك حياة جديدة،
ويفتح فمك للصلاة والتسبيح، فتفرح بنصرة الله، ويده التي تسندك.
← تفاسير أصحاحات
حكمة:
مقدمة |
1 |
2 |
3 |
4 |
5 |
6 |
7 |
8 |
9 |
10 |
11 |
12 |
13 |
14 |
15 |
16 |
17 |
18 |
19
تفاسير أسفار الكتاب المقدس
1- تفاسير سفر التكوين
2- تفاسير سفر الخروج
3- تفاسير سفر اللاويين
4- تفاسير سفر العدد
5- تفاسير سفر التثنية
6- تفاسير سفر يشوع
7- تفاسير سفر القضاة
8- تفاسير سفر راعوث
9- تفاسير سفر صموئيل الأول
10- تفاسير سفر صموئيل الثاني
11- تفاسير سفر الملوك الأول
12- تفاسير سفر الملوك الثاني
13- تفاسير سفر أخبار الأيام الأول
14- تفاسير سفر أخبار الأيام الثاني
15- تفاسير سفر عزرا
16- تفاسير سفر نحميا
17- تفاسير سفر طوبيا
18- تفاسير سفر يهوديت
19- تفاسير سفر أستير + التتمة
20- تفاسير سفر أيوب
21- تفاسير سفر المزامير + مز 151
22- تفاسير سفر الأمثال
23- تفاسير سفر الجامعة
24- تفاسير سفر نشيد الأناشيد
25- تفاسير سفر الحكمة
26- تفاسير سفر يشوع بن سيراخ
27- تفاسير سفر إشعياء
28- تفاسير سفر إرميا
29- تفاسير سفر مراثي إرميا
30- تفاسير سفر نبوه باروخ
31- تفاسير سفر حزقيال
32- تفاسير سفر دانيال + التتمة
33- تفاسير سفر هوشع
34- تفاسير سفر يوئيل
35- تفاسير سفر عاموس
36- تفاسير سفر عوبديا
37- تفاسير سفر يونان
38- تفاسير سفر ميخا
39- تفاسير سفر ناحوم
40- تفاسير سفر حبقوق
41- تفاسير سفر صفنيا
42- تفاسير سفر حجي
43- تفاسير سفر زكريا
44- تفاسير سفر ملاخي
45- تفاسير سفر المكابيين الأول
46- تفاسير سفر المكابيين الثاني
1- تفاسير إنجيل متى
2- تفاسير إنجيل مرقس
3- تفاسير إنجيل لوقا
4- تفاسير إنجيل يوحنا
5- تفاسير سفر أعمال الرسل
6- تفاسير الرسالة إلى رومية
7- تفاسير رسالة كورنثوس الاولى
8- تفاسير كورنثوس الثانية
9- تفاسير الرسالة إلى أهل غلاطية
10- تفاسير الرسالة إلى أفسس
11- تفاسير الرسالة إلى فيلبي
12- تفاسير الرسالة إلى كولوسي
13- تفاسير تسالونيكي الأولى
14- تفاسير تسالونيكي الثانية
15- تفاسير رسالة تيموثاوس الأولى
16- تفاسير تيموثاوس الثانية
17- تفاسير الرسالة إلى تيطس
18- تفاسير الرسالة إلى فيلمون
19- تفاسير رسالة العبرانيين
20- تفاسير رسالة يعقوب
21- تفاسير رسالة بطرس الأولى
22- تفاسير رسالة بطرس الثانية
23- تفاسير رسالة يوحنا الأولى
24- تفاسير رسالة يوحنا الثانية
25- تفاسير رسالة يوحنا الثالثة
26- تفاسير رسالة يهوذا
27- تفاسير سفر الرؤيا"
حكمة سليمان,10,10,"(10:10): ثم تظهر قوة الحكمة الإلهية فيما يلي:
1- ""هى التي قادت الصديق الهارب من غضب أخيه"" في
سبل مستقيمة"":
فأنقذت الحكمة يعقوب آب الآباء من يد أخيه عيسو،
إذ بعدما سرق البكورية، بإيعاز من أمه رفقة، وعلم عيسو، أضمر له الشر. فهرب
يعقوب في البرية، مسافرا نحو خاله لابان.
وقاده الله في سبل مستقيمة، فلم يضل في البرية،
بل هداه الله إلى طريق خاله لابان. ومن ناحية أخرى، أبعده الله عن الكذب الذي
سقط فيه بإرشاد أمه، فسار باستقامة، يريد أن يهرب بحياته، ويحيا لله.
2- ""أرته ملكوت الله وأتته علم القديسين"":
كان يعقوب مضطربًا وخائفًا، وعندما نام في البرية
وحيدًا، ظهر له الله في حلم عجيب، إذ رأى سلم من الأرض يمتد نحو السماء،
وملائكة صاعدون ونازلون عليه، وسمع صوت الله من السماء يطمئنه ويباركه. وهكذا
في عمق الضيقة انكشفت له أسرار الله العجيبة. وكان هذا نبوة عن تجسد المسيح
وفدائه.
3- ""أنجحته في أتعابه وأكثرت ثمرات أعماله"":
ثم أوصله الله إلى خاله، الذي رحب به؛ ليعمل عنده
وزوجته وابنتيه ليئة وراحيل. وعمل أربع عشرة سنة في رعاية غنم لابان بدون أجر،
كمهر لزوجته. وكان الله معه، فأنجحه في عمله، فزادت أملاك خاله جدًا، كما أعطاه
الله نسل كثير، هم أثنا عشر ابنًا عدا البنات. وصار أبناؤه رؤساء أسباط الله
بعد هذا.
ع11:"
حكمة سليمان,10,11,"(10:11): المستطيلين: المتطاولين
الظالمين.
انتصبت: قامت.
بعد أربع عشرة سنة عمل يعقوب بالأجرة عند خاله
لمدة ست سنوات. وكان خاله طماعًا، فغير أجرته عشر مرات (تك31: 7)، بغرض
استغلاله. ولكن الله كان معه، فوعده الله في حلم أنه سيباركه رغم ظلم خاله له
(تك31: 11). فعندما كان خاله يقول له أن نصيبه هي الغنم المخططة، يبارك الله
هذا النوع من الغنم أكثر من باقي الغنم، فتزيد أجرة وأملاك يعقوب. وكلما غير
لابان نوع الغنم التي هي نصيب يعقوب يبارك الله هذا النوع، فصار يعقوب غنيًا
جدًا.
ع12:"
حكمة سليمان,10,12,"(10:12): ووقته: وحمته.
وأظفرته: ونصرته.
وأمام استغلال لابان خاله له، إضطر في النهاية أن
يهرب منه؛ هو وزوجتاه وأولاده. وعندما علم خاله قام وراءه برجال كثيرين؛ ليعيده
بالقوة، ويسئ إليه. ولكن الله ظهر له، وحذره من الإساءة إلى يعقوب، فخاف جدًا
(تك31: 24). وعندما أدركه لابان، أعلن له حماية الله له، وقطع معه عهدًا، يعلن
فيه أنه لن يسىء إليه أبدًا. وعندما وصل يعقوب إلى مكان إقامته الأول، وخرج
عيسو بأربعمائة رجل عليه؛ لينتقم منه، بعد عشرين سنة، صلى طوال الليل، وظهر
الله له، وباركه. ثم تقابل مع أخيه بعد أن هدأه الله، فتعانق الأخوان بمحبة.
وهكذا ظهرت قوة حياة البر وعشرة الله، التي تبارك
من يتبعها وتحميه من كل الشرور، فلم يكن ممكنًا ليعقوب أن ينجو من يد لابان، أو
يد عيسو إلا بقوة الله، الذي ظهر في الحلم للابان، ثم ظهر في الرؤيا ليعقوب،
وصارع يعقوب الله طالبًا البركة، فنالها. فزاد هذا تمسك يعقوب بالله؛ ليعلم أن
التقوى هي سر قوته.
† ليتك تثق في الصلاح والبر أكثر من كل شهوات
وقوى هذا العالم؛ فهذه الأخيرة باطلة ومؤقتة، والله يسمح فيظهرها أمامك ليختبر
بها إيمانك، وتمسكك به ""الذى يصبر إلى المنتهى فهذا يخلص"" (مت10: 22).
ع13:"
حكمة سليمان,10,13,"(10:13): تخذل: تتخلى.
الجب: حفرة عميقة، والمقصود بها البئر، أو
السجن.
أما قصة يوسف الصديق، فتعلن قوة الحكمة التي تحمى
الضعفاء والمضطهدين. فرغم حسد إخوته له، ومحاولة قتله، وإلقاؤه في البئر، وبيعه
كعبد، كان الله معه في مصر، وأنجحه في بيت فوطيفار، وشدد قلبه في طريق الطهارة،
فرفض إغراءات إمرأة سيده في إصرار عجيب، متمسكًا بمخافة الله؛ حتى ألقى في
السجن، وكان الله معه في السجن، فوجد نعمة في عينى رئيس السجن، وصار مساعدًا له
في إدارة السجن بكفاءة ونجاح كبير.
ع14:"
حكمة سليمان,10,14,"(10:14): صوالجه: جمع صولجان وهو قضيب
المُلك، إلى يمسكه الملك، ويشير إلى سلطانه.
قسروه: أجبروه، وتسلطوا عليه، وأذلوه.
والمقصود إخوته، وفوطيفار، وكل معاونيه في بيته، أو في السجن.
ثم رفعته الحكمة إلى عرش مصر، بعد تفسير أحلام
فرعون، فصار الرجل الثاني في مصر، وخضع له فوطيفار، وكل رؤساء مصر، وظهرت
براءته ونقاوته، بل بارك الله مصر كلها من أجله، وأعد الله له مجدًا أبديًا في
السماء من أجل تقواه، فصار حكيمًا في الأرض، وفى السماء ممجدًا بين القديسين.
† إن الحكمة قادرة أن ترفع عنك كل ظلم، وتعلن
نقاوتك، وتعوضك عن كل أتعابك، وتهبك مجدًا في السماء، فتمسك بها؛ حتى لو كنت
وحدك، ووقفت الدنيا كلها ضدك، فستنتصر في النهاية في الأرض وفى السماء.
(4)
خروج بني إسرائيل من مصر (ع15-21):
15 وَهِيَ الَّتِي أَنْقَذَتْ شَعْبًا مُقَدَّسًا،
وَذُرِّيَّةً لاَ وَصْمَةَ فِيهَا مِنْ أُمَّةِ مُضَايِقِيهِمْ. 16 وَحَلَّتْ
نَفْسَ عَبْدٍ لِلرَّبِّ، وَقَاوَمَتْ مُلُوكًا مَرْهُوبِينَ بِعَجَائِبَ
وَآيَاتٍ. 17 وَجَزَتِ الْقِدِّيسِينَ ثَوَابَ أَتْعَابِهِمْ، وَقَادَتْهُمْ فِي
طَرِيقٍ عَجِيبٍ، وَكَانَتْ لَهُمْ ظِلاًّ فِي النَّهَارِ، وَضِيَاءَ نُجُومٍ
فِي اللَّيْلِ. 18 وَعَبَرَتْ بِهِمِ الْبَحْرَ الأَحْمَرَ، وَأَجَازَتْهُمُ
الْمِيَاهَ الْغَزِيرَةَ. 19 أَمَّا أَعْدَاؤُهُمْ فَأَغْرَقَتْهُمْ، ثُمَّ
قَذَفَتْهُمْ مِنْ عُمْقِ الْغِمَارِ عَلَى الشَّاطِئِ؛ فَسَلَبَ
الصِّدِّيقُونَ الْمُنَافِقِينَ، 20 وَرَنِّمُوا لاِسْمِكَ الْقُدُّوسِ،
أَيُّهَا الرَّبُّ، وَحَمِدُوا بِقَلْبٍ وَاحِدٍ يَدَكَ النَّاصِرَةَ،21 لأَنَّ الْحِكْمَةَ فَتَحَتْ أَفْوَاهَ الْبُكْمِ، وَجَعَلَتْ أَلْسِنَةَ
الأَطْفَالِ تُفْصِحُ.
ع15:"
حكمة سليمان,10,15,"(10:15): ذرية: نسل، أو أبناء.
وصمة: عيب، أو عار.
ثم يتكلم عن الحكمة التي أنقذت شعبًا كاملًا،
وليس فقط أفرادًا؛ هذا هو شعب الله، بنو إسرائيل، الذين عاشوا في مصر، يعبدون
الرب وسط الوثنيين المصريين.
ويصفهم بأن لا وصمة فيهم، كما وصف الله عروس
النشيد، أي النفس البشرية بأنها لا عيبة فيها (نش4: 7). وهذا يبين محبة الله
لشعبه الذي يفعل خطايا كثيرة، ولكنه يرى فيه الإيمان. ورغم أنهم كانوا مستعبدين
لفرعون، وكانوا يعملون بالسخرة، أي بدون أجر، ورغم محاولات فرعون إضعافهم
بإنهاكهم بالعمل، وقتل أطفالهم الذكور، إلا أن الحكمة الإلهية أجبرت، بالضربات
العشر، فرعون على تركهم يخرجون من مصر.
ع16:"
حكمة سليمان,10,16,"(10:16): يتكلم سليمان في هذه الآية عن موسى
النبى، فيقول:
""حلت نفس عبد الرب"":
حلت الحكمة على نفس موسى عبد الرب، ليصير قائدًا
حكيمًا ومنقذًا لشعبه، بعد أن تربى في قصور فرعون أمام عينيه، وتعلم كل حكمة
المصريين.
""وقاومت ملوكًا مرهوبين بعجائب وآيات"":
وبقوة الحكمة استطاع موسى أن يقف أمام فرعون،
ويضربه بالضربات العشر التي لم يتخيلها الملك؛ حتى أخرج شعبه بقوة واقتدار من
مصر. والمقصود بالملوك المرهوبين هم فرعون، وكل عبيده ومشيريه.
† عجيب هو الله في محبته وقوته، يعتنى
بالضعفاء، ويهز بهم عروش الأقوياء. لا تخف يا أخى مهما كان ضعفك، ومهما تعرضت
للظلم؛ لأن إلهك قوى، يطيل أناته، ثم يسخر من قوى الأقوياء، ويمجد أولاده.
ع17:"
حكمة سليمان,10,17,"(10:17): جزت: كافأت.
ومن أجل تمسك شعب الله بالإيمان،
واحتمالهم أتعاب العبودية، لم يباركهم الله فقط بكثرة النسل، إذ دخلوا مصر
وعددهم 72 فردًا، وبعد أربع مئة سنة صار عددهم 32 مليونًا. ولكن تكاثرت عليهم
نعمة الله، فبعد خروجهم من مصر قادهم بعمود من السحاب نهارًا، وعمود من النار
ليلًا. فالسحاب يظلل عليهم من الشمس، والنار تضئ لهم في الليل كالنجوم.
""والطريق العجيب"" إما هو الطريق من عاصمة مصر ""تنيس"" إلى وصولهم للبحر الأحمر،
أو يقصد طريقهم في برية سيناء، حتى داروا في البرية كلها؛ ليقضوا أربعين عامًا
في رعاية الله، بدلًا من أن يسلكوا الطريق الساحلى القصير، الذي يمر بالعريش؛
لأن الله أراد تنقيتهم بموت المتذمرين، ودخول الأبناء الأطهار إلى أرض كنعان.
ع18، 19: الغمار: البحر.
وأكثر من هذا كافأهم الله بشق البحر الأحمر لهم؛
ليعبروا في وسطه بسلام. أما جيوش المصريين الذين خرجوا وراءهم؛ ليعيدوهم إلى
العبودية بالقوة، فعندما تبعوهم في البحر غمرتهم المياه، وغرقوا جميعًا. وفى
اليوم التالي طفت جثثهم على وجه البحر، وقذفتها الأمواج على الشاطئ، وسلب بنو
إسرائيل ما تغطت به هذه الجثث من حلى، أو ثياب وأسلحة، فخلصوا من شرهم، وصاروا
غنيمة لهم، بالإضافة لما أخذوه من المصريين من حلى وجواهر قبل خروجهم من مصر.
ونلاحظ هنا الكتاب المقدس يذكر لأول مرة ما حدث لجثث المصريين، وسلب اليهود
لهم.
ع20:"
حكمة سليمان,10,20,"(10:20): وأمام هذا الانتصار العظيم، الذي لم
يسمع مثله من قبل في العالم كله، قادت مريم أخت موسى وهارون الشعب في تسبيح
الله وتمجيده.
ع21:"
حكمة سليمان,10,21,"(10:21): تفصح: من
فصاحة، أي تتكلم بكلام عظيم هو تسبيح الله.
وهكذا انفتحت أفواه الضعفاء، الذين هم بالقياس
بالمصريين يعتبرون أطفالًا. والذين سكتت ألسنتهم عن الكلام سنينًا طويلة من
الذل والسخرية، الآن انفتحت بالترنيم، وبعد صمت طويل كانوا فيه كالبُكم، رنموا
لقوة الله، الذي نصرهم على أقوى جيش في العالم آنذاك. ولعل أطفال العبرانيين
اشتركوا أيضًا في التسبيح (خر15).
† إن كان الشيطان قد أذلك بالخطية سنينًا
طويلة، وسد فمك عن الصلاة، فالله مستعد أن يحررك من كل شهواتك، إن مُت عن
العالم بالتوبة في سر الاعتراف، الذي هو معمودية ثانية، ويعطيك حياة جديدة،
ويفتح فمك للصلاة والتسبيح، فتفرح بنصرة الله، ويده التي تسندك.
← تفاسير أصحاحات
حكمة:
مقدمة |
1 |
2 |
3 |
4 |
5 |
6 |
7 |
8 |
9 |
10 |
11 |
12 |
13 |
14 |
15 |
16 |
17 |
18 |
19
تفاسير أسفار الكتاب المقدس
1- تفاسير سفر التكوين
2- تفاسير سفر الخروج
3- تفاسير سفر اللاويين
4- تفاسير سفر العدد
5- تفاسير سفر التثنية
6- تفاسير سفر يشوع
7- تفاسير سفر القضاة
8- تفاسير سفر راعوث
9- تفاسير سفر صموئيل الأول
10- تفاسير سفر صموئيل الثاني
11- تفاسير سفر الملوك الأول
12- تفاسير سفر الملوك الثاني
13- تفاسير سفر أخبار الأيام الأول
14- تفاسير سفر أخبار الأيام الثاني
15- تفاسير سفر عزرا
16- تفاسير سفر نحميا
17- تفاسير سفر طوبيا
18- تفاسير سفر يهوديت
19- تفاسير سفر أستير + التتمة
20- تفاسير سفر أيوب
21- تفاسير سفر المزامير + مز 151
22- تفاسير سفر الأمثال
23- تفاسير سفر الجامعة
24- تفاسير سفر نشيد الأناشيد
25- تفاسير سفر الحكمة
26- تفاسير سفر يشوع بن سيراخ
27- تفاسير سفر إشعياء
28- تفاسير سفر إرميا
29- تفاسير سفر مراثي إرميا
30- تفاسير سفر نبوه باروخ
31- تفاسير سفر حزقيال
32- تفاسير سفر دانيال + التتمة
33- تفاسير سفر هوشع
34- تفاسير سفر يوئيل
35- تفاسير سفر عاموس
36- تفاسير سفر عوبديا
37- تفاسير سفر يونان
38- تفاسير سفر ميخا
39- تفاسير سفر ناحوم
40- تفاسير سفر حبقوق
41- تفاسير سفر صفنيا
42- تفاسير سفر حجي
43- تفاسير سفر زكريا
44- تفاسير سفر ملاخي
45- تفاسير سفر المكابيين الأول
46- تفاسير سفر المكابيين الثاني
1- تفاسير إنجيل متى
2- تفاسير إنجيل مرقس
3- تفاسير إنجيل لوقا
4- تفاسير إنجيل يوحنا
5- تفاسير سفر أعمال الرسل
6- تفاسير الرسالة إلى رومية
7- تفاسير رسالة كورنثوس الاولى
8- تفاسير كورنثوس الثانية
9- تفاسير الرسالة إلى أهل غلاطية
10- تفاسير الرسالة إلى أفسس
11- تفاسير الرسالة إلى فيلبي
12- تفاسير الرسالة إلى كولوسي
13- تفاسير تسالونيكي الأولى
14- تفاسير تسالونيكي الثانية
15- تفاسير رسالة تيموثاوس الأولى
16- تفاسير تيموثاوس الثانية
17- تفاسير الرسالة إلى تيطس
18- تفاسير الرسالة إلى فيلمون
19- تفاسير رسالة العبرانيين
20- تفاسير رسالة يعقوب
21- تفاسير رسالة بطرس الأولى
22- تفاسير رسالة بطرس الثانية
23- تفاسير رسالة يوحنا الأولى
24- تفاسير رسالة يوحنا الثانية
25- تفاسير رسالة يوحنا الثالثة
26- تفاسير رسالة يهوذا
27- تفاسير سفر الرؤيا"
حكمة سليمان,11,0,"(11:1): ضربتا النهر والضفادع
(1)
عطش المصريين واليهود (ع1-15)
(2)
قدرة الله ورحمته (ع16-27)
(1)
عطش المصريين واليهود (ع1-15):
1 ثُمَّ سَدَّدَتْ مَسَاعِيَهُمْ بِإِرْشَادِ
نَبِيٍّ قِدِّيسٍ، 2 فَسَارُوا فِي بَرِّيَّةٍ لاَ سَاكِنَ بِهَا، وَضَرَبُوا
أَخْبِيَتَهُمْ فِي أَرْضٍ قَفْرَةٍ، 3 وَقَاوَمُوا مُحَارِبِيهِمْ، وَدَافَعُوا
أَعْدَاءَهُمْ. 4 وَفِي عَطَشِهِمْ دَعَوْا إِلَيْكَ؛ فَأُعْطُوا مَاءً مِنْ
صَخْرَةِ الصَّوَّانِ، وَشِفَاءً لِغَلِيلِهِمْ مِنَ الْحَجَرِ الْجُلْمُودِ. 5 فَكَانَ الَّذِي عُذِّبَ بِهِ أَعْدَاؤُهُمْ، إِذْ أَعْوَزَهُمْ مَا
يَشْرَبُونَ، وَبَنُو إِسْرَائِيلَ مُتَهَلِّلُونَ بِكَثْرَتِهِ، 6 هُوَ الَّذِي
أُحْسِنَ بِهِ إِلَيْهِمْ فِي عَوَزِهِمْ. 7 فَإِنَّكَ بَلْبَلْتَ أُولئِكَ،
إِذْ بَدَّلْتَهُمْ بِمَعِينِ النَّهْرِ الدَّائِمِ دَمًا صَدِيدًا، 8 عِقَابًا
لَهُمْ عَلَى قَضَائِهِمْ بِقَتْلِ الأَطْفَالِ، وَهؤُلاَءِ أَعْطَيْتَهُمْ
مَاءً غَزِيرًا عِنْدَ الْيَأْسِ مِنْهُ، 9 لِكَيْ تُرِيَهُمْ بِعَطَشِهِمْ
هذَا، كَيْفَ عَاقَبْتَ أَضْدَادَهُمْ. 10 فَإِنَّهُمْ بِامْتِحَانِكَ لَهُمْ،
وَإِنْ كَانَ تَأْدِيبَ رَحْمَةٍ، فَهِمُوا كَيْفَ كَانَ عَذَابُ
الْمُنَافِقِينَ الْمَقْضِيِّ عَلَيْهِمْ بِالْغَضَبِ. 11 لأَنَّكَ جَرَّبْتَ
هؤُلاَءِ كَأَبٍ، إِنْذَارًا لَهُمْ، وَأُولئِكَ ابْتَلَيْتَهُمْ كَمَلِكٍ
قَاسٍ قَضَاءً عَلَيْهِمْ. 12 وَقَدْ مَسَّهُمْ فِي الْغَيْبِ مِنَ الضُّرِّ مَا
مَسَّهُمْ فِي الْمَشْهَدِ، 13 إِذْ أَخَذَهُمْ ضِعْفَانِ مِنَ الْحُزْنِ
وَالنَّحِيبِ، بِتَذَكُّرِ الضَّرَبَاتِ السَّالِفَةِ، 14 لأَنَّهُمْ لَمَّا
سَمِعُوا أَنَّ مَا كَانَ لَهُمْ عِقَابًا، صَارَ لأَعْدَائِهِمْ إِحْسَانًا،
شَعَرُوا بِيَدِ الرَّبِّ 15 وَالَّذِي قَضَوْا مِنْ قَبْلُ بِطَرْحِهِ فِي
النَّهْرِ، وَاسْتَخَفُّوا بِهِ وَرَذَلُوهُ اسْتَعْظَمُوهُ فِي آخِرِ
الأَمْرِ، إِذْ كَانَ عَطَشُ الصِّدِّيقِينَ عَلَى خِلاَفِ عَطَشِهِمْ.
ع1: سددت مساعيهم:
أنجحت طريقهم.
يتحدث هنا عن قيادة الله لشعبه في برية سيناء بعد
عبورهم البحر الأحمر، إذ يقودهم بنفسه بعمود السحاب نهارًا، وعمود النار ليلًا.
وما دام الله يقود بنفسه، فهو يعطى طريقًا سليمًا ناجحًا لأولاده. وقائدهم
المنظور هو موسى النبي العظيم، الذي يرمز لعمل الله معهم، وصوت الله لهم. فهو
رمز للمسيح الذي يقود شعبه في طريق الخلاص، يعبر بهم في جرن المعمودية، ويسير
أمامهم في طريق ملكوت الله؛ حتى يوصلهم إلى أورشليم السمائية، أرض الميعاد.
نلاحظ هنا استمرار سليمان في عدم ذكر أسماء
الآباء، أو الأنبياء، فلم يذكر اسم موسى، بل أشار إليه بالنبى القديس؛ لأنه
يتكلم عن عمل الحكمة في أولاد الله.
ع2: أخبيتهم:
خيامهم.
قفرة:
أرض جرداء.
ورغم أن طريق بني إسرائيل كان في
برية سيناء القاحلة، التي لا يسكنها أحد من الناس، لكنهم كانوا مطمئنين؛ لأن
الله معهم، فنصبوا خيامهم في هذا المكان الموحش، واستقروا في أمان؛ إذ أن الله
يحميهم.
† إذا سرت يا أخى في طريق حياتك، وشعرت أنك
وحدك، لا يشعر بك من حولك، فلا تنزعج ما دمت متمسكًا بالله، بل نم مطمئنًا؛ لأن
الله يحوطك برعايته، وتقدم براحة وفرح في كل خطواتك؛ لأن الله أمامك، عالمًا
أنك ابن الله السائر في طريق الملكوت، ومسيحك يهديك، ويوصلك، إذا ثبت في
الكنيسة والأسرار المقدسة، كما نناديه في القداس الإلهي ""أهدنا إلى ملكوتك"".
ع3: ولما شعر بنو إسرائيل بقوة الله التي
معهم، لم ينزعجوا من شعب عماليق الذي قابلهم في البرية، بل انتصروا عليه،
مستندين على صلوات موسى ويديه المرفوعتين على شكل صليب. وانتصروا أيضًا على
سيحون ملك الأموريين، وعوج ملك باشان، مع ملاحظة أن بني إسرائيل كانوا رعاة
غنم، وليسوا رجال حرب، أما الجيوش المقابلة لهم، فهم متدربون على الحرب، ولكن
قوة الله تستطيع أن تنصر الضعفاء على الأقوياء.
† ما دام الله معك فمهما عظمت حروب إبليس، فثق
أنك تنتصر عليه. تقدم بثبات في الحياة الروحية، ولا تخشَ مقاومته؛ حتى وإن سقطت
مرارًا في الخطية، فتوبتك، وتمسكك بالأسرار المقدسة تهزم كل قوته وتسحقها.
ع4: الصوان: الحجر
الشديد القوة.
الجلمود
: الصخر.
بعدما عبر بنو إسرائيل البحر
الأحمر وجدوا أنفسهم في برية ناشفة، يندر وجود الماء بها، وتعرضوا للموت عطشًا،
وهم عدد كبير، حوالي المليونين من الأنفس، فيستحيل توفير الماء الكافى لهم. ولم
يكن أمامهم إلا التضرع إلى الله بصراخ شديد؛ لينجيهم من الموت، بعدما عجز العقل
عن إيجاد وسيلة للحياة. وظهر حنان الله وأبوته، وفى نفس الوقت قدرته العظيمة،
فأنبع لهم ينبوع ماء قوى من الصخر الصلب الكبير البعيد عن كل مصادر المياه.
وتتحقق المعجزة في إرواء عطش كل هؤلاء البشر، ويفيض عنهم الماء.
وتتكرر المعجزة، أي خروج الماء من
الصخرة بضربة العصا من موسى طوال أربعين سنة؛ ليعلن الله رعايته، ومحبته لشعبه
طول الحياة.
لقد كانت الصخرة التي تابعتهم في
البرية هي المسيح (1 كو10: 4)، والعصا هي الصليب، الذي صُلب عليه المسيح،
فأعطانا نبع الحياة، وأنقذنا من الموت.
† إن الله ينتظر صلوات أولاده؛ ليعطيهم كل ما
يحتاجون، مهما بدا ذلك مستحيلًا، ""فغير المستطاع عند الناس مستطاع عند الله""
(لو18: 27). إنه ينتظر دليل بنوتنا له؛ لندخل ونأخذ كل ما نريد، بل في محبته
ينادينا ""إلى الآن لم تطلبوا شيئًا بإسمى. اطلبوا تأخذوا ليكون فرحكم كاملًا""
(يو16: 24)، بل هو ""يعطى الجميع بسخاء"" (يع1: 5) ""أكثر جدًا مما نطلب، أو
نفتكر"" (أف3: 20).
ع5-7: وتتعاظم رحمة الله واهتمامه بشعبه أنه
يعطيهم الماء بوفرة وسط برية سيناء الجرداء، في حين لم يجد المصريون ماءً
ليشربوا، وتعرضوا للموت عطشًا بعد الضربة الأولى، حينما حول موسى ماء نهر النيل
إلى دم، بل كان دمًا عفنًا متسخًا، أي دمًا صديدًا (مِدة) يشمئز الإنسان من
النظر إليه، أو احتمال رائحته الكريهة. وما الفرق بين شعب الله والمصريين، إلا
تمسك بنو إسرائيل بالله، أما المصريون فعصوه، وعاملوا شعبه بمنتهى القسوة.
ويلاحظ في سفر الخروج (خر7: 22)
أن العرافين في مصر اغتاظوا مما فعله موسى وذهبوا إلى الجزء من نهر النيل الذي
يرتوى به شعب بني إسرائيل، وكان ما زال ماؤه نقيًا لم يتحول إلى دم، فضربوه
وحولوا لونه مثل الدم، ولكنه لم يكن دمًا، ولم يتعفن، فشرب منه بنو إسرائيل.
وظل المصريون يعانون سبعة أيام يشربون فيها من ماء الآبار؛ حتى ضرب الله مصر
بالضفادع (خر7: 24-25 ؛ 8: 2)، وعاد ماء النيل إلى طبيعته الأولى.
ع8، 9: أضدادهم: من
يقفون ضدهم، أي أعدائهم وهم المصريون.
لماذا سمح الله بالعطش للمصريين؟
... لعلهم يتوبون ويشعرون بخطيتهم الشيعة في قتل جميع الأطفال الذكور المولودين
لبنى إسرائل. فعندما يقتربون بالعطش إلى الموت، يشعرون بمشاعر الآباء والأمهات
عند قتل أولادهم.
فهكذا استخدم الله الماء لعقاب
المصريين بالتعرض للموت عطشًا، وهو نفس الوسيلة (الماء) الذي استخدمه المصريون
لقتل أطفال بني إسرائيل بإلقائهم في النهر (خر1: 22). فالمصريون قتلوا، أي
سفكوا دماء أطفال بني إسرائيل، فحول الله لهم الماء إلى دم في ضربة النهر؛
ليتذكروا خطيتهم لعلهم يتوبون ويؤمنون. ونلاحظ ان ضربة النهر، وتحويل الماء إلى
دم كان لها غرضان هما:
إجبار المصريين على طاعة الله،
وإطلاق بني إسرائيل ليعبدوه في البرية (خر7: 16-17).
تذكير المصريين بخطيتهم في قتل
أطفال بني إسرائيل، بإلقائهم في النهر.
أما شعب الله، فسماحه لهم بالعطش؛
ليشعرهم بمدى الضيقة التي مر بها أعداؤهم المصريون، فلا يرفضوا طاعة الله
مثلهم. وكان عطش بني إسرائيل مؤقتًا، أعقبه فيض ماء غزير من الصخرة، تظهر رعاية
الله، ومحبته واهتمامه بهم.
ع10، 11: تشرح هاتان
الآيتان الهدف من تجربة كلًا من بني إسرائيل والمصريين بالعطش فيقول:
""فإنك بامتحانك لهم وإن كان تأديب
رحمة""
عندما تذمر بنو إسرائيل في برية
سيناء لعطشهم، كان هذا ضعف إيمان وعدم اتكال على الله. والله سمح بهذا العطش
تأديبًا لهم؛ ليرجعوا إليه بكل قلوبهم، تاركين التذمر. وكان العطش مؤقتًا لفترة
قصيرة، وهذا كان تأديبًا رحيمًا من الله.
""فهموا كيف كان عذاب المنافقين
المقضى عليهم بالغضب""
فهم بنو إسرائيل، وهم في برية
سيناء، أن عطشهم يذكرهم بعطش المصريين الشديد، الذي حدث في مصر، عندما ضرب الله
النهر، وحوله إلى دم، غضبًا منهم؛ لرفضهم ترك شعبه ليعبدوه في البرية.
""لأنك جربت هؤلاء إنذارًا كأب
لهم""
فالله جرب بني إسرائيل كأب
إنذارًا لهم؛ حتى لا يعودوا إلى التذمر والتمرد عليه.
""وأولئك ابتليتهم كملك قاس قضاء
عليهم""
أما أولئك وهم المصريون، فقد
عاملهم الله كملك قاسِ؛ لأنهم رفضوا الإيمان به، فكان عطشهم شديدًا، لدرجة أنهم
تعرضوا للموت. فالله حنون على أولاده ليعيدهم بالتوبة إليه، أما تجربته
للمصريين فكانت بقسوة؛ لإصرارهم على رفض طاعة الله.
† إطمئن يا أخى إذ التجربة هي بسماح من إلهك
المحب لنمو محبتك له، وستؤدى في النهاية إلى راحتك وقوتك. وإن طالت التجربة،
فثق أن بعدها بركات غزيرة من السماء، تكافئك على صبرك وقوتك، وتمسكك بالله.
ع12: الضر: الضرر.
المشهد
: العلن والظاهر.
ولم يقتصر عقاب الله للمصريين على
العطش، أو التألم الجسدي من الضربات المختلفة، بل تعداه إلى التعب النفسى. فلم
يكن الضرر الذي أصابهم هو فقط الظاهر، ولكن في الخفاء والغيب؛ داخلهم كان الألم
أقسى بكثير من الألم الخارجي. فعندما فكروا في الضربات التي تمر بهم حزنوا
جدًا، وكان تعبهم النفسى مضاعفًا لتعبهم الجسدي، إذ أدركوا تعاستهم وبليتهم.
ع13، 14: ضعفان: أي
حزنهم لآلامهم الجسدية، بالإضافة إلى آلامهم النفسية.
النحيب
: البكاء الشديد.
السالفة
: الماضية.
حزن المصريون وبكوا كثيرًا لما
رأوا الضربات العشر القاسية، التي أظهرت ضعف آلهتهم، وشعروا بعقاب الله لهم
فيها، في حين كان بنو إسرائيل في راحة، ولم تأت عليهم هذه الضربات، فكان هذا
عذابًا مضاعفًا لهم؛ أي آلام الضربات، وآلام الغيرة من بركات الله لشعبه.
وزاد حزنهم الداخلي أنهم سمعوا
برعاية الله لشعبه في البرية، وإروائه لعطشهم بالماء الغزير من الصخر، فتذكروا
الضربات والعطش الذي أهلك منهم الكثيرين فحزنوا أكثر وأكثر. وللأسف لم يقودهم
هذا إلى التوبة، بل سقطوا في الاكتئاب واليأس.
ع15: وعندما رأوا موسى العظيم يواجه فرعون،
ويتذلل ملكهم أمامه، ويضرب بقوة الله كل مصر بالضربات العشر، تذكروا ظلمهم
لأطفال العبرانيين الذين أمروا بطرحهم في النهر، ومنهم هذا الطفل موسى. ولكن
الله اعتنى به فصار عظيمًا، وتكلم معه، وقاد شعبه وحرره، وأخضع كل المصريين عند
قدميه. بل عندما تجاسر جيش المصريين، أكبر جيوش العالم في هذا الوقت، أن يطارده
غرق في البحر الأحمر.
ورأى المصريون أن عطش بني إسرائيل
في برية سيناء (الصديقين) كان مؤقتًا، وبعده أعطاهم الله ماءً غزيرًا، أما
المصريون فضربة النهر حولته إلى دم، ومات السمك وانتن، واستمر عطش المصريين مدة
طويلة عقابًا لهم، ولم ينالوا بركة من الله بعده.
† لا تخشَ يا أخى من قوة الأشرار وسطوتهم، فإن
نهايتهم محزنة، وسيذلهم الله عقابًا على خطاياهم. واطمئن إن الله سيرعاك ويحفظك
ويعظمك كل يوم. وعلى قدر ما تتعاظم حتى تصل إلى الملكوت، ينحدر الأشرار في ألم
وتعاسة حتى يُلقوا في العذاب الأبدي.
حذار لك أيها الأخ
الحبيب أن تقلد الأشرار في خطاياهم؛ لأن الخطية لا تخلف إلا الاضطراب الداخلي
والتعاسة، مهما بدت شهوتها مبهرة. وهذا الألم الداخلي يستمر مسيطرًا على الشرير
ما لم يتب، فهو عقاب مستمر لا يبارح الإنسان ما دام في الخطية.
←
وستجد
تفاسير أخرى
هنا في
(2)
قدرة الله ورحمته (ع16-27):
16 وَإِذْ كَانُوا قَدْ سَفِهُوا فِي
أَفْكَارِهِمِ الأَثِيمَةِ، وَضَلُّوا حَتَّى عَبَدُوا زَحَّافَاتٍ حَقِيرَةً
وَوُحُوشًا لاَ نُطْقَ لَهَا، انْتَقَمْتَ مِنْهُمْ بِأَنْ أَرْسَلْتَ
عَلَيْهِمْ جَمًّا مِنَ الْحَيَوَانَاتِ الَّتِي لاَ نُطْقَ لَهَا، 17 لِكَيْ
يَعْلَمُوا أَنَّ مَا خَطِئَ بِهِ أَحَدٌ بِهِ يُعَاقَبُ. 18 وَلَمْ يَكُنْ
صَعْبًا عَلَى يَدِكَ الْقَادِرَةِ عَلَى كُلِّ شَيْءٍ، الَّتِي صَنَعَتِ
الْعَالَمَ مِنْ مَادَّةٍ غَيْرِ مُصَوَّرَةٍ، أَنْ تَبْعَثَ عَلَيْهِمْ جَمًّا
مِنَ الأَدْبَابِ أَوِ الأُسُودِ الْبَاسِلَةِ، 19 أَوْ مِنْ أَصْنَافٍ
جَدِيدَةٍ لَمْ تُعْرَفْ مِنَ الْوُحُوشِ الضَّارِيَةِ، الَّتِي تَنْفُخُ
نَارًا أَوْ تَبْعَثُ دُخَانًا قَاتِمًا أَوْ تُرْسِلُ مِنْ عُيُونِهَا
شَرَارًا مُخِيفًا.20 إِذَنْ لَكَانَتْ تُهْلِكُهُمْ خَوْفًا مِنْ مَنْظَرِهَا، فَضْلًا عَنْ أَنْ
تُهَشِّمَهُمْ بِإِصَابَتِهَا. 21 بَلْ قَدْ كَانَ نَفَسٌ كَافِيًا
لإِسْقَاطِهِمْ؛ فَيَتَعَقَّبُهُمُ الْقَضَاءُ وَرُوحُ قُدْرَتِكَ
يُذَرِّيهِمْ. لكِنَّكَ رَتَّبْتَ كُلَّ شَيْءٍ بِمِقْدَارٍ وَعَدَدٍ وَوَزْنٍ. 22 وَعِنْدَكَ قُدْرَةٌ عَظِيمَةٌ فِي كُلِّ حِينٍ؛ فَمَنْ يُقَاوِمُ قُوَّةَ
ذِرَاعِكَ. 23 إِنَّ الْعَالَمَ كُلَّهُ أَمَامَكَ مِثْلُ مَا تَرْجَحُ بِهِ
كَفَّةُ الْمِيزَانِ، وَكَنُقْطَةِ نَدًى تَسْقُطُ عَلَى الأَرْضِ عِنْدَ
السَّحَرِ. 24 لكِنَّكَ تَرْحَمُ الْجَمِيعَ، لأَنَّكَ قَادِرٌ عَلَى كُلِّ
شَيْءٍ، وَتَتَغَاضَى عَنْ خَطَايَا النَّاسِ لِكَيْ يَتُوبُوا. 25 لأَنَّكَ
تُحِبُّ جَمِيعَ الأَكْوَانِ، وَلاَ تَمْقُتُ شَيْئًا مِمَّا صَنَعْتَ؛
فَإِنَّكَ لَوْ أَبْغَضْتَ شَيْئًا لَمْ تُكَوِّنْهُ. 26 وَكَيْفَ يَبْقَى
شَيْءٌ لَمْ تُرِدْهُ؟ أَمْ كَيْفَ يُحْفَظُ مَا لَسْتَ أَنْتَ دَاعِيًا لَهُ؟ 27 إِنَّكَ تُشْفِقُ عَلَى جَمِيعِ الأَكْوَانِ، لأَنَّهَا لَكَ أَيُّهَا
الرَّبُّ الْمُحِبُّ لِلنُّفُوسِ.
ع16، 17: سفهوا: من
السفاهة، وهي التفاهة.
جمًا:
عددًا كبيرًا جدًا.
يتكلم هنا عن انحطاط المصريين في
أفكارهم، إذ عبدوا الحيوانات؛ سواء الكبيرة، مثل البقر والكباش والقرود
والتماسيح، أو الصغيرة، مثل الضفادع والبعوض والجراد والجعران. وأراد الله أن
يُظهر لهم دناءة هذه الحيوانات التي يعظمونها ويعبدونها، فأرسل عليهم أعدادًا
ضخمة منها في الضربات العشر، مثل الضفادع فأصابتهم بالاشمئزاز عندما ماتت
الضفادع، وأنتنت، وملأت بيوتهم ومخازنهم بهذه الرائحة النتنة، وجمعوها أكوامًا
كثيرة في كل مكان في مصر.
ولكى ينتبهوا من ضلالهم في عبادة
الحيوانات بدلًا من الله، أصابتهم من هذه العبادة شرورا كثيرة تؤذيهم؛
ليتركوها، ويرجعوا إلى الله بالتوبة.
ونلاحظ أن الله عاقب المصريين
بالحيوانات التي عبدوها؛ ليظهر لهم ضلال عبادتهم وحقارتها؛ حتى يبعدوا عنها
ويرجعوا إلى الله.
† لا تسرع إلى الشر مهما بدا مبهرًا وجميلًا؛
لأنه سيؤذيك، إذ فيه سم الشيطان، ويهلكك في النهاية. أرفض كل ما يؤدى إلى الشر،
وكل ما له علاقة به، فيكون قلبك مستقيمًا، وتحيا في سلام. وإذا أخطأت فتب
سريعًا، لأن مراحم الله تنتظرك.
ع18: الأدباب:
الحيوانات الضخمة التي تدب على الأرض.
الباسلة
: الشجاعة.
وأمام شر المصريين واستهانتهم
بالله في عبادة الأوثان، بل قسوتهم في تعذيب بني إسرائيل، ورفضهم لكلام الله
على فم موسى، كان يمكن أن ينتقم الله منهم بعنف، ولكنه بحكمته ورحمته سمح
بالضربات العشر بمقدار يحتمله المصريون؛ ليقودهم إلى التوبة. فسليمان يحدثنا عن
رحمة الله في الضربات العشر، إذ كان يمكن أن تكون أكثر قسوة بكثير مما حدث.
قدرة الله غير محدودة، وبها خلق
العالم كله بأمره، وخلق الإنسان من حفنة تراب بلا منظر إلى صورته الجميلة؛ هذه
القدرة العظيمة كان يمكن أن ترسل عددًا ضخمًا من الحيوانات الكبيرة المخيفة
بحجمها الهائل، أو جيوش من الأسود، التي تتميز بالشجاعة والإقدام.
ع19: الضارية: الشرسة
التي تفتك بالإنسان.
قاتمًا
: داكنًا، أو غامقًا.
بل كان يمكن أن يفاجأ المصريون
بحيوانات جديدة لم يروها من قبل، تنفخ من أفواهها وأنوفها نارًا ودخانًا، أو
يخرج من عيونها شرار نار، فيحرق كل من يقابله، ويهلك كل أرض مصر.
ع20: تهشمهم: تحطمهم.
وهذه الحيوانات كانت قادرة أن
تهلك المصريين ليس فقط بافتراسهم، بل بمنظرها أيضًا وحجمها المخيف.
ع21: يذريهم: هي
عملية التذرية التي تفصل القش عن حبوب القمح، فيطير القش في الهواء بعيدًا.
والمقصود تنفخهم بريح فمك، فيصبحوا كلا شيء أمامك.
وكان يمكن بدل كل هذا أن ينفخهم
الله بنفخة فمه، فتكون كريح شديدة لم يسمع بمثلها من قبل، فتقتل كل من يقابلها،
إذ يطير أمامها كل بشر، وكل متاع، وكل المباني، وقوة الإنسان. فإن كان يحدث هذا
الآن جزئيًا عن طريق الزوابع والعواصف والأعاصير، فكم يستطيع الله أن يعطى
رياحًا أقوى من كل هذه، تهلك كل من يقابلها.
ولكن رحمة الله توقف انتقامه
الشديد من شرور الناس، وتسمح بالعقاب بمقدار، وعدد محدود. ولا تكون التجربة
أثقل مما يجب، بل يزن كل التجارب بميزان رحمته؛ حتى يؤدى عقاب الله إلى توبة
الجميع، إذ هو ""يريد أن جميع الناس يخلصون وإلى معرفة الحق يقبلون"" (1 تى2: 4).
† تمتع يا أخى برحمة الله، واقبل التجربة
لتقودك إلى التوبة. انتهز الفرصة للرجوع إلى الله، فتخلص من الانتقام الأبدي في
النار التي لا تطفأ.
ع22: ثم يسترسل سليمان، فيحدثنا عن قدرة الله
الكاملة، فيعلن هذه القدرة أنها:
1- دائمة:
أما قدرة البشر فهي مؤقتة.
2- عظيمة:
فهى غير محدودة، وبالإضافة إلى
ذلك فإنها لا يقاس بها أية قوة في العالم، ولا يستطيع أحد أن يقف أمامها. أما
قوة الإنسان فواضح أنها محدودة، وضعيفة.
3- ذاتية:
فقدرة الله نابعة من كيانه،
وبالتالي ثابتة لا تتغير. أما قدرة الإنسان فهي بسبب عطايا الله للإنسان من صحة
ومال ومركز اجتماعى، وتزول بزوالها.
ع23: ترجح: تثقل به
كفة الميزان حتى تميل إلى أسفل. والمقصود شيء صغير جدًا يثقل به ما في الميزان
فيميل.
السحر
: وقت السحر هو الثلث الأخير من الليل حتى قبل طلوع الفجر.
ويتحدث عن الإنسان، مهما كانت
قوته، فيشبهه بالشئ الصغير جدًا، الذي يثقل به كفة الميزان، فتميل إلى أسفل؛
لتتساوى مع الكفة الأخرى، فهو كالقشة، أو الشئ التافه الذي يكمل به الوزن.
ويشبه الإنسان أيضًا بنقطة الماء
التي تسقط كالندى قبل الفجر، أي في وقت السحر والظلام شديد. فالإنسان شيء صغير
جدًا، ينزل مثل نقطة الندى في الظلام على الأرض، فما قيمته أمام العالم كله؟!
... وما قيمة العالم كله أمام قدرة الله الغير محدودة؟ وقد استخدم أشعياء نفس
التشبيه (أش40: 15).
† إعرف حقيقة نفسك حتى تتضع أمام الله، وتخضع
لوصاياه، وتمجده على قدرته العظيمة، ولا تتذمر عليه. فإن رحمته هي التي أعطت لك
مكانة، فاشكره في كل حين.
ع24: تتغاضى عن خطايا الناس
: تطيل أناتك عليهم ليتوبوا.
يُنهى هذا الأصحاح بحديث حلو عن
رحمة الله، ويؤكد أن رحمة الله لكل المخلوقات، وبالأولى للبشر الذين خلقهم على
صورته ومثاله. والسبب في رحمة الله أن قدرته كاملة، إذًا فهو لا يخاف من إنسان.
فالكل خاضع له، فهو يميل إلى استخدام الرحمة لا العدل، فهو حقًا لا ينقص عدله،
لكن يدعو الكل للتوبة، ويطيل أناته عليهم، محتملًا خطاياهم؛ حتى إذا رجعوا إليه
يسامحهم ويرحمهم.
ع25: تمقت: تكره.
ويقدم دليلًا آخر على رحمة الله
للجميع إنه خالق الجميع، وبالتالي فهو يحب خليقته، لأنها منه، ويرحمها إذا
أخطأت، ويدعوها للتوبة؛ لتنال بركاته. ويستحيل ألا يرحم إنسانًا، لأن معنى هذا
أنه لم يخلقه فمن يكون خالقه إذًا؟!.. الله هو خالق الكل، وراحم الجميع.
ع26: داعيًا له:
خالقًا له ودعوته باسمه.
فإذًا أنت يا رب تحب كل خليقتك،
وتريدها أن تحيا أمامك، وتحفظها من كل خطر، وهذا هو سر بقاء الإنسان والعالم
حتى الآن، رغم شره، إن الله يريده، ويحبه، فينال بالتالى رحمته وغفرانه. ولكن
الله يكره خطية الإنسان، فلذا يدعوه للتوبة؛ ليخلُص من خطيته، ويبقى معه إلى
الأبد.
ثم إن نهاية كل الخلائق وهدفها
الوحيد هو الوجود معك يا الله. فأنت ترحم جميع البشر وتدعوهم للتوبة، وتحرسهم
من فخاخ إبليس؛ لأنك تحبهم، إذ هم مِلك لك، وتري أن تفرحهم بالحياة الدائمة معك
في الأبدية.
ع27: الأكوان: الوجود
بأكمله.
ولأنك يا رب خالق كل الكائنات
فأنت تشفق عليها، فتهتم بالبشر والحيوانات، والنباتات، وكل الكائنات، وتحنو على
كل ضعيف وتسنده. فأبوة الله ورحمته تشجع نفوسنا الضعيفة، مهما كانت خطايانا
كثيرة؛ لأن غرض خلقة الإنسان هو أن يحيا لله، ويتمتع بأحضانه، ويتحد به.
† الله يحبك حتى لو كنت منسيًا من الكل، أو
زادت أخطاؤك أكثر من الكل، لأنك أنت ابنه؛ حتى لو احتقرت بنوتك وعصيت الله، فهو
مازال يحبك ويطلبك بمراحمه، ويعتنى بك، لعل قلبك القاسى يلين، فهو يشرق شمسه
على الأبرار والأشرار، كما نقول في صلاة باكر في الأجبية.
نلاحظ أن الآيات من (ع18-23)
تحدثنا عن الله القدير المخوف، الذي يعاقب الأشرار المتمادين في شرهم. أما
الآيات من (ع24-27) فتحدثنا عن الله الرحوم الحنون المشفق على أولاده وكل
خليقته، فيمتزج هذا الأصحاح بين مخافة الله ومحبته، وهذا هو الفكر الروحي
السليم الذي عاش فيه الآباء من الأجيال الأولى حتى الآن.
← تفاسير أصحاحات
حكمة:
مقدمة |
1 |
2 |
3 |
4 |
5 |
6 |
7 |
8 |
9 |
10 |
11 |
12 |
13 |
14 |
15 |
16 |
17 |
18 |
19
تفاسير أسفار الكتاب المقدس
1- تفاسير سفر التكوين
2- تفاسير سفر الخروج
3- تفاسير سفر اللاويين
4- تفاسير سفر العدد
5- تفاسير سفر التثنية
6- تفاسير سفر يشوع
7- تفاسير سفر القضاة
8- تفاسير سفر راعوث
9- تفاسير سفر صموئيل الأول
10- تفاسير سفر صموئيل الثاني
11- تفاسير سفر الملوك الأول
12- تفاسير سفر الملوك الثاني
13- تفاسير سفر أخبار الأيام الأول
14- تفاسير سفر أخبار الأيام الثاني
15- تفاسير سفر عزرا
16- تفاسير سفر نحميا
17- تفاسير سفر طوبيا
18- تفاسير سفر يهوديت
19- تفاسير سفر أستير + التتمة
20- تفاسير سفر أيوب
21- تفاسير سفر المزامير + مز 151
22- تفاسير سفر الأمثال
23- تفاسير سفر الجامعة
24- تفاسير سفر نشيد الأناشيد
25- تفاسير سفر الحكمة
26- تفاسير سفر يشوع بن سيراخ
27- تفاسير سفر إشعياء
28- تفاسير سفر إرميا
29- تفاسير سفر مراثي إرميا
30- تفاسير سفر نبوه باروخ
31- تفاسير سفر حزقيال
32- تفاسير سفر دانيال + التتمة
33- تفاسير سفر هوشع
34- تفاسير سفر يوئيل
35- تفاسير سفر عاموس
36- تفاسير سفر عوبديا
37- تفاسير سفر يونان
38- تفاسير سفر ميخا
39- تفاسير سفر ناحوم
40- تفاسير سفر حبقوق
41- تفاسير سفر صفنيا
42- تفاسير سفر حجي
43- تفاسير سفر زكريا
44- تفاسير سفر ملاخي
45- تفاسير سفر المكابيين الأول
46- تفاسير سفر المكابيين الثاني
1- تفاسير إنجيل متى
2- تفاسير إنجيل مرقس
3- تفاسير إنجيل لوقا
4- تفاسير إنجيل يوحنا
5- تفاسير سفر أعمال الرسل
6- تفاسير الرسالة إلى رومية
7- تفاسير رسالة كورنثوس الاولى
8- تفاسير كورنثوس الثانية
9- تفاسير الرسالة إلى أهل غلاطية
10- تفاسير الرسالة إلى أفسس
11- تفاسير الرسالة إلى فيلبي
12- تفاسير الرسالة إلى كولوسي
13- تفاسير تسالونيكي الأولى
14- تفاسير تسالونيكي الثانية
15- تفاسير رسالة تيموثاوس الأولى
16- تفاسير تيموثاوس الثانية
17- تفاسير الرسالة إلى تيطس
18- تفاسير الرسالة إلى فيلمون
19- تفاسير رسالة العبرانيين
20- تفاسير رسالة يعقوب
21- تفاسير رسالة بطرس الأولى
22- تفاسير رسالة بطرس الثانية
23- تفاسير رسالة يوحنا الأولى
24- تفاسير رسالة يوحنا الثانية
25- تفاسير رسالة يوحنا الثالثة
26- تفاسير رسالة يهوذا
27- تفاسير سفر الرؤيا"
حكمة سليمان,11,1,"(11:1): سددت مساعيهم:
أنجحت طريقهم.
يتحدث هنا عن قيادة الله لشعبه في برية سيناء بعد
عبورهم البحر الأحمر، إذ يقودهم بنفسه بعمود السحاب نهارًا، وعمود النار ليلًا.
وما دام الله يقود بنفسه، فهو يعطى طريقًا سليمًا ناجحًا لأولاده. وقائدهم
المنظور هو موسى النبي العظيم، الذي يرمز لعمل الله معهم، وصوت الله لهم. فهو
رمز للمسيح الذي يقود شعبه في طريق الخلاص، يعبر بهم في جرن المعمودية، ويسير
أمامهم في طريق ملكوت الله؛ حتى يوصلهم إلى أورشليم السمائية، أرض الميعاد.
نلاحظ هنا استمرار سليمان في عدم ذكر أسماء
الآباء، أو الأنبياء، فلم يذكر اسم موسى، بل أشار إليه بالنبى القديس؛ لأنه
يتكلم عن عمل الحكمة في أولاد الله.
ع2:"
حكمة سليمان,11,2,"(11:2): أخبيتهم:
خيامهم.
قفرة:
أرض جرداء.
ورغم أن طريق بني إسرائيل كان في
برية سيناء القاحلة، التي لا يسكنها أحد من الناس، لكنهم كانوا مطمئنين؛ لأن
الله معهم، فنصبوا خيامهم في هذا المكان الموحش، واستقروا في أمان؛ إذ أن الله
يحميهم.
† إذا سرت يا أخى في طريق حياتك، وشعرت أنك
وحدك، لا يشعر بك من حولك، فلا تنزعج ما دمت متمسكًا بالله، بل نم مطمئنًا؛ لأن
الله يحوطك برعايته، وتقدم براحة وفرح في كل خطواتك؛ لأن الله أمامك، عالمًا
أنك ابن الله السائر في طريق الملكوت، ومسيحك يهديك، ويوصلك، إذا ثبت في
الكنيسة والأسرار المقدسة، كما نناديه في القداس الإلهي ""أهدنا إلى ملكوتك"".
ع3:"
حكمة سليمان,11,3,"(11:3): ولما شعر بنو إسرائيل بقوة الله التي
معهم، لم ينزعجوا من شعب عماليق الذي قابلهم في البرية، بل انتصروا عليه،
مستندين على صلوات موسى ويديه المرفوعتين على شكل صليب. وانتصروا أيضًا على
سيحون ملك الأموريين، وعوج ملك باشان، مع ملاحظة أن بني إسرائيل كانوا رعاة
غنم، وليسوا رجال حرب، أما الجيوش المقابلة لهم، فهم متدربون على الحرب، ولكن
قوة الله تستطيع أن تنصر الضعفاء على الأقوياء.
† ما دام الله معك فمهما عظمت حروب إبليس، فثق
أنك تنتصر عليه. تقدم بثبات في الحياة الروحية، ولا تخشَ مقاومته؛ حتى وإن سقطت
مرارًا في الخطية، فتوبتك، وتمسكك بالأسرار المقدسة تهزم كل قوته وتسحقها.
ع4:"
حكمة سليمان,11,4,"(11:4): الصوان: الحجر
الشديد القوة.
الجلمود
: الصخر.
بعدما عبر بنو إسرائيل البحر
الأحمر وجدوا أنفسهم في برية ناشفة، يندر وجود الماء بها، وتعرضوا للموت عطشًا،
وهم عدد كبير، حوالي المليونين من الأنفس، فيستحيل توفير الماء الكافى لهم. ولم
يكن أمامهم إلا التضرع إلى الله بصراخ شديد؛ لينجيهم من الموت، بعدما عجز العقل
عن إيجاد وسيلة للحياة. وظهر حنان الله وأبوته، وفى نفس الوقت قدرته العظيمة،
فأنبع لهم ينبوع ماء قوى من الصخر الصلب الكبير البعيد عن كل مصادر المياه.
وتتحقق المعجزة في إرواء عطش كل هؤلاء البشر، ويفيض عنهم الماء.
وتتكرر المعجزة، أي خروج الماء من
الصخرة بضربة العصا من موسى طوال أربعين سنة؛ ليعلن الله رعايته، ومحبته لشعبه
طول الحياة.
لقد كانت الصخرة التي تابعتهم في
البرية هي المسيح (1 كو10: 4)، والعصا هي الصليب، الذي صُلب عليه المسيح،
فأعطانا نبع الحياة، وأنقذنا من الموت.
† إن الله ينتظر صلوات أولاده؛ ليعطيهم كل ما
يحتاجون، مهما بدا ذلك مستحيلًا، ""فغير المستطاع عند الناس مستطاع عند الله""
(لو18: 27). إنه ينتظر دليل بنوتنا له؛ لندخل ونأخذ كل ما نريد، بل في محبته
ينادينا ""إلى الآن لم تطلبوا شيئًا بإسمى. اطلبوا تأخذوا ليكون فرحكم كاملًا""
(يو16: 24)، بل هو ""يعطى الجميع بسخاء"" (يع1: 5) ""أكثر جدًا مما نطلب، أو
نفتكر"" (أف3: 20).
ع5-7:"
حكمة سليمان,11,5,"(11:5-7): وتتعاظم رحمة الله واهتمامه بشعبه أنه
يعطيهم الماء بوفرة وسط برية سيناء الجرداء، في حين لم يجد المصريون ماءً
ليشربوا، وتعرضوا للموت عطشًا بعد الضربة الأولى، حينما حول موسى ماء نهر النيل
إلى دم، بل كان دمًا عفنًا متسخًا، أي دمًا صديدًا (مِدة) يشمئز الإنسان من
النظر إليه، أو احتمال رائحته الكريهة. وما الفرق بين شعب الله والمصريين، إلا
تمسك بنو إسرائيل بالله، أما المصريون فعصوه، وعاملوا شعبه بمنتهى القسوة.
ويلاحظ في سفر الخروج (خر7: 22)
أن العرافين في مصر اغتاظوا مما فعله موسى وذهبوا إلى الجزء من نهر النيل الذي
يرتوى به شعب بني إسرائيل، وكان ما زال ماؤه نقيًا لم يتحول إلى دم، فضربوه
وحولوا لونه مثل الدم، ولكنه لم يكن دمًا، ولم يتعفن، فشرب منه بنو إسرائيل.
وظل المصريون يعانون سبعة أيام يشربون فيها من ماء الآبار؛ حتى ضرب الله مصر
بالضفادع (خر7: 24-25 ؛ 8: 2)، وعاد ماء النيل إلى طبيعته الأولى.
ع8، 9: أضدادهم: من
يقفون ضدهم، أي أعدائهم وهم المصريون.
لماذا سمح الله بالعطش للمصريين؟
... لعلهم يتوبون ويشعرون بخطيتهم الشيعة في قتل جميع الأطفال الذكور المولودين
لبنى إسرائل. فعندما يقتربون بالعطش إلى الموت، يشعرون بمشاعر الآباء والأمهات
عند قتل أولادهم.
فهكذا استخدم الله الماء لعقاب
المصريين بالتعرض للموت عطشًا، وهو نفس الوسيلة (الماء) الذي استخدمه المصريون
لقتل أطفال بني إسرائيل بإلقائهم في النهر (خر1: 22). فالمصريون قتلوا، أي
سفكوا دماء أطفال بني إسرائيل، فحول الله لهم الماء إلى دم في ضربة النهر؛
ليتذكروا خطيتهم لعلهم يتوبون ويؤمنون. ونلاحظ ان ضربة النهر، وتحويل الماء إلى
دم كان لها غرضان هما:
إجبار المصريين على طاعة الله،
وإطلاق بني إسرائيل ليعبدوه في البرية (خر7: 16-17).
تذكير المصريين بخطيتهم في قتل
أطفال بني إسرائيل، بإلقائهم في النهر.
أما شعب الله، فسماحه لهم بالعطش؛
ليشعرهم بمدى الضيقة التي مر بها أعداؤهم المصريون، فلا يرفضوا طاعة الله
مثلهم. وكان عطش بني إسرائيل مؤقتًا، أعقبه فيض ماء غزير من الصخرة، تظهر رعاية
الله، ومحبته واهتمامه بهم.
ع10، 11: تشرح هاتان
الآيتان الهدف من تجربة كلًا من بني إسرائيل والمصريين بالعطش فيقول:
""فإنك بامتحانك لهم وإن كان تأديب
رحمة""
عندما تذمر بنو إسرائيل في برية
سيناء لعطشهم، كان هذا ضعف إيمان وعدم اتكال على الله. والله سمح بهذا العطش
تأديبًا لهم؛ ليرجعوا إليه بكل قلوبهم، تاركين التذمر. وكان العطش مؤقتًا لفترة
قصيرة، وهذا كان تأديبًا رحيمًا من الله.
""فهموا كيف كان عذاب المنافقين
المقضى عليهم بالغضب""
فهم بنو إسرائيل، وهم في برية
سيناء، أن عطشهم يذكرهم بعطش المصريين الشديد، الذي حدث في مصر، عندما ضرب الله
النهر، وحوله إلى دم، غضبًا منهم؛ لرفضهم ترك شعبه ليعبدوه في البرية.
""لأنك جربت هؤلاء إنذارًا كأب
لهم""
فالله جرب بني إسرائيل كأب
إنذارًا لهم؛ حتى لا يعودوا إلى التذمر والتمرد عليه.
""وأولئك ابتليتهم كملك قاس قضاء
عليهم""
أما أولئك وهم المصريون، فقد
عاملهم الله كملك قاسِ؛ لأنهم رفضوا الإيمان به، فكان عطشهم شديدًا، لدرجة أنهم
تعرضوا للموت. فالله حنون على أولاده ليعيدهم بالتوبة إليه، أما تجربته
للمصريين فكانت بقسوة؛ لإصرارهم على رفض طاعة الله.
† إطمئن يا أخى إذ التجربة هي بسماح من إلهك
المحب لنمو محبتك له، وستؤدى في النهاية إلى راحتك وقوتك. وإن طالت التجربة،
فثق أن بعدها بركات غزيرة من السماء، تكافئك على صبرك وقوتك، وتمسكك بالله.
ع12:"
حكمة سليمان,11,12,"(11:12): الضر: الضرر.
المشهد
: العلن والظاهر.
ولم يقتصر عقاب الله للمصريين على
العطش، أو التألم الجسدي من الضربات المختلفة، بل تعداه إلى التعب النفسى. فلم
يكن الضرر الذي أصابهم هو فقط الظاهر، ولكن في الخفاء والغيب؛ داخلهم كان الألم
أقسى بكثير من الألم الخارجي. فعندما فكروا في الضربات التي تمر بهم حزنوا
جدًا، وكان تعبهم النفسى مضاعفًا لتعبهم الجسدي، إذ أدركوا تعاستهم وبليتهم.
ع13، 14: ضعفان: أي
حزنهم لآلامهم الجسدية، بالإضافة إلى آلامهم النفسية.
النحيب
: البكاء الشديد.
السالفة
: الماضية.
حزن المصريون وبكوا كثيرًا لما
رأوا الضربات العشر القاسية، التي أظهرت ضعف آلهتهم، وشعروا بعقاب الله لهم
فيها، في حين كان بنو إسرائيل في راحة، ولم تأت عليهم هذه الضربات، فكان هذا
عذابًا مضاعفًا لهم؛ أي آلام الضربات، وآلام الغيرة من بركات الله لشعبه.
وزاد حزنهم الداخلي أنهم سمعوا
برعاية الله لشعبه في البرية، وإروائه لعطشهم بالماء الغزير من الصخر، فتذكروا
الضربات والعطش الذي أهلك منهم الكثيرين فحزنوا أكثر وأكثر. وللأسف لم يقودهم
هذا إلى التوبة، بل سقطوا في الاكتئاب واليأس.
ع15:"
حكمة سليمان,11,15,"(11:15): وعندما رأوا موسى العظيم يواجه فرعون،
ويتذلل ملكهم أمامه، ويضرب بقوة الله كل مصر بالضربات العشر، تذكروا ظلمهم
لأطفال العبرانيين الذين أمروا بطرحهم في النهر، ومنهم هذا الطفل موسى. ولكن
الله اعتنى به فصار عظيمًا، وتكلم معه، وقاد شعبه وحرره، وأخضع كل المصريين عند
قدميه. بل عندما تجاسر جيش المصريين، أكبر جيوش العالم في هذا الوقت، أن يطارده
غرق في البحر الأحمر.
ورأى المصريون أن عطش بني إسرائيل
في برية سيناء (الصديقين) كان مؤقتًا، وبعده أعطاهم الله ماءً غزيرًا، أما
المصريون فضربة النهر حولته إلى دم، ومات السمك وانتن، واستمر عطش المصريين مدة
طويلة عقابًا لهم، ولم ينالوا بركة من الله بعده.
† لا تخشَ يا أخى من قوة الأشرار وسطوتهم، فإن
نهايتهم محزنة، وسيذلهم الله عقابًا على خطاياهم. واطمئن إن الله سيرعاك ويحفظك
ويعظمك كل يوم. وعلى قدر ما تتعاظم حتى تصل إلى الملكوت، ينحدر الأشرار في ألم
وتعاسة حتى يُلقوا في العذاب الأبدي.
حذار لك أيها الأخ
الحبيب أن تقلد الأشرار في خطاياهم؛ لأن الخطية لا تخلف إلا الاضطراب الداخلي
والتعاسة، مهما بدت شهوتها مبهرة. وهذا الألم الداخلي يستمر مسيطرًا على الشرير
ما لم يتب، فهو عقاب مستمر لا يبارح الإنسان ما دام في الخطية.
←
وستجد
تفاسير أخرى
هنا في
(2)
قدرة الله ورحمته (ع16-27):
16 وَإِذْ كَانُوا قَدْ سَفِهُوا فِي
أَفْكَارِهِمِ الأَثِيمَةِ، وَضَلُّوا حَتَّى عَبَدُوا زَحَّافَاتٍ حَقِيرَةً
وَوُحُوشًا لاَ نُطْقَ لَهَا، انْتَقَمْتَ مِنْهُمْ بِأَنْ أَرْسَلْتَ
عَلَيْهِمْ جَمًّا مِنَ الْحَيَوَانَاتِ الَّتِي لاَ نُطْقَ لَهَا، 17 لِكَيْ
يَعْلَمُوا أَنَّ مَا خَطِئَ بِهِ أَحَدٌ بِهِ يُعَاقَبُ. 18 وَلَمْ يَكُنْ
صَعْبًا عَلَى يَدِكَ الْقَادِرَةِ عَلَى كُلِّ شَيْءٍ، الَّتِي صَنَعَتِ
الْعَالَمَ مِنْ مَادَّةٍ غَيْرِ مُصَوَّرَةٍ، أَنْ تَبْعَثَ عَلَيْهِمْ جَمًّا
مِنَ الأَدْبَابِ أَوِ الأُسُودِ الْبَاسِلَةِ، 19 أَوْ مِنْ أَصْنَافٍ
جَدِيدَةٍ لَمْ تُعْرَفْ مِنَ الْوُحُوشِ الضَّارِيَةِ، الَّتِي تَنْفُخُ
نَارًا أَوْ تَبْعَثُ دُخَانًا قَاتِمًا أَوْ تُرْسِلُ مِنْ عُيُونِهَا
شَرَارًا مُخِيفًا.20 إِذَنْ لَكَانَتْ تُهْلِكُهُمْ خَوْفًا مِنْ مَنْظَرِهَا، فَضْلًا عَنْ أَنْ
تُهَشِّمَهُمْ بِإِصَابَتِهَا. 21 بَلْ قَدْ كَانَ نَفَسٌ كَافِيًا
لإِسْقَاطِهِمْ؛ فَيَتَعَقَّبُهُمُ الْقَضَاءُ وَرُوحُ قُدْرَتِكَ
يُذَرِّيهِمْ. لكِنَّكَ رَتَّبْتَ كُلَّ شَيْءٍ بِمِقْدَارٍ وَعَدَدٍ وَوَزْنٍ. 22 وَعِنْدَكَ قُدْرَةٌ عَظِيمَةٌ فِي كُلِّ حِينٍ؛ فَمَنْ يُقَاوِمُ قُوَّةَ
ذِرَاعِكَ. 23 إِنَّ الْعَالَمَ كُلَّهُ أَمَامَكَ مِثْلُ مَا تَرْجَحُ بِهِ
كَفَّةُ الْمِيزَانِ، وَكَنُقْطَةِ نَدًى تَسْقُطُ عَلَى الأَرْضِ عِنْدَ
السَّحَرِ. 24 لكِنَّكَ تَرْحَمُ الْجَمِيعَ، لأَنَّكَ قَادِرٌ عَلَى كُلِّ
شَيْءٍ، وَتَتَغَاضَى عَنْ خَطَايَا النَّاسِ لِكَيْ يَتُوبُوا. 25 لأَنَّكَ
تُحِبُّ جَمِيعَ الأَكْوَانِ، وَلاَ تَمْقُتُ شَيْئًا مِمَّا صَنَعْتَ؛
فَإِنَّكَ لَوْ أَبْغَضْتَ شَيْئًا لَمْ تُكَوِّنْهُ. 26 وَكَيْفَ يَبْقَى
شَيْءٌ لَمْ تُرِدْهُ؟ أَمْ كَيْفَ يُحْفَظُ مَا لَسْتَ أَنْتَ دَاعِيًا لَهُ؟ 27 إِنَّكَ تُشْفِقُ عَلَى جَمِيعِ الأَكْوَانِ، لأَنَّهَا لَكَ أَيُّهَا
الرَّبُّ الْمُحِبُّ لِلنُّفُوسِ.
ع16، 17: سفهوا: من
السفاهة، وهي التفاهة.
جمًا:
عددًا كبيرًا جدًا.
يتكلم هنا عن انحطاط المصريين في
أفكارهم، إذ عبدوا الحيوانات؛ سواء الكبيرة، مثل البقر والكباش والقرود
والتماسيح، أو الصغيرة، مثل الضفادع والبعوض والجراد والجعران. وأراد الله أن
يُظهر لهم دناءة هذه الحيوانات التي يعظمونها ويعبدونها، فأرسل عليهم أعدادًا
ضخمة منها في الضربات العشر، مثل الضفادع فأصابتهم بالاشمئزاز عندما ماتت
الضفادع، وأنتنت، وملأت بيوتهم ومخازنهم بهذه الرائحة النتنة، وجمعوها أكوامًا
كثيرة في كل مكان في مصر.
ولكى ينتبهوا من ضلالهم في عبادة
الحيوانات بدلًا من الله، أصابتهم من هذه العبادة شرورا كثيرة تؤذيهم؛
ليتركوها، ويرجعوا إلى الله بالتوبة.
ونلاحظ أن الله عاقب المصريين
بالحيوانات التي عبدوها؛ ليظهر لهم ضلال عبادتهم وحقارتها؛ حتى يبعدوا عنها
ويرجعوا إلى الله.
† لا تسرع إلى الشر مهما بدا مبهرًا وجميلًا؛
لأنه سيؤذيك، إذ فيه سم الشيطان، ويهلكك في النهاية. أرفض كل ما يؤدى إلى الشر،
وكل ما له علاقة به، فيكون قلبك مستقيمًا، وتحيا في سلام. وإذا أخطأت فتب
سريعًا، لأن مراحم الله تنتظرك.
ع18:"
حكمة سليمان,11,18,"(11:18): الأدباب:
الحيوانات الضخمة التي تدب على الأرض.
الباسلة
: الشجاعة.
وأمام شر المصريين واستهانتهم
بالله في عبادة الأوثان، بل قسوتهم في تعذيب بني إسرائيل، ورفضهم لكلام الله
على فم موسى، كان يمكن أن ينتقم الله منهم بعنف، ولكنه بحكمته ورحمته سمح
بالضربات العشر بمقدار يحتمله المصريون؛ ليقودهم إلى التوبة. فسليمان يحدثنا عن
رحمة الله في الضربات العشر، إذ كان يمكن أن تكون أكثر قسوة بكثير مما حدث.
قدرة الله غير محدودة، وبها خلق
العالم كله بأمره، وخلق الإنسان من حفنة تراب بلا منظر إلى صورته الجميلة؛ هذه
القدرة العظيمة كان يمكن أن ترسل عددًا ضخمًا من الحيوانات الكبيرة المخيفة
بحجمها الهائل، أو جيوش من الأسود، التي تتميز بالشجاعة والإقدام.
ع19:"
حكمة سليمان,11,19,"(11:19): الضارية: الشرسة
التي تفتك بالإنسان.
قاتمًا
: داكنًا، أو غامقًا.
بل كان يمكن أن يفاجأ المصريون
بحيوانات جديدة لم يروها من قبل، تنفخ من أفواهها وأنوفها نارًا ودخانًا، أو
يخرج من عيونها شرار نار، فيحرق كل من يقابله، ويهلك كل أرض مصر.
ع20:"
حكمة سليمان,11,20,"(11:20): تهشمهم: تحطمهم.
وهذه الحيوانات كانت قادرة أن
تهلك المصريين ليس فقط بافتراسهم، بل بمنظرها أيضًا وحجمها المخيف.
ع21:"
حكمة سليمان,11,21,"(11:21): يذريهم: هي
عملية التذرية التي تفصل القش عن حبوب القمح، فيطير القش في الهواء بعيدًا.
والمقصود تنفخهم بريح فمك، فيصبحوا كلا شيء أمامك.
وكان يمكن بدل كل هذا أن ينفخهم
الله بنفخة فمه، فتكون كريح شديدة لم يسمع بمثلها من قبل، فتقتل كل من يقابلها،
إذ يطير أمامها كل بشر، وكل متاع، وكل المباني، وقوة الإنسان. فإن كان يحدث هذا
الآن جزئيًا عن طريق الزوابع والعواصف والأعاصير، فكم يستطيع الله أن يعطى
رياحًا أقوى من كل هذه، تهلك كل من يقابلها.
ولكن رحمة الله توقف انتقامه
الشديد من شرور الناس، وتسمح بالعقاب بمقدار، وعدد محدود. ولا تكون التجربة
أثقل مما يجب، بل يزن كل التجارب بميزان رحمته؛ حتى يؤدى عقاب الله إلى توبة
الجميع، إذ هو ""يريد أن جميع الناس يخلصون وإلى معرفة الحق يقبلون"" (1 تى2: 4).
† تمتع يا أخى برحمة الله، واقبل التجربة
لتقودك إلى التوبة. انتهز الفرصة للرجوع إلى الله، فتخلص من الانتقام الأبدي في
النار التي لا تطفأ.
ع22:"
حكمة سليمان,11,22,"(11:22): ثم يسترسل سليمان، فيحدثنا عن قدرة الله
الكاملة، فيعلن هذه القدرة أنها:
1- دائمة:
أما قدرة البشر فهي مؤقتة.
2- عظيمة:
فهى غير محدودة، وبالإضافة إلى
ذلك فإنها لا يقاس بها أية قوة في العالم، ولا يستطيع أحد أن يقف أمامها. أما
قوة الإنسان فواضح أنها محدودة، وضعيفة.
3- ذاتية:
فقدرة الله نابعة من كيانه،
وبالتالي ثابتة لا تتغير. أما قدرة الإنسان فهي بسبب عطايا الله للإنسان من صحة
ومال ومركز اجتماعى، وتزول بزوالها.
ع23:"
حكمة سليمان,11,23,"(11:23): ترجح: تثقل به
كفة الميزان حتى تميل إلى أسفل. والمقصود شيء صغير جدًا يثقل به ما في الميزان
فيميل.
السحر
: وقت السحر هو الثلث الأخير من الليل حتى قبل طلوع الفجر.
ويتحدث عن الإنسان، مهما كانت
قوته، فيشبهه بالشئ الصغير جدًا، الذي يثقل به كفة الميزان، فتميل إلى أسفل؛
لتتساوى مع الكفة الأخرى، فهو كالقشة، أو الشئ التافه الذي يكمل به الوزن.
ويشبه الإنسان أيضًا بنقطة الماء
التي تسقط كالندى قبل الفجر، أي في وقت السحر والظلام شديد. فالإنسان شيء صغير
جدًا، ينزل مثل نقطة الندى في الظلام على الأرض، فما قيمته أمام العالم كله؟!
... وما قيمة العالم كله أمام قدرة الله الغير محدودة؟ وقد استخدم أشعياء نفس
التشبيه (أش40: 15).
† إعرف حقيقة نفسك حتى تتضع أمام الله، وتخضع
لوصاياه، وتمجده على قدرته العظيمة، ولا تتذمر عليه. فإن رحمته هي التي أعطت لك
مكانة، فاشكره في كل حين.
ع24:"
حكمة سليمان,11,24,"(11:24): تتغاضى عن خطايا الناس
: تطيل أناتك عليهم ليتوبوا.
يُنهى هذا الأصحاح بحديث حلو عن
رحمة الله، ويؤكد أن رحمة الله لكل المخلوقات، وبالأولى للبشر الذين خلقهم على
صورته ومثاله. والسبب في رحمة الله أن قدرته كاملة، إذًا فهو لا يخاف من إنسان.
فالكل خاضع له، فهو يميل إلى استخدام الرحمة لا العدل، فهو حقًا لا ينقص عدله،
لكن يدعو الكل للتوبة، ويطيل أناته عليهم، محتملًا خطاياهم؛ حتى إذا رجعوا إليه
يسامحهم ويرحمهم.
ع25:"
حكمة سليمان,11,25,"(11:25): تمقت: تكره.
ويقدم دليلًا آخر على رحمة الله
للجميع إنه خالق الجميع، وبالتالي فهو يحب خليقته، لأنها منه، ويرحمها إذا
أخطأت، ويدعوها للتوبة؛ لتنال بركاته. ويستحيل ألا يرحم إنسانًا، لأن معنى هذا
أنه لم يخلقه فمن يكون خالقه إذًا؟!.. الله هو خالق الكل، وراحم الجميع.
ع26:"
حكمة سليمان,11,26,"(11:26): داعيًا له:
خالقًا له ودعوته باسمه.
فإذًا أنت يا رب تحب كل خليقتك،
وتريدها أن تحيا أمامك، وتحفظها من كل خطر، وهذا هو سر بقاء الإنسان والعالم
حتى الآن، رغم شره، إن الله يريده، ويحبه، فينال بالتالى رحمته وغفرانه. ولكن
الله يكره خطية الإنسان، فلذا يدعوه للتوبة؛ ليخلُص من خطيته، ويبقى معه إلى
الأبد.
ثم إن نهاية كل الخلائق وهدفها
الوحيد هو الوجود معك يا الله. فأنت ترحم جميع البشر وتدعوهم للتوبة، وتحرسهم
من فخاخ إبليس؛ لأنك تحبهم، إذ هم مِلك لك، وتري أن تفرحهم بالحياة الدائمة معك
في الأبدية.
ع27:"
حكمة سليمان,11,27,"(11:27): الأكوان: الوجود
بأكمله.
ولأنك يا رب خالق كل الكائنات
فأنت تشفق عليها، فتهتم بالبشر والحيوانات، والنباتات، وكل الكائنات، وتحنو على
كل ضعيف وتسنده. فأبوة الله ورحمته تشجع نفوسنا الضعيفة، مهما كانت خطايانا
كثيرة؛ لأن غرض خلقة الإنسان هو أن يحيا لله، ويتمتع بأحضانه، ويتحد به.
† الله يحبك حتى لو كنت منسيًا من الكل، أو
زادت أخطاؤك أكثر من الكل، لأنك أنت ابنه؛ حتى لو احتقرت بنوتك وعصيت الله، فهو
مازال يحبك ويطلبك بمراحمه، ويعتنى بك، لعل قلبك القاسى يلين، فهو يشرق شمسه
على الأبرار والأشرار، كما نقول في صلاة باكر في الأجبية.
نلاحظ أن الآيات من (ع18-23)
تحدثنا عن الله القدير المخوف، الذي يعاقب الأشرار المتمادين في شرهم. أما
الآيات من (ع24-27) فتحدثنا عن الله الرحوم الحنون المشفق على أولاده وكل
خليقته، فيمتزج هذا الأصحاح بين مخافة الله ومحبته، وهذا هو الفكر الروحي
السليم الذي عاش فيه الآباء من الأجيال الأولى حتى الآن.
← تفاسير أصحاحات
حكمة:
مقدمة |
1 |
2 |
3 |
4 |
5 |
6 |
7 |
8 |
9 |
10 |
11 |
12 |
13 |
14 |
15 |
16 |
17 |
18 |
19
تفاسير أسفار الكتاب المقدس
1- تفاسير سفر التكوين
2- تفاسير سفر الخروج
3- تفاسير سفر اللاويين
4- تفاسير سفر العدد
5- تفاسير سفر التثنية
6- تفاسير سفر يشوع
7- تفاسير سفر القضاة
8- تفاسير سفر راعوث
9- تفاسير سفر صموئيل الأول
10- تفاسير سفر صموئيل الثاني
11- تفاسير سفر الملوك الأول
12- تفاسير سفر الملوك الثاني
13- تفاسير سفر أخبار الأيام الأول
14- تفاسير سفر أخبار الأيام الثاني
15- تفاسير سفر عزرا
16- تفاسير سفر نحميا
17- تفاسير سفر طوبيا
18- تفاسير سفر يهوديت
19- تفاسير سفر أستير + التتمة
20- تفاسير سفر أيوب
21- تفاسير سفر المزامير + مز 151
22- تفاسير سفر الأمثال
23- تفاسير سفر الجامعة
24- تفاسير سفر نشيد الأناشيد
25- تفاسير سفر الحكمة
26- تفاسير سفر يشوع بن سيراخ
27- تفاسير سفر إشعياء
28- تفاسير سفر إرميا
29- تفاسير سفر مراثي إرميا
30- تفاسير سفر نبوه باروخ
31- تفاسير سفر حزقيال
32- تفاسير سفر دانيال + التتمة
33- تفاسير سفر هوشع
34- تفاسير سفر يوئيل
35- تفاسير سفر عاموس
36- تفاسير سفر عوبديا
37- تفاسير سفر يونان
38- تفاسير سفر ميخا
39- تفاسير سفر ناحوم
40- تفاسير سفر حبقوق
41- تفاسير سفر صفنيا
42- تفاسير سفر حجي
43- تفاسير سفر زكريا
44- تفاسير سفر ملاخي
45- تفاسير سفر المكابيين الأول
46- تفاسير سفر المكابيين الثاني
1- تفاسير إنجيل متى
2- تفاسير إنجيل مرقس
3- تفاسير إنجيل لوقا
4- تفاسير إنجيل يوحنا
5- تفاسير سفر أعمال الرسل
6- تفاسير الرسالة إلى رومية
7- تفاسير رسالة كورنثوس الاولى
8- تفاسير كورنثوس الثانية
9- تفاسير الرسالة إلى أهل غلاطية
10- تفاسير الرسالة إلى أفسس
11- تفاسير الرسالة إلى فيلبي
12- تفاسير الرسالة إلى كولوسي
13- تفاسير تسالونيكي الأولى
14- تفاسير تسالونيكي الثانية
15- تفاسير رسالة تيموثاوس الأولى
16- تفاسير تيموثاوس الثانية
17- تفاسير الرسالة إلى تيطس
18- تفاسير الرسالة إلى فيلمون
19- تفاسير رسالة العبرانيين
20- تفاسير رسالة يعقوب
21- تفاسير رسالة بطرس الأولى
22- تفاسير رسالة بطرس الثانية
23- تفاسير رسالة يوحنا الأولى
24- تفاسير رسالة يوحنا الثانية
25- تفاسير رسالة يوحنا الثالثة
26- تفاسير رسالة يهوذا
27- تفاسير سفر الرؤيا"
حكمة سليمان,12,0,"(12:1): الله يسعى لخلاص الكل
(1)
طول أناة الله تدعونا للتوبة
(ع1-12)
(2)
الله العادل الرحوم (ع13-22)
(3)
العقاب من نوع العمل (ع23-27)
(1)
طول أناة الله تدعونا للتوبة (ع1-12):
1 إِنَّ فِي كُلِّ شَيْءٍ رُوحَكَ الَّذِي لاَ
فَسَادَ فِيهِ. 2 فَبِهِ تُوَبِّخُ الْخُطَاةَ شَيْئًا فَشَيْئًا، وَفِيمَا
يَخْطَأُونَ بِهِ تُذَكِّرُهُمْ وَتُنْذِرُهُمْ لِكَيْ يُقْلِعُوا عَنِ
الشَّرِّ، وَيُؤْمِنُوا بِكَ، أَيُّهَا الرَّبُّ. 3 فَإِنَّكَ أَبْغَضْتَ
الَّذِينَ كَانُوا قَدِيمًا سُكَّانَ أَرْضِكَ الْمُقَدَّسَةِ، 4 لأَجْلِ
أَعْمَالِهِمِ الْمَمْقُوتَةِ لَدَيْكَ مِنَ السِّحْرِ وَذَبَائِحِ الْفُجُورِ، 5 إِذْ كَانُوا يَقْتُلُونَ أَوْلاَدَهُمْ بِغَيْرِ رَحْمَةٍ، وَيَأْكُلُونَ
أَحْشَاءَ النَّاسِ، وَيَشْرَبُونَ دِمَاءَهُمْ فِي شَعَائِرِ عِبَادَتِكَ. 6 فَآثَرْتَ أَنْ تُهْلِكَ بِأَيْدِي آبَائِنَا أُولئِكَ الْوَالِدِينَ،
قَتَلَةَ النُّفُوسِ الَّتِي لاَ نُصْرَةَ لَهَا، 7 لِكَيْ تَكُونَ الأَرْضُ
الَّتِي هِيَ أَكْرَمُ عِنْدَكَ مِنْ كُلِّ أَرْضٍ عَامِرَةً بِأَبْنَاءِ
اللهِ، كَمَا يَلِيقُ بِهَا. 8 عَلَى أَنَّكَ أَشْفَقْتَ عَلَى أُولئِكَ
أَيْضًا، لأَنَّهُمْ بَشَرٌ فَبَعَثْتَ بِالزَّنَابِيرِ تَتَقَدَّمُ
عَسْكَرَكَ، وَتُبِيدُهُمْ شَيْئًا بَعْدَ شَيْءٍ، 9 لاَ لأَنَّكَ عَجَزْتَ عَنْ
إِخْضَاعِ الْمُنَافِقِينَ لِلصِّدِّيقِينَ بِالْقِتَالِ، أَوْ تَدْمِيرِهِمْ
بِمَرَّةٍ بِالْوُحُوشِ الضَّارِيَةِ، أَوْ بِأَمْرٍ جَازِمٍ مِنْ عِنْدِكَ، 10 لكِنْ بِعِقَابِهِمْ شَيْئًا فَشَيْئًا مَنَحْتَهُمْ مُهْلَةً لِلْتَّوْبَةِ،
وَإِنْ لَمْ يَخْفَ عَلَيْكَ أَنَّ جِيلَهُمْ شِرِّيرٌ، وَأَنَّ خُبْثَهُمْ
غَرِيزِيٌّ، وَأَفْكَارَهُمْ لاَ تَتَغَيَّرُ إِلَى الأَبَدِ، 11 لأَنَّهُمْ
كَانُوا ذُرِّيَّةً مَلْعُونَةً مُنْذُ الْبَدْءِ. وَلَمْ يَكُنْ عَفْوُكَ عَنْ
خَطَايَاهُمْ خَوْفًا مِنْ أَحَدٍ، 12 فَإِنَّهُ مَنْ يَقُولُ مَاذَا صَنَعْتَ
أَوْ يَعْتَرِضُ قَضَاءَكَ؟ وَمَنْ يَشْكُوكَ بِهَلاَكِ الأُمَمِ الَّتِي
خَلَقْتَهَا، أَوْ يَقِفُ بَيْنَ يَدَيْكَ مُخَاصِمًا عَنْ أُنَاسٍ
مُجْرِمِينَ؟
ع1: يتحدث هنا عن
الروح القدس النقى الحق؛ لأن ضمير الإنسان - الذي هو صوت الله فيه - قد تعوج
بسقوط الإنسان في الخطية، فأخذ يبرر الخطايا، مستخدمًا عقله وعواطفه التي هي
مكونات الضمير.
ويذكر هنا في هذه الآية أن روح الله في كل شيء،
ويقصد كل إنسان. فالله يعمل في الكل بروحه القدوس، يدعوهم إلى الإيمان به.
ويذكر أيضًا في الآية أن الروح القدس لا فساد فيه، ولذا فهو يعمل في كل النفوس
لتنقيتها؛ حتى تكون بلا فساد، لتحيا معه إلى الأبد في ملكوت السموات.
ع2: يقلعوا: يمتنعوا.
وعمل الروح القدس الأساسى هو
إرجاع الإنسان إلى الله، فهو يعمل أعمالًا كثيرة ليدعوه إلى التوبة وهي:
يذكره بخطاياه حتى لا ينسيه
الشيطان هذا وسط زحام مشاغل العالم. وعندما يرى فساد خطيته يرفضها، ويرجع إلى
الله.
يعلن للإنسان عقاب الخطية،
والدينونة الأخيرة؛ حتى يكره الخطية، ويرفض لذتها.
يعلن بره وقداسته ومحبته للإنسان؛
حتى يؤمن به، فيرفض الخطية خوفًا من الله، وتقديرًا لمحبته وأبوته.
يعمل الروح القدس هذا بالتدريج
بحسب استعداد الإنسان، وتجاوبه، واحتماله؛ حتى لا يسقط في اليأس إذا بكته بشدة،
أو في التهاون إذا بكته بلطف زائد.
وقد أكد المسيح ذلك في العهد
الجديد بقوله: ""إن الروح القدس يبكت العالم على خطية، وعلى بر، وعلى دينونة
(يو 16: 8).
† هل رأيت يا أخى كم هي محبة الله لك،
واهتمامه بخلاصك؟! فهو يدعوك ويهتم بك، كما تهتم الأم برضيعها؛ ليخلصك من
خطاياك، ويجدد حياتك ويفرحك بعشرته.
ع3: يعلن هنا غضب الله على السكان الأصليين
في بلاد اليهودية، أي الكنعانيون بقبائلهم المختلفة، الذين طردهم الله، وأسكن
بدلًا منهم شعبه بني إسرائيل.
ع4: الممقوتة:
المكروهة.
وسبب غضب الله عليهم هو شرورهم
الفظيعة، إذ تحالفوا مع الشيطان بأعمال السحر، التي أعجبوا بها، وافتخروا
بممارستها.
وفى شرهم مارسوا الزنا والدعارة
في معابدهم الوثنية، واعتبروا هذا الفجور عبادة تقدم للآلهة.
ع5: شعائر عبادتك:
الطقوس الوثنية في العبادة، التي كان يظن الناس أنها مقدمة لك يا الله.
وأكثر من هذا قدموا أطفالهم ذبائح
للآلهة الوثنية، فكانوا يذبحونهم، أو يشوونهم بالنار. وكان يأكلون لحومهم،
ويشربون دماءهم، كعبادة ترضى الله. والله برئ من كل هذه الخطايا، فهي تختص
بإلههم الشرير، الذي هو الشيطان.
† حذارى يا أخي، وأنت في العهد الجديد بنعمته
العظيمة، أن تسقط في الشر، وترضى شهواتك، خاصة لو كنت مرتبطًا بالكنيسة، وتعمل
الخطية، أو تفكر أفكارًا ردية، وأنت في المكان المقدس. لا تستهن بطول أناة
الله، وإمهاله، وتتمادى في خطاياك.
ع6: التي لا نصرة لها
: نفوس الأطفال الذين لا يستطيعون الدفاع عن أنفسهم.
وعندما تصاعد شر سكان الأرض
الأصليين، الذين يقتلون أبناءهم، قررت يا الله أن تهلكهم، وتقتلهم، كما قتلوا
أبناءهم، فأهلكتهم وطردتهم بيد شعبك إسرائيل، كما أنزلت يا الله الشر أيام نوح
بالطوفان، وأهلكت جميع الأشرار. وكذلك أيضًا شعب الله، عندما أخطأ أهلكتهم
وطردتهم من أرضهم بيد أشور، وبابل. وعندما تابوا أعدتهم إلى أرضهم.
ع7: وأزلت الشر من الأرض، التي هي عظيمة
أمامك، إذ تفيض بخيراتك المادية، وقد باركها إبراهيم واسحق ويعقوب بسكناهم
فيها. وهكذا يعطى الله بركاته المادية لأولاده الأتقياء، وهي عربون للبركات
الروحية، ولأمجاد السماء. وأكرم الله الأرض المقدسة بسكنى داود وسليمان
والأنبياء فيها، وكذلك تم بناء هيكله بها، ثم تعاظمت البركة بولادة المسيح
فيها.
إن الأشرار مهما نجحوا زمانًا
طويلًا لا ينتظرهم إلا الهزيمة والهلاك في النهاية، مثل الكنعانيين. أما شعب
الله، فإن احتمل ضيقات سنينًا كثيرة، كما في أرض مصر، ففى النهاية تفيض عليه
بركات الله في أرض الميعاد.
ع8: ورغم شر الكنعانيين الصاعد إلى السماء،
فإن الله دعاهم للتوبة، وذلك عن طريق تأديبهم بالضيقات. فقبل أن يموتوا على
أيدى جنود بني إسرائيل، أرسل عليهم أسراب من الزنابير، لتلدغهم لعل آلام اللدغ
تنبههم إلى قوة الله، فيرجعوا إليه، ثم يموت بعضهم بلدغ الزنابير، فيهلكون
شيئًا فشيئًا، لعل الأحياء منهم ينتبهون، ويرجعون إلى الله، فيؤمنون، ويتوبون.
ع9: بمرة: مرة واحدة،
أى ضربة واحدة قاتلة.
جازم:
حازم ومؤكد.
مع أن الله قادر على إهلاكهم
سريعًا بيد المؤمنين بالقتال، كما أهلك جيش سنحاريب بضربة واحدة من الملاك، أو
إطلاق وحوش مفترسة عليهم، أو أي أمر يسحقهم سريعًا. ولكن أطال الله أناته
عليهم، وسمح بتأديبهم تدريجيًا بالزنابير، ليعطيهم فرصة للتوبة، وقد تاب بعضهم
فعلًا، وآمنوا، ودعى اسمهم الدخلاء (طو1: 7؛ أع2: 10).
ع10: والعجيب أن الله بسابق معرفته يعلم
قساوة قلوبهم، وإصرارهم على الشر، ولكنه يعطى فرصة للجميع ليتوبوا، ليصمت أمامه
كل فم في يوم الدينونة العظيم؛ لأن الأشرار قد رفضوا جميع فرص التوبة الممنوحة
لهم، ولأن سابق علم الله لا يتدخل في اختيارات الإنسان، بل يعطيه الله حرية
كاملة.
ع11: يناقش هنا سلطان الله في إهلاك الأشرار
الكنعانيين سكان الأرض الأصليين، ويعلن شرهم منذ كنعان جدهم، وهو حفيد نوح ابن
حام، الذي أخطأ عندما نظر إلى عورة نوح، بعدما شرب الخمر وتعرى، ولم يستر عليه،
مثل سام ويافث (تك9: 22-23). وهذا هو المقصود بـ""منذ البدء"" أي من بداية
أصلهم وهو كنعان، وليس البدء قبل خلقة العالم. وعندما عفا الله عنهم، وأعطاهم
فرصة للحياة، لم يكن ذلك خوفًا منهم، بل فرصة لتوبتهم.
ع12: ورغم أنهم ملعونون، لكن أطال الله أناته
عليهم، ليتوبوا. فلم يرجعوا إليه، بل ازدادوا في شرهم. فعندما يأمر بهلاكهم
فهذا منتهى العدل، ولا يستطيع أحد، مهما كان مقامه أو سلطانه، أو فهمه أن يجد
خطأ، أو حجة يشتكى بها على الله؛ حاشا لأن الله كامل في عدله، كما هو كامل في
سلطانه وقوته.
† هل تشفق على جميع الناس، حتى من يسيئون
إليك، وتطلب خلاص الجميع؟ أم تفقد رجاءك في الأشرار، وترفض أن تخدمهم بمحبة
المسيح؟! اشفق على الجميع؛ لتنال مراحم الله ""طوبى للرحماء لأنهم يرحمون""
(مت5: 7).
←
وستجد
تفاسير أخرى
هنا في
(2)
الله العادل الرحوم (ع13-22):
13 إِذْ لَيْسَ إِلهٌ إِلاَّ أَنْتَ الْمُعْتَنِي
بِالْجَمِيعِ، حَتَّى تُرِيَ أَنَّكَ لاَ تَقْضِي قَضَاءَ الظُّلْمِ، 14 وَلَيْسَ لِمَلِكٍ أَوْ سُلْطَانٍ أَنْ يُطَالِبَكَ بِالَّذِينَ
أَهْلَكْتَهُمْ. 15 وَإِذْ أَنْتَ عَادِلٌ تُدَبِّرُ الْجَمِيعَ بِالْعَدْلِ،
وَتَحْسَبُ الْقَضَاءَ عَلَى مَنْ لاَ يَسْتَوْجِبُ الْعِقَابِ مُنَافِيًا
لِقُدْرَتِكَ. 16 لأَنَّ قُوَّتَكَ هِيَ مَبْدَأُ عَدْلِكَ، وَبِمَا أَنَّكَ
رَبُّ الْجَمِيعِ؛ فَأَنْتَ تُشْفِقُ عَلَى الْجَمِيعِ. 17 وَإِنَّمَا تُبْدِي
قُوَّتَكَ لِلَّذِينَ لاَ يُؤْمِنُونَ أَنَّكَ عَلَى كَمَالِ الْقُدْرَةِ،
وَتُعَاقِبُ الْعُلَمَاءَ عَلَى جَسَارَتِهِمْ 18 لكِنَّكَ، أَيُّهَا
السُّلْطَانُ الْقَدِيرُ، تَحْكُمُ بِالرِّفْقِ، وَتُدَبِّرُنَا بِإِشْفَاقٍ
كَثِيرٍ، لأَنَّ فِي يَدِكَ أَنْ تَعْمَلَ بِقُدْرَةٍ مَتَى شِئْتَ. 19 فَعَلَّمْتَ شَعْبَكَ بِأَعْمَالِكَ هذِهِ، أَنَّ الصِّدِّيقَ يَنْبَغِي أَنْ
يَكُونَ مُحِبًّا لِلنَّاسِ، وَجَعَلْتَ لِبَنِيكَ رَجَاءً حَسَنًا، لأَنَّكَ
تَمْنَحُهُمْ فِي خَطَايَاهُمْ مُهْلَةً لِلْتَّوْبَةِ. 20 لأَنَّكَ إِنْ كُنْتَ
عَاقَبْتَ أَعْدَاءَ بَنِيكَ الْمُسْتَوْجِبِينَ لِلْمَوْتِ بِمِثْلِ هذَا
التَّحَرُّزِ وَالتَّرَفُّقِ، وَجَعَلْتَ لَهُمْ زَمَانًا وَمَكَانًا
لِلإِقْلاَعِ عَنِ الشَّرِّ، 21 فَبِأَيِّ اعْتِنَاءٍ دَبَّرْتَ بَنِيكَ
الَّذِينَ وَاثَقْتَ آبَاءَهُمْ بِالأَقْسَامِ وَالْعُهُودِ عَلَى مَوَاعِيدِكَ
الصَّالِحَةِ؟ 22 فَتُؤَدِّبُنَا نَحْنُ، وَتَجْلِدُ أَعْدَاءَنَا جَلْدًا
كَثِيرًا، لِكَيْ نَتَذَكَّرَ حِلْمَكَ إِذَا حَكَمْنَا، وَنَنْتَظِرَ
رَحْمَتِكَ إِذَا حُكِمَ عَلَيْنَا.
ع13، 14: من ناحية
أخرى، فإن الله وحده هو المعتنى بجميع البشر؛ لأنه كامل وغير محدود. وبعدما
يعتنى ويطيل أناته، إن وجد بعض البشر مصرين على الخطية، فإنه يأمر بإهلاكهم.
فمن من البشر، سواء كان ملكًا، أو سلطانًا يقدر أن يشكوه، أو يقاضيه؟!
وإنه لشئ غريب جدًا أن الإنسان الخاطئ، بدلًا من
أن يلوم نفسه على خطاياه ويرجع إلى الله، ينقلب على الله المطيل أناته عليه،
ويتذمر، ويشتكى الله، ويتهمه بالخطأ. وهنا تظهر محبة الله للخطاة، حتى لو كانوا
بعيدين، ويعبدون الأصنام، ومنهمكين في شرورهم في قصة غفرانه لأهل نينوى،
وتسامحه معهم عندما تابوا. ثم تتعاظم محبة الله لكل البشرية، عندما يتجسد
ويفديها على الصليب، ويقبل كل من يؤمن به، ويعطيه الخلاص.
† إن كان الله يبارك حياتك، ويكثر لك العطايا،
فليس معنى هذا كمالك ونقاوتك، بل قد يكون هذا طول أناة من الله عليك ليعطيك
فرصة للتوبة، وفى النهاية يقول الكتاب المقدس ""إن لم تتوبوا فجميعكم كذلك
تهلكون"" (لو13: 3).
ع15: يركز هنا على صفة العدل في الله. فالله
الكامل في عدله، يدبر الكون، وكل احتياجات البشر بالعدل.
والله في عدله لا يمكن أن يعاقب من لا يستحق
العقاب، فهذا يتنافى مع قدرته. فهو عادل لا يخطئ، وقادر فلا يحتاج أن يظهر قوته
على من لا يستحق العقاب.
ع16: إن قوتك يا الله الغير محدودة،
والكاملة، هي مبدأ ومصدر عدلك، أي أنك لا تحتاج أن تقسو على أحد بدون داع، فأنت
لا تخاف من أحد؛ لأنك أقوى من الكل، وأنت عادل مع القوى والضعيف حسبما يخطئ كل
منهما.
ولأنك أنت يا الله الرب والسيد المتسلط على جميع
البشر، فيظهر حبك وحنانك في الإشفاق على جميع المؤمنين بك، فتعتنى بهم، وتخلصهم
من متاعبهم. فأنت عادل ورحيم في نفس الوقت مع الجميع، تعطى كل إنسان حسبما
يستحق، وتفيض بالحب على الكل، وتلتمس العذر للجميع، وتساندهم. كما خلصت بنى
إسرائيل، إذ صلوا إليك وآمنوا بك، فطردت الكنعانيين الأشرار من أمامهم لعدم
إيمانهم، وكبريائهم، وشرورهم.
ع17: جسارتهم: جرأتهم
وتطاولهم.
وعندما تجد يا الله أناس لا يؤمنون بك، ويعصون
أوامرك بخطايا مختلفة، تُظهر قوتك في معاقبتهم على خطاياهم. وكذلك لا تنتقم إلا
من المتكبرين بعلمهم، أي العلماء في نظر أنفسهم.
ع18: الله المتسلط على كل الخليقة يظهر
سلطانه في ترفقه وحنانه على كل البشر، وتدبير حياتهم في شفقة وتشجيع ولطف كثير.
ويرجع هذا الإشفاق الكثير إلى قدرة الله الكاملة،
التي يستطيع بها أن يشفق على كل البشر بسخاء ومحبة تفوق العقل، وينجيهم من أي
خطر، مهما كان كبيرًا، مثلما نجى الثلاث فتية من أتون النار، وحفظ دانيال في
الجب بين الأسود، وعبر بشعبه في البحر الأحمر، الذي شقه لأجلهم، ونجاهم من
فرعون وكل جيشه.
† إن قوة الله هي لك ما دمت تتكل عليه، وتتمسك
به، وتتوب إن أخطأت، وهي ضدك إن استهنت وتكبرت. والله الكامل في عدله، تستطيع
النجاة من عقابه بالتوبة، فتنال مراحمه وتحيا مستقرًا في سلام دائم.
ع19: من معاملة الله للبشر في محبته لهم،
علّم المؤمنين به أن يحبوا الآخرين، ويقدموا لهم أعمال الرحمة، ويشفقوا عليهم.
ومن ناحية أخرى، أعطى لأولاده رجاءً في غفران
خطاياهم بالتوبة، عندما يرجعون إليه؛ لأنه طويل الأناة، ويريد أن الجميع
يخلصون.
وفى العهد الجديد يؤكد بطرس الرسول هذا المعنى
بقوله أن المسيح بتجسده صار ""تاركًا لنا مثالًا لكي تتبعوا خطواته"" (1 بط2: 21).
والرجاء الذي يعطيه لنا الله ضرورى؛ لنحيا معه؛
لأنه بدونه يضيع الإنسان، كما حدث مع يهوذا الإسخريوطى، الذي شنق نفسه (مت27: 5).
ع20، 21: التحرز:
الحرص والاحتراس.
الإقلاع: الامتناع.
واثقت: عاهدتهم بمواثيق أي عهود.
لأنك يا رب إن كنت عاقبت أعداء بنيك، وهم
الكنعانيون بحرص، فلم تبدهم، معطيًا إياهم فرصة للتوبة؛ وأعطيتهم زمانًا ليحيوا
ويتوبوا، ومكانًا يعيشون فيه، فلم يحاربهم شعبك ويبيدهم بالكلية، فكم بالأولى
تشفق على أولادك المؤمنين بك إذا أخطأوا، وتعطيهم فرصة أكبر للتوبة والرجوع عن
خطاياهم؟! خاصة وأنك عاهدت آباء بنيك، وهم إبراهيم واسحق ويعقوب، ووعدتهم أن
تباركهم وتحفظهم، بل يخرج من نسلهم المخلص، وهو المسيح؛ ليعطيهم حياة معه إلى
الأبد.
ع22: وأمام هذه الرحمة اللانهائية نتعلم أن
نكون رحومين على الآخرين في أي موقع يكون لنا سلطان الحكم والقضاء، فنشفق على
المخطئين، ونبتعد عن الإدانة، ونشجع بالكلمات الطيبة لإصلاح كل خطأ.
ومن ناحية أخرى، إذا كنا قد أخطأنا، نترجى رحمتك،
إذا حُكم علينا بسبب خطايانا.
† من التداريب الروحية الجميلة أن تتذكر مراحم
الله عليك كل يوم، أو كل فترة زمنية؛ لتشكر الله عليها، فهذا يعطيك حنانًا
وترفقًا بالجميع، وتكسب الكل، وتصلح أخطاء من حولك بلطف.
(3)
العقاب من نوع العمل (ع23-27):
23 لأَجْلِ ذلِكَ فَالْمُنَافِقُونَ الَّذِينَ
عَاشُوا بِالسَّفَهِ، عَذَّبْتَهُمْ بِأَرْجَاسِهِمْ عَيْنِهَا، 24 فَإِنَّهُمْ
فِي ضَلاَلِهِم تَجَاوَزُوا طُرُقَ الضَّلاَلِ، إِذِ اتَّخَذُوا مَا
يَسْتَحْقِرُهُ أَعْدَاؤُهُمْ مِنَ الْحَيَوَانِ آلِهَةً، مُغْتَرِّينَ
كَأَطْفَالٍ لاَ يَفْقَهُونَ. 25 لِذلِكَ بَعَثْتَ عَلَيْهِمْ عِقَابَ أَوْلاَدٍ
لاَ عَقْلَ لَهُمْ لِلسُّخْرِيَّةِ. 26 وَلَمَّا لَمْ يَتَّعِظُوا بِتَأْدِيبِ
السُّخْرِيَّةِ، ذَاقُوا الْعِقَابَ اللاَّئِقِ بِاللهِ. 27 وَفِيمَا
تَحَمَّلُوهُ بِغَيْظِهِمْ، وَقَدْ رَأَوْا أَنَّ مَا اتَّخَذُوهُ إِلهًا
كَانُوا بِهِ يُعَذَّبُونَ، عَرَفُوا الإِلهَ الْحَقَّ الَّذِي كَانُوا
يَكْفُرُونَ بِهِ، وَلِذلِكَ حَلَّتْ بِهِمْ خَاتِمَةُ الْعِقَابِ.
ع23: السفه: التفاهة.
أرجاسهم: معبوداتهم الحقيرة.
يعود هنا فيتكلم عن المصريين الذين اشتركوا في
عبادة الأوثان مع الكنعانيين، وهما الفئتان اللتان قابلهما شعب الله. فقد عاش
بنو إسرائيل حوالي 400 سنة بين المصريين، ثم عند دخولهم أرض الميعاد واجهوا
قبائل الكنعانيين، وبعد أن أهلكوا بعضهم، ظل الباقون يسكنون حولهم مئات السنين.
فينتقل هنا من الكلام عن الوثنيين الكنعانيين إلى
المصريين الغارقين في عبادة الأوثان الذين يلقبهم بالمنافقين؛ لأنهم يتظاهرون
بعبادة الله، وهم متعلقون بالحيوانات والجمادات، وهذا منتهى الجهل أيضًا.
وقد سمح الله بأن عذاب المصريين يكون من خلال
معبوداتهم الدنيئة. فعندما عبدوا الضفادع - وهي حيوانات حقيرة - كانت الضربة
الثانية أن تهجم عليهم في بيوتهم أعدادًا ضخمة فاشمئزوا منها، خاصة بعد أن ماتت
وأنتنت، وجمعوها من داخل أماكن نومهم وطعامهم، فصارت أكوامًا ضخمة نتنة، وأيضًا
نهر النيل الذي عبدوه صار دمًا متسخًا فيه صديد. وهكذا تحول مصدر حياتهم من أكل
وشرب إلى مصدر يثير اشمئزازهم.
ع24: وظهر المصريون المتكبرون بعلمهم في جهل
بعبادتهم للأوثان، وصاروا كأطفال ناقصى العقل والفهم، إذ عبدوا ما يحتقره
أعداؤهم، أي بني إسرائيل من الحيوانات والحشرات، فضايقهم الله بما يعبدون في
ضربة نهر النيل، والضفادع، والبعوض، والجعران، لعلهم يتوبون.
ع25: وإذ لم يتب فرعون من الضربات الأولى -
رغم إعلان السحرة له بأنه اصبع الله - جلب الله عليه ضربات أشد، مثل موت
البهائم، وضربة حجارة البرد من السماء، وقتل الكثيرين، وأكل الجراد لكل شيء أخضر
في الأرض، فصار جوع وموت، كمل بالضربة الأخيرة، وهي موت الأبكار في كل بيوت
مصر.
ع26، 27: والعجيب أنه بعد شهادة السحرة
لفرعون، ثم شهادة عبيده له بقوة إله بني إسرائيل، وأنه هو الإله الحق، وأن مصر
قد خربت أمام قوة الله، وسمح لبني إسرائيل بالخروج من مصر، عاد فقسى قلبه، وخرج
بجيوشه؛ ليرجعهم، حينئذ لم يكن هناك مفر من إهلاكه هو وكل جيشه بالغرق في البحر
الأحمر.
إن الشيطان يريد إذلال الإنسان وتحطيمه، فهو
يجتذبه بالشهوات الكثيرة؛ حتى ينسيه عقله، ويتعلق بالماديات، ويصير كعبد لها،
وهنا يذله الشيطان، ويسحبها منه، ثم يعود فيعطيها له، ويرجع ثانية فيسحبها حتى
يمتلئ اضطرابًا، ويعذبه بما اشتهاه، إلى أن يفنى حياته في الشر، ولا ينتظره إلا
العذاب الأبدي.
† اسأل نفسك هل يضطرب قلبك مع كل مكسب، أو
خسارة مادية؛ إن كنت مازلت متعلقًا بأمور كثيرة، فاعلم أن هذه كلها قد خُلقت
لأجلك، ولست أنت لها. استخدمها بمقدار، واشكر الله على عطاياه، ولكن يظل قلبك
متعلقًا به وحده.
← تفاسير
أصحاحات
حكمة:
مقدمة |
1 |
2 |
3 |
4 |
5 |
6 |
7 |
8 |
9 |
10 |
11 |
12 |
13 |
14 |
15 |
16 |
17 |
18 |
19
تفاسير أسفار الكتاب المقدس
1- تفاسير سفر التكوين
2- تفاسير سفر الخروج
3- تفاسير سفر اللاويين
4- تفاسير سفر العدد
5- تفاسير سفر التثنية
6- تفاسير سفر يشوع
7- تفاسير سفر القضاة
8- تفاسير سفر راعوث
9- تفاسير سفر صموئيل الأول
10- تفاسير سفر صموئيل الثاني
11- تفاسير سفر الملوك الأول
12- تفاسير سفر الملوك الثاني
13- تفاسير سفر أخبار الأيام الأول
14- تفاسير سفر أخبار الأيام الثاني
15- تفاسير سفر عزرا
16- تفاسير سفر نحميا
17- تفاسير سفر طوبيا
18- تفاسير سفر يهوديت
19- تفاسير سفر أستير + التتمة
20- تفاسير سفر أيوب
21- تفاسير سفر المزامير + مز 151
22- تفاسير سفر الأمثال
23- تفاسير سفر الجامعة
24- تفاسير سفر نشيد الأناشيد
25- تفاسير سفر الحكمة
26- تفاسير سفر يشوع بن سيراخ
27- تفاسير سفر إشعياء
28- تفاسير سفر إرميا
29- تفاسير سفر مراثي إرميا
30- تفاسير سفر نبوه باروخ
31- تفاسير سفر حزقيال
32- تفاسير سفر دانيال + التتمة
33- تفاسير سفر هوشع
34- تفاسير سفر يوئيل
35- تفاسير سفر عاموس
36- تفاسير سفر عوبديا
37- تفاسير سفر يونان
38- تفاسير سفر ميخا
39- تفاسير سفر ناحوم
40- تفاسير سفر حبقوق
41- تفاسير سفر صفنيا
42- تفاسير سفر حجي
43- تفاسير سفر زكريا
44- تفاسير سفر ملاخي
45- تفاسير سفر المكابيين الأول
46- تفاسير سفر المكابيين الثاني
1- تفاسير إنجيل متى
2- تفاسير إنجيل مرقس
3- تفاسير إنجيل لوقا
4- تفاسير إنجيل يوحنا
5- تفاسير سفر أعمال الرسل
6- تفاسير الرسالة إلى رومية
7- تفاسير رسالة كورنثوس الاولى
8- تفاسير كورنثوس الثانية
9- تفاسير الرسالة إلى أهل غلاطية
10- تفاسير الرسالة إلى أفسس
11- تفاسير الرسالة إلى فيلبي
12- تفاسير الرسالة إلى كولوسي
13- تفاسير تسالونيكي الأولى
14- تفاسير تسالونيكي الثانية
15- تفاسير رسالة تيموثاوس الأولى
16- تفاسير تيموثاوس الثانية
17- تفاسير الرسالة إلى تيطس
18- تفاسير الرسالة إلى فيلمون
19- تفاسير رسالة العبرانيين
20- تفاسير رسالة يعقوب
21- تفاسير رسالة بطرس الأولى
22- تفاسير رسالة بطرس الثانية
23- تفاسير رسالة يوحنا الأولى
24- تفاسير رسالة يوحنا الثانية
25- تفاسير رسالة يوحنا الثالثة
26- تفاسير رسالة يهوذا
27- تفاسير سفر الرؤيا"
حكمة سليمان,12,1,"(12:1): يتحدث هنا عن
الروح القدس النقى الحق؛ لأن ضمير الإنسان - الذي هو صوت الله فيه - قد تعوج
بسقوط الإنسان في الخطية، فأخذ يبرر الخطايا، مستخدمًا عقله وعواطفه التي هي
مكونات الضمير.
ويذكر هنا في هذه الآية أن روح الله في كل شيء،
ويقصد كل إنسان. فالله يعمل في الكل بروحه القدوس، يدعوهم إلى الإيمان به.
ويذكر أيضًا في الآية أن الروح القدس لا فساد فيه، ولذا فهو يعمل في كل النفوس
لتنقيتها؛ حتى تكون بلا فساد، لتحيا معه إلى الأبد في ملكوت السموات.
ع2:"
حكمة سليمان,12,2,"(12:2): يقلعوا: يمتنعوا.
وعمل الروح القدس الأساسى هو
إرجاع الإنسان إلى الله، فهو يعمل أعمالًا كثيرة ليدعوه إلى التوبة وهي:
يذكره بخطاياه حتى لا ينسيه
الشيطان هذا وسط زحام مشاغل العالم. وعندما يرى فساد خطيته يرفضها، ويرجع إلى
الله.
يعلن للإنسان عقاب الخطية،
والدينونة الأخيرة؛ حتى يكره الخطية، ويرفض لذتها.
يعلن بره وقداسته ومحبته للإنسان؛
حتى يؤمن به، فيرفض الخطية خوفًا من الله، وتقديرًا لمحبته وأبوته.
يعمل الروح القدس هذا بالتدريج
بحسب استعداد الإنسان، وتجاوبه، واحتماله؛ حتى لا يسقط في اليأس إذا بكته بشدة،
أو في التهاون إذا بكته بلطف زائد.
وقد أكد المسيح ذلك في العهد
الجديد بقوله: ""إن الروح القدس يبكت العالم على خطية، وعلى بر، وعلى دينونة
(يو 16: 8).
† هل رأيت يا أخى كم هي محبة الله لك،
واهتمامه بخلاصك؟! فهو يدعوك ويهتم بك، كما تهتم الأم برضيعها؛ ليخلصك من
خطاياك، ويجدد حياتك ويفرحك بعشرته.
ع3:"
حكمة سليمان,12,3,"(12:3): يعلن هنا غضب الله على السكان الأصليين
في بلاد اليهودية، أي الكنعانيون بقبائلهم المختلفة، الذين طردهم الله، وأسكن
بدلًا منهم شعبه بني إسرائيل.
ع4:"
حكمة سليمان,12,4,"(12:4): الممقوتة:
المكروهة.
وسبب غضب الله عليهم هو شرورهم
الفظيعة، إذ تحالفوا مع الشيطان بأعمال السحر، التي أعجبوا بها، وافتخروا
بممارستها.
وفى شرهم مارسوا الزنا والدعارة
في معابدهم الوثنية، واعتبروا هذا الفجور عبادة تقدم للآلهة.
ع5:"
حكمة سليمان,12,5,"(12:5): شعائر عبادتك:
الطقوس الوثنية في العبادة، التي كان يظن الناس أنها مقدمة لك يا الله.
وأكثر من هذا قدموا أطفالهم ذبائح
للآلهة الوثنية، فكانوا يذبحونهم، أو يشوونهم بالنار. وكان يأكلون لحومهم،
ويشربون دماءهم، كعبادة ترضى الله. والله برئ من كل هذه الخطايا، فهي تختص
بإلههم الشرير، الذي هو الشيطان.
† حذارى يا أخي، وأنت في العهد الجديد بنعمته
العظيمة، أن تسقط في الشر، وترضى شهواتك، خاصة لو كنت مرتبطًا بالكنيسة، وتعمل
الخطية، أو تفكر أفكارًا ردية، وأنت في المكان المقدس. لا تستهن بطول أناة
الله، وإمهاله، وتتمادى في خطاياك.
ع6:"
حكمة سليمان,12,6,"(12:6): التي لا نصرة لها
: نفوس الأطفال الذين لا يستطيعون الدفاع عن أنفسهم.
وعندما تصاعد شر سكان الأرض
الأصليين، الذين يقتلون أبناءهم، قررت يا الله أن تهلكهم، وتقتلهم، كما قتلوا
أبناءهم، فأهلكتهم وطردتهم بيد شعبك إسرائيل، كما أنزلت يا الله الشر أيام نوح
بالطوفان، وأهلكت جميع الأشرار. وكذلك أيضًا شعب الله، عندما أخطأ أهلكتهم
وطردتهم من أرضهم بيد أشور، وبابل. وعندما تابوا أعدتهم إلى أرضهم.
ع7:"
حكمة سليمان,12,7,"(12:7): وأزلت الشر من الأرض، التي هي عظيمة
أمامك، إذ تفيض بخيراتك المادية، وقد باركها إبراهيم واسحق ويعقوب بسكناهم
فيها. وهكذا يعطى الله بركاته المادية لأولاده الأتقياء، وهي عربون للبركات
الروحية، ولأمجاد السماء. وأكرم الله الأرض المقدسة بسكنى داود وسليمان
والأنبياء فيها، وكذلك تم بناء هيكله بها، ثم تعاظمت البركة بولادة المسيح
فيها.
إن الأشرار مهما نجحوا زمانًا
طويلًا لا ينتظرهم إلا الهزيمة والهلاك في النهاية، مثل الكنعانيين. أما شعب
الله، فإن احتمل ضيقات سنينًا كثيرة، كما في أرض مصر، ففى النهاية تفيض عليه
بركات الله في أرض الميعاد.
ع8:"
حكمة سليمان,12,8,"(12:8): ورغم شر الكنعانيين الصاعد إلى السماء،
فإن الله دعاهم للتوبة، وذلك عن طريق تأديبهم بالضيقات. فقبل أن يموتوا على
أيدى جنود بني إسرائيل، أرسل عليهم أسراب من الزنابير، لتلدغهم لعل آلام اللدغ
تنبههم إلى قوة الله، فيرجعوا إليه، ثم يموت بعضهم بلدغ الزنابير، فيهلكون
شيئًا فشيئًا، لعل الأحياء منهم ينتبهون، ويرجعون إلى الله، فيؤمنون، ويتوبون.
ع9:"
حكمة سليمان,12,9,"(12:9): بمرة: مرة واحدة،
أى ضربة واحدة قاتلة.
جازم:
حازم ومؤكد.
مع أن الله قادر على إهلاكهم
سريعًا بيد المؤمنين بالقتال، كما أهلك جيش سنحاريب بضربة واحدة من الملاك، أو
إطلاق وحوش مفترسة عليهم، أو أي أمر يسحقهم سريعًا. ولكن أطال الله أناته
عليهم، وسمح بتأديبهم تدريجيًا بالزنابير، ليعطيهم فرصة للتوبة، وقد تاب بعضهم
فعلًا، وآمنوا، ودعى اسمهم الدخلاء (طو1: 7؛ أع2: 10).
ع10:"
حكمة سليمان,12,10,"(12:10): والعجيب أن الله بسابق معرفته يعلم
قساوة قلوبهم، وإصرارهم على الشر، ولكنه يعطى فرصة للجميع ليتوبوا، ليصمت أمامه
كل فم في يوم الدينونة العظيم؛ لأن الأشرار قد رفضوا جميع فرص التوبة الممنوحة
لهم، ولأن سابق علم الله لا يتدخل في اختيارات الإنسان، بل يعطيه الله حرية
كاملة.
ع11:"
حكمة سليمان,12,11,"(12:11): يناقش هنا سلطان الله في إهلاك الأشرار
الكنعانيين سكان الأرض الأصليين، ويعلن شرهم منذ كنعان جدهم، وهو حفيد نوح ابن
حام، الذي أخطأ عندما نظر إلى عورة نوح، بعدما شرب الخمر وتعرى، ولم يستر عليه،
مثل سام ويافث (تك9: 22-23). وهذا هو المقصود بـ""منذ البدء"" أي من بداية
أصلهم وهو كنعان، وليس البدء قبل خلقة العالم. وعندما عفا الله عنهم، وأعطاهم
فرصة للحياة، لم يكن ذلك خوفًا منهم، بل فرصة لتوبتهم.
ع12:"
حكمة سليمان,12,12,"(12:12): ورغم أنهم ملعونون، لكن أطال الله أناته
عليهم، ليتوبوا. فلم يرجعوا إليه، بل ازدادوا في شرهم. فعندما يأمر بهلاكهم
فهذا منتهى العدل، ولا يستطيع أحد، مهما كان مقامه أو سلطانه، أو فهمه أن يجد
خطأ، أو حجة يشتكى بها على الله؛ حاشا لأن الله كامل في عدله، كما هو كامل في
سلطانه وقوته.
† هل تشفق على جميع الناس، حتى من يسيئون
إليك، وتطلب خلاص الجميع؟ أم تفقد رجاءك في الأشرار، وترفض أن تخدمهم بمحبة
المسيح؟! اشفق على الجميع؛ لتنال مراحم الله ""طوبى للرحماء لأنهم يرحمون""
(مت5: 7).
←
وستجد
تفاسير أخرى
هنا في
(2)
الله العادل الرحوم (ع13-22):
13 إِذْ لَيْسَ إِلهٌ إِلاَّ أَنْتَ الْمُعْتَنِي
بِالْجَمِيعِ، حَتَّى تُرِيَ أَنَّكَ لاَ تَقْضِي قَضَاءَ الظُّلْمِ، 14 وَلَيْسَ لِمَلِكٍ أَوْ سُلْطَانٍ أَنْ يُطَالِبَكَ بِالَّذِينَ
أَهْلَكْتَهُمْ. 15 وَإِذْ أَنْتَ عَادِلٌ تُدَبِّرُ الْجَمِيعَ بِالْعَدْلِ،
وَتَحْسَبُ الْقَضَاءَ عَلَى مَنْ لاَ يَسْتَوْجِبُ الْعِقَابِ مُنَافِيًا
لِقُدْرَتِكَ. 16 لأَنَّ قُوَّتَكَ هِيَ مَبْدَأُ عَدْلِكَ، وَبِمَا أَنَّكَ
رَبُّ الْجَمِيعِ؛ فَأَنْتَ تُشْفِقُ عَلَى الْجَمِيعِ. 17 وَإِنَّمَا تُبْدِي
قُوَّتَكَ لِلَّذِينَ لاَ يُؤْمِنُونَ أَنَّكَ عَلَى كَمَالِ الْقُدْرَةِ،
وَتُعَاقِبُ الْعُلَمَاءَ عَلَى جَسَارَتِهِمْ 18 لكِنَّكَ، أَيُّهَا
السُّلْطَانُ الْقَدِيرُ، تَحْكُمُ بِالرِّفْقِ، وَتُدَبِّرُنَا بِإِشْفَاقٍ
كَثِيرٍ، لأَنَّ فِي يَدِكَ أَنْ تَعْمَلَ بِقُدْرَةٍ مَتَى شِئْتَ. 19 فَعَلَّمْتَ شَعْبَكَ بِأَعْمَالِكَ هذِهِ، أَنَّ الصِّدِّيقَ يَنْبَغِي أَنْ
يَكُونَ مُحِبًّا لِلنَّاسِ، وَجَعَلْتَ لِبَنِيكَ رَجَاءً حَسَنًا، لأَنَّكَ
تَمْنَحُهُمْ فِي خَطَايَاهُمْ مُهْلَةً لِلْتَّوْبَةِ. 20 لأَنَّكَ إِنْ كُنْتَ
عَاقَبْتَ أَعْدَاءَ بَنِيكَ الْمُسْتَوْجِبِينَ لِلْمَوْتِ بِمِثْلِ هذَا
التَّحَرُّزِ وَالتَّرَفُّقِ، وَجَعَلْتَ لَهُمْ زَمَانًا وَمَكَانًا
لِلإِقْلاَعِ عَنِ الشَّرِّ، 21 فَبِأَيِّ اعْتِنَاءٍ دَبَّرْتَ بَنِيكَ
الَّذِينَ وَاثَقْتَ آبَاءَهُمْ بِالأَقْسَامِ وَالْعُهُودِ عَلَى مَوَاعِيدِكَ
الصَّالِحَةِ؟ 22 فَتُؤَدِّبُنَا نَحْنُ، وَتَجْلِدُ أَعْدَاءَنَا جَلْدًا
كَثِيرًا، لِكَيْ نَتَذَكَّرَ حِلْمَكَ إِذَا حَكَمْنَا، وَنَنْتَظِرَ
رَحْمَتِكَ إِذَا حُكِمَ عَلَيْنَا.
ع13، 14: من ناحية
أخرى، فإن الله وحده هو المعتنى بجميع البشر؛ لأنه كامل وغير محدود. وبعدما
يعتنى ويطيل أناته، إن وجد بعض البشر مصرين على الخطية، فإنه يأمر بإهلاكهم.
فمن من البشر، سواء كان ملكًا، أو سلطانًا يقدر أن يشكوه، أو يقاضيه؟!
وإنه لشئ غريب جدًا أن الإنسان الخاطئ، بدلًا من
أن يلوم نفسه على خطاياه ويرجع إلى الله، ينقلب على الله المطيل أناته عليه،
ويتذمر، ويشتكى الله، ويتهمه بالخطأ. وهنا تظهر محبة الله للخطاة، حتى لو كانوا
بعيدين، ويعبدون الأصنام، ومنهمكين في شرورهم في قصة غفرانه لأهل نينوى،
وتسامحه معهم عندما تابوا. ثم تتعاظم محبة الله لكل البشرية، عندما يتجسد
ويفديها على الصليب، ويقبل كل من يؤمن به، ويعطيه الخلاص.
† إن كان الله يبارك حياتك، ويكثر لك العطايا،
فليس معنى هذا كمالك ونقاوتك، بل قد يكون هذا طول أناة من الله عليك ليعطيك
فرصة للتوبة، وفى النهاية يقول الكتاب المقدس ""إن لم تتوبوا فجميعكم كذلك
تهلكون"" (لو13: 3).
ع15:"
حكمة سليمان,12,15,"(12:15): يركز هنا على صفة العدل في الله. فالله
الكامل في عدله، يدبر الكون، وكل احتياجات البشر بالعدل.
والله في عدله لا يمكن أن يعاقب من لا يستحق
العقاب، فهذا يتنافى مع قدرته. فهو عادل لا يخطئ، وقادر فلا يحتاج أن يظهر قوته
على من لا يستحق العقاب.
ع16:"
حكمة سليمان,12,16,"(12:16): إن قوتك يا الله الغير محدودة،
والكاملة، هي مبدأ ومصدر عدلك، أي أنك لا تحتاج أن تقسو على أحد بدون داع، فأنت
لا تخاف من أحد؛ لأنك أقوى من الكل، وأنت عادل مع القوى والضعيف حسبما يخطئ كل
منهما.
ولأنك أنت يا الله الرب والسيد المتسلط على جميع
البشر، فيظهر حبك وحنانك في الإشفاق على جميع المؤمنين بك، فتعتنى بهم، وتخلصهم
من متاعبهم. فأنت عادل ورحيم في نفس الوقت مع الجميع، تعطى كل إنسان حسبما
يستحق، وتفيض بالحب على الكل، وتلتمس العذر للجميع، وتساندهم. كما خلصت بنى
إسرائيل، إذ صلوا إليك وآمنوا بك، فطردت الكنعانيين الأشرار من أمامهم لعدم
إيمانهم، وكبريائهم، وشرورهم.
ع17:"
حكمة سليمان,12,17,"(12:17): جسارتهم: جرأتهم
وتطاولهم.
وعندما تجد يا الله أناس لا يؤمنون بك، ويعصون
أوامرك بخطايا مختلفة، تُظهر قوتك في معاقبتهم على خطاياهم. وكذلك لا تنتقم إلا
من المتكبرين بعلمهم، أي العلماء في نظر أنفسهم.
ع18:"
حكمة سليمان,12,18,"(12:18): الله المتسلط على كل الخليقة يظهر
سلطانه في ترفقه وحنانه على كل البشر، وتدبير حياتهم في شفقة وتشجيع ولطف كثير.
ويرجع هذا الإشفاق الكثير إلى قدرة الله الكاملة،
التي يستطيع بها أن يشفق على كل البشر بسخاء ومحبة تفوق العقل، وينجيهم من أي
خطر، مهما كان كبيرًا، مثلما نجى الثلاث فتية من أتون النار، وحفظ دانيال في
الجب بين الأسود، وعبر بشعبه في البحر الأحمر، الذي شقه لأجلهم، ونجاهم من
فرعون وكل جيشه.
† إن قوة الله هي لك ما دمت تتكل عليه، وتتمسك
به، وتتوب إن أخطأت، وهي ضدك إن استهنت وتكبرت. والله الكامل في عدله، تستطيع
النجاة من عقابه بالتوبة، فتنال مراحمه وتحيا مستقرًا في سلام دائم.
ع19:"
حكمة سليمان,12,19,"(12:19): من معاملة الله للبشر في محبته لهم،
علّم المؤمنين به أن يحبوا الآخرين، ويقدموا لهم أعمال الرحمة، ويشفقوا عليهم.
ومن ناحية أخرى، أعطى لأولاده رجاءً في غفران
خطاياهم بالتوبة، عندما يرجعون إليه؛ لأنه طويل الأناة، ويريد أن الجميع
يخلصون.
وفى العهد الجديد يؤكد بطرس الرسول هذا المعنى
بقوله أن المسيح بتجسده صار ""تاركًا لنا مثالًا لكي تتبعوا خطواته"" (1 بط2: 21).
والرجاء الذي يعطيه لنا الله ضرورى؛ لنحيا معه؛
لأنه بدونه يضيع الإنسان، كما حدث مع يهوذا الإسخريوطى، الذي شنق نفسه (مت27: 5).
ع20، 21: التحرز:
الحرص والاحتراس.
الإقلاع: الامتناع.
واثقت: عاهدتهم بمواثيق أي عهود.
لأنك يا رب إن كنت عاقبت أعداء بنيك، وهم
الكنعانيون بحرص، فلم تبدهم، معطيًا إياهم فرصة للتوبة؛ وأعطيتهم زمانًا ليحيوا
ويتوبوا، ومكانًا يعيشون فيه، فلم يحاربهم شعبك ويبيدهم بالكلية، فكم بالأولى
تشفق على أولادك المؤمنين بك إذا أخطأوا، وتعطيهم فرصة أكبر للتوبة والرجوع عن
خطاياهم؟! خاصة وأنك عاهدت آباء بنيك، وهم إبراهيم واسحق ويعقوب، ووعدتهم أن
تباركهم وتحفظهم، بل يخرج من نسلهم المخلص، وهو المسيح؛ ليعطيهم حياة معه إلى
الأبد.
ع22:"
حكمة سليمان,12,22,"(12:22): وأمام هذه الرحمة اللانهائية نتعلم أن
نكون رحومين على الآخرين في أي موقع يكون لنا سلطان الحكم والقضاء، فنشفق على
المخطئين، ونبتعد عن الإدانة، ونشجع بالكلمات الطيبة لإصلاح كل خطأ.
ومن ناحية أخرى، إذا كنا قد أخطأنا، نترجى رحمتك،
إذا حُكم علينا بسبب خطايانا.
† من التداريب الروحية الجميلة أن تتذكر مراحم
الله عليك كل يوم، أو كل فترة زمنية؛ لتشكر الله عليها، فهذا يعطيك حنانًا
وترفقًا بالجميع، وتكسب الكل، وتصلح أخطاء من حولك بلطف.
(3)
العقاب من نوع العمل (ع23-27):
23 لأَجْلِ ذلِكَ فَالْمُنَافِقُونَ الَّذِينَ
عَاشُوا بِالسَّفَهِ، عَذَّبْتَهُمْ بِأَرْجَاسِهِمْ عَيْنِهَا، 24 فَإِنَّهُمْ
فِي ضَلاَلِهِم تَجَاوَزُوا طُرُقَ الضَّلاَلِ، إِذِ اتَّخَذُوا مَا
يَسْتَحْقِرُهُ أَعْدَاؤُهُمْ مِنَ الْحَيَوَانِ آلِهَةً، مُغْتَرِّينَ
كَأَطْفَالٍ لاَ يَفْقَهُونَ. 25 لِذلِكَ بَعَثْتَ عَلَيْهِمْ عِقَابَ أَوْلاَدٍ
لاَ عَقْلَ لَهُمْ لِلسُّخْرِيَّةِ. 26 وَلَمَّا لَمْ يَتَّعِظُوا بِتَأْدِيبِ
السُّخْرِيَّةِ، ذَاقُوا الْعِقَابَ اللاَّئِقِ بِاللهِ. 27 وَفِيمَا
تَحَمَّلُوهُ بِغَيْظِهِمْ، وَقَدْ رَأَوْا أَنَّ مَا اتَّخَذُوهُ إِلهًا
كَانُوا بِهِ يُعَذَّبُونَ، عَرَفُوا الإِلهَ الْحَقَّ الَّذِي كَانُوا
يَكْفُرُونَ بِهِ، وَلِذلِكَ حَلَّتْ بِهِمْ خَاتِمَةُ الْعِقَابِ.
ع23:"
حكمة سليمان,12,23,"(12:23): السفه: التفاهة.
أرجاسهم: معبوداتهم الحقيرة.
يعود هنا فيتكلم عن المصريين الذين اشتركوا في
عبادة الأوثان مع الكنعانيين، وهما الفئتان اللتان قابلهما شعب الله. فقد عاش
بنو إسرائيل حوالي 400 سنة بين المصريين، ثم عند دخولهم أرض الميعاد واجهوا
قبائل الكنعانيين، وبعد أن أهلكوا بعضهم، ظل الباقون يسكنون حولهم مئات السنين.
فينتقل هنا من الكلام عن الوثنيين الكنعانيين إلى
المصريين الغارقين في عبادة الأوثان الذين يلقبهم بالمنافقين؛ لأنهم يتظاهرون
بعبادة الله، وهم متعلقون بالحيوانات والجمادات، وهذا منتهى الجهل أيضًا.
وقد سمح الله بأن عذاب المصريين يكون من خلال
معبوداتهم الدنيئة. فعندما عبدوا الضفادع - وهي حيوانات حقيرة - كانت الضربة
الثانية أن تهجم عليهم في بيوتهم أعدادًا ضخمة فاشمئزوا منها، خاصة بعد أن ماتت
وأنتنت، وجمعوها من داخل أماكن نومهم وطعامهم، فصارت أكوامًا ضخمة نتنة، وأيضًا
نهر النيل الذي عبدوه صار دمًا متسخًا فيه صديد. وهكذا تحول مصدر حياتهم من أكل
وشرب إلى مصدر يثير اشمئزازهم.
ع24:"
حكمة سليمان,12,24,"(12:24): وظهر المصريون المتكبرون بعلمهم في جهل
بعبادتهم للأوثان، وصاروا كأطفال ناقصى العقل والفهم، إذ عبدوا ما يحتقره
أعداؤهم، أي بني إسرائيل من الحيوانات والحشرات، فضايقهم الله بما يعبدون في
ضربة نهر النيل، والضفادع، والبعوض، والجعران، لعلهم يتوبون.
ع25:"
حكمة سليمان,12,25,"(12:25): وإذ لم يتب فرعون من الضربات الأولى -
رغم إعلان السحرة له بأنه اصبع الله - جلب الله عليه ضربات أشد، مثل موت
البهائم، وضربة حجارة البرد من السماء، وقتل الكثيرين، وأكل الجراد لكل شيء أخضر
في الأرض، فصار جوع وموت، كمل بالضربة الأخيرة، وهي موت الأبكار في كل بيوت
مصر.
ع26، 27: والعجيب أنه بعد شهادة السحرة
لفرعون، ثم شهادة عبيده له بقوة إله بني إسرائيل، وأنه هو الإله الحق، وأن مصر
قد خربت أمام قوة الله، وسمح لبني إسرائيل بالخروج من مصر، عاد فقسى قلبه، وخرج
بجيوشه؛ ليرجعهم، حينئذ لم يكن هناك مفر من إهلاكه هو وكل جيشه بالغرق في البحر
الأحمر.
إن الشيطان يريد إذلال الإنسان وتحطيمه، فهو
يجتذبه بالشهوات الكثيرة؛ حتى ينسيه عقله، ويتعلق بالماديات، ويصير كعبد لها،
وهنا يذله الشيطان، ويسحبها منه، ثم يعود فيعطيها له، ويرجع ثانية فيسحبها حتى
يمتلئ اضطرابًا، ويعذبه بما اشتهاه، إلى أن يفنى حياته في الشر، ولا ينتظره إلا
العذاب الأبدي.
† اسأل نفسك هل يضطرب قلبك مع كل مكسب، أو
خسارة مادية؛ إن كنت مازلت متعلقًا بأمور كثيرة، فاعلم أن هذه كلها قد خُلقت
لأجلك، ولست أنت لها. استخدمها بمقدار، واشكر الله على عطاياه، ولكن يظل قلبك
متعلقًا به وحده.
← تفاسير
أصحاحات
حكمة:
مقدمة |
1 |
2 |
3 |
4 |
5 |
6 |
7 |
8 |
9 |
10 |
11 |
12 |
13 |
14 |
15 |
16 |
17 |
18 |
19
تفاسير أسفار الكتاب المقدس
1- تفاسير سفر التكوين
2- تفاسير سفر الخروج
3- تفاسير سفر اللاويين
4- تفاسير سفر العدد
5- تفاسير سفر التثنية
6- تفاسير سفر يشوع
7- تفاسير سفر القضاة
8- تفاسير سفر راعوث
9- تفاسير سفر صموئيل الأول
10- تفاسير سفر صموئيل الثاني
11- تفاسير سفر الملوك الأول
12- تفاسير سفر الملوك الثاني
13- تفاسير سفر أخبار الأيام الأول
14- تفاسير سفر أخبار الأيام الثاني
15- تفاسير سفر عزرا
16- تفاسير سفر نحميا
17- تفاسير سفر طوبيا
18- تفاسير سفر يهوديت
19- تفاسير سفر أستير + التتمة
20- تفاسير سفر أيوب
21- تفاسير سفر المزامير + مز 151
22- تفاسير سفر الأمثال
23- تفاسير سفر الجامعة
24- تفاسير سفر نشيد الأناشيد
25- تفاسير سفر الحكمة
26- تفاسير سفر يشوع بن سيراخ
27- تفاسير سفر إشعياء
28- تفاسير سفر إرميا
29- تفاسير سفر مراثي إرميا
30- تفاسير سفر نبوه باروخ
31- تفاسير سفر حزقيال
32- تفاسير سفر دانيال + التتمة
33- تفاسير سفر هوشع
34- تفاسير سفر يوئيل
35- تفاسير سفر عاموس
36- تفاسير سفر عوبديا
37- تفاسير سفر يونان
38- تفاسير سفر ميخا
39- تفاسير سفر ناحوم
40- تفاسير سفر حبقوق
41- تفاسير سفر صفنيا
42- تفاسير سفر حجي
43- تفاسير سفر زكريا
44- تفاسير سفر ملاخي
45- تفاسير سفر المكابيين الأول
46- تفاسير سفر المكابيين الثاني
1- تفاسير إنجيل متى
2- تفاسير إنجيل مرقس
3- تفاسير إنجيل لوقا
4- تفاسير إنجيل يوحنا
5- تفاسير سفر أعمال الرسل
6- تفاسير الرسالة إلى رومية
7- تفاسير رسالة كورنثوس الاولى
8- تفاسير كورنثوس الثانية
9- تفاسير الرسالة إلى أهل غلاطية
10- تفاسير الرسالة إلى أفسس
11- تفاسير الرسالة إلى فيلبي
12- تفاسير الرسالة إلى كولوسي
13- تفاسير تسالونيكي الأولى
14- تفاسير تسالونيكي الثانية
15- تفاسير رسالة تيموثاوس الأولى
16- تفاسير تيموثاوس الثانية
17- تفاسير الرسالة إلى تيطس
18- تفاسير الرسالة إلى فيلمون
19- تفاسير رسالة العبرانيين
20- تفاسير رسالة يعقوب
21- تفاسير رسالة بطرس الأولى
22- تفاسير رسالة بطرس الثانية
23- تفاسير رسالة يوحنا الأولى
24- تفاسير رسالة يوحنا الثانية
25- تفاسير رسالة يوحنا الثالثة
26- تفاسير رسالة يهوذا
27- تفاسير سفر الرؤيا"
حكمة سليمان,13,0,"(13:1): (1)
لماذا عبد الناس الطبيعة؟ (ع1-9):
1 إِنَّ جَمِيعَ الَّذِينَ لَمْ يَعْرِفُوا اللهَ
هُمْ حَمْقَى مِنْ طَبْعِهِمْ، لَمْ يَقْدِرُوا أَنْ يَعْلَمُوا الْكَائِنَ
مِنَ الْخَيْرَاتِ الْمَنْظُورَةِ، وَلَمْ يَتَأَمَّلُوا الْمَصْنُوعَاتِ
حَتَّى يَعْرِفُوا صَانِعَهَا. 2 لكِنَّهُمْ حَسِبُوا النَّارَ أَوِ الرِّيحَ
أَوِ الْهَوَاءَ اللَّطِيفَ أَوْ مَدَارَ النُّجُومِ أَوْ لُجَّةَ الْمِيَاهِ
أَوْ نَيِّرَيِ السَّمَاءِ آلِهَةً تَسُودُ الْعَالَمَ. 3 فَإِن كَانُوا
إِنَّمَا اعْتَقَدُوا هذِهِ آلِهَةً، لأَنَّهُمْ خُلِبُوا بِجَمَالِهَا؛
فَلْيَتَعَرَّفُوا كَمْ رَبُّهَا أَحْسَنُ مِنْهَا، إِذِ الَّذِي خَلَقَهَا
هُوَ مَبْدَأُ كُلِّ جَمَالٍ. 4 أَوْ لأَنَّهُمْ دَهِشُوا مِنْ قُوَّتِهَا
وَفِعْلِهَا؛ فَلْيَتَفَهَّمُوا بِهَا كَمْ مُنْشِئُهَا أَقْوَى مِنْهَا. 5 فَإِنَّهُ بِعِظَمِ جَمَالِ الْمَبْرُوءَاتِ يُبْصَرُ فَاطِرُهَا عَلَى
طَرِيقِ الْمُقَايَسَةِ. 6 غَيْرَ أَنَّ لِهؤُلاَءِ وَجْهًا مِنَ الْعُذْرِ،
لَعَلَّهُمْ ضَلُّوا فِي طَلَبِهِمْ للهِ وَرَغْبَتِهِمْ فِي وِجْدَانِهِ، 7 إِذْ هُمْ يَبْحَثُونَ عَنْهُ مُتَرَدِّدِينَ بَيْنَ مَصْنُوعَاتِهِ؛
فَيَغُرُّهُمْ مَنْظَرُهَا، لأَنَّ الْمَنْظُورَاتِ ذَاتُ جَمَالٍ. 8 مَعَ ذلِكَ
لَيْسَ لَهُمْ مِنْ مَغْفِرَةٍ، 9 لأَنَّهُمْ إِنْ كَانُوا قَدْ بَلَغُوا مِنَ
الْعِلْمِ أَنِ اسْتَطَاعُوا إِدْرَاكَ كُنْهِ الدَّهْرِ؛ فَكَيْفَ لَمْ
يَكُونُوا أَسْرَعَ إِدْرَاكًا لِرَبِّ الدَّهْرِ؟
ع1: في هذا الأصحاح
يتحدث عن عبادة الأوثان، ويظهر مدى جهل وخطأ تابعيها. فيقرر الحكيم سليمان غباء
الذين يعبدون المخلوقات دون الخالق، ويتعجب كيف لم يستطيعوا إدراك الله الكائن
في مخلوقاته، ويعرفوه من خلال الخيرات التي يفيضها على العالم! فالله إن كان
كائن وحده بذاته، ولكن آثاره وعمله واضحان في مخلوقاته وخيراته التي يفيض بها
على الكل. ولو نظروا باهتمام إلى المخلوقات، وتأملوا فيها، لأدركوا أن خلفها
خالق عظيم قد أوجدها، وهو الله. وقد أكد هذا المعنى داود النبي في المزامير
(مز19: 1). والله نفسه قد حذر شعبه من عبادة الطبيعة في (خر20: 4-5). أما
الثلاث فتية، فدعوا الخليقة كلها لتمجيد الله خالقها وحده (تتمة دا 3: 57-87).
غريب أن ينشغل الإنسان بعطايا الله عن المعطى
نفسه، ويتمادى في جهله، فيتعلق بهذه الماديات ويعبدها، كما يعلن بولس الرسول في
رسالته إلى أهل رومية ""عبدوا المخلوق دون الخالق"" (رو1: 25).
† احترس يا أخى رغم علمك الكثير - أنت الذي
انتهت إليك أواخر الدهور - أن تتعلق بالماديات من مال ومركز ومقتنيات، بل وبشر،
تُعجب بهم، فيشغلوك عن الله خالقهم، وتهمل علاقتك به، بدلًا من أن تقودك هذه
إلى معرفته وتمجيده وشكره.
ع2: مدار النجوم:
المسار الذي تسير فيه الكواكب.
لجة المياه: المياه العميقة.
نيرى السماء: الشمس والقمر.
لقد تاثر الوثنيون بقوى الطبيعة، مثل النار التي
تلتهم ما يصادفها، وتحوله إلى رماد، أو الرياح العاصفة التي تحمل معها الكثير
من الجمادات، بل وتقتلع الأشجار، وتهدم المنازل، وشعروا بقوة هذه المخلوقات،
فاعتبروها آلهة وعبدوها.
وتأملوا النسيم العليل، وشعروا بجماله وهو يلف
ويحتضن الكل، فقالوا إنه الله. وعندما ارتفعت عيونهم نحو السماء، ونظروا
الكواكب الجبارة القوية المتحركة أمامهم، خافوها وعبدوها.
والبحر العظيم بأمواجه العالية، التي تحمل السفن،
وتقلبها إن شاءت، فأحسوا أمامه بالخوف وعبدوه. وقد عبدوا أيضًا الشمس والقمر،
النورين العظيمين، اللذين يضيئان النهار والليل. فقد رأوا في أشعة الشمس
وحرارتها وتأثيرها على الكون كله، وفى القمر الذي يضئ ظلمة الليل، جمالًا وروعة
وجبروتًا، في نفس الوقت سجدوا لها وعبدوها.
كل هذه المخلوقات ظهر سلطان الله عليها، فجعل
النار لا تحرق الثلاث فتية (تتمة دا3: 50)، وشق البحر الأحمر أمام شعبه، فعبروا على
اليابسة (خر14: 21)، ويشوع أمر الشمس والقمر أن يقفا في مكانهما فأطاعاه (يش10: 12).
ع3: خلبوا: أعجبوا
إعجابًا شديدًا.
ولكن ألم يفهم هؤلاء الوثنيون أن وراء جمال هذه
المخلوقات صانع عظيم هو الجمال نفسه. فإن كانت المخلوقات جميلة، فبالطبع صانعها
أكثر جمالًا منها؛ لأن هذه المخلوقات لابد أن يكون لها خالق. ومن يستطيع أن
يجعلها جميلة بهذه الدرجة، لابد أن يكون أجمل منها.
ع4: مُنشئها: خالقها.
وإن كانت هذه المخلوقات قوة كبيرة، فكم تكون قوة
خالقها، الذي هو الله الحقيقي وحده. فالقادر أن يصنع مخلوقات قوية تفزع
الإنسان، ويشعر بضعفه أمامها، فبالأولى يكون خالقها أقوى منها بكثير جدًا، وهو
بالطبع الذي يستحق العبادة وحده.
ع5: المبروءات:
المخلوقات.
فاطرها: خالقها.
على طريق المقايسة: مقارنةً بـ... أو
قياسًا بـ...
لقد خلق الله الإنسان رأسًا لكل الخليقة؛ ليقودها
في تسبيح الله، ولكن لما سقط في الخطية، فقد حكمته، وعبد هذه المخلوقات؛ لذا
يستعيد أولاد الله وضع الإنسان الطبيعي في سلطانهم على الطبيعة. فإيليا يأمر
السماء، فلا تمطر ثلاث سنين وستة أشهر (1 مل17: 1؛ يع5: 17)، ويستخدم النار
النازلة من السماء، لتعلن قبول الله لذبيحته (1 مل18: 38). أما المسيح آدم
الثاني، فقد سار على المياه، وداسها بقدميه، وخضعت له (مر6: 48)، وانتهر الرياح
والبحر فأطاعاه (مر4: 39). ويتقدم الثلاث فتية القديسون؛ لينادوا الخليقة كلها
لتقوم وتسبح الله معهم؛ عندما التقوا به داخل أتون النار (تتمة دا3: 51-90)، وهذا
الجزء الأخير حذفه البروتستانت في النسخة البيروتية التي بين أيدينا، ولكن
الكنيسة - اهتمامًا منها بهذا الجزء - تقوله كل يوم في تسبحتها، وتسميه الهوس
الثالث، أي التسبيح الثالث.
وعندما تقول الآية ""على طريق المقايسة"" تقصد أنه
إن كانت المخلوقات دقيقة وعظيمة وجميلة، فيفهم من هذا أن خالقها دقيق وعظيم
وجميل كما ذكرنا. وإدراك الإنسان لله يكون على قدر تخيل عقل الإنسان، فهو لا
يدرك إلا القليل عن الله؛ لأن الله عظيم وكامل في كل شيء وغير محدود. فالإنسان
نسبيًا يفهم الله على قدر طاقته وفهمه، فيشعر بعظمته ويمجده على الدوام.
† ليتك تتأمل جمال الله وقوته في كل الطبيعة
المحيطة بك؛ السماء والهواء، والشمس، والقمر، والنباتات، والحيوانات؛ لتمجد
الله، وتفرح بأعماله المحيطة بك، فيطمئن قلبك، ويمتلئ سلامًا.
ع6، 7: رغبتهم في وجدانهم
: ميل ضميرهم للبحث عن الله.
ويظهر هنا قلب سليمان الحنون الذي يشفق على
الوثنيين، فيلتمس لهم في البداية العذر في عبادتهم للخلائق، إذ هي جميلة جدًا،
فانبهروا بجمالها، ولكن كان قصدهم البحث عن الله بين خلائقه. فقد تحركوا بصوت
الله داخلهم، أي الضمير، باحثين عنه ليعبدوه.
ع8، 9: كنه: جوهر أو
معنى.
ثم يعود - بعد التماس العذر - يقرر عدم غفران
الله لهم؛ لأنه وهبهم العقل الذي يدركون به، ويفهمون جوهر هذه الخلائق. فكيف لم
يفهموا أن وراء هذه الخلائق خالق، ووراء الطبيعة رب وسيد؟ فانبهارهم بجمال
الخلائق لا يلغى عقلهم، وقصدهم الحسن في البحث عن الله، ليس عذرًا كافيًا
لضلالهم، وقد أدرك ذلك بولس الرسول (رو1: 25).
فقد أدرك الإنسان أن هناك قانون تسير به الطبيعة
في دوران الكواكب، وفى تعاقب النهار والليل، وفى نمو النباتات، وحياة
الحيوانات، فكيف لم يفهموا أن واضع هذه القوانين الله؛ خالق ومدبر الكون كله؟!
ولكن هذه هي الحكمة البشرية المحدودة، والتي لا تستطيع إدراك كل شيء. وبالإيمان
يستطيع الإنسان أن يفهم وجود الله، فيخضع له، ويستعين به؛ ليكمل نقصه في الفهم.
† لا تلتمس العذر لنفسك في أخطائك، بل اطلب
نعمة الله؛ لتنير عقلك، وتستخدم عواطفك، وكل إمكانياتك، فتسير بحكمة في طريق
الملكوت، ويكشف لك الله أسراره، فتفهم أحداث العالم وكل الخليقة.
←
وستجد
تفاسير أخرى
هنا في
(2)
صناعة الأصنام وحقارتها (ع 10- 19):
10 أَمَّا الَّذِينَ سَمَّوْا أَعْمَالَ أَيْدِي
النَّاسِ آلِهَةً، الذَّهَبَ وَالْفِضَّةَ وَمَا اخْتَرَعَتْهُ الصِّنَاعَةُ،
وَتَمَاثِيلَ الْحَيَوَانِ وَالْحَجَرَ الْحَقِيرَ مِمَّا صَنَعْتَهُ يَدٌ
قَدِيمَةٌ؛ فَهُمْ أَشْقِيَاءُ وَرَجَاؤُهُمْ فِي الأَمْوَاتِ. 11 يَقْطَعُ
نَجَّارٌ شَجَرَةً مِنَ الْغَابَةِ طَوْعَ الْعَمَلِ، وَيُجَرِّدُهَا
بِحِذْقِهِ مِنْ قِشْرِهَا كُلِّهِ، ثُمَّ بِحُسْنِ صِنَاعَتِهِ يَصْنَعُهَا
آلَةً تَصْلُحُ لِخِدْمَةِ الْعَيْشِ، 12 وَيَسْتَعْمِلُ نُفَايَتَهَا وَقُودًا
لإِعْدَادِ طَعَامِهِ. 13 ثُمَّ يَأْخُذُ قِطْعَةً مِنْ نُفَايَتِهَا لا
تَصْلُحُ لِشَيْءٍ، خَشَبَةً ذَاتَ اعْوِجَاجٍ وَعُقَدٍ، وَيَعْتَنِي
بِنَقْشِهَا فِي أَوَانِ فَرَاغِهِ، وَيُصَوِّرُهَا بِخُبْرَةِ صِنَاعَتِهِ
عَلَى شَكْلِ إِنْسَانٍ، 14 أَوْ يُمَثِّلُ بِهَا حَيَوَانًا خَسِيسًا،
وَيَدْهُنُهَا بِالإِسْفِيدَاجِ، وَيُحَمِّرُ لَوْنَهَا بِالزُّنْجُفْرِ،
وَيَطْلِي كُلَّ لَطْخَةٍ بِهَا. 15 وَيَجْعَلُ لَهَا مَقَامًا يَلِيقُ بِهَا،
وَيَضَعُهَا فِي الْحَائِطِ وَيُوَثِّقُهَا بِالْحَدِيدِ، 16 وَيَتَحَفَّظُ
عَلَيْهَا أَنْ لاَ تَسْقُطَ، لِعِلْمِهِ بِأَنَّهَا لاَ تَقُومُ بِمَعُونَةِ
نَفْسِهَا، إِذْ هِيَ تِمْثَالٌ يَفْتَقِرُ إِلَى مَنْ يُعِينُهُ. 17 ثُمَّ
يَتَضَرَّعُ إِلَيْهَا عَنْ أَمْوَالِهِ وَأَزْوَاجِهِ وَبَنِيهِ، وَلاَ
يَخْجَلُ أَنْ يُخَاطِبَ مَنْ لاَ رُوحَ لَهُ. 18 فَيَطْلُبُ الْعَافِيَةَ مِنَ
السَّقِيمِ، وَيَسْأَلُ الْمَيْتَ الْحَيَاةَ، وَيَسْتَغِيثُ بِمَنْ هُوَ
أَعْجَزُ شَيْءٍ عَنِ الإِغَاثَةِ، 19 وَيَتَوَسَّلُ مِنْ أَجْلِ السَّفَرِ
إِلَى مَنْ لاَ يَسْتَطِيعُ الْمَشْيَ، وَيَلْتَمِسُ النُّصْرَةَ فِي الْكَسْبِ
وَالتِّجَارَةِ وَنُجْحِ الْمَسَاعِي مِمَّنْ هُوَ أَقْصَرُ مَوْجُودٍ بَاعًا.
ع10: ثم يهاجم هنا
الكتاب المقدس عبادة الأصنام، أي التماثيل المصنوعة من الفضة والذهب، أو الحجر،
أو الخشب، فكيف يسمون مصنوعات الأيدى الجامدة المائتة آلهة، ويسجدون لها؟ إن
هذا يتنافى مع كل منطق وعقل. كيف يتعبد الصانع لما صنعه؟ إنه تمثال لإنسان، أو
حيوان يصنعه الإنسان بيده، فكيف يتعبد له؟
ع11، 12: طوع: صالحة
ومناسبة.
يجردها: ينزع منها.
بحذقه: بمهارته وتدقيقه.
نفايتها: بقاياها.
ثم يشرح بالتفصيل صناعة تماثيل الآلهة الوثنية.
فما يحدث حقيقة هو أن يأتي النجار ويختار شجرة، أو فروع الأشجار ذات الخشب
المناسب، ويقطعها، ويذهب بها إلى بيته، أو محل عمله، ويقسمها إلى أجزاء وشرائح؛
ليصنع منها قطعة من أثاث البيت، أو آلة من آلات العمل في الزراعة، أو الصناعة،
أو خلافه، بعد أن ينزع عنها قشر الشجرة الخارجي، وما يتبقى من قطع الخشب
الصغيرة، والقشر يجمعه؛ ليوقد به النار لطهى طعامه.
ونلاحظ أن النجار بحسب مهارته يستطيع أن يصنع من
قطعة الخشب آلة تنفعه في عمله وبيته. ويمكن أيضًا - كما يظهر من الآيات التالية
– أن يصنع منها تمثالًا يتعبد له. فمهارة الإنسان نعمة إلهية يعطيها له الله؛
ليستخدمها للخير، ولكنه أحيانًا يستخدمها في الشر، كما في صناعة الأصنام.
ع13، 14: خسيسًا:
حقيرًا دنيئًا.
الإسفيداج: مسحوق أبيض يستخدم في طلاء
التماثيل.
الزنجفر: مادة حمراء تستخدم في الطلاء.
وبين نفاية الخشب، أي الأجزاء الغير صالحة لشئ،
التي يستخدمها كوقود للنار، قد يجد النجار بعض قطع الخشب معوجة، ولا تصلح لعمل
الآلات، فيضعها جانبًا ولا يوقد بها النار، وفى أوقات فراغه يحاول تهذيبها؛
ليخرج منها شكل تمثال لإنسان، أو وجه رجل، أو شكل حيوان، وهي مخلوقات أدنى من
الإنسان. ثم يطلى هذا التمثال الذي صنعه بمواد طلاء؛ سواء البيضاء التي تعطى
مظهر البهاء والنقاء، أو اللون الأحمر، الذي يعطى مظهر الملك والسلطان، وقد
يطليه (يلطخه) بعدة ألوان.
هكذا نرى أن الأجزاء الخشبية التي ظهرت أمام
النجار أنها بلا نفع، استطاع بمهارته أن يصنع منها تمثالًا. والعجيب أنه يتعبد
هو ومن حوله لها، ويطلبون منها أن تحفظهم في طرقهم وحياتهم. كيف هذا؟ وهو يعرف
أن قطعة الخشب بلا قيمة، وهو الذي أعطاها هذا المنظر الجميل، وطلاها بالألوان،
فيعتبرها إلهًا يسجد له، ويطلب معونته؟! هذا هو منتهى الحماية الحماقة.
ويلاحظ أن هذا النجار قد صنع من قطعة الخشب
الحقيرة تمثالًا تعبد له، وكان ذلك في وقت فراغه. ففى وقت الفراغ سار في طريق
الإلحاد، وابتعد عن الله، وعبد الأصنام، فلنحترس من وقت الفراغ لنستغله حسنًا،
وإلا فالشيطان يمكن أن يوجهنا لصنع شرور كثيرة.
ع15، 16: يوثقها:
يقيدها ويربطها.
بعد إعداد التمثال يختار له الصانع مكانًا بارزًا
في البيت، ينظره جميع الناس، فإما أن يضعه على قطعة من الأثاث، ويثبته عليهأ،
أو يعلقه على الحائط، بعد أن يربطه بحبل في مسمار حديدى؛ ليحفظ هذا التمثال من
السقوط على الأرض، إذ هو قطعة ضعيفة حقيرة من الخشب بلا قوة، وإذا سقطت لن
تستطيع إقامة نفسها. وقد أكد هذا المعنى أشعياء (أش44: 9-17)، وكذا أرميا
(إر10: 3-5).
† إن الله يعطى لكل خلائقه جمالًا. والصانع
يعطى جمالًا لما يصنعه. وأنت أيضًا بعمل الخير تستطيع أن ترى وتحول كل شيء للخير
مثل إلهك، وبهذا ترى الله في كل شيء وتمجده، وتجعل الضعيف قويًا بنعمة إلهك. فلا
تسقط في عبادة الأوثان، ولكن انشر الخير في كل مكان.
ع17: يتعجب الكتاب
المقدس من الإنسان بعدما يصنع بيديه تمثالًا، ويعلقه على الحائط، أن يقف أمامه
يصلى إليه، ويعتبره إلهًا، ويطلب منه المال وطلبات لنفسه ولأسرته. كيف يتكلم مع
الجماد الميت الذي بلا روح؟
ع18: السقيم: المريض.
كيف يصل الجهل بالإنسان أن يسأل قطعة الخشب التي
كانت نفاية معوجة بعقد بلا نفع؟! كيف يسأل هذه الخشبة السقيمة الرديئة أن تعطيه
الصحة والعافية؟ وهل تستطيع الخشبة الميتة أن تحفظ حياة الإنسان؟! .. هل
يستغيث الإنسان طالبًا النجدة في مشاكله من قطعة خشب، أو حجارة حقيرة هي أضعف
جماد على الأرض، لا تستطيع أن تغيث نفسها إذا أراد أحد أن يكسرها، أو يحطمها؟!
ع19: نجح المساعى:
نجاح المقاصد.
أقصر باعا: أقل قدرة.
ويقف أيضا أمام التمثال الذي بلا حركة، ولا
يستطيع أن يترك مكانه ولو خطوة واحدة، فيطلب أن يحفظه في سفره، ويرافقه ليحميه
من الأخطار.
وإذا كان يسعى في مشروع، أو موضوع ما، يطلب من
الصنم أن ينجح مساعيه، مع أن هذا التمثال ليس له أية قدرة على عمل شيء.
ومن المنطقي أن يطلب الإنسان من له قدرة أكثر
منه، فيستطيع أن يساعده، وليس أقوى من الله خالق كل الموجودات، والقادر على كل
شئ، بل ويحب البشر، ويساند أولاده الذين يطلبونه.
† ما أغرب ما يحدث اليوم، عندما يتعلق قلبك يا
أخى بالمال، أو المركز، أو أية شهوة ردية، وتتوهم أنها قادرة على إسعادك، فتعصى
الله، وتختار هذه الماديات بدلًا منه. إنك أنت الذي تصنع المال والمركز، وأنت
سيد كل الغرائز والماديات، فكيف تُستعبد لها؟!
← تفاسير أصحاحات
حكمة:
مقدمة |
1 |
2 |
3 |
4 |
5 |
6 |
7 |
8 |
9 |
10 |
11 |
12 |
13 |
14 |
15 |
16 |
17 |
18 |
19
تفاسير أسفار الكتاب المقدس
1- تفاسير سفر التكوين
2- تفاسير سفر الخروج
3- تفاسير سفر اللاويين
4- تفاسير سفر العدد
5- تفاسير سفر التثنية
6- تفاسير سفر يشوع
7- تفاسير سفر القضاة
8- تفاسير سفر راعوث
9- تفاسير سفر صموئيل الأول
10- تفاسير سفر صموئيل الثاني
11- تفاسير سفر الملوك الأول
12- تفاسير سفر الملوك الثاني
13- تفاسير سفر أخبار الأيام الأول
14- تفاسير سفر أخبار الأيام الثاني
15- تفاسير سفر عزرا
16- تفاسير سفر نحميا
17- تفاسير سفر طوبيا
18- تفاسير سفر يهوديت
19- تفاسير سفر أستير + التتمة
20- تفاسير سفر أيوب
21- تفاسير سفر المزامير + مز 151
22- تفاسير سفر الأمثال
23- تفاسير سفر الجامعة
24- تفاسير سفر نشيد الأناشيد
25- تفاسير سفر الحكمة
26- تفاسير سفر يشوع بن سيراخ
27- تفاسير سفر إشعياء
28- تفاسير سفر إرميا
29- تفاسير سفر مراثي إرميا
30- تفاسير سفر نبوه باروخ
31- تفاسير سفر حزقيال
32- تفاسير سفر دانيال + التتمة
33- تفاسير سفر هوشع
34- تفاسير سفر يوئيل
35- تفاسير سفر عاموس
36- تفاسير سفر عوبديا
37- تفاسير سفر يونان
38- تفاسير سفر ميخا
39- تفاسير سفر ناحوم
40- تفاسير سفر حبقوق
41- تفاسير سفر صفنيا
42- تفاسير سفر حجي
43- تفاسير سفر زكريا
44- تفاسير سفر ملاخي
45- تفاسير سفر المكابيين الأول
46- تفاسير سفر المكابيين الثاني
1- تفاسير إنجيل متى
2- تفاسير إنجيل مرقس
3- تفاسير إنجيل لوقا
4- تفاسير إنجيل يوحنا
5- تفاسير سفر أعمال الرسل
6- تفاسير الرسالة إلى رومية
7- تفاسير رسالة كورنثوس الاولى
8- تفاسير كورنثوس الثانية
9- تفاسير الرسالة إلى أهل غلاطية
10- تفاسير الرسالة إلى أفسس
11- تفاسير الرسالة إلى فيلبي
12- تفاسير الرسالة إلى كولوسي
13- تفاسير تسالونيكي الأولى
14- تفاسير تسالونيكي الثانية
15- تفاسير رسالة تيموثاوس الأولى
16- تفاسير تيموثاوس الثانية
17- تفاسير الرسالة إلى تيطس
18- تفاسير الرسالة إلى فيلمون
19- تفاسير رسالة العبرانيين
20- تفاسير رسالة يعقوب
21- تفاسير رسالة بطرس الأولى
22- تفاسير رسالة بطرس الثانية
23- تفاسير رسالة يوحنا الأولى
24- تفاسير رسالة يوحنا الثانية
25- تفاسير رسالة يوحنا الثالثة
26- تفاسير رسالة يهوذا
27- تفاسير سفر الرؤيا"
حكمة سليمان,13,1,"(13:1): في هذا الأصحاح
يتحدث عن عبادة الأوثان، ويظهر مدى جهل وخطأ تابعيها. فيقرر الحكيم سليمان غباء
الذين يعبدون المخلوقات دون الخالق، ويتعجب كيف لم يستطيعوا إدراك الله الكائن
في مخلوقاته، ويعرفوه من خلال الخيرات التي يفيضها على العالم! فالله إن كان
كائن وحده بذاته، ولكن آثاره وعمله واضحان في مخلوقاته وخيراته التي يفيض بها
على الكل. ولو نظروا باهتمام إلى المخلوقات، وتأملوا فيها، لأدركوا أن خلفها
خالق عظيم قد أوجدها، وهو الله. وقد أكد هذا المعنى داود النبي في المزامير
(مز19: 1). والله نفسه قد حذر شعبه من عبادة الطبيعة في (خر20: 4-5). أما
الثلاث فتية، فدعوا الخليقة كلها لتمجيد الله خالقها وحده (تتمة دا 3: 57-87).
غريب أن ينشغل الإنسان بعطايا الله عن المعطى
نفسه، ويتمادى في جهله، فيتعلق بهذه الماديات ويعبدها، كما يعلن بولس الرسول في
رسالته إلى أهل رومية ""عبدوا المخلوق دون الخالق"" (رو1: 25).
† احترس يا أخى رغم علمك الكثير - أنت الذي
انتهت إليك أواخر الدهور - أن تتعلق بالماديات من مال ومركز ومقتنيات، بل وبشر،
تُعجب بهم، فيشغلوك عن الله خالقهم، وتهمل علاقتك به، بدلًا من أن تقودك هذه
إلى معرفته وتمجيده وشكره.
ع2:"
حكمة سليمان,13,2,"(13:2): مدار النجوم:
المسار الذي تسير فيه الكواكب.
لجة المياه: المياه العميقة.
نيرى السماء: الشمس والقمر.
لقد تاثر الوثنيون بقوى الطبيعة، مثل النار التي
تلتهم ما يصادفها، وتحوله إلى رماد، أو الرياح العاصفة التي تحمل معها الكثير
من الجمادات، بل وتقتلع الأشجار، وتهدم المنازل، وشعروا بقوة هذه المخلوقات،
فاعتبروها آلهة وعبدوها.
وتأملوا النسيم العليل، وشعروا بجماله وهو يلف
ويحتضن الكل، فقالوا إنه الله. وعندما ارتفعت عيونهم نحو السماء، ونظروا
الكواكب الجبارة القوية المتحركة أمامهم، خافوها وعبدوها.
والبحر العظيم بأمواجه العالية، التي تحمل السفن،
وتقلبها إن شاءت، فأحسوا أمامه بالخوف وعبدوه. وقد عبدوا أيضًا الشمس والقمر،
النورين العظيمين، اللذين يضيئان النهار والليل. فقد رأوا في أشعة الشمس
وحرارتها وتأثيرها على الكون كله، وفى القمر الذي يضئ ظلمة الليل، جمالًا وروعة
وجبروتًا، في نفس الوقت سجدوا لها وعبدوها.
كل هذه المخلوقات ظهر سلطان الله عليها، فجعل
النار لا تحرق الثلاث فتية (تتمة دا3: 50)، وشق البحر الأحمر أمام شعبه، فعبروا على
اليابسة (خر14: 21)، ويشوع أمر الشمس والقمر أن يقفا في مكانهما فأطاعاه (يش10: 12).
ع3:"
حكمة سليمان,13,3,"(13:3): خلبوا: أعجبوا
إعجابًا شديدًا.
ولكن ألم يفهم هؤلاء الوثنيون أن وراء جمال هذه
المخلوقات صانع عظيم هو الجمال نفسه. فإن كانت المخلوقات جميلة، فبالطبع صانعها
أكثر جمالًا منها؛ لأن هذه المخلوقات لابد أن يكون لها خالق. ومن يستطيع أن
يجعلها جميلة بهذه الدرجة، لابد أن يكون أجمل منها.
ع4:"
حكمة سليمان,13,4,"(13:4): مُنشئها: خالقها.
وإن كانت هذه المخلوقات قوة كبيرة، فكم تكون قوة
خالقها، الذي هو الله الحقيقي وحده. فالقادر أن يصنع مخلوقات قوية تفزع
الإنسان، ويشعر بضعفه أمامها، فبالأولى يكون خالقها أقوى منها بكثير جدًا، وهو
بالطبع الذي يستحق العبادة وحده.
ع5:"
حكمة سليمان,13,5,"(13:5): المبروءات:
المخلوقات.
فاطرها: خالقها.
على طريق المقايسة: مقارنةً بـ... أو
قياسًا بـ...
لقد خلق الله الإنسان رأسًا لكل الخليقة؛ ليقودها
في تسبيح الله، ولكن لما سقط في الخطية، فقد حكمته، وعبد هذه المخلوقات؛ لذا
يستعيد أولاد الله وضع الإنسان الطبيعي في سلطانهم على الطبيعة. فإيليا يأمر
السماء، فلا تمطر ثلاث سنين وستة أشهر (1 مل17: 1؛ يع5: 17)، ويستخدم النار
النازلة من السماء، لتعلن قبول الله لذبيحته (1 مل18: 38). أما المسيح آدم
الثاني، فقد سار على المياه، وداسها بقدميه، وخضعت له (مر6: 48)، وانتهر الرياح
والبحر فأطاعاه (مر4: 39). ويتقدم الثلاث فتية القديسون؛ لينادوا الخليقة كلها
لتقوم وتسبح الله معهم؛ عندما التقوا به داخل أتون النار (تتمة دا3: 51-90)، وهذا
الجزء الأخير حذفه البروتستانت في النسخة البيروتية التي بين أيدينا، ولكن
الكنيسة - اهتمامًا منها بهذا الجزء - تقوله كل يوم في تسبحتها، وتسميه الهوس
الثالث، أي التسبيح الثالث.
وعندما تقول الآية ""على طريق المقايسة"" تقصد أنه
إن كانت المخلوقات دقيقة وعظيمة وجميلة، فيفهم من هذا أن خالقها دقيق وعظيم
وجميل كما ذكرنا. وإدراك الإنسان لله يكون على قدر تخيل عقل الإنسان، فهو لا
يدرك إلا القليل عن الله؛ لأن الله عظيم وكامل في كل شيء وغير محدود. فالإنسان
نسبيًا يفهم الله على قدر طاقته وفهمه، فيشعر بعظمته ويمجده على الدوام.
† ليتك تتأمل جمال الله وقوته في كل الطبيعة
المحيطة بك؛ السماء والهواء، والشمس، والقمر، والنباتات، والحيوانات؛ لتمجد
الله، وتفرح بأعماله المحيطة بك، فيطمئن قلبك، ويمتلئ سلامًا.
ع6، 7: رغبتهم في وجدانهم
: ميل ضميرهم للبحث عن الله.
ويظهر هنا قلب سليمان الحنون الذي يشفق على
الوثنيين، فيلتمس لهم في البداية العذر في عبادتهم للخلائق، إذ هي جميلة جدًا،
فانبهروا بجمالها، ولكن كان قصدهم البحث عن الله بين خلائقه. فقد تحركوا بصوت
الله داخلهم، أي الضمير، باحثين عنه ليعبدوه.
ع8، 9: كنه: جوهر أو
معنى.
ثم يعود - بعد التماس العذر - يقرر عدم غفران
الله لهم؛ لأنه وهبهم العقل الذي يدركون به، ويفهمون جوهر هذه الخلائق. فكيف لم
يفهموا أن وراء هذه الخلائق خالق، ووراء الطبيعة رب وسيد؟ فانبهارهم بجمال
الخلائق لا يلغى عقلهم، وقصدهم الحسن في البحث عن الله، ليس عذرًا كافيًا
لضلالهم، وقد أدرك ذلك بولس الرسول (رو1: 25).
فقد أدرك الإنسان أن هناك قانون تسير به الطبيعة
في دوران الكواكب، وفى تعاقب النهار والليل، وفى نمو النباتات، وحياة
الحيوانات، فكيف لم يفهموا أن واضع هذه القوانين الله؛ خالق ومدبر الكون كله؟!
ولكن هذه هي الحكمة البشرية المحدودة، والتي لا تستطيع إدراك كل شيء. وبالإيمان
يستطيع الإنسان أن يفهم وجود الله، فيخضع له، ويستعين به؛ ليكمل نقصه في الفهم.
† لا تلتمس العذر لنفسك في أخطائك، بل اطلب
نعمة الله؛ لتنير عقلك، وتستخدم عواطفك، وكل إمكانياتك، فتسير بحكمة في طريق
الملكوت، ويكشف لك الله أسراره، فتفهم أحداث العالم وكل الخليقة.
←
وستجد
تفاسير أخرى
هنا في
(2)
صناعة الأصنام وحقارتها (ع 10- 19):
10 أَمَّا الَّذِينَ سَمَّوْا أَعْمَالَ أَيْدِي
النَّاسِ آلِهَةً، الذَّهَبَ وَالْفِضَّةَ وَمَا اخْتَرَعَتْهُ الصِّنَاعَةُ،
وَتَمَاثِيلَ الْحَيَوَانِ وَالْحَجَرَ الْحَقِيرَ مِمَّا صَنَعْتَهُ يَدٌ
قَدِيمَةٌ؛ فَهُمْ أَشْقِيَاءُ وَرَجَاؤُهُمْ فِي الأَمْوَاتِ. 11 يَقْطَعُ
نَجَّارٌ شَجَرَةً مِنَ الْغَابَةِ طَوْعَ الْعَمَلِ، وَيُجَرِّدُهَا
بِحِذْقِهِ مِنْ قِشْرِهَا كُلِّهِ، ثُمَّ بِحُسْنِ صِنَاعَتِهِ يَصْنَعُهَا
آلَةً تَصْلُحُ لِخِدْمَةِ الْعَيْشِ، 12 وَيَسْتَعْمِلُ نُفَايَتَهَا وَقُودًا
لإِعْدَادِ طَعَامِهِ. 13 ثُمَّ يَأْخُذُ قِطْعَةً مِنْ نُفَايَتِهَا لا
تَصْلُحُ لِشَيْءٍ، خَشَبَةً ذَاتَ اعْوِجَاجٍ وَعُقَدٍ، وَيَعْتَنِي
بِنَقْشِهَا فِي أَوَانِ فَرَاغِهِ، وَيُصَوِّرُهَا بِخُبْرَةِ صِنَاعَتِهِ
عَلَى شَكْلِ إِنْسَانٍ، 14 أَوْ يُمَثِّلُ بِهَا حَيَوَانًا خَسِيسًا،
وَيَدْهُنُهَا بِالإِسْفِيدَاجِ، وَيُحَمِّرُ لَوْنَهَا بِالزُّنْجُفْرِ،
وَيَطْلِي كُلَّ لَطْخَةٍ بِهَا. 15 وَيَجْعَلُ لَهَا مَقَامًا يَلِيقُ بِهَا،
وَيَضَعُهَا فِي الْحَائِطِ وَيُوَثِّقُهَا بِالْحَدِيدِ، 16 وَيَتَحَفَّظُ
عَلَيْهَا أَنْ لاَ تَسْقُطَ، لِعِلْمِهِ بِأَنَّهَا لاَ تَقُومُ بِمَعُونَةِ
نَفْسِهَا، إِذْ هِيَ تِمْثَالٌ يَفْتَقِرُ إِلَى مَنْ يُعِينُهُ. 17 ثُمَّ
يَتَضَرَّعُ إِلَيْهَا عَنْ أَمْوَالِهِ وَأَزْوَاجِهِ وَبَنِيهِ، وَلاَ
يَخْجَلُ أَنْ يُخَاطِبَ مَنْ لاَ رُوحَ لَهُ. 18 فَيَطْلُبُ الْعَافِيَةَ مِنَ
السَّقِيمِ، وَيَسْأَلُ الْمَيْتَ الْحَيَاةَ، وَيَسْتَغِيثُ بِمَنْ هُوَ
أَعْجَزُ شَيْءٍ عَنِ الإِغَاثَةِ، 19 وَيَتَوَسَّلُ مِنْ أَجْلِ السَّفَرِ
إِلَى مَنْ لاَ يَسْتَطِيعُ الْمَشْيَ، وَيَلْتَمِسُ النُّصْرَةَ فِي الْكَسْبِ
وَالتِّجَارَةِ وَنُجْحِ الْمَسَاعِي مِمَّنْ هُوَ أَقْصَرُ مَوْجُودٍ بَاعًا.
ع10:"
حكمة سليمان,13,10,"(13:10): ثم يهاجم هنا
الكتاب المقدس عبادة الأصنام، أي التماثيل المصنوعة من الفضة والذهب، أو الحجر،
أو الخشب، فكيف يسمون مصنوعات الأيدى الجامدة المائتة آلهة، ويسجدون لها؟ إن
هذا يتنافى مع كل منطق وعقل. كيف يتعبد الصانع لما صنعه؟ إنه تمثال لإنسان، أو
حيوان يصنعه الإنسان بيده، فكيف يتعبد له؟
ع11، 12: طوع: صالحة
ومناسبة.
يجردها: ينزع منها.
بحذقه: بمهارته وتدقيقه.
نفايتها: بقاياها.
ثم يشرح بالتفصيل صناعة تماثيل الآلهة الوثنية.
فما يحدث حقيقة هو أن يأتي النجار ويختار شجرة، أو فروع الأشجار ذات الخشب
المناسب، ويقطعها، ويذهب بها إلى بيته، أو محل عمله، ويقسمها إلى أجزاء وشرائح؛
ليصنع منها قطعة من أثاث البيت، أو آلة من آلات العمل في الزراعة، أو الصناعة،
أو خلافه، بعد أن ينزع عنها قشر الشجرة الخارجي، وما يتبقى من قطع الخشب
الصغيرة، والقشر يجمعه؛ ليوقد به النار لطهى طعامه.
ونلاحظ أن النجار بحسب مهارته يستطيع أن يصنع من
قطعة الخشب آلة تنفعه في عمله وبيته. ويمكن أيضًا - كما يظهر من الآيات التالية
– أن يصنع منها تمثالًا يتعبد له. فمهارة الإنسان نعمة إلهية يعطيها له الله؛
ليستخدمها للخير، ولكنه أحيانًا يستخدمها في الشر، كما في صناعة الأصنام.
ع13، 14: خسيسًا:
حقيرًا دنيئًا.
الإسفيداج: مسحوق أبيض يستخدم في طلاء
التماثيل.
الزنجفر: مادة حمراء تستخدم في الطلاء.
وبين نفاية الخشب، أي الأجزاء الغير صالحة لشئ،
التي يستخدمها كوقود للنار، قد يجد النجار بعض قطع الخشب معوجة، ولا تصلح لعمل
الآلات، فيضعها جانبًا ولا يوقد بها النار، وفى أوقات فراغه يحاول تهذيبها؛
ليخرج منها شكل تمثال لإنسان، أو وجه رجل، أو شكل حيوان، وهي مخلوقات أدنى من
الإنسان. ثم يطلى هذا التمثال الذي صنعه بمواد طلاء؛ سواء البيضاء التي تعطى
مظهر البهاء والنقاء، أو اللون الأحمر، الذي يعطى مظهر الملك والسلطان، وقد
يطليه (يلطخه) بعدة ألوان.
هكذا نرى أن الأجزاء الخشبية التي ظهرت أمام
النجار أنها بلا نفع، استطاع بمهارته أن يصنع منها تمثالًا. والعجيب أنه يتعبد
هو ومن حوله لها، ويطلبون منها أن تحفظهم في طرقهم وحياتهم. كيف هذا؟ وهو يعرف
أن قطعة الخشب بلا قيمة، وهو الذي أعطاها هذا المنظر الجميل، وطلاها بالألوان،
فيعتبرها إلهًا يسجد له، ويطلب معونته؟! هذا هو منتهى الحماية الحماقة.
ويلاحظ أن هذا النجار قد صنع من قطعة الخشب
الحقيرة تمثالًا تعبد له، وكان ذلك في وقت فراغه. ففى وقت الفراغ سار في طريق
الإلحاد، وابتعد عن الله، وعبد الأصنام، فلنحترس من وقت الفراغ لنستغله حسنًا،
وإلا فالشيطان يمكن أن يوجهنا لصنع شرور كثيرة.
ع15، 16: يوثقها:
يقيدها ويربطها.
بعد إعداد التمثال يختار له الصانع مكانًا بارزًا
في البيت، ينظره جميع الناس، فإما أن يضعه على قطعة من الأثاث، ويثبته عليهأ،
أو يعلقه على الحائط، بعد أن يربطه بحبل في مسمار حديدى؛ ليحفظ هذا التمثال من
السقوط على الأرض، إذ هو قطعة ضعيفة حقيرة من الخشب بلا قوة، وإذا سقطت لن
تستطيع إقامة نفسها. وقد أكد هذا المعنى أشعياء (أش44: 9-17)، وكذا أرميا
(إر10: 3-5).
† إن الله يعطى لكل خلائقه جمالًا. والصانع
يعطى جمالًا لما يصنعه. وأنت أيضًا بعمل الخير تستطيع أن ترى وتحول كل شيء للخير
مثل إلهك، وبهذا ترى الله في كل شيء وتمجده، وتجعل الضعيف قويًا بنعمة إلهك. فلا
تسقط في عبادة الأوثان، ولكن انشر الخير في كل مكان.
ع17:"
حكمة سليمان,13,17,"(13:17): يتعجب الكتاب
المقدس من الإنسان بعدما يصنع بيديه تمثالًا، ويعلقه على الحائط، أن يقف أمامه
يصلى إليه، ويعتبره إلهًا، ويطلب منه المال وطلبات لنفسه ولأسرته. كيف يتكلم مع
الجماد الميت الذي بلا روح؟
ع18:"
حكمة سليمان,13,18,"(13:18): السقيم: المريض.
كيف يصل الجهل بالإنسان أن يسأل قطعة الخشب التي
كانت نفاية معوجة بعقد بلا نفع؟! كيف يسأل هذه الخشبة السقيمة الرديئة أن تعطيه
الصحة والعافية؟ وهل تستطيع الخشبة الميتة أن تحفظ حياة الإنسان؟! .. هل
يستغيث الإنسان طالبًا النجدة في مشاكله من قطعة خشب، أو حجارة حقيرة هي أضعف
جماد على الأرض، لا تستطيع أن تغيث نفسها إذا أراد أحد أن يكسرها، أو يحطمها؟!
ع19:"
حكمة سليمان,13,19,"(13:19): نجح المساعى:
نجاح المقاصد.
أقصر باعا: أقل قدرة.
ويقف أيضا أمام التمثال الذي بلا حركة، ولا
يستطيع أن يترك مكانه ولو خطوة واحدة، فيطلب أن يحفظه في سفره، ويرافقه ليحميه
من الأخطار.
وإذا كان يسعى في مشروع، أو موضوع ما، يطلب من
الصنم أن ينجح مساعيه، مع أن هذا التمثال ليس له أية قدرة على عمل شيء.
ومن المنطقي أن يطلب الإنسان من له قدرة أكثر
منه، فيستطيع أن يساعده، وليس أقوى من الله خالق كل الموجودات، والقادر على كل
شئ، بل ويحب البشر، ويساند أولاده الذين يطلبونه.
† ما أغرب ما يحدث اليوم، عندما يتعلق قلبك يا
أخى بالمال، أو المركز، أو أية شهوة ردية، وتتوهم أنها قادرة على إسعادك، فتعصى
الله، وتختار هذه الماديات بدلًا منه. إنك أنت الذي تصنع المال والمركز، وأنت
سيد كل الغرائز والماديات، فكيف تُستعبد لها؟!
← تفاسير أصحاحات
حكمة:
مقدمة |
1 |
2 |
3 |
4 |
5 |
6 |
7 |
8 |
9 |
10 |
11 |
12 |
13 |
14 |
15 |
16 |
17 |
18 |
19
تفاسير أسفار الكتاب المقدس
1- تفاسير سفر التكوين
2- تفاسير سفر الخروج
3- تفاسير سفر اللاويين
4- تفاسير سفر العدد
5- تفاسير سفر التثنية
6- تفاسير سفر يشوع
7- تفاسير سفر القضاة
8- تفاسير سفر راعوث
9- تفاسير سفر صموئيل الأول
10- تفاسير سفر صموئيل الثاني
11- تفاسير سفر الملوك الأول
12- تفاسير سفر الملوك الثاني
13- تفاسير سفر أخبار الأيام الأول
14- تفاسير سفر أخبار الأيام الثاني
15- تفاسير سفر عزرا
16- تفاسير سفر نحميا
17- تفاسير سفر طوبيا
18- تفاسير سفر يهوديت
19- تفاسير سفر أستير + التتمة
20- تفاسير سفر أيوب
21- تفاسير سفر المزامير + مز 151
22- تفاسير سفر الأمثال
23- تفاسير سفر الجامعة
24- تفاسير سفر نشيد الأناشيد
25- تفاسير سفر الحكمة
26- تفاسير سفر يشوع بن سيراخ
27- تفاسير سفر إشعياء
28- تفاسير سفر إرميا
29- تفاسير سفر مراثي إرميا
30- تفاسير سفر نبوه باروخ
31- تفاسير سفر حزقيال
32- تفاسير سفر دانيال + التتمة
33- تفاسير سفر هوشع
34- تفاسير سفر يوئيل
35- تفاسير سفر عاموس
36- تفاسير سفر عوبديا
37- تفاسير سفر يونان
38- تفاسير سفر ميخا
39- تفاسير سفر ناحوم
40- تفاسير سفر حبقوق
41- تفاسير سفر صفنيا
42- تفاسير سفر حجي
43- تفاسير سفر زكريا
44- تفاسير سفر ملاخي
45- تفاسير سفر المكابيين الأول
46- تفاسير سفر المكابيين الثاني
1- تفاسير إنجيل متى
2- تفاسير إنجيل مرقس
3- تفاسير إنجيل لوقا
4- تفاسير إنجيل يوحنا
5- تفاسير سفر أعمال الرسل
6- تفاسير الرسالة إلى رومية
7- تفاسير رسالة كورنثوس الاولى
8- تفاسير كورنثوس الثانية
9- تفاسير الرسالة إلى أهل غلاطية
10- تفاسير الرسالة إلى أفسس
11- تفاسير الرسالة إلى فيلبي
12- تفاسير الرسالة إلى كولوسي
13- تفاسير تسالونيكي الأولى
14- تفاسير تسالونيكي الثانية
15- تفاسير رسالة تيموثاوس الأولى
16- تفاسير تيموثاوس الثانية
17- تفاسير الرسالة إلى تيطس
18- تفاسير الرسالة إلى فيلمون
19- تفاسير رسالة العبرانيين
20- تفاسير رسالة يعقوب
21- تفاسير رسالة بطرس الأولى
22- تفاسير رسالة بطرس الثانية
23- تفاسير رسالة يوحنا الأولى
24- تفاسير رسالة يوحنا الثانية
25- تفاسير رسالة يوحنا الثالثة
26- تفاسير رسالة يهوذا
27- تفاسير سفر الرؤيا"
حكمة سليمان,14,0,"(14:1): (2)
بداية عبادة الأصنام وأسبابها (ع11-21)
11 لِذلِكَ سَتُفْتَقَدُ أَصْنَامُ الأُمَمِ
أَيْضًا، لأَنَّهَا صَارَتْ فِي خَلْقِ اللهِ رِجْسًا، وَمَعْثَرَةً لِنُفُوسِ
النَّاسِ، وَفَخًّا لأَقْدَامِ الْجُهَّالِ، 12 لأَنَّ اخْتِرَاعَ الأَصْنَامِ
هُوَ أَصْلُ الْفِسْقِ، وَوِجْدَانَهَا فَسَادُ الْحَيَاةِ. 13 وَهِيَ لَمْ
تَكُنْ فِي الْبَدْءِ، وَلَيْسَتْ تَدُومُ إِلَى الأَبَدِ، 14 لأَنَّهَا
إِنَّمَا دَخَلَتِ الْعَالَمَ بِحُبِّ النَّاس لِلْمَجْدِ الْفَارِغِ،
وَلِذلِكَ قَدْ عُزِمَ عَلَى إِلْغَائِهَا عَنْ قَرِيبٍ. 15 وَذلِكَ أَنَّ
وَالِدًا قَدْ فُجِعَ بِثُكْلٍ مُعَجَّلٍ؛ فَصَنَعَ تِمْثَالًا لاِبْنِهِ
الَّذِي خُطِفَ سَرِيعًا، وَجَعَلَ يَعْبُدُ ذلِكَ الإِنْسَانَ الْمَيْتَ
بِمَنْزِلَةِ إِلهٍ، وَرَسَمَ لِلَّذِينَ تَحْتَ يَدِهِ شَعَائِرَ وَذَبَائِحَ. 16 ثُمَّ عَلَى مَمَرِّ الزَّمَانِ تَأَصَّلَتْ تِلْكَ الْعَادَةُ
الْكُفْرِيَّةُ؛ فَحُفِظَتْ كَشَرِيعَةٍ، وَبِأَوَامِرِ الْمُلُوكِ عُبِدَتِ
الْمَنْحُوتَاتُ. 17 وَالَّذِينَ لَمْ يَسْتَطِعْ النَّاسُ إِكْرَامَهُمْ
بِمَحْضَرِهِمْ لِبُعْدِ مُقَامِهِمْ، صَوَّرُوا هَيْئَاتِهِمِ الْغَائِبَةَ،
وَجَعَلُوا صُورَةَ الْمَلِكِ الْمُكْرَمِ نُصْبَ الْعُيُونِ، حِرْصًا عَلَى
تَمَلُّقِهِ فِي الْغَيْبَةِ كَأَنَّهُ حَاضِرٌ.17 ثُمَّ إِنَّ حُبَّ الصُّنَّاعِ لِلْمُبَاهَاةِ، كَانَ دَاعِيَةً
لِلْجَاهِلِينَ إِلَى الْمُبَالَغَةِ فِي هذِهِ الْعِبَادَةِ، 19 فَإِنَّهُمْ
رَغْبَةً فِي إِرْضَاءِ الآمِرِ، قَدْ أَفْرَغُوا وُسْعَهُمْ فِي الصِّنَاعَةِ،
لإِخْرَاجِ الصُّورَةِ عَلَى غَايَةِ الْكَمَالِ، 20 فَاسْتُمِيلَ الْجُمْهُورُ
بِبَهْجَةِ ذلِكَ الْمَصْنُوعِ، حَتَّى إِنَّ الَّذِي كَانُوا قَبْلَ قَلِيلٍ
يُكْرِمُونَهُ كَإِنْسَانٍ عَدُّوهُ إِلهًا. 21 وَبِهذَا كَانَ اقْتِنَاصُ
الْخَلْقِ؛ فَإِنَّ رَزِيئَةَ بَعْضِ النَّاسِ أَوِ اقْتِسَارَ الْمُلُوكِ
اسْتَعْبَدَهُمْ، حَتَّى جَعَلُوا عَلَى الْحَجَرِ وَالْخَشَبِ الاِسْمَ
الَّذِي لاَ يُشْرَكُ فِيهِ أَحَدٌ.
ع11: خلق الله:
مخلوقات الله ومنها الخشب.
رجسًا: حقارة ونجاسة.
ثم يعلن الله غضبه على الأصنام، فإن كان يطيل
أناته ليعطى الوثنيين فرصة للتوبة، ولكنه سيفتقد ويعاقب ويبطل هذه الأصنام؛
لأنها حقيرة، ويتعدى شرها ليس فقط تمثيل الله بالماديات، بل إعثار الكثيرين
واستمالتهم لهذه العبادة الخاطئة، واصطياد الجهال فيسقطوا فيها. وهذا ما فعله
رجال الله، مثل يوشيا الملك (2 مل23: 24).
ع12: الفسق: العصيان
ورفض الحق، ومعناها أيضًا الزنى.
وجدانها: وجودها.
وأصل كل الشرور هو الانفصال عن الله، وعبادة آخر
سواه، أي هذه التماثيل المصنوعة بالأيدى، وبهذا تفسد حياة الإنسان، وتظلم،
ويُحكم عليه بالموت. فقد ارتبطت عبادة الأوثان بالزنى، فانتشر الزنى بين الناس
لإرضاء الآلهة، فأصل الزنى هو عبادة الأصنام.
ع13: ولم تكن هذه العبادة الشريرة في جنة عدن
الطاهرة، حيث خُلق الإنسان الأول، ولكنها ظهرت بعد السقوط والابتعاد عن الله.
فهي أمر شرير، غريب عن الإنسان، ولن يستمر معه إذا عاد بالتوبة إلى الله، وتخلص
من أصنامه النجسة. وهي لن تدوم إلى الأبد، فستبيد بنهاية العالم.
ع14: والذى أوجد وحافظ على الأصنام هو محبة
الناس للكبرياء، ومظاهر العالم المادية الخادعة، فتكبروا على غيرهم بآلهتهم
الشريرة، وتعاظموا على بعض باقتناء التماثيل الكبيرة والغالية، فأحبوا مجد
الناس، ورفضوا مجد الله.
وحتى الآن ما زال الناس يعبدون أوثانًا في شكل
تماثيل، أو تعلق بالمال، أو بالقوة الجسدية، أو العلاقات بالعظماء، وكل هذا مجد
فارغ، فعبادة المسيح القدوس المتواضع يفهمها المؤمنون به، المتواضعون. أما
عبادة الأوثان، التي هي عبادة الشيطان المتكبر، فيتعلق بها المتكبرون. ويعلن
الله أن عبادة الأوثان قد عزم الله أن ينهيها عن قريب؛ لأن أيام هذا العالم
ستنتهي، وتبدأ الحياة الأبدية، التي فيها عبادة الله فقط، والتمتع بعشرته.
ع15: فُجع: حزن جدًا.
ثكل: موت الابن أو الابنة.
معجل: عاجل وسريع، ويقصد به سن صغيرة.
منزلة: مكانة.
رسم: رتب.
شعائر: طقوس.
يكشف هنا الكتاب المقدس عن حادثة تاريخية في
تاريخ الجنس البشرى، التي أوجدت عبادة الأصنام في العالم. فقد حدث أن أبًا فقد
ابنه في سن صغير فحزن جدًا. ونظرًا لتعلق قلب الأب بابنه، لم يحتمل فراقه، فصنع
تمثالًا له، لينظره كل حين. بل وأكثر من هذا، عين بعضًا ممن يعملون عنده
للعناية بهذا التمثال، وتقديم بعض كلمات المديح والتكريم له، في صورة شعائر
وممارسات يومية، وكذلك تقديم ذبائح لهذا التمثال، إكرامًا لابنه؛ ليشعر بأنه
موجود معه ولم يمت.
ع16: المنحوتات:
التماثيل.
وعلى مر الزمان قلد الكثيرون هذا الأب، فصنع
البشر تماثيل لإكرام أحبائهم، وتقديم كلمات المديح، وذبائح حيوانية؛ لإرضائهم،
بل انطبعت هذه المفاهيم في ذهن عامة الناس. وأمر أيضًا الملوك بإكرام العظماء،
ونحت تماثيل لهم، وتعظيمها بشكل آلهة.
ع17: نصب: أمام.
وأكثر من هذا تمادى البعض في عمل التماثيل، ليس
فقط للمنتقلين، بل للأحياء أيضًا ممن لهم مركزًا كبيرًا، مثل الملوك. فعملوا
تماثيل لهم، ووضعوها في بيوتهم، أو في أماكن عامة لإكرامها، وعبادتها، تملقًا
وتقربًا للملوك.
وهكذا انتشرت، وتطورت صناعة الأصنام، وصارت تُعبد
كآلهة بدلًا من الله؛ إذ تعلقت عواطف البشر بمن حولهم، تاركين الإله الحقيقي.
† إحذر يا أخي، ليس فقط من التعلق بالماديات،
بل أيضًا من التعلق العاطفى بمن حولك، فتطيعهم، وتستجيب لهم أكثر من الله،
وتنزلق معهم في خطايا كثيرة إرضاءً لهم؛ سواء كانوا أقرباء، أو أصدقاء. أحبب
الكل، ولكن اخضع لله وحده، ولكل وصاياه.
ع18: المباهاة:
التفاخر.
يعلن هنا أحد أسباب انتشار عبادة الأصنام، وهو أن
اهتمام صناع التماثيل بفن صناعتهم، والتفاخر بها جذب الكثيرين للإعجاب بهذه
التماثيل، بل والمبالغة في طلب الفن، وزيادة الإتقان من الصناع؛ لتكون تماثيلهم
أفضل من غيرها. فتعلقت قلوب البشر بروعة هذه التماثيل فنيًا، ثم خضعوا لها،
فقدموا لها الإكرام والعبادة.
فحب الصناع للمباهاة بفنونهم وإتقانها وتزيينها،
هو استخدام خاطئ للمواهب التي أنعم بها الله على البشر، فبدلًا من أن يجذبوا
بها الناس إلى الله، أبعدوهم بعبادة آلهة غريبة.
ع19، 20: الآمر: من
يأمر الصناع بإقامة التماثيل، ويدفع أجرها.
وسعهم: طاقتهم وجهدهم.
عدوه: حسبوه.
وهكذا تزايد الصناع في اتقانهم لفنهم، مما أدى
إلى تزايد إعجاب وتعلق الناس بالتماثيل. فدفع ذلك الصناع إلى إتقان أكبر،
فتعلقت قلوب البشر أكثر بالتماثيل؛ حتى شعر الناس في النهاية - من كثرة إكرام
التماثيل - أنهم أمام آلهة، وليست تماثيل بشر.
ع21: اقتناص الخلق:
اصطياد البشر.
رزيئة: مصيبة، أو خطيئة عظيمة.
اقتسار: إجبار، أو قهر، أو إكراه.
الإسم الذي لا يشرك فيه أحد: اسم الله.
وظهرت أخيرًا خطة إبليس الخبيثة في اصطياد
العقول، والهجوم عليه كفريسة، مدعمًا بأوامر وسلطان الملوك في السجود لهذه
التماثيل المصنوعة من الخشب والحجارة، أو أي مادة أخرى، وأهملوا بهذا عبادة
الإله الواحد، إذ أشركوا معه آلهة أخرى هي هذه التماثيل، بل تعلقت قلوبهم بهذه
الآلهة الجديدة، ورفضوا عبادة الإله الواحد.
لذلك تحرص الكنيسة الأرثوذكسية في طقسها على
استخدام الصور فقط للقديسين، وليس التماثيل؛ لأن التمثال تأثيره كبير على قلوب
البشر، إذ يجسد الشخصية بقوة أكبر أمام الإنسان، فيجذب قلبه، وبتكرار تقديم
الإكرام للتمثال، يبعده عن تعلقه بعبادة الله.
† إن كان الله قد أعطاك
يا أخى موهبة، فاستخدمها لمجده، وليس لتعظيم نفسك وأعمالك، أو إرضاءً للناس.
فكيف تستخدم مواهب الله لتبعد قلبك عنه، أو تبعد الآخرين أيضًا، وتسرق مجد الله
لنفسك؟!
←
وستجد
تفاسير أخرى
هنا في
(3)
شرور عبادة الأصنام وعقابها (ع22-31)
22 ثُمَّ لَمْ يَكْتَفُوا بِضَلاَلِهِمْ فِي
مَعْرِفَةِ اللهِ، لكِنَّهُمْ غَاصُوا فِي حَرْبِ الْجَهْلِ الشَّدِيدَةِ،
وَهُمْ يُسَمُّونَ مِثْلَ هذِهِ الشُّرُورِ سَلاَمًا. 23 فَإِنَّهُمْ
يُمَارِسُونَ ذَبَائِحَ مِنْ بَنِيهِمْ، وَشَعَائِرَ خَفِيَّةً وَمَآدِبَ
جُنُونٍ عَلَى أَسَالِيبَ أُخَرَ. 24 لاَ يَرْعَوْنَ حُسْنَ السِّيرَةِ وَلاَ
طَهَارَةَ الزَّوَاجِ فَيَقْتُلُ الرَّجُلُ صَاحِبَهُ بِالاِغْتِيَالِ
وَيُمِضُّهُ بِالفَاحِشَةِ. 25 شَرٌّ مُتَفَاقِمٌ فِي كُلِّ مَوْضِعٍ، الدَّمُ
وَالْقَتْلُ وَالسَّرِقَةُ وَالْمَكْرُ وَالْفَسَادُ وَالْخِيَانَةُ
وَالْفِتْنَةُ وَالْحِنْثُ وَقَلَقُ الأَبْرَارِ، 26 وَكُفْرَانُ النِّعْمَةِ
وَتَدَنُّسُ النُّفُوسِ وَالْتِبَاسُ الْمَوَالِيدِ وَتَشُوُّشُ الزَّوَاجِ
وَالْفِسْقُ وَالْعَهَرُ، 27 لأَنَّ عِبَادَةَ الأَصْنَامِ الْمَكْرُوهَةَ هِيَ
عِلَّةُ كُلِّ شَرٍّ وَابْتِدَاؤُهُ وَغَايَتُهُ.28 فَإِنَّهُمْ إِذَا فَرِحُوا جُنُّوا، أَوْ تَنَبَّأُوا كَذَبُوا، أَوْ
عَامَلُوا ظَلَمُوا، أَوْ حَالَفُوا أَسْرَعُوا إِلَى الْحِنْثِ. 29 وَلِتَوَكُّلِهِمْ عَلَى أَصْنَامٍ لاَ أَرْوَاحَ لَهَا لاَ، يَتَوَقَّعُونَ
إِذَا أَقْسَمُوا بِالزُّورِ أَنْ يَنَالَهُمُ الْخُسْرَانُ. 30 فَهُنَاكَ
أَمْرَانِ يَسْتَحِقُّونَ بِهِمَا حُلُولَ الْعِقَابِ: سُوءُ اعْتِقَادِهِمْ
فِي اللهِ إِذِ اتَّبَعُوا الأَصْنَامَ، وَقَسَمُهُمْ بِالظُّلْمِ وَالْمَكْرِ
إِذِ اسْتَخَفُّوا بِالْقَدَاسَةِ، 31 لأَنَّ مَعْصِيَةَ الظَّالِمِينَ إِنَّمَا
يَتَعَقَّبُهَا الْقَضَاءُ عَلَى الْخَطَأَةِ لاَ قُدْرَةُ الْمُقْسَمِ بِهِمْ.
ع22: يظهر هنا مقاصد
إبليس من إسقاط الناس في عبادة الأصنام، فهو يبعدهم عن معرفة الله، ويصور لهم
في جهلهم أن عبادة الآلهة الغريبة تعطى راحة وسلامًا، ويسقطهم في شهوات كثيرة،
ويصور لهم لذة الخطية راحة وفرح. بل يتطاولون على المؤمنين، ويتهمونهم بالحزن
والكآبة، مع أنهم وحدهم المتمتعون بالسلام الداخلي، أما الأشرار عبدة الأوثان،
فلا يمكن أن يكون لهم سلام في داخلهم (أش57: 21).
ع23: مآدب: ولائم.
أخر: أخرى.
وتمتد الشرور المصاحبة لعبادة الأوثان إلى أصعب
الخطايا، فتصل إلى قتل الأبناء بتقديمهم ذبائح لإرضاء الآلهة، كما يعلن الكتاب
المقدس في تقديم الأبناء للإله الوثني مولك (إر32: 35؛ 2 مل23: 10). بل وأكثر من
هذا، كانت هناك صلوات شريرة تقال في الخفاء، بالإضافة إلى دنس ونجاسة تتم
بعيدًا عن العيون، وكذا إقامة ولائم، لا يقدم فيها الطعام فقط، بل يصاحبها شرب
الخمر والرقص والزنا وكل الشرور التي تخرج الإنسان عن عقله، فيصير كالمجنون.
ع24: يمضه بالفاحشة:
يؤلمه بخيانته في الزنى مع امرأته، أو إحدى قريباته.
وتسقط كل القيم والمبادئ عندهم، ليس فقط الخاصة
بعبادة الله، بل التي تصون المجتمع. وفى انحرافهم الشرير، يستبيحون كل شر
لشهوتهم، فيغتصب امرأة، أو ابنة صاحبه، ويخونه مسببًا له آلامًا نفسية قاسية،
وإن قاومه يقتله.
ع25: متفاقم: متزايد.
الحنث: عدم الوفاء بالقسم.
وهكذا بازدياد عبادة الأصنام، تزداد الخطايا
بأنواعها المختلفة، فيسقطون في كل شر، سواء القتل أصعب الخطايا، أو اغتصاب
وسرقة كل شيء، مستخدمين في ذلك الكذب والخبث والمكر، مستبيحين كل فساد وخيانة
لمن حولهم، مثيرين الانقسامات الكثيرة بين البشر، ويحلفون كذبًا، ويحاولون
إقلاق أولاد الله الساكنين في البر.
ع26: كفران النعمة:
التذمر.
التباس: اختلاط.
العهر: الزنى والفجور.
ومع هذا التيار الفاسد يسقطون في التذمر، وعدم
شكر الله والناس على عطاياهم، ويدنسون أجسادهم بالشهوات الشريرة، ويولد أبناء
كثيرون، يلقون في الشوارع، لا يعرفون أباءهم، أو أمهاتهم، إذ نتجوا عن شهوات
دنسة، وفى جو الخيانة تنهار الأسر، ويفسد الزواج، لانتشار الزنى والانحرافات
الجنسية.
ع27: علة: سبب.
وهكذا ظهرت خطة الشيطان، الذي يريد إفساد العالم،
فهو يُبعد أهل العالم عن الله؛ لينفرد بهم، ويسقطهم بسهولة في جميع الخطايا،
ويشعرهم أن هذه الخطايا هي عبادة مقدسة للآلهة الوثنية، لترضى عليهم.
ونهاية هؤلاء الأشرار بالطبع ستكون الهلاك
الأبدي، فالشيطان، بعبادة الأصنام، يبدأ كل شر في العالم، وينتهى بإهلاك تابعيه
معه.
† كن يقظًا لحيل إبليس التي تحاول أن تشغلك عن
الله، فتصبح فريسة سهلة تسقط في خطايا كثيرة. تمسك بالكنيسة والأسرار المقدسة
ووصايا الله، وإن سقطت أسرع للتوبة، فتبطل حيل إبليس من نحوك.
ع28، 29: ويظهر في هذا الجزء كيف يخدع
الإنسان نفسه. فإن الذين يعبدون الأصنام يعلنون أنهم يعيشون في فرح. ولكن ما هو
نوع هذا الفرح؟ .. إنه جنون، أي خروج عن كل تصرف عاقل متزن. ويدعون أن لهم
موهبة النبوة، فيقولون أكاذيب ليست لها علاقة بما سيحدث، ويخدعون أنفسهم ومن
حولهم.
ونظرًا لحاجة الإنسان لمعرفة المستقبل؛ لبعده عن
الله، يتعلق بكلمات كهنة الأوثان الكاذبة، التي يعلنون أنها نبوات، وعندما لا
تحدث يصدرون تأويلات وتفاسير، وحجج مخادعة.
وفى أعمالهم الشريرة يستبيحون الظلم، ويعتقدون
أنه قوة، ويقسمون بحلف كثير، ثم لا يتممونه، غير خائفين من حلفهم بالآلهة
الوثنية، إذ يعلم كهنة الأوثان وخدامها أن الأصنام مجرد تماثيل لا روح فيها،
ولا تستطيع إيذاءهم، ولكنهم ارتبطوا بها وبخدمتها، وتعلق كيانهم بوجودها،
وغرقوا في شهواتها، فلا يستطيعون تركها. وهكذا يحيون في نفاق، لا يؤمنون بها،
ولكن يتبعونها، وينادون بقوتها، ويخدعون أنفسهم.
† غريب يا أخى أن تخدع
نفسك بنفسك، ولا تواجه نفسك بحقيقة خطاياك، لتتوب عنها، وتبرر بعدك عن الله
بحجج فارغة. إن الشر واضح، ولكن لتعودك عليه لا تستطيع أن تعلن أمام نفسك أنك
شرير؛ لتتوب.
إن رجوعك للحق هو منتهى القوة حتى لو كان لك
عشرات السنين في نفس الخطأ، أو المبدأ المنحرف. ليتك ترجع لنفسك وتكشفها أمام
الله، وتخرج من نفاقك؛ لأن أحضانه ما زالت مفتوحة، ورحمته تدعوك لتخليصك من كل
خطاياك.
إن فرحك يا أخى هو بالمسيح. الفرح البسيط الذي من
القلب، ناتج من سكنى المسيح فيك، والذي يظهر على وجهك، وفى أعمالك. الفرح النقى
من كل خطية، والذي يسعد ويفرح كل من حوله، يحل فيك مهما كنت ضعيفًا، أو معوزًا
من أمجاد العالم، ولكن ممتلئًا بنعمة المسيح.
ع30: وأمام إصرار عبده الأصنام على شرهم، لا
ينتظرهم إلا العقاب الإلهي؛ لأن الله وإن كان طويل الأناة ورحيم، ولكنه أيضًا
عادل، وعقابهم لشرين عظيمين يعملانهما وهما:
الشر الأول هو إهمالهم لله واستبداله بالآلهة
الوثنية، أي هذه التماثيل، وخضوعهم بذلك للشيطان. فهم اختاروا الشيطان دون
الله، ورفضوا طاعة وصاياه وتعاليمه.
والشر الثاني هو قسمهم الكاذب بالأوثان، وهم
يعلمون بعدم قيمتها، فهو قسم باطل واستهانة بالقداسة، إذ يحلفون ويتمادون في
حياتهم الشريرة، فالقسم بالأوثان، رغم أنها باطلة، لكنه شر يستحق العقاب.
ع31: المقسم بهم:
الأوثان التي يقسمون بها.
وعقاب عبدة الأوثان لا يكون من الآلهة الوثنية
بسبب طاعتهم، أو مخالفتهم لها، فهم إذ يعرفون ضعف هذه الآلهة، استخفوا بها،
وتمادوا في شرورهم، وحلفوا بها ظلمًا. ولكن العقاب سيأتيهم من الإله الحقيقي،
رب السماء والأرض، الذي له السلطان الحقيقي الكامل؛ حتى وإن أهملوه طوال حياتهم
في ضلال، فأرواحهم تقف أمامه بعد موتهم، وفى يوم الدينونة.
† لا تنزعج يا أخى من
قوى العالم، بل خف الله الذي له السلطان وحده عليك. وإذ تعبده بأمانة، وتتوب عن
خطاياك، لا يستطيع أحد أن يؤذيك؛ لأنه وحده الديان العادل.
← تفاسير أصحاحات
حكمة:
مقدمة |
1 |
2 |
3 |
4 |
5 |
6 |
7 |
8 |
9 |
10 |
11 |
12 |
13 |
14 |
15 |
16 |
17 |
18 |
19
تفاسير أسفار الكتاب المقدس
1- تفاسير سفر التكوين
2- تفاسير سفر الخروج
3- تفاسير سفر اللاويين
4- تفاسير سفر العدد
5- تفاسير سفر التثنية
6- تفاسير سفر يشوع
7- تفاسير سفر القضاة
8- تفاسير سفر راعوث
9- تفاسير سفر صموئيل الأول
10- تفاسير سفر صموئيل الثاني
11- تفاسير سفر الملوك الأول
12- تفاسير سفر الملوك الثاني
13- تفاسير سفر أخبار الأيام الأول
14- تفاسير سفر أخبار الأيام الثاني
15- تفاسير سفر عزرا
16- تفاسير سفر نحميا
17- تفاسير سفر طوبيا
18- تفاسير سفر يهوديت
19- تفاسير سفر أستير + التتمة
20- تفاسير سفر أيوب
21- تفاسير سفر المزامير + مز 151
22- تفاسير سفر الأمثال
23- تفاسير سفر الجامعة
24- تفاسير سفر نشيد الأناشيد
25- تفاسير سفر الحكمة
26- تفاسير سفر يشوع بن سيراخ
27- تفاسير سفر إشعياء
28- تفاسير سفر إرميا
29- تفاسير سفر مراثي إرميا
30- تفاسير سفر نبوه باروخ
31- تفاسير سفر حزقيال
32- تفاسير سفر دانيال + التتمة
33- تفاسير سفر هوشع
34- تفاسير سفر يوئيل
35- تفاسير سفر عاموس
36- تفاسير سفر عوبديا
37- تفاسير سفر يونان
38- تفاسير سفر ميخا
39- تفاسير سفر ناحوم
40- تفاسير سفر حبقوق
41- تفاسير سفر صفنيا
42- تفاسير سفر حجي
43- تفاسير سفر زكريا
44- تفاسير سفر ملاخي
45- تفاسير سفر المكابيين الأول
46- تفاسير سفر المكابيين الثاني
1- تفاسير إنجيل متى
2- تفاسير إنجيل مرقس
3- تفاسير إنجيل لوقا
4- تفاسير إنجيل يوحنا
5- تفاسير سفر أعمال الرسل
6- تفاسير الرسالة إلى رومية
7- تفاسير رسالة كورنثوس الاولى
8- تفاسير كورنثوس الثانية
9- تفاسير الرسالة إلى أهل غلاطية
10- تفاسير الرسالة إلى أفسس
11- تفاسير الرسالة إلى فيلبي
12- تفاسير الرسالة إلى كولوسي
13- تفاسير تسالونيكي الأولى
14- تفاسير تسالونيكي الثانية
15- تفاسير رسالة تيموثاوس الأولى
16- تفاسير تيموثاوس الثانية
17- تفاسير الرسالة إلى تيطس
18- تفاسير الرسالة إلى فيلمون
19- تفاسير رسالة العبرانيين
20- تفاسير رسالة يعقوب
21- تفاسير رسالة بطرس الأولى
22- تفاسير رسالة بطرس الثانية
23- تفاسير رسالة يوحنا الأولى
24- تفاسير رسالة يوحنا الثانية
25- تفاسير رسالة يوحنا الثالثة
26- تفاسير رسالة يهوذا
27- تفاسير سفر الرؤيا"
حكمة سليمان,14,11,"(14:11): خلق الله:
مخلوقات الله ومنها الخشب.
رجسًا: حقارة ونجاسة.
ثم يعلن الله غضبه على الأصنام، فإن كان يطيل
أناته ليعطى الوثنيين فرصة للتوبة، ولكنه سيفتقد ويعاقب ويبطل هذه الأصنام؛
لأنها حقيرة، ويتعدى شرها ليس فقط تمثيل الله بالماديات، بل إعثار الكثيرين
واستمالتهم لهذه العبادة الخاطئة، واصطياد الجهال فيسقطوا فيها. وهذا ما فعله
رجال الله، مثل يوشيا الملك (2 مل23: 24).
ع12:"
حكمة سليمان,14,12,"(14:12): الفسق: العصيان
ورفض الحق، ومعناها أيضًا الزنى.
وجدانها: وجودها.
وأصل كل الشرور هو الانفصال عن الله، وعبادة آخر
سواه، أي هذه التماثيل المصنوعة بالأيدى، وبهذا تفسد حياة الإنسان، وتظلم،
ويُحكم عليه بالموت. فقد ارتبطت عبادة الأوثان بالزنى، فانتشر الزنى بين الناس
لإرضاء الآلهة، فأصل الزنى هو عبادة الأصنام.
ع13:"
حكمة سليمان,14,13,"(14:13): ولم تكن هذه العبادة الشريرة في جنة عدن
الطاهرة، حيث خُلق الإنسان الأول، ولكنها ظهرت بعد السقوط والابتعاد عن الله.
فهي أمر شرير، غريب عن الإنسان، ولن يستمر معه إذا عاد بالتوبة إلى الله، وتخلص
من أصنامه النجسة. وهي لن تدوم إلى الأبد، فستبيد بنهاية العالم.
ع14:"
حكمة سليمان,14,14,"(14:14): والذى أوجد وحافظ على الأصنام هو محبة
الناس للكبرياء، ومظاهر العالم المادية الخادعة، فتكبروا على غيرهم بآلهتهم
الشريرة، وتعاظموا على بعض باقتناء التماثيل الكبيرة والغالية، فأحبوا مجد
الناس، ورفضوا مجد الله.
وحتى الآن ما زال الناس يعبدون أوثانًا في شكل
تماثيل، أو تعلق بالمال، أو بالقوة الجسدية، أو العلاقات بالعظماء، وكل هذا مجد
فارغ، فعبادة المسيح القدوس المتواضع يفهمها المؤمنون به، المتواضعون. أما
عبادة الأوثان، التي هي عبادة الشيطان المتكبر، فيتعلق بها المتكبرون. ويعلن
الله أن عبادة الأوثان قد عزم الله أن ينهيها عن قريب؛ لأن أيام هذا العالم
ستنتهي، وتبدأ الحياة الأبدية، التي فيها عبادة الله فقط، والتمتع بعشرته.
ع15:"
حكمة سليمان,14,15,"(14:15): فُجع: حزن جدًا.
ثكل: موت الابن أو الابنة.
معجل: عاجل وسريع، ويقصد به سن صغيرة.
منزلة: مكانة.
رسم: رتب.
شعائر: طقوس.
يكشف هنا الكتاب المقدس عن حادثة تاريخية في
تاريخ الجنس البشرى، التي أوجدت عبادة الأصنام في العالم. فقد حدث أن أبًا فقد
ابنه في سن صغير فحزن جدًا. ونظرًا لتعلق قلب الأب بابنه، لم يحتمل فراقه، فصنع
تمثالًا له، لينظره كل حين. بل وأكثر من هذا، عين بعضًا ممن يعملون عنده
للعناية بهذا التمثال، وتقديم بعض كلمات المديح والتكريم له، في صورة شعائر
وممارسات يومية، وكذلك تقديم ذبائح لهذا التمثال، إكرامًا لابنه؛ ليشعر بأنه
موجود معه ولم يمت.
ع16:"
حكمة سليمان,14,16,"(14:16): المنحوتات:
التماثيل.
وعلى مر الزمان قلد الكثيرون هذا الأب، فصنع
البشر تماثيل لإكرام أحبائهم، وتقديم كلمات المديح، وذبائح حيوانية؛ لإرضائهم،
بل انطبعت هذه المفاهيم في ذهن عامة الناس. وأمر أيضًا الملوك بإكرام العظماء،
ونحت تماثيل لهم، وتعظيمها بشكل آلهة.
ع17:"
حكمة سليمان,14,17,"(14:17): نصب: أمام.
وأكثر من هذا تمادى البعض في عمل التماثيل، ليس
فقط للمنتقلين، بل للأحياء أيضًا ممن لهم مركزًا كبيرًا، مثل الملوك. فعملوا
تماثيل لهم، ووضعوها في بيوتهم، أو في أماكن عامة لإكرامها، وعبادتها، تملقًا
وتقربًا للملوك.
وهكذا انتشرت، وتطورت صناعة الأصنام، وصارت تُعبد
كآلهة بدلًا من الله؛ إذ تعلقت عواطف البشر بمن حولهم، تاركين الإله الحقيقي.
† إحذر يا أخي، ليس فقط من التعلق بالماديات،
بل أيضًا من التعلق العاطفى بمن حولك، فتطيعهم، وتستجيب لهم أكثر من الله،
وتنزلق معهم في خطايا كثيرة إرضاءً لهم؛ سواء كانوا أقرباء، أو أصدقاء. أحبب
الكل، ولكن اخضع لله وحده، ولكل وصاياه.
ع18:"
حكمة سليمان,14,18,"(14:18): المباهاة:
التفاخر.
يعلن هنا أحد أسباب انتشار عبادة الأصنام، وهو أن
اهتمام صناع التماثيل بفن صناعتهم، والتفاخر بها جذب الكثيرين للإعجاب بهذه
التماثيل، بل والمبالغة في طلب الفن، وزيادة الإتقان من الصناع؛ لتكون تماثيلهم
أفضل من غيرها. فتعلقت قلوب البشر بروعة هذه التماثيل فنيًا، ثم خضعوا لها،
فقدموا لها الإكرام والعبادة.
فحب الصناع للمباهاة بفنونهم وإتقانها وتزيينها،
هو استخدام خاطئ للمواهب التي أنعم بها الله على البشر، فبدلًا من أن يجذبوا
بها الناس إلى الله، أبعدوهم بعبادة آلهة غريبة.
ع19، 20: الآمر: من
يأمر الصناع بإقامة التماثيل، ويدفع أجرها.
وسعهم: طاقتهم وجهدهم.
عدوه: حسبوه.
وهكذا تزايد الصناع في اتقانهم لفنهم، مما أدى
إلى تزايد إعجاب وتعلق الناس بالتماثيل. فدفع ذلك الصناع إلى إتقان أكبر،
فتعلقت قلوب البشر أكثر بالتماثيل؛ حتى شعر الناس في النهاية - من كثرة إكرام
التماثيل - أنهم أمام آلهة، وليست تماثيل بشر.
ع21:"
حكمة سليمان,14,21,"(14:21): اقتناص الخلق:
اصطياد البشر.
رزيئة: مصيبة، أو خطيئة عظيمة.
اقتسار: إجبار، أو قهر، أو إكراه.
الإسم الذي لا يشرك فيه أحد: اسم الله.
وظهرت أخيرًا خطة إبليس الخبيثة في اصطياد
العقول، والهجوم عليه كفريسة، مدعمًا بأوامر وسلطان الملوك في السجود لهذه
التماثيل المصنوعة من الخشب والحجارة، أو أي مادة أخرى، وأهملوا بهذا عبادة
الإله الواحد، إذ أشركوا معه آلهة أخرى هي هذه التماثيل، بل تعلقت قلوبهم بهذه
الآلهة الجديدة، ورفضوا عبادة الإله الواحد.
لذلك تحرص الكنيسة الأرثوذكسية في طقسها على
استخدام الصور فقط للقديسين، وليس التماثيل؛ لأن التمثال تأثيره كبير على قلوب
البشر، إذ يجسد الشخصية بقوة أكبر أمام الإنسان، فيجذب قلبه، وبتكرار تقديم
الإكرام للتمثال، يبعده عن تعلقه بعبادة الله.
† إن كان الله قد أعطاك
يا أخى موهبة، فاستخدمها لمجده، وليس لتعظيم نفسك وأعمالك، أو إرضاءً للناس.
فكيف تستخدم مواهب الله لتبعد قلبك عنه، أو تبعد الآخرين أيضًا، وتسرق مجد الله
لنفسك؟!
←
وستجد
تفاسير أخرى
هنا في
(3)
شرور عبادة الأصنام وعقابها (ع22-31)
22 ثُمَّ لَمْ يَكْتَفُوا بِضَلاَلِهِمْ فِي
مَعْرِفَةِ اللهِ، لكِنَّهُمْ غَاصُوا فِي حَرْبِ الْجَهْلِ الشَّدِيدَةِ،
وَهُمْ يُسَمُّونَ مِثْلَ هذِهِ الشُّرُورِ سَلاَمًا. 23 فَإِنَّهُمْ
يُمَارِسُونَ ذَبَائِحَ مِنْ بَنِيهِمْ، وَشَعَائِرَ خَفِيَّةً وَمَآدِبَ
جُنُونٍ عَلَى أَسَالِيبَ أُخَرَ. 24 لاَ يَرْعَوْنَ حُسْنَ السِّيرَةِ وَلاَ
طَهَارَةَ الزَّوَاجِ فَيَقْتُلُ الرَّجُلُ صَاحِبَهُ بِالاِغْتِيَالِ
وَيُمِضُّهُ بِالفَاحِشَةِ. 25 شَرٌّ مُتَفَاقِمٌ فِي كُلِّ مَوْضِعٍ، الدَّمُ
وَالْقَتْلُ وَالسَّرِقَةُ وَالْمَكْرُ وَالْفَسَادُ وَالْخِيَانَةُ
وَالْفِتْنَةُ وَالْحِنْثُ وَقَلَقُ الأَبْرَارِ، 26 وَكُفْرَانُ النِّعْمَةِ
وَتَدَنُّسُ النُّفُوسِ وَالْتِبَاسُ الْمَوَالِيدِ وَتَشُوُّشُ الزَّوَاجِ
وَالْفِسْقُ وَالْعَهَرُ، 27 لأَنَّ عِبَادَةَ الأَصْنَامِ الْمَكْرُوهَةَ هِيَ
عِلَّةُ كُلِّ شَرٍّ وَابْتِدَاؤُهُ وَغَايَتُهُ.28 فَإِنَّهُمْ إِذَا فَرِحُوا جُنُّوا، أَوْ تَنَبَّأُوا كَذَبُوا، أَوْ
عَامَلُوا ظَلَمُوا، أَوْ حَالَفُوا أَسْرَعُوا إِلَى الْحِنْثِ. 29 وَلِتَوَكُّلِهِمْ عَلَى أَصْنَامٍ لاَ أَرْوَاحَ لَهَا لاَ، يَتَوَقَّعُونَ
إِذَا أَقْسَمُوا بِالزُّورِ أَنْ يَنَالَهُمُ الْخُسْرَانُ. 30 فَهُنَاكَ
أَمْرَانِ يَسْتَحِقُّونَ بِهِمَا حُلُولَ الْعِقَابِ: سُوءُ اعْتِقَادِهِمْ
فِي اللهِ إِذِ اتَّبَعُوا الأَصْنَامَ، وَقَسَمُهُمْ بِالظُّلْمِ وَالْمَكْرِ
إِذِ اسْتَخَفُّوا بِالْقَدَاسَةِ، 31 لأَنَّ مَعْصِيَةَ الظَّالِمِينَ إِنَّمَا
يَتَعَقَّبُهَا الْقَضَاءُ عَلَى الْخَطَأَةِ لاَ قُدْرَةُ الْمُقْسَمِ بِهِمْ.
ع22:"
حكمة سليمان,14,22,"(14:22): يظهر هنا مقاصد
إبليس من إسقاط الناس في عبادة الأصنام، فهو يبعدهم عن معرفة الله، ويصور لهم
في جهلهم أن عبادة الآلهة الغريبة تعطى راحة وسلامًا، ويسقطهم في شهوات كثيرة،
ويصور لهم لذة الخطية راحة وفرح. بل يتطاولون على المؤمنين، ويتهمونهم بالحزن
والكآبة، مع أنهم وحدهم المتمتعون بالسلام الداخلي، أما الأشرار عبدة الأوثان،
فلا يمكن أن يكون لهم سلام في داخلهم (أش57: 21).
ع23:"
حكمة سليمان,14,23,"(14:23): مآدب: ولائم.
أخر: أخرى.
وتمتد الشرور المصاحبة لعبادة الأوثان إلى أصعب
الخطايا، فتصل إلى قتل الأبناء بتقديمهم ذبائح لإرضاء الآلهة، كما يعلن الكتاب
المقدس في تقديم الأبناء للإله الوثني مولك (إر32: 35؛ 2 مل23: 10). بل وأكثر من
هذا، كانت هناك صلوات شريرة تقال في الخفاء، بالإضافة إلى دنس ونجاسة تتم
بعيدًا عن العيون، وكذا إقامة ولائم، لا يقدم فيها الطعام فقط، بل يصاحبها شرب
الخمر والرقص والزنا وكل الشرور التي تخرج الإنسان عن عقله، فيصير كالمجنون.
ع24:"
حكمة سليمان,14,24,"(14:24): يمضه بالفاحشة:
يؤلمه بخيانته في الزنى مع امرأته، أو إحدى قريباته.
وتسقط كل القيم والمبادئ عندهم، ليس فقط الخاصة
بعبادة الله، بل التي تصون المجتمع. وفى انحرافهم الشرير، يستبيحون كل شر
لشهوتهم، فيغتصب امرأة، أو ابنة صاحبه، ويخونه مسببًا له آلامًا نفسية قاسية،
وإن قاومه يقتله.
ع25:"
حكمة سليمان,14,25,"(14:25): متفاقم: متزايد.
الحنث: عدم الوفاء بالقسم.
وهكذا بازدياد عبادة الأصنام، تزداد الخطايا
بأنواعها المختلفة، فيسقطون في كل شر، سواء القتل أصعب الخطايا، أو اغتصاب
وسرقة كل شيء، مستخدمين في ذلك الكذب والخبث والمكر، مستبيحين كل فساد وخيانة
لمن حولهم، مثيرين الانقسامات الكثيرة بين البشر، ويحلفون كذبًا، ويحاولون
إقلاق أولاد الله الساكنين في البر.
ع26:"
حكمة سليمان,14,26,"(14:26): كفران النعمة:
التذمر.
التباس: اختلاط.
العهر: الزنى والفجور.
ومع هذا التيار الفاسد يسقطون في التذمر، وعدم
شكر الله والناس على عطاياهم، ويدنسون أجسادهم بالشهوات الشريرة، ويولد أبناء
كثيرون، يلقون في الشوارع، لا يعرفون أباءهم، أو أمهاتهم، إذ نتجوا عن شهوات
دنسة، وفى جو الخيانة تنهار الأسر، ويفسد الزواج، لانتشار الزنى والانحرافات
الجنسية.
ع27:"
حكمة سليمان,14,27,"(14:27): علة: سبب.
وهكذا ظهرت خطة الشيطان، الذي يريد إفساد العالم،
فهو يُبعد أهل العالم عن الله؛ لينفرد بهم، ويسقطهم بسهولة في جميع الخطايا،
ويشعرهم أن هذه الخطايا هي عبادة مقدسة للآلهة الوثنية، لترضى عليهم.
ونهاية هؤلاء الأشرار بالطبع ستكون الهلاك
الأبدي، فالشيطان، بعبادة الأصنام، يبدأ كل شر في العالم، وينتهى بإهلاك تابعيه
معه.
† كن يقظًا لحيل إبليس التي تحاول أن تشغلك عن
الله، فتصبح فريسة سهلة تسقط في خطايا كثيرة. تمسك بالكنيسة والأسرار المقدسة
ووصايا الله، وإن سقطت أسرع للتوبة، فتبطل حيل إبليس من نحوك.
ع28، 29: ويظهر في هذا الجزء كيف يخدع
الإنسان نفسه. فإن الذين يعبدون الأصنام يعلنون أنهم يعيشون في فرح. ولكن ما هو
نوع هذا الفرح؟ .. إنه جنون، أي خروج عن كل تصرف عاقل متزن. ويدعون أن لهم
موهبة النبوة، فيقولون أكاذيب ليست لها علاقة بما سيحدث، ويخدعون أنفسهم ومن
حولهم.
ونظرًا لحاجة الإنسان لمعرفة المستقبل؛ لبعده عن
الله، يتعلق بكلمات كهنة الأوثان الكاذبة، التي يعلنون أنها نبوات، وعندما لا
تحدث يصدرون تأويلات وتفاسير، وحجج مخادعة.
وفى أعمالهم الشريرة يستبيحون الظلم، ويعتقدون
أنه قوة، ويقسمون بحلف كثير، ثم لا يتممونه، غير خائفين من حلفهم بالآلهة
الوثنية، إذ يعلم كهنة الأوثان وخدامها أن الأصنام مجرد تماثيل لا روح فيها،
ولا تستطيع إيذاءهم، ولكنهم ارتبطوا بها وبخدمتها، وتعلق كيانهم بوجودها،
وغرقوا في شهواتها، فلا يستطيعون تركها. وهكذا يحيون في نفاق، لا يؤمنون بها،
ولكن يتبعونها، وينادون بقوتها، ويخدعون أنفسهم.
† غريب يا أخى أن تخدع
نفسك بنفسك، ولا تواجه نفسك بحقيقة خطاياك، لتتوب عنها، وتبرر بعدك عن الله
بحجج فارغة. إن الشر واضح، ولكن لتعودك عليه لا تستطيع أن تعلن أمام نفسك أنك
شرير؛ لتتوب.
إن رجوعك للحق هو منتهى القوة حتى لو كان لك
عشرات السنين في نفس الخطأ، أو المبدأ المنحرف. ليتك ترجع لنفسك وتكشفها أمام
الله، وتخرج من نفاقك؛ لأن أحضانه ما زالت مفتوحة، ورحمته تدعوك لتخليصك من كل
خطاياك.
إن فرحك يا أخى هو بالمسيح. الفرح البسيط الذي من
القلب، ناتج من سكنى المسيح فيك، والذي يظهر على وجهك، وفى أعمالك. الفرح النقى
من كل خطية، والذي يسعد ويفرح كل من حوله، يحل فيك مهما كنت ضعيفًا، أو معوزًا
من أمجاد العالم، ولكن ممتلئًا بنعمة المسيح.
ع30:"
حكمة سليمان,14,30,"(14:30): وأمام إصرار عبده الأصنام على شرهم، لا
ينتظرهم إلا العقاب الإلهي؛ لأن الله وإن كان طويل الأناة ورحيم، ولكنه أيضًا
عادل، وعقابهم لشرين عظيمين يعملانهما وهما:
الشر الأول هو إهمالهم لله واستبداله بالآلهة
الوثنية، أي هذه التماثيل، وخضوعهم بذلك للشيطان. فهم اختاروا الشيطان دون
الله، ورفضوا طاعة وصاياه وتعاليمه.
والشر الثاني هو قسمهم الكاذب بالأوثان، وهم
يعلمون بعدم قيمتها، فهو قسم باطل واستهانة بالقداسة، إذ يحلفون ويتمادون في
حياتهم الشريرة، فالقسم بالأوثان، رغم أنها باطلة، لكنه شر يستحق العقاب.
ع31:"
حكمة سليمان,14,31,"(14:31): المقسم بهم:
الأوثان التي يقسمون بها.
وعقاب عبدة الأوثان لا يكون من الآلهة الوثنية
بسبب طاعتهم، أو مخالفتهم لها، فهم إذ يعرفون ضعف هذه الآلهة، استخفوا بها،
وتمادوا في شرورهم، وحلفوا بها ظلمًا. ولكن العقاب سيأتيهم من الإله الحقيقي،
رب السماء والأرض، الذي له السلطان الحقيقي الكامل؛ حتى وإن أهملوه طوال حياتهم
في ضلال، فأرواحهم تقف أمامه بعد موتهم، وفى يوم الدينونة.
† لا تنزعج يا أخى من
قوى العالم، بل خف الله الذي له السلطان وحده عليك. وإذ تعبده بأمانة، وتتوب عن
خطاياك، لا يستطيع أحد أن يؤذيك؛ لأنه وحده الديان العادل.
← تفاسير أصحاحات
حكمة:
مقدمة |
1 |
2 |
3 |
4 |
5 |
6 |
7 |
8 |
9 |
10 |
11 |
12 |
13 |
14 |
15 |
16 |
17 |
18 |
19
تفاسير أسفار الكتاب المقدس
1- تفاسير سفر التكوين
2- تفاسير سفر الخروج
3- تفاسير سفر اللاويين
4- تفاسير سفر العدد
5- تفاسير سفر التثنية
6- تفاسير سفر يشوع
7- تفاسير سفر القضاة
8- تفاسير سفر راعوث
9- تفاسير سفر صموئيل الأول
10- تفاسير سفر صموئيل الثاني
11- تفاسير سفر الملوك الأول
12- تفاسير سفر الملوك الثاني
13- تفاسير سفر أخبار الأيام الأول
14- تفاسير سفر أخبار الأيام الثاني
15- تفاسير سفر عزرا
16- تفاسير سفر نحميا
17- تفاسير سفر طوبيا
18- تفاسير سفر يهوديت
19- تفاسير سفر أستير + التتمة
20- تفاسير سفر أيوب
21- تفاسير سفر المزامير + مز 151
22- تفاسير سفر الأمثال
23- تفاسير سفر الجامعة
24- تفاسير سفر نشيد الأناشيد
25- تفاسير سفر الحكمة
26- تفاسير سفر يشوع بن سيراخ
27- تفاسير سفر إشعياء
28- تفاسير سفر إرميا
29- تفاسير سفر مراثي إرميا
30- تفاسير سفر نبوه باروخ
31- تفاسير سفر حزقيال
32- تفاسير سفر دانيال + التتمة
33- تفاسير سفر هوشع
34- تفاسير سفر يوئيل
35- تفاسير سفر عاموس
36- تفاسير سفر عوبديا
37- تفاسير سفر يونان
38- تفاسير سفر ميخا
39- تفاسير سفر ناحوم
40- تفاسير سفر حبقوق
41- تفاسير سفر صفنيا
42- تفاسير سفر حجي
43- تفاسير سفر زكريا
44- تفاسير سفر ملاخي
45- تفاسير سفر المكابيين الأول
46- تفاسير سفر المكابيين الثاني
1- تفاسير إنجيل متى
2- تفاسير إنجيل مرقس
3- تفاسير إنجيل لوقا
4- تفاسير إنجيل يوحنا
5- تفاسير سفر أعمال الرسل
6- تفاسير الرسالة إلى رومية
7- تفاسير رسالة كورنثوس الاولى
8- تفاسير كورنثوس الثانية
9- تفاسير الرسالة إلى أهل غلاطية
10- تفاسير الرسالة إلى أفسس
11- تفاسير الرسالة إلى فيلبي
12- تفاسير الرسالة إلى كولوسي
13- تفاسير تسالونيكي الأولى
14- تفاسير تسالونيكي الثانية
15- تفاسير رسالة تيموثاوس الأولى
16- تفاسير تيموثاوس الثانية
17- تفاسير الرسالة إلى تيطس
18- تفاسير الرسالة إلى فيلمون
19- تفاسير رسالة العبرانيين
20- تفاسير رسالة يعقوب
21- تفاسير رسالة بطرس الأولى
22- تفاسير رسالة بطرس الثانية
23- تفاسير رسالة يوحنا الأولى
24- تفاسير رسالة يوحنا الثانية
25- تفاسير رسالة يوحنا الثالثة
26- تفاسير رسالة يهوذا
27- تفاسير سفر الرؤيا"
حكمة سليمان,15,0,"(15:1): بر أولاد الله وانحطاط صناع الأصنام وعابديها
(1)
أبوَّة الله حماية من الأصنام
(ع1-6)
(2)
خطايا صُنَّاع الأصنام (ع7-13)
(3)
جهل عبدة الأصنام (ع14-19)
(1)
أبوَّة الله حماية من الأصنام (ع1-6):
1 وَأَنْتَ يَا إِلهَنَا ذُو صَلاَحٍ وَصِدْقٍ،
طَوِيلُ الأَنَاةِ وَمُدَبِّرُ الْجَمِيعِ بِالرَّحْمَةِ. 2 فَإِذَا خَطِئْنَا
فَنَحْنُ فِي يَدِكَ، وَقَدْ عَلِمْنَا قُدْرَتَكَ، لكِنَّا لاَ نَخْتَارُ
الْخَطَأَ لِعِلْمِنَا بِأَنَّا مِنْ خَاصَّتِكَ. 3 فَإِنَّ مَعْرِفَتَكَ هِيَ
الْبِرُّ الْكَامِلُ، وَالْعِلْمَ بِقُدْرَتِكَ هُوَ أَصْلُ الْحَيَاةِ
الدَّائِمَةِ. 4 لِذلِكَ لَمْ يُغْوِنَا مَا اخْتَرَعَتْهُ صِنَاعَةُ النَّاسِ
الْمَمْقُوتَةُ، وَلاَ عَمَلُ الْمُصَوِّرِينَ الْعَقِيمُ مِنَ الصُّوَرِ
الْمُلَطَّخَةِ بِالأَلْوَانِ. 5 الَّتِي فِي النَّظَرِ إِلَيْهَا فَضِيحَةٌ
لِلْسُّفَهَاءِ بِعِشْقِهِمْ، صُورَةَ تِمْثَالٍ مَيْتٍ لاَ رُوحَ فِيهِ. 6 لاَ
جَرَمَ أَنَّ الَّذِينَ يَصْنَعُونَهَا وَالَّذِينَ يَعْشَقُونَهَا وَالَّذِينَ
يَعْبُدُونَهَا هُمْ كَلِفُونَ بِالْمُنْكَرَاتِ، وَهُمْ أَهْلٌ لأَنْ تَكُونَ
آمَالُهُمْ فِي أَمْثَالِ هذِهِ.
ع1: وقف سليمان أمام
الله منبهرًا بكماله وعظمته، فأخذ يسبحه، معلنًا صلاحه وسط هذا العالم الشرير،
الذي قلت فيه الأعمال الصالحة؛ لانشغال الناس بشهواتهم.
ويمجد أيضًا صدق الله وسط عالم يسوده الكذب؛
لتحقيق الأغراض الشخصية. أما الله فلأنه كامل في قدرته، ولا يحتاج لأحد، فهو
بالتالي لا يحتاج أن يكذب.
وهو أيضًا طويل الأناة، ويتعامل مع كل البشر
بالرحمة؛ لأنه حنون وطيب، فيسعى لمعونة الضعفاء، ويعطى فرصة كل يوم لتوبة
الخاطئ. فتظهر هنا أبوة الله الذي يملك على قلوب أولاده، فيحميهم من السقوط في
عبادة الأصنام. أما الأصنام التي تسمى آلهة، فهي تخيف تابعيها، أو تدفعهم إلى
الشهوات، وليس لها أبوة لمن يعبدها.
† أعطنى يا إلهي أن أشبع بك فلا أعود أحتاج
لهذا العالم الباطل، بل أفيض عليه من حبك، وأحنو على الجميع. أكون قويًا بك،
فأعلن حقك بصدق لكل أحد، واحتمل الكل بلا تذمر؛ لأكسبهم لك.
ع2: إذا كان الله كاملًا، لكننا كبشر نسقط
كثيرًا في الخطية، وهي موجهة لله صاحب السلطان علينا، وهو عادل وقادر على إيقاع
العقاب علينا، لكن الدافع الأكبر لنا لنترك الخطية، ليس مجرد الخوف من العقاب
الإلهي، بل بالأولى لأننا أبناء الله وخاصته، ولا يليق بنا أن نسلك في الخطية،
فهي ليست من طبعنا الذي خلقنا الله عليه، وهي دخيلة علينا من شر هذا العالم.
فيظهر في هذه الآية أهمية مخافة الله ومحبته، فبهما نبتعد عن كل شر.
ع3: ونتجه كأولاد لله، ليس فقط إلى ترك
الخطية، بل إلى هدفنا الحقيقي، وهو معرفة الله الذي يكمل نقاوتنا وبرنا،
ويبعدنا أكثر وأكثر عن الخطية. ثم يزداد إيماننا بالله، فإن معرفة الله وقدرته
تثبت الإيمان، والإيمان يرفع قلوبنا برجاء إلى الأبدية، أي الحياة الدائمة.
وهكذا يزداد تمتعنا بعشرة الله، ونسلك كمواطنين سماويين في روحانية ونحن نعيش
على الأرض، متمتعين دائمًا بأبوة الله وصلاحه. والمسيح نفسه أعلن في العهد
الجديد في صلاته، أن الحياة الأبدية هي معرفة الله (يو17: 3).
† ليت معرفتك يا الله تجذب قلبى، وتصير هدفى
الوحيد، فأسعى باهتمام لتذوق حلاوتك في كل ممارساتى الروحية، وانشغل بك عن شرور
العالم المحيطة بى، حتى لو كنت وحدى وسط عالم غريب عنك؛ لأنى ابنك، ولا أستطيع
مهما سقطت أن أصير ابنًا للعالم؛ لأنى أحبك.
ع4: يغونا: يغرينا.
الممقوتة: المكروهة.
العقيم: الذي لم ينجب، أو يلد.
يتحدث هنا عن عبادة الأصنام، معلنًا أن أولاد
الله إذ انشغلوا بمحبته، لم تستطع عبادة التماثيل أن تجذبهم إليها، فهي
اختراعات البشر الشريرة التي يكرهها الله. وما صوره الناس من أشكال، ودهنوها
بألوان جذابة، هي في نظر أولاد الله تماثيل بلا نفع، عقيمة، أي لا تلد وبلا
فائدة، ولا يبهرهم ألوانها البراقة، بل يرونها ملطخة بالألوان.
† إن العالم يصور كل يوم صورًا جديدة؛ ليشغل
بها قلبك، وكل هذه الصور يستتر وراءها الشيطان؛ ليجذب قلبك إليه بعيدًا عن
الله. فتمسك بمعرفة الله، يظهر لك خزى شهوات العالم، ومباهجه، واثقًا ""أن محبة
العالم عداوة لله"" (يع4: 4).
ع5: السفهاء:
التافهون، والمقصود عابدو الأصنام.
إن تعلق الكثيرين بعبادة الأصنام هو خزى كبير، بل
فضيحة أمام الملائكة والقديسين في السماء، وأمام كل المؤمنين على الأرض. فكيف
يحب الناس التمثال الميت، ويتركون الإله الحى؟!
ع6: المنكرات:
الشهوات الخاطئة.
إن انشغال صناع وعابدى الأصنام بهذه التماثيل هو
انشغال بالشهوات، وهذا يدل على أنهم تافهون؛ لأنهم وضعوا أهدافهم وآمالهم في
هذه الأصنام العديمة القيمة؛ لأن الصناع كانوا يبرزون أعضاء الجسد المثيرة
للشهوة؛ ليجذبوا بها عابدى الأوثان؛ لذلك تعلقوا برؤيتها، بل وبعبادتها.
† إكشف عن عينى يا رب لأرى بطلان مظاهر العالم
الخادعة، وقوته الزائفة، فينجذب قلبى إليك بأكثر قوة، ولا تعود تبهرنى فخاخ
إبليس المنصوبة عن يمينى وعن يسارى، ويتعلق قلبى بحبك؛ لأن كل شيء بلا قيمة، إن
قيس بحبك.
(2)
خطايا صُنَّاع الأصنام (ع7-13):
7 إِنَّ الْخَزَّافَ يُعْنَى بِعَجْنِ الطِّينِ
اللَّيِّنِ، وَيَصْنَعُ مِنْهُ كُلَّ إِنَاءٍ مِمَّا نَسْتَخْدِمُهُ؛
فَيَصْنَعُ مِنَ الطِّينِ الْوَاحِد الآنِيَةَ الْمُسْتَخْدَمَةَ فِي
الأَعْمَالِ الطَّاهِرَةِ وَالْمُسْتَخْدَمَةَ فِي عَكْسِ ذلِكَ، وَأَمَّا
تَخْصِيصُ كُلِّ إِنَاءٍ بِوَاحِدَةٍ مِنَ الْخِدْمَتَيْنِ فَإِنَّمَا يَرْجِعُ
إِلَى حُكْمِ صَانِعِ الطِّينِ. 8 وَبِعَنَائِهِ الْمَمْقُوتِ يَصْنَعُ مِنْ
هذَا الطِّينِ إِلهًا بَاطِلًا، وَهُوَ إِنَّمَا وُلِدَ مِنَ الطِّينِ مِنْ
حِينٍ يَسِيرٍ، وَعَنْ قَلِيلٍ سَيَعُودُ إِلَى مَا أُخِذَ مِنْهُ حِينَ
يُطَالَبُ بِدَيْنِ نَفْسِهِ. 9 غَيْرَ أَنَّ هَمَّهُ لَيْسَ بِأَنَّهُ يَتْعَبُ
وَلاَ بِأَنَّهُ قَرِيبُ الأَجَلِ، لكِنَّهُ يُبَارِي صَاغَةَ الذَّهَبِ
وَالْفِضَّةِ، وَيُعَارِضُ النَّحَّاسِينَ، وَيَعْتَدُّ مَا يَصْنَعُهُ مِنَ
الْخَسَائِسِ فَخْرًا. 10 فَقَلْبُهُ رَمَادٌ، وَرَجَاؤُهُ أَخَسُّ مِنَ
التُّرَابِ، وَحَيَاتُهُ أَحْقَرُ مِنَ الطِّينِ، 11 لأَنَّهُ جَهِلَ مَنْ
جَبَلَهُ، وَنَفَخَ فِيهِ نَفْسًا عَامِلَةً وَرُوحًا مُحْيِيًا. 12 بَلْ حَسِبَ
حَيَاتَنَا عَبَثًا، وَعُمْرَنَا مَوْسِمًا لِلاِكْتِسَابِ، وَزَعَمَ أَنَّهُ
لاَ بُدَّ مِنَ الرِّبْحِ بِكُلِّ حِيلَةٍ وَلَوْ بِالظُّلْمِ.13 فَإِنَّهُ عَالِمٌ بِأَنَّهُ أَعْظَمُ جُرْمًا مِنَ الْجَمِيعِ، لأَنَّهُ
يَصْنَعُ مِنْ طِينِ الأَرْضِ آنِيَةً قَصِمَةً وَمَنْحُوتَاتٍ.
ع7: يعنى: يهتم.
إن الخزاف الذي يعجن الطين، ويشكله، ثم يحرقه
ليصير خزفًا، يُستخدم في الأغراض المختلفة، هو قادر أن يعده إناءً مفيدًا
لاستخدامات الحياة اليومية، أو يشكله بشكل يضر الإنسان. وليس أخطر من تشكيله
بشكل تمثال لإله يعبده الناس، فيبعدهم عن عبادة الله. وقد أكد بولس الرسول نفس
هذا المعنى (رو9: 21).
† إن الله أعطاك الإرادة والإمكانيات والمواهب
التي تستطيع أن تستخدمها للخير، أو للشر. إنك تقدر أن تعمل أعمالًا صالحة كل
يوم، تفيدك وكل من حولك، أو تصنع شرورًا تضرك، وتسئ إلى المحيطين بك. إن الله
أقامك رأسًا لهذا العالم؛ لتصنع بنعمته كل ما هو حسن، فهل تطيعه، أم تعصاه
وتطيع إبليس في أعمال الشر المختلفة؟!
ع8: بعنائه: بتعبه.
الممقوت: المكروه.
يسير: قليل.
وإذا اتجه الصانع إلى فعل الشر بعمل تمثال يعبده
الناس، فهو يتناسى إنه قد ركز جهوده ليصنع من الطين أقبح شر. وكما صنع من الطين
هذا التمثال، فهو نفسه كإنسان قد خُلق من الطين، وكل ما يميزه هو روح الله الذي
فيه. فإذا عوج روح الله بفعل الشر، فإن نهايته هو الهلاك. وكما أنه قد خلق منذ
مدة قريبة من الطين، ستنتهي حياته أيضًا سريعًا، ويعود جسده هذا إلى الطين، أو
التراب، أما روحه فتدان أمام الله لما فعلته من شر، وتنتظر عقابها الأخير مع
الجسد في العذاب الأبدي.
† لا تنسَ يا أخي، عندما تعمل أعمالًا عظيمة،
أو يمدحك الآخرون، أنك قد خلقت من التراب مثلى، وستعود إليه بعد مدة هذه
الحياة، فلا تتكبر، بل اسرع لعمل الصالحات، وعش في التوبة؛ ليبررك المسيح إلهنا
في يوم الدينونة.
ع9: يبارى: ينافس.
يعتد: يحسب ويعتبر.
الخسائس: الأشياء الحقيرة.
وينشغل صناع الأصنام في عمل هذه التماثيل
متسابقين مع بعضهم ومع من مثلهم من صناع تماثيل النحاس والفضة والذهب، متناسين
أن تعبهم هذا باطل، وأن نهاية حياتهم قريبة، بل في تهورهم يفتخرون بتماثيلهم
هذه الحقيرة، ويعتبرونها عملًا عظيمًا.
† كيف تنخدع يا أخى بإنجازاتك المادية؟! لا
تنسى أن كلامك وأعمالك سيزولان قريبًا مع نهاية حياتك، بل انتبه لئلا يكون ما
تفتخر به شرًا. إفحص كلامك وأعمالك، كم هي تقودك والآخرين إلى معرفة الله، أو
تبعدك وتبعدهم عنه.
ع10: أخس: أحقر.
غريب هذا الإنسان الذي خلقه الله من التراب، ونفخ
فيه نسمة حياة، وجعله على صورته ومثاله، كيف ينحط ثانية إلى التراب، ويعطل روح
الله الذي فيه؟! بل باتباعه أفكار إبليس في صنع تماثيل؛ ليزيغ بها الناس عن
عبادة الله، يصير أحقر من التراب الذي خُلق منه، لأن التراب لا يعمل شرًا، أما
هو فيبعد الناس عن الله. وهكذا ملأ، بدلًا من المشاعر الراقية داخل القلب،
رمادًا وترابًا، وصار رجاؤه في الشيطان بدلًا من الله، وأصبحت حياته مستعبدة
لإبليس، فهي أحقر من حياة كل ما على الأرض. وصانع الأصنام أيضًا يتعبد ويرجو
إلهًا قد صنعه بيده من الطين، فرجاؤه في التراب والطين.
† لماذا يا نفسي تنزعى مسيحك من القلب، وتضعى
بدلًا منه شهواتك وخطاياك، وتُستعبدى لإبليس اللعين، فتصيرى أحقر من التراب.
ع11: لقد خلق الله الإنسان بصورة يستطيع بها
إدراك من خلقه. فضمير الإنسان هو صورة الله داخله، وبعقله وعواطفه يميل إلى
الله مصدر حياته، فيحيا في سعادة. ولكن صانع الأصنام لم يعرف الله خالقه، الذي
نفخ فيه نفخة الحياة، وأعطاه نفسًا تعمل في جسده، فيصير حيًا، بل متمتعًا بروح
من الله فيه، تميزه عن باقي الخلائق.
† لماذا انشغلت عنك يا مصدر حياتى بشهوات
باطلة، أعمت عينى عن رؤيتك، وفقدت حكمتى التي وهبتنى إياها، فصرت مثل
الحيوانات، بل وأحط منها، وتعطلت نفسي عن عمل مرضاتك، والتمتع بالحياة معك.
ع12: عبثًا: بلا
قيمة.
وإذا فقد الإنسان علاقته بالله صارت حياته بلا
معنى، وبحث عن هدف آخر لها، وهو محبة المال، أي ماديات هذا العالم، وأخذ يجرى
وراء المكاسب المادية بوسائل شريرة، حتى لو سرق حقوق غيره بالظلم، ظنًا منه أنه
بهذا يحقق سعادته. فصانع الأصنام يخدع الناس ويوهمهم أن الصنم إله، فيتعلقون
به، ويعبدوه، وبهذا يبعدهم عن الله. كل هذا ليكسب مكاسب مادية؛ حتى لو على حساب
الآخرين وضلالهم.
† لقد سبق ربنا يسوع المسيح وأعلن خطورة محبة
المال، وأنه سيد منافس له داخل قلب الإنسان، ولا يمكن الجمع بين الله والمال.
فكيف يتعلق قلبى بماديات العالم بدلًا من الله، وأصبحت أنزعج لكل مكسب وخسارة،
تاركًا مصدر شبعى وقوتى، وهو الوجود معك يا الله.
ع13: قصمة: قابلة
للقسم والكسر.
وفيما ينشغل الإنسان بشهواته، وجريه وراء المكاسب
المادية، فإن صوت الله داخله يوبخه بأن كل أعماله باطلة، قابلة للكسر والفساد.
وأن تماثيله المنحوتة هي حقيرة، وتضل الناس بعيدًا عن الله. ولكنه يهمل صوت
الله؛ لذا فخطيته أكبر من الكل؛ لأنه يعلم أن ما يعمله خطأ ويصر عليه.
† إن كل الخطايا تُغفر للإنسان مهما كانت
كبيرة وشنيعة، على شرط التوبة والرجوع لله. ولكن المشكلة أن يستبيح الإنسان
الخطية، ويبررها، ويصر عليها بتهاونه، فلا ينتظره بعد هذا إلا عقاب شنيع.
←
وستجد
تفاسير أخرى
هنا في
(3)
جهل عبدة الأصنام (ع14-19):
14 إِنَّ جَمِيعَ أَعْدَاءِ شَعْبِكَ
الْمُتَسَلِّطِينَ عَلَيْهِمْ هُمْ أَجْهَلُ النَّاسِ، وَأَشْقَى مِنْ نُفُوسِ
الأَطْفَالِ، 15 لأَنَّهُمْ حَسِبُوا جَمِيعَ أَصْنَامِ الأُمَمِ آلِهَةً تِلْكَ
الَّتِي لاَ تُبْصِرُ بِعُيُونِهَا، وَلاَ تَنْشَقُ الْهَوَاءَ بِأُنُوفِهَا،
وَلاَ تَسْمَعُ بِآذَانِهَا، وَلاَ تَلْمُسُ بِأَصَابِعِ أَيْدِيهَا
وَأَرْجُلُهَا، عَاجِزَةٌ عَنِ الْخَطْوِ، 16 لأَنَّهَا إِنَّمَا عَمِلَهَا
إِنْسَانٌ، وَالَّذِي أُعِيرَ رُوحًا صَنَعَهَا وَلَيْسَ فِي طَاقَةِ إِنْسَانٍ
أَنْ يَصْنَعَ إِلهًا مِثْلَهُ، 17 وَإِنَّمَا هُوَ فَانٍ فَيَصْنَعُ بِيَدَيْهِ
الأَثِيمَتَيْنِ مَا لاَ حَيَاةَ فِيهِ. فَهُوَ أَفْضَلُ مِنْ مَعْبُودَاتِهِ،
إِذْ هُوَ قَدْ كَانَ حَيًّا، وَأَمَّا هِيَ فَلَمْ تَكُنْ حَيَّةً الْبَتَّةَ. 18 وَهُمْ يَعْبُدُونَ أَعْدَى الْحَيَوَانِ، مِمَّا هُوَ أَشَدُّ الْبَهَائِمِ
عُجْمَةً، 19 وَلَيْسَ فِيهِ مَا فِي مَنْظَرِ الْحَيَوَانَاتِ الأُخَرِ مِنَ
الْحُسْنِ الشَّائِقِ، إِذْ فَاتَهُ مَدْحُ اللهِ وَبَرَكَتُهُ.
ع14: يتحدث هنا عن
المصريين الذين تسلطوا على شعب الله إسرائيل في مصر مدة أربعمائة سنة. ورغم
سلطانهم وقوتهم - إذ كانوا أصحاب أول إمبراطورية في العالم - لكن بعبادتهم
الوثنية صاروا أجهل الناس، بل وأشقى من الأطفال؛ لأن الأطفال يعتمدون على
والديهم، الذين يساعدونهم في كل حياتهم، أما المصريون فيعتمدون على آلهة، هي
تماثيل جامدة، عاجزة عن عمل أي شيء، وبالتالي لا تفيدهم ولا تنفعهم، أو تساندهم.
وقد فهم المؤمنون هذا عندما وقفوا أمام التماثيل في عصر الاستشهاد، فهزأ
الأطفال أيضًا من هذه التماثيل، وهذا يؤكد جهل عبدة الأوثان؛ لأنهم أقل فهمًا
من هؤلاء الأطفال.
ع15: فكيف يتفق ذكاء وسلطان الفراعنة مع
عبادتهم لتماثيل لا تبصر، أو تتنفس الهواء، أو تسمع، ولا تستطيع أن تلمس أحدًا،
أو تتحرك من مكانها؛ كيف يعبدون شيئًا جامدًا بلا حياة؟
† كيف يتعلق قلبك أيها الإنسان بماديات العالم
الجامدة، وأنت تعلم ضعف هذه الماديات في حد ذاتها، إنها عاجزة أن تعين نفسها،
فكيف تعينك أيها الجاهل؟!
ع16: أعير: أعطى.
إن الذي صنع التماثيل هو إنسان، والإنسان لا
يستطيع أن يخلق إنسانًا مثله، بل يصنع ما هو أقل منه، أي هذه التماثيل الجامدة.
فأنت إله لهذه التماثيل، وليست هي آلهة لك، وإن كان الإنسان عاجزًا عن صنع
إنسان مثله، فلابد أن يكون خالق الإنسان هو الله العظيم الذي لا يُرى، والروح
التي فيك هي هبة منه.
ع17: فان: قابل
للفناء.
البتة: مطلقًا.
و الذي يؤكد أن الإنسان أفضل من الأصنام التي
صنعها، إنه كان حيًا ثم مات، أما هذه فهي ميتة منذ أن صنعت. وبهذا فالإنسان
الذي يعبد تمثالًا بلا حياة، سيموت مثله إلى الأبد في العذاب. أما من يعبد الله
الحى، فينال الخلود معه في ملكوت السموات.
ع18: أعدى: أكثر
عداوة.
عجمة: لغة غير مفهومة، والمقصود أصوات
الحيوانات.
وعندما فقد الإنسان علاقته بالله، فقد أيضًا
مركزه كرأس للخليقة، فصار يخاف من الحيوانات التي كانت تطيعه في الجنة قديمًا.
ومن خوفه منها صنع تماثيل لها، وسجد أمامها. كيف انحط الإنسان إلى هذا المستوى،
ِأن يتعبد لحيوانات عاجزة عن الكلام المفهوم، بل هي أشد أعدائه، فهي حيوانات
مفترسة. وأيضًا هو لا يتعبد لحيوان حي، بل تمثال له، بلا حياة؛ هذا هو قمة
الجهل.
ع19: الشائق: المرغوب
فيه، والذي يشتاق الإنسان إليه.
وهذه الحيوانات هي قبيحة الشكل أكثر من غيرها من
الحيوانات الأليفة التي تأكل النباتات، ولا تفترس الإنسان. ويظهر من هذا أن
الإنسان فاته، ونسى تمجيد الله وتسبيحه، وفقد بركة الله، كما قال بولس الرسول
(رو1: 21-23).
عندما يبتعد الإنسان عن الله يصير في جهل،
فيستعبد لكل ما هو حقير، بل هكذا يفعل إبليس به، ويذله؛ لأنه فقد رعاية الله
بعدم خضوعه له.
† إن الله ما زال يطلبك يا نفسي لتعودى إلى
محبته، فتستعيدى حكمتك، وتستخدمي العالم دون أن يستخدمك.
← تفاسير أصحاحات
حكمة:
مقدمة |
1 |
2 |
3 |
4 |
5 |
6 |
7 |
8 |
9 |
10 |
11 |
12 |
13 |
14 |
15 |
16 |
17 |
18 |
19
تفاسير أسفار الكتاب المقدس
1- تفاسير سفر التكوين
2- تفاسير سفر الخروج
3- تفاسير سفر اللاويين
4- تفاسير سفر العدد
5- تفاسير سفر التثنية
6- تفاسير سفر يشوع
7- تفاسير سفر القضاة
8- تفاسير سفر راعوث
9- تفاسير سفر صموئيل الأول
10- تفاسير سفر صموئيل الثاني
11- تفاسير سفر الملوك الأول
12- تفاسير سفر الملوك الثاني
13- تفاسير سفر أخبار الأيام الأول
14- تفاسير سفر أخبار الأيام الثاني
15- تفاسير سفر عزرا
16- تفاسير سفر نحميا
17- تفاسير سفر طوبيا
18- تفاسير سفر يهوديت
19- تفاسير سفر أستير + التتمة
20- تفاسير سفر أيوب
21- تفاسير سفر المزامير + مز 151
22- تفاسير سفر الأمثال
23- تفاسير سفر الجامعة
24- تفاسير سفر نشيد الأناشيد
25- تفاسير سفر الحكمة
26- تفاسير سفر يشوع بن سيراخ
27- تفاسير سفر إشعياء
28- تفاسير سفر إرميا
29- تفاسير سفر مراثي إرميا
30- تفاسير سفر نبوه باروخ
31- تفاسير سفر حزقيال
32- تفاسير سفر دانيال + التتمة
33- تفاسير سفر هوشع
34- تفاسير سفر يوئيل
35- تفاسير سفر عاموس
36- تفاسير سفر عوبديا
37- تفاسير سفر يونان
38- تفاسير سفر ميخا
39- تفاسير سفر ناحوم
40- تفاسير سفر حبقوق
41- تفاسير سفر صفنيا
42- تفاسير سفر حجي
43- تفاسير سفر زكريا
44- تفاسير سفر ملاخي
45- تفاسير سفر المكابيين الأول
46- تفاسير سفر المكابيين الثاني
1- تفاسير إنجيل متى
2- تفاسير إنجيل مرقس
3- تفاسير إنجيل لوقا
4- تفاسير إنجيل يوحنا
5- تفاسير سفر أعمال الرسل
6- تفاسير الرسالة إلى رومية
7- تفاسير رسالة كورنثوس الاولى
8- تفاسير كورنثوس الثانية
9- تفاسير الرسالة إلى أهل غلاطية
10- تفاسير الرسالة إلى أفسس
11- تفاسير الرسالة إلى فيلبي
12- تفاسير الرسالة إلى كولوسي
13- تفاسير تسالونيكي الأولى
14- تفاسير تسالونيكي الثانية
15- تفاسير رسالة تيموثاوس الأولى
16- تفاسير تيموثاوس الثانية
17- تفاسير الرسالة إلى تيطس
18- تفاسير الرسالة إلى فيلمون
19- تفاسير رسالة العبرانيين
20- تفاسير رسالة يعقوب
21- تفاسير رسالة بطرس الأولى
22- تفاسير رسالة بطرس الثانية
23- تفاسير رسالة يوحنا الأولى
24- تفاسير رسالة يوحنا الثانية
25- تفاسير رسالة يوحنا الثالثة
26- تفاسير رسالة يهوذا
27- تفاسير سفر الرؤيا"
حكمة سليمان,15,1,"(15:1): وقف سليمان أمام
الله منبهرًا بكماله وعظمته، فأخذ يسبحه، معلنًا صلاحه وسط هذا العالم الشرير،
الذي قلت فيه الأعمال الصالحة؛ لانشغال الناس بشهواتهم.
ويمجد أيضًا صدق الله وسط عالم يسوده الكذب؛
لتحقيق الأغراض الشخصية. أما الله فلأنه كامل في قدرته، ولا يحتاج لأحد، فهو
بالتالي لا يحتاج أن يكذب.
وهو أيضًا طويل الأناة، ويتعامل مع كل البشر
بالرحمة؛ لأنه حنون وطيب، فيسعى لمعونة الضعفاء، ويعطى فرصة كل يوم لتوبة
الخاطئ. فتظهر هنا أبوة الله الذي يملك على قلوب أولاده، فيحميهم من السقوط في
عبادة الأصنام. أما الأصنام التي تسمى آلهة، فهي تخيف تابعيها، أو تدفعهم إلى
الشهوات، وليس لها أبوة لمن يعبدها.
† أعطنى يا إلهي أن أشبع بك فلا أعود أحتاج
لهذا العالم الباطل، بل أفيض عليه من حبك، وأحنو على الجميع. أكون قويًا بك،
فأعلن حقك بصدق لكل أحد، واحتمل الكل بلا تذمر؛ لأكسبهم لك.
ع2:"
حكمة سليمان,15,2,"(15:2): إذا كان الله كاملًا، لكننا كبشر نسقط
كثيرًا في الخطية، وهي موجهة لله صاحب السلطان علينا، وهو عادل وقادر على إيقاع
العقاب علينا، لكن الدافع الأكبر لنا لنترك الخطية، ليس مجرد الخوف من العقاب
الإلهي، بل بالأولى لأننا أبناء الله وخاصته، ولا يليق بنا أن نسلك في الخطية،
فهي ليست من طبعنا الذي خلقنا الله عليه، وهي دخيلة علينا من شر هذا العالم.
فيظهر في هذه الآية أهمية مخافة الله ومحبته، فبهما نبتعد عن كل شر.
ع3:"
حكمة سليمان,15,3,"(15:3): ونتجه كأولاد لله، ليس فقط إلى ترك
الخطية، بل إلى هدفنا الحقيقي، وهو معرفة الله الذي يكمل نقاوتنا وبرنا،
ويبعدنا أكثر وأكثر عن الخطية. ثم يزداد إيماننا بالله، فإن معرفة الله وقدرته
تثبت الإيمان، والإيمان يرفع قلوبنا برجاء إلى الأبدية، أي الحياة الدائمة.
وهكذا يزداد تمتعنا بعشرة الله، ونسلك كمواطنين سماويين في روحانية ونحن نعيش
على الأرض، متمتعين دائمًا بأبوة الله وصلاحه. والمسيح نفسه أعلن في العهد
الجديد في صلاته، أن الحياة الأبدية هي معرفة الله (يو17: 3).
† ليت معرفتك يا الله تجذب قلبى، وتصير هدفى
الوحيد، فأسعى باهتمام لتذوق حلاوتك في كل ممارساتى الروحية، وانشغل بك عن شرور
العالم المحيطة بى، حتى لو كنت وحدى وسط عالم غريب عنك؛ لأنى ابنك، ولا أستطيع
مهما سقطت أن أصير ابنًا للعالم؛ لأنى أحبك.
ع4:"
حكمة سليمان,15,4,"(15:4): يغونا: يغرينا.
الممقوتة: المكروهة.
العقيم: الذي لم ينجب، أو يلد.
يتحدث هنا عن عبادة الأصنام، معلنًا أن أولاد
الله إذ انشغلوا بمحبته، لم تستطع عبادة التماثيل أن تجذبهم إليها، فهي
اختراعات البشر الشريرة التي يكرهها الله. وما صوره الناس من أشكال، ودهنوها
بألوان جذابة، هي في نظر أولاد الله تماثيل بلا نفع، عقيمة، أي لا تلد وبلا
فائدة، ولا يبهرهم ألوانها البراقة، بل يرونها ملطخة بالألوان.
† إن العالم يصور كل يوم صورًا جديدة؛ ليشغل
بها قلبك، وكل هذه الصور يستتر وراءها الشيطان؛ ليجذب قلبك إليه بعيدًا عن
الله. فتمسك بمعرفة الله، يظهر لك خزى شهوات العالم، ومباهجه، واثقًا ""أن محبة
العالم عداوة لله"" (يع4: 4).
ع5:"
حكمة سليمان,15,5,"(15:5): السفهاء:
التافهون، والمقصود عابدو الأصنام.
إن تعلق الكثيرين بعبادة الأصنام هو خزى كبير، بل
فضيحة أمام الملائكة والقديسين في السماء، وأمام كل المؤمنين على الأرض. فكيف
يحب الناس التمثال الميت، ويتركون الإله الحى؟!
ع6:"
حكمة سليمان,15,6,"(15:6): المنكرات:
الشهوات الخاطئة.
إن انشغال صناع وعابدى الأصنام بهذه التماثيل هو
انشغال بالشهوات، وهذا يدل على أنهم تافهون؛ لأنهم وضعوا أهدافهم وآمالهم في
هذه الأصنام العديمة القيمة؛ لأن الصناع كانوا يبرزون أعضاء الجسد المثيرة
للشهوة؛ ليجذبوا بها عابدى الأوثان؛ لذلك تعلقوا برؤيتها، بل وبعبادتها.
† إكشف عن عينى يا رب لأرى بطلان مظاهر العالم
الخادعة، وقوته الزائفة، فينجذب قلبى إليك بأكثر قوة، ولا تعود تبهرنى فخاخ
إبليس المنصوبة عن يمينى وعن يسارى، ويتعلق قلبى بحبك؛ لأن كل شيء بلا قيمة، إن
قيس بحبك.
(2)
خطايا صُنَّاع الأصنام (ع7-13):
7 إِنَّ الْخَزَّافَ يُعْنَى بِعَجْنِ الطِّينِ
اللَّيِّنِ، وَيَصْنَعُ مِنْهُ كُلَّ إِنَاءٍ مِمَّا نَسْتَخْدِمُهُ؛
فَيَصْنَعُ مِنَ الطِّينِ الْوَاحِد الآنِيَةَ الْمُسْتَخْدَمَةَ فِي
الأَعْمَالِ الطَّاهِرَةِ وَالْمُسْتَخْدَمَةَ فِي عَكْسِ ذلِكَ، وَأَمَّا
تَخْصِيصُ كُلِّ إِنَاءٍ بِوَاحِدَةٍ مِنَ الْخِدْمَتَيْنِ فَإِنَّمَا يَرْجِعُ
إِلَى حُكْمِ صَانِعِ الطِّينِ. 8 وَبِعَنَائِهِ الْمَمْقُوتِ يَصْنَعُ مِنْ
هذَا الطِّينِ إِلهًا بَاطِلًا، وَهُوَ إِنَّمَا وُلِدَ مِنَ الطِّينِ مِنْ
حِينٍ يَسِيرٍ، وَعَنْ قَلِيلٍ سَيَعُودُ إِلَى مَا أُخِذَ مِنْهُ حِينَ
يُطَالَبُ بِدَيْنِ نَفْسِهِ. 9 غَيْرَ أَنَّ هَمَّهُ لَيْسَ بِأَنَّهُ يَتْعَبُ
وَلاَ بِأَنَّهُ قَرِيبُ الأَجَلِ، لكِنَّهُ يُبَارِي صَاغَةَ الذَّهَبِ
وَالْفِضَّةِ، وَيُعَارِضُ النَّحَّاسِينَ، وَيَعْتَدُّ مَا يَصْنَعُهُ مِنَ
الْخَسَائِسِ فَخْرًا. 10 فَقَلْبُهُ رَمَادٌ، وَرَجَاؤُهُ أَخَسُّ مِنَ
التُّرَابِ، وَحَيَاتُهُ أَحْقَرُ مِنَ الطِّينِ، 11 لأَنَّهُ جَهِلَ مَنْ
جَبَلَهُ، وَنَفَخَ فِيهِ نَفْسًا عَامِلَةً وَرُوحًا مُحْيِيًا. 12 بَلْ حَسِبَ
حَيَاتَنَا عَبَثًا، وَعُمْرَنَا مَوْسِمًا لِلاِكْتِسَابِ، وَزَعَمَ أَنَّهُ
لاَ بُدَّ مِنَ الرِّبْحِ بِكُلِّ حِيلَةٍ وَلَوْ بِالظُّلْمِ.13 فَإِنَّهُ عَالِمٌ بِأَنَّهُ أَعْظَمُ جُرْمًا مِنَ الْجَمِيعِ، لأَنَّهُ
يَصْنَعُ مِنْ طِينِ الأَرْضِ آنِيَةً قَصِمَةً وَمَنْحُوتَاتٍ.
ع7:"
حكمة سليمان,15,7,"(15:7): يعنى: يهتم.
إن الخزاف الذي يعجن الطين، ويشكله، ثم يحرقه
ليصير خزفًا، يُستخدم في الأغراض المختلفة، هو قادر أن يعده إناءً مفيدًا
لاستخدامات الحياة اليومية، أو يشكله بشكل يضر الإنسان. وليس أخطر من تشكيله
بشكل تمثال لإله يعبده الناس، فيبعدهم عن عبادة الله. وقد أكد بولس الرسول نفس
هذا المعنى (رو9: 21).
† إن الله أعطاك الإرادة والإمكانيات والمواهب
التي تستطيع أن تستخدمها للخير، أو للشر. إنك تقدر أن تعمل أعمالًا صالحة كل
يوم، تفيدك وكل من حولك، أو تصنع شرورًا تضرك، وتسئ إلى المحيطين بك. إن الله
أقامك رأسًا لهذا العالم؛ لتصنع بنعمته كل ما هو حسن، فهل تطيعه، أم تعصاه
وتطيع إبليس في أعمال الشر المختلفة؟!
ع8:"
حكمة سليمان,15,8,"(15:8): بعنائه: بتعبه.
الممقوت: المكروه.
يسير: قليل.
وإذا اتجه الصانع إلى فعل الشر بعمل تمثال يعبده
الناس، فهو يتناسى إنه قد ركز جهوده ليصنع من الطين أقبح شر. وكما صنع من الطين
هذا التمثال، فهو نفسه كإنسان قد خُلق من الطين، وكل ما يميزه هو روح الله الذي
فيه. فإذا عوج روح الله بفعل الشر، فإن نهايته هو الهلاك. وكما أنه قد خلق منذ
مدة قريبة من الطين، ستنتهي حياته أيضًا سريعًا، ويعود جسده هذا إلى الطين، أو
التراب، أما روحه فتدان أمام الله لما فعلته من شر، وتنتظر عقابها الأخير مع
الجسد في العذاب الأبدي.
† لا تنسَ يا أخي، عندما تعمل أعمالًا عظيمة،
أو يمدحك الآخرون، أنك قد خلقت من التراب مثلى، وستعود إليه بعد مدة هذه
الحياة، فلا تتكبر، بل اسرع لعمل الصالحات، وعش في التوبة؛ ليبررك المسيح إلهنا
في يوم الدينونة.
ع9:"
حكمة سليمان,15,9,"(15:9): يبارى: ينافس.
يعتد: يحسب ويعتبر.
الخسائس: الأشياء الحقيرة.
وينشغل صناع الأصنام في عمل هذه التماثيل
متسابقين مع بعضهم ومع من مثلهم من صناع تماثيل النحاس والفضة والذهب، متناسين
أن تعبهم هذا باطل، وأن نهاية حياتهم قريبة، بل في تهورهم يفتخرون بتماثيلهم
هذه الحقيرة، ويعتبرونها عملًا عظيمًا.
† كيف تنخدع يا أخى بإنجازاتك المادية؟! لا
تنسى أن كلامك وأعمالك سيزولان قريبًا مع نهاية حياتك، بل انتبه لئلا يكون ما
تفتخر به شرًا. إفحص كلامك وأعمالك، كم هي تقودك والآخرين إلى معرفة الله، أو
تبعدك وتبعدهم عنه.
ع10:"
حكمة سليمان,15,10,"(15:10): أخس: أحقر.
غريب هذا الإنسان الذي خلقه الله من التراب، ونفخ
فيه نسمة حياة، وجعله على صورته ومثاله، كيف ينحط ثانية إلى التراب، ويعطل روح
الله الذي فيه؟! بل باتباعه أفكار إبليس في صنع تماثيل؛ ليزيغ بها الناس عن
عبادة الله، يصير أحقر من التراب الذي خُلق منه، لأن التراب لا يعمل شرًا، أما
هو فيبعد الناس عن الله. وهكذا ملأ، بدلًا من المشاعر الراقية داخل القلب،
رمادًا وترابًا، وصار رجاؤه في الشيطان بدلًا من الله، وأصبحت حياته مستعبدة
لإبليس، فهي أحقر من حياة كل ما على الأرض. وصانع الأصنام أيضًا يتعبد ويرجو
إلهًا قد صنعه بيده من الطين، فرجاؤه في التراب والطين.
† لماذا يا نفسي تنزعى مسيحك من القلب، وتضعى
بدلًا منه شهواتك وخطاياك، وتُستعبدى لإبليس اللعين، فتصيرى أحقر من التراب.
ع11:"
حكمة سليمان,15,11,"(15:11): لقد خلق الله الإنسان بصورة يستطيع بها
إدراك من خلقه. فضمير الإنسان هو صورة الله داخله، وبعقله وعواطفه يميل إلى
الله مصدر حياته، فيحيا في سعادة. ولكن صانع الأصنام لم يعرف الله خالقه، الذي
نفخ فيه نفخة الحياة، وأعطاه نفسًا تعمل في جسده، فيصير حيًا، بل متمتعًا بروح
من الله فيه، تميزه عن باقي الخلائق.
† لماذا انشغلت عنك يا مصدر حياتى بشهوات
باطلة، أعمت عينى عن رؤيتك، وفقدت حكمتى التي وهبتنى إياها، فصرت مثل
الحيوانات، بل وأحط منها، وتعطلت نفسي عن عمل مرضاتك، والتمتع بالحياة معك.
ع12:"
حكمة سليمان,15,12,"(15:12): عبثًا: بلا
قيمة.
وإذا فقد الإنسان علاقته بالله صارت حياته بلا
معنى، وبحث عن هدف آخر لها، وهو محبة المال، أي ماديات هذا العالم، وأخذ يجرى
وراء المكاسب المادية بوسائل شريرة، حتى لو سرق حقوق غيره بالظلم، ظنًا منه أنه
بهذا يحقق سعادته. فصانع الأصنام يخدع الناس ويوهمهم أن الصنم إله، فيتعلقون
به، ويعبدوه، وبهذا يبعدهم عن الله. كل هذا ليكسب مكاسب مادية؛ حتى لو على حساب
الآخرين وضلالهم.
† لقد سبق ربنا يسوع المسيح وأعلن خطورة محبة
المال، وأنه سيد منافس له داخل قلب الإنسان، ولا يمكن الجمع بين الله والمال.
فكيف يتعلق قلبى بماديات العالم بدلًا من الله، وأصبحت أنزعج لكل مكسب وخسارة،
تاركًا مصدر شبعى وقوتى، وهو الوجود معك يا الله.
ع13:"
حكمة سليمان,15,13,"(15:13): قصمة: قابلة
للقسم والكسر.
وفيما ينشغل الإنسان بشهواته، وجريه وراء المكاسب
المادية، فإن صوت الله داخله يوبخه بأن كل أعماله باطلة، قابلة للكسر والفساد.
وأن تماثيله المنحوتة هي حقيرة، وتضل الناس بعيدًا عن الله. ولكنه يهمل صوت
الله؛ لذا فخطيته أكبر من الكل؛ لأنه يعلم أن ما يعمله خطأ ويصر عليه.
† إن كل الخطايا تُغفر للإنسان مهما كانت
كبيرة وشنيعة، على شرط التوبة والرجوع لله. ولكن المشكلة أن يستبيح الإنسان
الخطية، ويبررها، ويصر عليها بتهاونه، فلا ينتظره بعد هذا إلا عقاب شنيع.
←
وستجد
تفاسير أخرى
هنا في
(3)
جهل عبدة الأصنام (ع14-19):
14 إِنَّ جَمِيعَ أَعْدَاءِ شَعْبِكَ
الْمُتَسَلِّطِينَ عَلَيْهِمْ هُمْ أَجْهَلُ النَّاسِ، وَأَشْقَى مِنْ نُفُوسِ
الأَطْفَالِ، 15 لأَنَّهُمْ حَسِبُوا جَمِيعَ أَصْنَامِ الأُمَمِ آلِهَةً تِلْكَ
الَّتِي لاَ تُبْصِرُ بِعُيُونِهَا، وَلاَ تَنْشَقُ الْهَوَاءَ بِأُنُوفِهَا،
وَلاَ تَسْمَعُ بِآذَانِهَا، وَلاَ تَلْمُسُ بِأَصَابِعِ أَيْدِيهَا
وَأَرْجُلُهَا، عَاجِزَةٌ عَنِ الْخَطْوِ، 16 لأَنَّهَا إِنَّمَا عَمِلَهَا
إِنْسَانٌ، وَالَّذِي أُعِيرَ رُوحًا صَنَعَهَا وَلَيْسَ فِي طَاقَةِ إِنْسَانٍ
أَنْ يَصْنَعَ إِلهًا مِثْلَهُ، 17 وَإِنَّمَا هُوَ فَانٍ فَيَصْنَعُ بِيَدَيْهِ
الأَثِيمَتَيْنِ مَا لاَ حَيَاةَ فِيهِ. فَهُوَ أَفْضَلُ مِنْ مَعْبُودَاتِهِ،
إِذْ هُوَ قَدْ كَانَ حَيًّا، وَأَمَّا هِيَ فَلَمْ تَكُنْ حَيَّةً الْبَتَّةَ. 18 وَهُمْ يَعْبُدُونَ أَعْدَى الْحَيَوَانِ، مِمَّا هُوَ أَشَدُّ الْبَهَائِمِ
عُجْمَةً، 19 وَلَيْسَ فِيهِ مَا فِي مَنْظَرِ الْحَيَوَانَاتِ الأُخَرِ مِنَ
الْحُسْنِ الشَّائِقِ، إِذْ فَاتَهُ مَدْحُ اللهِ وَبَرَكَتُهُ.
ع14:"
حكمة سليمان,15,14,"(15:14): يتحدث هنا عن
المصريين الذين تسلطوا على شعب الله إسرائيل في مصر مدة أربعمائة سنة. ورغم
سلطانهم وقوتهم - إذ كانوا أصحاب أول إمبراطورية في العالم - لكن بعبادتهم
الوثنية صاروا أجهل الناس، بل وأشقى من الأطفال؛ لأن الأطفال يعتمدون على
والديهم، الذين يساعدونهم في كل حياتهم، أما المصريون فيعتمدون على آلهة، هي
تماثيل جامدة، عاجزة عن عمل أي شيء، وبالتالي لا تفيدهم ولا تنفعهم، أو تساندهم.
وقد فهم المؤمنون هذا عندما وقفوا أمام التماثيل في عصر الاستشهاد، فهزأ
الأطفال أيضًا من هذه التماثيل، وهذا يؤكد جهل عبدة الأوثان؛ لأنهم أقل فهمًا
من هؤلاء الأطفال.
ع15:"
حكمة سليمان,15,15,"(15:15): فكيف يتفق ذكاء وسلطان الفراعنة مع
عبادتهم لتماثيل لا تبصر، أو تتنفس الهواء، أو تسمع، ولا تستطيع أن تلمس أحدًا،
أو تتحرك من مكانها؛ كيف يعبدون شيئًا جامدًا بلا حياة؟
† كيف يتعلق قلبك أيها الإنسان بماديات العالم
الجامدة، وأنت تعلم ضعف هذه الماديات في حد ذاتها، إنها عاجزة أن تعين نفسها،
فكيف تعينك أيها الجاهل؟!
ع16:"
حكمة سليمان,15,16,"(15:16): أعير: أعطى.
إن الذي صنع التماثيل هو إنسان، والإنسان لا
يستطيع أن يخلق إنسانًا مثله، بل يصنع ما هو أقل منه، أي هذه التماثيل الجامدة.
فأنت إله لهذه التماثيل، وليست هي آلهة لك، وإن كان الإنسان عاجزًا عن صنع
إنسان مثله، فلابد أن يكون خالق الإنسان هو الله العظيم الذي لا يُرى، والروح
التي فيك هي هبة منه.
ع17:"
حكمة سليمان,15,17,"(15:17): فان: قابل
للفناء.
البتة: مطلقًا.
و الذي يؤكد أن الإنسان أفضل من الأصنام التي
صنعها، إنه كان حيًا ثم مات، أما هذه فهي ميتة منذ أن صنعت. وبهذا فالإنسان
الذي يعبد تمثالًا بلا حياة، سيموت مثله إلى الأبد في العذاب. أما من يعبد الله
الحى، فينال الخلود معه في ملكوت السموات.
ع18:"
حكمة سليمان,15,18,"(15:18): أعدى: أكثر
عداوة.
عجمة: لغة غير مفهومة، والمقصود أصوات
الحيوانات.
وعندما فقد الإنسان علاقته بالله، فقد أيضًا
مركزه كرأس للخليقة، فصار يخاف من الحيوانات التي كانت تطيعه في الجنة قديمًا.
ومن خوفه منها صنع تماثيل لها، وسجد أمامها. كيف انحط الإنسان إلى هذا المستوى،
ِأن يتعبد لحيوانات عاجزة عن الكلام المفهوم، بل هي أشد أعدائه، فهي حيوانات
مفترسة. وأيضًا هو لا يتعبد لحيوان حي، بل تمثال له، بلا حياة؛ هذا هو قمة
الجهل.
ع19:"
حكمة سليمان,15,19,"(15:19): الشائق: المرغوب
فيه، والذي يشتاق الإنسان إليه.
وهذه الحيوانات هي قبيحة الشكل أكثر من غيرها من
الحيوانات الأليفة التي تأكل النباتات، ولا تفترس الإنسان. ويظهر من هذا أن
الإنسان فاته، ونسى تمجيد الله وتسبيحه، وفقد بركة الله، كما قال بولس الرسول
(رو1: 21-23).
عندما يبتعد الإنسان عن الله يصير في جهل،
فيستعبد لكل ما هو حقير، بل هكذا يفعل إبليس به، ويذله؛ لأنه فقد رعاية الله
بعدم خضوعه له.
† إن الله ما زال يطلبك يا نفسي لتعودى إلى
محبته، فتستعيدى حكمتك، وتستخدمي العالم دون أن يستخدمك.
← تفاسير أصحاحات
حكمة:
مقدمة |
1 |
2 |
3 |
4 |
5 |
6 |
7 |
8 |
9 |
10 |
11 |
12 |
13 |
14 |
15 |
16 |
17 |
18 |
19
تفاسير أسفار الكتاب المقدس
1- تفاسير سفر التكوين
2- تفاسير سفر الخروج
3- تفاسير سفر اللاويين
4- تفاسير سفر العدد
5- تفاسير سفر التثنية
6- تفاسير سفر يشوع
7- تفاسير سفر القضاة
8- تفاسير سفر راعوث
9- تفاسير سفر صموئيل الأول
10- تفاسير سفر صموئيل الثاني
11- تفاسير سفر الملوك الأول
12- تفاسير سفر الملوك الثاني
13- تفاسير سفر أخبار الأيام الأول
14- تفاسير سفر أخبار الأيام الثاني
15- تفاسير سفر عزرا
16- تفاسير سفر نحميا
17- تفاسير سفر طوبيا
18- تفاسير سفر يهوديت
19- تفاسير سفر أستير + التتمة
20- تفاسير سفر أيوب
21- تفاسير سفر المزامير + مز 151
22- تفاسير سفر الأمثال
23- تفاسير سفر الجامعة
24- تفاسير سفر نشيد الأناشيد
25- تفاسير سفر الحكمة
26- تفاسير سفر يشوع بن سيراخ
27- تفاسير سفر إشعياء
28- تفاسير سفر إرميا
29- تفاسير سفر مراثي إرميا
30- تفاسير سفر نبوه باروخ
31- تفاسير سفر حزقيال
32- تفاسير سفر دانيال + التتمة
33- تفاسير سفر هوشع
34- تفاسير سفر يوئيل
35- تفاسير سفر عاموس
36- تفاسير سفر عوبديا
37- تفاسير سفر يونان
38- تفاسير سفر ميخا
39- تفاسير سفر ناحوم
40- تفاسير سفر حبقوق
41- تفاسير سفر صفنيا
42- تفاسير سفر حجي
43- تفاسير سفر زكريا
44- تفاسير سفر ملاخي
45- تفاسير سفر المكابيين الأول
46- تفاسير سفر المكابيين الثاني
1- تفاسير إنجيل متى
2- تفاسير إنجيل مرقس
3- تفاسير إنجيل لوقا
4- تفاسير إنجيل يوحنا
5- تفاسير سفر أعمال الرسل
6- تفاسير الرسالة إلى رومية
7- تفاسير رسالة كورنثوس الاولى
8- تفاسير كورنثوس الثانية
9- تفاسير الرسالة إلى أهل غلاطية
10- تفاسير الرسالة إلى أفسس
11- تفاسير الرسالة إلى فيلبي
12- تفاسير الرسالة إلى كولوسي
13- تفاسير تسالونيكي الأولى
14- تفاسير تسالونيكي الثانية
15- تفاسير رسالة تيموثاوس الأولى
16- تفاسير تيموثاوس الثانية
17- تفاسير الرسالة إلى تيطس
18- تفاسير الرسالة إلى فيلمون
19- تفاسير رسالة العبرانيين
20- تفاسير رسالة يعقوب
21- تفاسير رسالة بطرس الأولى
22- تفاسير رسالة بطرس الثانية
23- تفاسير رسالة يوحنا الأولى
24- تفاسير رسالة يوحنا الثانية
25- تفاسير رسالة يوحنا الثالثة
26- تفاسير رسالة يهوذا
27- تفاسير سفر الرؤيا"
حكمة سليمان,16,0,"(16:1): (2)
الحية النحاسية والجراد والذباب ( ع5-14)
6 لَمْ يَسْتَمِرَّ غَضَبُكَ إِلَى الْمُنْتَهَى،
بَلْ إِنَّمَا أُقْلِقُوا إِلَى حِينٍ إِنْذَارًا لَهُمْ، وَنُصِبَتْ لَهُمْ
عَلاَمَةٌ لِلْخَلاَصِ، تُذَكِّرُهُمْ وَصِيَّةَ شَرِيعَتِكَ، 7 فَكَانَ
الْمُلْتَفِتُ إِلَيْهَا يَخْلُصُ، لاَ بِذلِكَ الْمَنْظُورِ بَلْ بِكَ، يَا
مُخَلِّصَ الْجَمِيعِ. 8 وَبِذلِكَ أَثْبَتَّ لأَعْدَائِنَا، أَنَّكَ أَنْتَ
الْمُنْقِذُ مِنْ كُلِّ سُوءٍ، 9 لأَنَّ أُولئِكَ قَتَلَهُمْ لَسْعُ الْجَرَادِ
وَالذُّبَابِ، وَلَمْ يُوجَدْ لِنُفُوسِهِمْ شِفَاءٌ، إِذْ هُمْ أَهْلٌ لأَنَّ
يُعَاقَبُوا بِمِثْلِ ذلِكَ. 10 أَمَّا بَنُوكَ فَلَمْ تَقْوَ عَلَيْهِمْ
أَنْيَابُ التَّنَانِينِ السَّامَةِ، لأَنَّ رَحْمَتَكَ أَقْبَلَتْ
وَشَفَتْهُمْ. 11 وَإِنَّمَا نُخِسُوا لِيَتَذَكَّرُوا أَقْوَالِكَ، ثُمَّ
خُلِّصُوا سَرِيعًا، لِئَلاَّ يَسْقُطُوا فِي نِسْيَانٍ عَمِيقٍ؛ فَيُحْرَمُوا
إِحْسَانَكَ. 12 وَمَا شَفَاهُمْ نَبْتٌ وَلاَ مَرْهَمٌ، بَلْ كَلِمَتُكَ، يَا
رَبُّ، الَّتِي تَشْفِي الْجَمِيعَ، 13 لأَنَّ لَكَ سُلْطَانَ الْحَيَاةِ
وَالْمَوْتِ؛ فَتُحْدِرُ إِلَى أَبْوَابِ الْجَحِيمِ وَتُصْعِدُ. 14 أَمَّا
الإِنْسَانُ فَيَقْتُلُ بِخُبْثِهِ، لكِنَّهُ لاَ يُعِيدُ الرُّوحَ الَّذِي
قَدْ خَرَجَ، وَلاَ يَسْتَرْجِعُ النَّفْسَ الْمَقْبُوضَةَ.
ع5: حنق: غضب شديد.
ثم يظهر سليمان الحكيم حكمة الله من سماحه
للشيطان بتجربة شعبه بني إسرائيل. فعندما أخطأوا بالتذمر على الله في البرية،
راجعين بقلوبهم إلى مصر أرض العبودية، مشتهين قدور اللحم؛ أظهر لهم قوته في
إرسال أسراب طائر السلوى، فأكلوا منها بشراهة ونهم، واستحقوا العقاب بهجوم
الحيات عليهم بشراسة لتلدغهم.
ع6-8: ولكن الله الحنون كما وعد بقوله ""لا
يدعكم تجربون فوق ما تستطيعون، بل سيجعل مع التجربة أيضًا المنفذ"" (1 كو10: 13)
لم يترك شعبه يهلك بلدغ الحيات السامة، ولكن حول الشر إلى خير، بصنع معجزة لها
معنى روحي عميق، إذ أمر موسى أن يصنع حية نحاسية، ورفعها أمام عيون بنى
إسرائيل، فكل من لدغته الحيات السامة، إذا نظر إلى الحية النحاسية يبرأ من
السم، ويحيا من جديد؛ لأن الحية النحاسية كانت رمزًا للمسيح المصلوب، الذي يحيى
كل من يؤمن به مهما كانت خطاياه. وهكذا كل من يؤمن بالله، ويطيع وصاياه ينتقل
من الموت إلى الحياة، وبذلك يدوس المسيح المصلوب الحية القديمة، أي الشيطان.
ونلاحظ في (ع7) أن الآية تقول ""لا بذلك المنظور""
أى ليس الخلاص بالحية النحاسية، بل بقوة الله التي تنقذ من ينظر إلى الحية
النحاسية. وقد سحق حزقيا الملك الحية النحاسية، وتخلص منها، لئلا يعبدها بنو
إسرائيل كتمثال يشفى من لدغة الحيات، ودعاها نحشتان، أي قطعة من النحاس (2 مل18: 4).
ما أعمق حب الله وحنانه، الذي يحول خطايانا إلى
بركات تقربنا إليه. فإن كان الشيطان بالتجربة يريد إهلاكنا، فالله في نفس الوقت
يحول التجربة إلى خيرنا؛ لينقذنا، بل ليمتعنا بعشرته. فهل يا أخى تقبل التجربة
من يد الله، وتقودك للتوبة، وتسرع إلى طاعة وصاياه والالتجاء إلى الكنيسة
والأسرار المقدسة، فيزداد التصاقك بالله، وتتخلص من خطاياك؟!
ع9: أهل: مستحق.
ويكمل سليمان حديثه، فيظهر أثر الضربات العشر على
المصريين، وهجمات الحشرات عليهم، التي هي الجراد والذباب (البعوض)، فقتلت منهم
الكثيرين. وهنا يظهر ضعف المصريين، ولعدم إيمانهم استحقوا هذا العقاب.
ع10: التنانين: وحوش
مخيفة، والمقصود الحيات السامة.
وعلى الجانب الآخر، يعقد مقارنة بين المصريين
وبني إسرائيل، ويظهر شراسة لدغات الحيات، التي تغرس أنيابها، وتبث سمها. ولكن
لأن الله يحب أولاده، وقصده من التجربة دعوتهم للتوبة، ولرحمة الله بهم، دبر
لهم الشفاء بالحية النحاسية؛ ولأنهم مؤمنون به، نالوا الشفاء والحياة. وهكذا
نرى أن حشرات صغيرة تقتل المصريين لعدم إيمانهم، ووحوش مفترسة، هي الحيات
السامة، لا تستطيع أن تقتل بني إسرائيل؛ لإيمانهم بالله.
ع11: وهكذا يظهر حنان الله الذي يسمح
بالتجربة بمقدار لأولاده؛ حتى يتوبوا، ثم يسرع ليرفعها عنهم لئلا ييأسوا،
ويفقدوا مكانهم السماوى، وتمتعهم بإحسانات الله.
ع12: نبت: نبات.
يعلن هنا الكتاب المقدس أن شفاء بني إسرائيل من
لدغات الحيات لم يكن بالعقاقير، مثل المراهم، ولا بأى نبات تستخرج منه مواد
لشفاء الجسد من النباتات المعروفة بالنباتات الطبية. لا ليمنعهم من استخدام
الأدوية، ولكن ليفهموا أن الشفاء تم بكلمة الله. فالشفاء من الله طبيب الأرواح
والأجساد، كما نلقبه هكذا في طلبة البصخة المقدسة.
ع13: فتحدر: فتنزل.
بل أكثر من هذا، فالله هو ضابط الكل الذي خلق
الإنسان، وأعطاه الحياة، وله السلطان أن يعاقب الأشرار بعد نهاية حياتهم على
الأرض، بإلقائهم في الجحيم ليحيوا في العذاب، أو الموت الأبدي. وله أيضًا سلطان
أن يصعدهم، وينقلهم إلى فردوس النعيم. وهذا ما تم على الصليب، إذ بموته نزل إلى
الجحيم، وأصعد آدم وبنيه، وكل المؤمنين به إلى الفردوس.
ع14: ولا يتجاسر إنسان فيظن أنه يعادل الله؛
لأنه يستطيع أن يقتل غيره، فخطية القتل ناتجة من شر الإنسان، وهي لا تحدر النفس
إلى الجحيم إلا إذا كانت شريرة. وفى نفس الوقت لا يستطيع القاتل أن يعيد روح
المقتول إلى الجسد؛ لأن الروح قد قبض عليها في الجحيم. ويظهر هنا الفرق واضحًا
بين سلطان الله وسلطان الإنسان، فالله الذي أنزل الروح إلى الجحيم؛ لأجل
شرورها، قادر بفدائه أن يصعدها إلى الفردوس. أما الإنسان الشرير الذي قتل غيره،
فلا يستطيع إلا عمل الشر، ولكن يعجز عن عمل الخير، أي إعادة الروح إلى الجسد،
أو أن يعطى راحة للروح.
نشكرك يا رب على ترفقك بنا رغم خطايانا وضعفنا.
أعطنا أن نرى محبتك دائمًا فلا ننزعج من التجربة. وإذ نرى مراحمك في التجربة،
نتحول من الضيق واليأس إلى تمجيد اسمك القدوس.
←
وستجد
تفاسير أخرى
هنا في
(3)
البرد والنار والمن ( ع 15-29)
15 إِنَّهُ لَيْسَ أَحَدٌ يَسْتَطِيعُ أَنْ
يَهْرُبَ مِنْ يَدِكَ، 16 فَإِنَّكَ قَدْ جَلَدْتَ بِقُوَّةِ ذِرَاعِكَ
الْمُنَافِقِينَ، الَّذِينَ جَحَدُوا مَعْرِفَتَكَ، وَأَطْلَقْتَ فِي
إِثْرِهِمْ سُيُولًا وَبَرَدًا وَأَمْطَارًا غَرِيبَةً وَنَارًا آكِلَةً. 17 وَأَغْرَبُ شَيْءٍ أَنَّ النَّارَ كَانَتْ فِي الْمَاءِ، الَّذِي يُطْفِئُ
كُلَّ شَيْءٍ، تَزْدَادُ حِدَّةً لأَنَّ عَنَاصِرَ الْعَالَمِ تُقَاتِلُ عَنِ
الصِّدِّيقِينَ. 18 وَكَانَ اللَّهِيبُ
تَارَةً يَسْكُنُ لِئَلاَّ يُحْرِقَ مَا أُرْسِلَ عَلَى الْمُنَافِقِينَ مِنَ
الْحَيَوَانِ، وَلِكَيْ يُبْصِرُوا فَيَعْلَمُوا أَنَّ قَضَاءَ اللهِ عَلَى
أَعْقَابِهِمْ، 19 وَتَارَةً يَخْرُجُ عَنْ طَبْعِ النَّارِ فَيَتَأَجَّجُ فِي
الْمَاءِ، لِكَيْ يَسْتَأْصِلَ أَنْبِتَةَ الأَرْضِ الأَثِيمَةِ. 20 أَمَّا
شَعْبُكَ فَبَدَلًا مِنْ ذلِكَ أَطْعَمْتَهُمْ طَعَامَ الْمَلاَئِكَةِ،
وَأَرْسَلْتَ لَهُمْ مِنَ السَّمَاءِ خُبْزًا مُعَدًّا لاَ تَعَبَ فِيهِ،
يَتَضَمَّنُ كُلَّ لَذَّةٍ، وَيُلاَئِمُ كُلَّ ذَوْقٍ، 21 لأَنَّ جَوْهَرَكَ
أَبْدَى عُذُوبَتَكَ لِبَنِيكَ، فَكَانَ يَخْدُمُ شَهْوَةَ الْمُتَنَاوِلِ،
وَيَتَحَوَّلُ إِلَى مَا شَاءَ كُلُّ وَاحِدٍ. 22 وَكَانَ الثَّلْجُ
وَالْجَلِيدُ يَثْبُتَانِ فِي النَّارِ وَلاَ يَذُوبَانِ، لِكَيْ يُعْلَمَ
كَيْفَ أَكَلَتْ ثِمَارَ الأَعْدَاءِ نَارٌ تَلْتَهِبُ فِي الْبَرَدِ،
وَتَبْرُقُ فِي الْمَطَرِ. 23 أَمَّا عِنْدَ هؤُلاَءِ فَقَدْ تَنَاسَتِ
الْقُوَّةَ الَّتِي لَهَا، لِكَيْ يَغْتَذِيَ الْقِدِّيسُونَ. 24 إِذِ
الْخَلِيقَةُ الْخَادِمَةُ لَكَ أَنْتَ صَانِعِهَا تَتَشَدَّدُ، لِتُعَاقِبَ
الْمُجْرِمِينَ، وَتَتَرَاخَى لِتُحْسِنَ إِلَى الْمُتَوَكِّلِينَ عَلَيْكَ. 25 لِذلِكَ كَانَتْ حِينَئِذٍ تَتَحَوَّلُ إِلَى كُلِّ شَيْءٍ، لِتَخْدُمَ
نِعْمَتَكَ الْغَاذِيَةَ الْجَمِيعَ عَلَى مَا يَشَاءُ كُلُّ مُحْتَاجٍ، 26 لِكَيْ يَعْلَمَ بَنُوكَ الَّذِينَ أَحْبَبْتَهُمْ، أَيُّهَا الرَّبُّ، أَنْ
لَيْسَ مَا تُخْرِجُ الأَرْضُ مِنَ الثِّمَارِ هُوَ يَغْذُو الإِنْسَانَ، لكِنْ
كَلِمَتُكَ هِيَ الَّتِي تَحْفَظُ الْمُؤْمِنِينَ بِكَ. 27 إِذْ مَا لَمْ تَكُنِ
النَّارُ تَحُلُّهُ، كَانَتْ شُعَاعَةٌ يَسِيرَةٌ مِنَ الشَّمْسِ تُحْمِيهِ
فَيَذُوبُ،28 حَتَّى يُعْلَمَ أَنَّهُ يَجِبُ أَنْ نَسْبِقَ الشَّمْسَ إِلَى شُكْرِكَ،
وَنَحْضُرَ أَمَامَكَ عِنْدَ شُرُوقِ النُّورِ. 29 لأَنَّ رَجَاءَ مَنْ لاَ
شُكْرَ لَهُ يَذُوبُ كَجَلِيدٍ شَتْوِيٍّ، وَيَذْهَبُ كَمَاءٍ لاَ مَنْفَعَةَ
فِيهِ.
ع15:
وبهذا يظهر أن كل
البشر تحت سلطان الله بل كل الخليقة. فكيف يتوهم الإنسان، بأفكار إبليس الغاشة،
أنه يستطيع أن يهرب من الله، ويتمادى في صنع الشر؟ لأنه لابد أن يحاسب في
النهاية على كل أفعاله.
غريب يا نفسي أن تهملى حنان الله وحبه، ولا
تتمتعى بطول أناته، فإن سقطت هو مستعد أن يشفيك من أتعاب الخطية. لماذا ترفضين
الله؟ وتتخيلين أنك قادرة على السعادة بدونه، وتظنى أن الخطية قادرة بلذتها
المنحطة المؤقتة أن تريحك، وحينئذ لا يبقى أمامك إلا أن تواجهى العدل الإلهي
والغضب الأبدي.
استخدمى يا نفسي كل ما في العالم من عطايا الله،
ولكن اعلمى أن كل هذه الخيرات هي عطايا حبه لك، فلا تنشغلى بها في حد ذاتها؛
لأنها زائلة، وهي مجرد تعبير عن حبه؛ ليتعلق قلبك به هو فقط، فهو هدفك الوحيد.
انظريه في كل شيء، وتمتعى بعشرته في كل خطواتك؛ لتلهجى بالشكر له كل حين.
ع16: جحدوا: أنكروا.
إثرهم: خلفهم.
الله القادر على كل شيء، يظهر حنانه المعجزى في
شفاء أولاده. وعلى الجانب الآخر، يظهر سلطانه في عقاب الأشرار؛ ليتوبوا،
ويرجعوا إليه، إذ ليس إله غيره. ويعبر الكتاب المقدس عن الضربات العشر للمصريين
بأنها جلدات على ظهورهم. فيتحدث عن ضربة البرد التي كانت مزيجًا من أمطار غزيرة
بشكل سيول تكتسح كل شيء في طريقها، وأمطار غريبة هي عبارة عن ماء متجمد في شكل
صفائح، أو كرات ثلجية صلبة التي هي البرد، تصيب وتقتل كل من تصادفه. وانطلقت مع
السيول والبرد، نار قوية تحرق من تلاقيه. يا لعنف الغضب الإلهي الذي يرعب كل
الأشرار.
ع17: حدة: قوة.
والغريب في هذه الضربة أنها كسرت القوانين
الطبيعية، فهي ضربة معجزية تشتعل فيها النار بقوة وسط الأمطار الغزيرة. فلم
توقف السيول قوة النار، أو تطفئها، ولا أوقفت النار غزارة المياه، أو حولتها
إلى بخار. فكل قوى العالم اتحدت لتؤدب الأشرار، وتحمى أولاد الله الأبرار.
ع18، 19: تارة:
أحيانًا.
أعقابهم: تلاحقهم وتتبعهم.
يتأجج: يزداد اشتعالًا.
وتعاونت قوى الطبيعة في عقاب الأشرار، فأحيانًا
أثناء الضربة، تنحسر النار حتى لا تحرق الحشرات التي تؤذى المصريين. وأحيانًا
أخرى تشتعل النار بقوة لتحرق كل نباتات الأرض. فكل هذه القوى مطيعة لله، تنفذ
أوامره؛ لتخيف الأشرار، ويتعقبهم قضاء الله؛ ليفنيهم، ويظهر رفض الله للشر.
إن الله يدعوك يا أخى للتوبة؛ سواء بحنانه، أو
بغضبه. وكما تتجلى معجزاته في شفاء أتعابك، تظهر معجزاته في الضيقات؛ لتجذبك
بعيدًا عن الشر. يبقى أن تنتبه لتفهم قصد الله من الأحداث المحيطة بك، ويعود
قلبك إليه، فتتمتع بمراحمه.
وقد تطول الضيقة، وتتعدد المشاكل، وتهدأ أحيانًا،
لتتوب، فإن لم تتب تدخل مشاكل جديدة، وتشتعل المشاكل القديمة، ثم يهدئها الله؛
لتتوب، وإن لم تتب تعود فتشتعل. فلماذا تعطل خلاص نفسك بقساوة قلبك وعنادك؟
وبدلًا من التوبة تتذمر على الله. إن محبته تدعوك للاقتراب إليه باللطف والحزم،
بالحنان والغضب؛ لأن نفسك غالية عنده، وهو يطلبها بإلحاح كثير.
ع20: واستمرارًا في عقد المقارنة بين بنى
إسرائيل والمصريين، بعدما أظهر قوة الضربات العشر لتأديب المصريين، يعلن رعاية
الله وأبوته لشعبه في البرية، بعد خروجهم من مصر، إذ لم يجدوا طعامًا في
الصحراء، فأنزل لهم من السماء المن، الذي يسميه طعام الملائكة؛ لأنه نزل من
السماء، وهو طعام سبق إعداده، يمكن أكله في الحال، أو صنع أطعمة مختلفة منه؛
لتناسب ذوق الناس، فطعمه مثل رقاق بعسل، وشكله كحب الكسبرة، فيمكن عجنه، أو
تجميعه وأكله بأشكال مختلفة.
ع21: عذوبتك: لطفك
ورقتك.
أبدى: أظهر.
وهنا تظهر قوة الله وسعيه لإسعاد أولاده، فكان
يقوتهم في البرية، وعددهم حوالي المليونين، فيعطيهم بسخاء، إذ تكتسى الأرض كلها
بالمن، ليأخذوا كل يوم جديدًا، والباقى يذوب عند طلوع الشمس. فالله يعطيهم
طعامًا بلا تعب؛ ليتفرغوا لمحبته وعبادته.
وكان المن يخدم شهوة المتناول لهذا الطعام، فيكون
مذاقه في فم من يأكله حسبما يشاء، فمن يشتهى طعامًا مالحًا يكون له، ومن يشتهيه
حلوًا هكذا يكون. فالله بقدرته الإلهية أعطى كل إنسان ما يحتاج إليه من أطعمة
متنوعة كثيرة جدًا. إنه حب إلهي يفوق الوصف، ومعجزة لم تتكرر. فحب الله في داخل
جوهره الإلهي هو بلا حدود، وظهر في إشباع أولاده حسبما يشتهون.
وقد أعلن المسيح أنه هو المن السماوى (يو6: 58)،
فهو الطعام الحقيقي لأولاده؛ يشبعنا بجسده ودمه الأقدسين. وبالتأمل في كتابه
القدوس، وبرفع قلوبنا في الصلاة معه كل حين، فتتلذذ نفوسنا به، ويشبع كل
رغباتنا بطباعنا المختلفة، ويفرحنا بمعرفته وعشرته دائمًا.
على قدر ما تتكل على الله، يدبر كل احتياجاتك
المادية، ولا يبقى أمامك إلا التفرغ لمحبته وخدمته في كل عمل صالح. كما نقول في
القداس الإلهي ""إذ يكون لنا الكفاف في كل شيء كل حين نزداد في كل عمل
صالح"".والله الذي عمل قديمًا، ما زال يعمل بنفس الأبوة كل يوم مع أولاده، إذ أن
جوهره لا يتغير.
ع22: تبرق: تلمع.
وتظهر عظمة الله في قدرته على جعل الثلج والجليد
يثبتان داخل النار، أي لا يذوبان ويتحولان لماء. وأيضًا النار كانت تحرق
النباتات، وكل ما يصادفها، وهي وسط كرات البرد، وتلمع أيضًا النار وهي وسط
المطر. وهكذا تظهر قدرة الله التي تستخدم الطبيعة لتأديب وعقاب الأشرار، ولا
تتعارض معًا، بل تتعاون لإظهار قوة الله لعقاب الأشرار.
ع23: والطبيعة، متمثلة في الثلج والجليد
والنار والمطر، لم تؤذِ بني إسرائيل، فكان شعب الله تحت رعايته يحيون في سلام،
والطبيعة لا تسئ إليهم، وفى نفس الوقت تعاقب الأشرار الرافضين الله. فالنباتات
عند بني إسرائيل كانت في حيويتها تنمو بهدوء، وثمار الأشجار لم تحترق؛ حتى
يتغذى منها أولاد الله.
ع24: الطبيعة مطيعة لله، فتصير قاسية؛ لتعاقب
الغير مؤمنين الأشرار، وهم المصريون؛ حتى لا يعتمدوا على قوتهم، أو آلهتهم، إذ
رأوا كل ممتلكاتهم تفنى أمامهم بضربات الله العشر.
وعلى العكس بالنسبة لبني إسرائيل تتحرك الطبيعة؛
لتعطف وتحسن إليهم، وتعطيهم احتياجاتهم، وتحفظهم من الشر؛ لأنهم اتكلوا على
الله.
ع25: الغاذية الجميع:
التي تغذى الجميع.
والطبيعة أيضًا تحولت إلى كل أنواع الأطعمة،
لتخدم نعمة الله المعتنية بأولاده المؤمنين به، أي بني إسرائيل، فتعطيهم ماءً
عذبًا من نهر النيل، وتعطيهم المن بالمذاق الذي يشتهيه كل أحد، كما ذكرنا في
(ع21).
وهذه الآية أيضًا يمكن أن تعنى أن الطبيعة تحولت
إلى أشكال مختلفة، لتخدم نعمة الله المغذية للجميع، فحولت الماء إلى دم في
الضربة الأولى للمصريين، لتجذب نفوسهم إلى التوبة، ورفض عبادة النيل الضعيف
الذي تحول إلى دم، وأنتنت أسماكه، فيرجعون إلى الله. أما بالنسبة لبني إسرائيل،
فأعطتهم ماءً حلوًا في مصر، بالإضافة إلى المن والسلوى في برية سيناء.
إن الطبيعة قد خُلقت لأجلك يا أخى؛ لترى الله
فيها. فإن أحببت الله، وسعيت نحوه، ستراه جليًا في كل شيء. وإذ تتكل عليه، وتقبل
من يده كل ما يمر بك، تفرح، ويتحول كل شيء لخيرك، كما يعدك الله بوضوح ""إن كل
الأشياء تعمل معًا للخير للذين يحبون الله"" (رو8: 28).
ع26: يعلن هنا حاجة الإنسان للشبع بكلمة
الله، وهي أهم من شبع الجسد بالأطعمة المادية؛ لأنه إذا شبعت النفس بالله تسند
الجسد الضعيف. أما إذا شبع الجسد بالأطعمة المادية، فلا يستطيع أن يسند النفس
الضعيفة.
لماذا تنشغلين يا نفسي بالحاجات المادية، فإنك
تشتركين مع باقي المخلوقات في هذا الجسد المادي، ولكن تميزك في روح الله الساكن
فيكِ، والذي غذاؤه التأمل في الكتاب المقدس، والصلاة، وفوق الكل التناول من
الأسرار المقدسة. إفرزى وقتًا للروحيات قبل الماديات، لئلا تضلى عن هدفك وهو
الأبدية. والمسيح أعلن بنفسه في تجربته على الجبل أنه ""ليس بالخبز وحده يحيا
الإنسان، بل بكل كلمة تخرج من فم الله"" (مت4: 4).
ع27: تحله: تذيبه.
يسيرة: بسيطة، أي حرارتها ضعيفة.
كان المن إذا وضع على النار لا ينحل، بل يظل بنفس
شكله وطعمه. والنار قوية تحل كل ثمار الأرض التي يأكلها الإنسان، وتغير طعمها،
وهذا يظهر تميز المن عن باقي الأطعمة. وفى نفس الوقت عندما تشرق الشمس في
الصباح بأشعتها الخفيفة، يذوب المن وتتشربه الأرض، كماء يرويها.
ع28: ويختم كلامه في هذا الأصحاح بشرط أساسى
لنوال عطايا الله السخية، وهو التبكير إلى الله، أي يكون الله أول وقبل كل شيء،
وهذا يدل على أهمية الله عند الإنسان. وكمثال عملى لأهمية الذهاب باكرًا إلى
الله، أن بني إسرائيل إن لم يسرعوا مع الفجر قبل طلوع الشمس، لا يستطيعون جمع
المن الذي يغطى الأرض كلها؛ لأنه مع طلوع الشمس يذوب المن، ويصير كالماء،
وتبتلعه الأرض. فالله يعطى طعامًا لكل من يبكر إليه، والعكس صحيح من يتوانى في
الذهاب إلى الله، لا يجد شبعه وراحته، وهذا لا يقتصر على الطعام المادي فقط، بل
بالأولى الطعام الروحي، مثل الصلاة، وقراءة الكتاب المقدس، والقداسات،
والخلوات.
ع29: الجليد الشتوى:
هو الماء المتجمد في الشتاء على الأرض الجرداء، وهذا لا يروى أحدًا.
والتبكير لله يعنى محبة الإنسان له، ويرتبط
بارتفاع القلب له بالشكر، وهذا يقوى إيمان الإنسان ورجاءه، فلا ينزعج من ضيقات
الحياة، التي تمثلها الصحراء الجرداء، صحراء سيناء، التي لا يوجد فيها طعام.
فرجاء الشاكر لله ثابت وقوى، فيجد طعامًا كل يوم مع الفجر. أما المتوانى وغير
الشاكر، فيخرج متأخرًا، ويجد الشمس قد حولت الطعام إلى ماء، فلا يمسك شيئًا
يقوته في هذا اليوم. والذي يشكر الله هو أيضًا مطيع لوصاياه بالخروج مبكرًا.
وغير الشاكر هو غير المؤمن الذي لا يطيع الله، فلا يجد طعامًا، بل ماء لا فائدة
منه؛ لأنه لا يمكن جمعه للشرب، ولكن الأرض تمتصه، وهي أرض جرداء ليس فيها
نباتات، فلا ينفع الماء إنسانًا، أو حيوانًا، أو نباتًا.
† ليتنا في ترتيب
مشاغلنا اليومية نضع الله قبل كل شيء، ليس فقط أن نبدأ به اليوم في صلوات
وقراءات، بل أيضًا نعطيه أحسن أوقاتنا حتى نهاية اليوم، ونسرع إليه أولًا في كل
احتياجاتنا قبل النظر إلى البشر، أو طلب الراحة من الماديات المحيطة بنا.
← تفاسير أصحاحات
حكمة:
مقدمة |
1 |
2 |
3 |
4 |
5 |
6 |
7 |
8 |
9 |
10 |
11 |
12 |
13 |
14 |
15 |
16 |
17 |
18 |
19
تفاسير أسفار الكتاب المقدس
1- تفاسير سفر التكوين
2- تفاسير سفر الخروج
3- تفاسير سفر اللاويين
4- تفاسير سفر العدد
5- تفاسير سفر التثنية
6- تفاسير سفر يشوع
7- تفاسير سفر القضاة
8- تفاسير سفر راعوث
9- تفاسير سفر صموئيل الأول
10- تفاسير سفر صموئيل الثاني
11- تفاسير سفر الملوك الأول
12- تفاسير سفر الملوك الثاني
13- تفاسير سفر أخبار الأيام الأول
14- تفاسير سفر أخبار الأيام الثاني
15- تفاسير سفر عزرا
16- تفاسير سفر نحميا
17- تفاسير سفر طوبيا
18- تفاسير سفر يهوديت
19- تفاسير سفر أستير + التتمة
20- تفاسير سفر أيوب
21- تفاسير سفر المزامير + مز 151
22- تفاسير سفر الأمثال
23- تفاسير سفر الجامعة
24- تفاسير سفر نشيد الأناشيد
25- تفاسير سفر الحكمة
26- تفاسير سفر يشوع بن سيراخ
27- تفاسير سفر إشعياء
28- تفاسير سفر إرميا
29- تفاسير سفر مراثي إرميا
30- تفاسير سفر نبوه باروخ
31- تفاسير سفر حزقيال
32- تفاسير سفر دانيال + التتمة
33- تفاسير سفر هوشع
34- تفاسير سفر يوئيل
35- تفاسير سفر عاموس
36- تفاسير سفر عوبديا
37- تفاسير سفر يونان
38- تفاسير سفر ميخا
39- تفاسير سفر ناحوم
40- تفاسير سفر حبقوق
41- تفاسير سفر صفنيا
42- تفاسير سفر حجي
43- تفاسير سفر زكريا
44- تفاسير سفر ملاخي
45- تفاسير سفر المكابيين الأول
46- تفاسير سفر المكابيين الثاني
1- تفاسير إنجيل متى
2- تفاسير إنجيل مرقس
3- تفاسير إنجيل لوقا
4- تفاسير إنجيل يوحنا
5- تفاسير سفر أعمال الرسل
6- تفاسير الرسالة إلى رومية
7- تفاسير رسالة كورنثوس الاولى
8- تفاسير كورنثوس الثانية
9- تفاسير الرسالة إلى أهل غلاطية
10- تفاسير الرسالة إلى أفسس
11- تفاسير الرسالة إلى فيلبي
12- تفاسير الرسالة إلى كولوسي
13- تفاسير تسالونيكي الأولى
14- تفاسير تسالونيكي الثانية
15- تفاسير رسالة تيموثاوس الأولى
16- تفاسير تيموثاوس الثانية
17- تفاسير الرسالة إلى تيطس
18- تفاسير الرسالة إلى فيلمون
19- تفاسير رسالة العبرانيين
20- تفاسير رسالة يعقوب
21- تفاسير رسالة بطرس الأولى
22- تفاسير رسالة بطرس الثانية
23- تفاسير رسالة يوحنا الأولى
24- تفاسير رسالة يوحنا الثانية
25- تفاسير رسالة يوحنا الثالثة
26- تفاسير رسالة يهوذا
27- تفاسير سفر الرؤيا"
حكمة سليمان,16,5,"(16:5): حنق: غضب شديد.
ثم يظهر سليمان الحكيم حكمة الله من سماحه
للشيطان بتجربة شعبه بني إسرائيل. فعندما أخطأوا بالتذمر على الله في البرية،
راجعين بقلوبهم إلى مصر أرض العبودية، مشتهين قدور اللحم؛ أظهر لهم قوته في
إرسال أسراب طائر السلوى، فأكلوا منها بشراهة ونهم، واستحقوا العقاب بهجوم
الحيات عليهم بشراسة لتلدغهم.
ع6-8:"
حكمة سليمان,16,6,"(16:6-8): ولكن الله الحنون كما وعد بقوله ""لا
يدعكم تجربون فوق ما تستطيعون، بل سيجعل مع التجربة أيضًا المنفذ"" (1 كو10: 13)
لم يترك شعبه يهلك بلدغ الحيات السامة، ولكن حول الشر إلى خير، بصنع معجزة لها
معنى روحي عميق، إذ أمر موسى أن يصنع حية نحاسية، ورفعها أمام عيون بنى
إسرائيل، فكل من لدغته الحيات السامة، إذا نظر إلى الحية النحاسية يبرأ من
السم، ويحيا من جديد؛ لأن الحية النحاسية كانت رمزًا للمسيح المصلوب، الذي يحيى
كل من يؤمن به مهما كانت خطاياه. وهكذا كل من يؤمن بالله، ويطيع وصاياه ينتقل
من الموت إلى الحياة، وبذلك يدوس المسيح المصلوب الحية القديمة، أي الشيطان.
ونلاحظ في (ع7) أن الآية تقول ""لا بذلك المنظور""
أى ليس الخلاص بالحية النحاسية، بل بقوة الله التي تنقذ من ينظر إلى الحية
النحاسية. وقد سحق حزقيا الملك الحية النحاسية، وتخلص منها، لئلا يعبدها بنو
إسرائيل كتمثال يشفى من لدغة الحيات، ودعاها نحشتان، أي قطعة من النحاس (2 مل18: 4).
ما أعمق حب الله وحنانه، الذي يحول خطايانا إلى
بركات تقربنا إليه. فإن كان الشيطان بالتجربة يريد إهلاكنا، فالله في نفس الوقت
يحول التجربة إلى خيرنا؛ لينقذنا، بل ليمتعنا بعشرته. فهل يا أخى تقبل التجربة
من يد الله، وتقودك للتوبة، وتسرع إلى طاعة وصاياه والالتجاء إلى الكنيسة
والأسرار المقدسة، فيزداد التصاقك بالله، وتتخلص من خطاياك؟!
ع9:"
حكمة سليمان,16,9,"(16:9): أهل: مستحق.
ويكمل سليمان حديثه، فيظهر أثر الضربات العشر على
المصريين، وهجمات الحشرات عليهم، التي هي الجراد والذباب (البعوض)، فقتلت منهم
الكثيرين. وهنا يظهر ضعف المصريين، ولعدم إيمانهم استحقوا هذا العقاب.
ع10:"
حكمة سليمان,16,10,"(16:10): التنانين: وحوش
مخيفة، والمقصود الحيات السامة.
وعلى الجانب الآخر، يعقد مقارنة بين المصريين
وبني إسرائيل، ويظهر شراسة لدغات الحيات، التي تغرس أنيابها، وتبث سمها. ولكن
لأن الله يحب أولاده، وقصده من التجربة دعوتهم للتوبة، ولرحمة الله بهم، دبر
لهم الشفاء بالحية النحاسية؛ ولأنهم مؤمنون به، نالوا الشفاء والحياة. وهكذا
نرى أن حشرات صغيرة تقتل المصريين لعدم إيمانهم، ووحوش مفترسة، هي الحيات
السامة، لا تستطيع أن تقتل بني إسرائيل؛ لإيمانهم بالله.
ع11:"
حكمة سليمان,16,11,"(16:11): وهكذا يظهر حنان الله الذي يسمح
بالتجربة بمقدار لأولاده؛ حتى يتوبوا، ثم يسرع ليرفعها عنهم لئلا ييأسوا،
ويفقدوا مكانهم السماوى، وتمتعهم بإحسانات الله.
ع12:"
حكمة سليمان,16,12,"(16:12): نبت: نبات.
يعلن هنا الكتاب المقدس أن شفاء بني إسرائيل من
لدغات الحيات لم يكن بالعقاقير، مثل المراهم، ولا بأى نبات تستخرج منه مواد
لشفاء الجسد من النباتات المعروفة بالنباتات الطبية. لا ليمنعهم من استخدام
الأدوية، ولكن ليفهموا أن الشفاء تم بكلمة الله. فالشفاء من الله طبيب الأرواح
والأجساد، كما نلقبه هكذا في طلبة البصخة المقدسة.
ع13:"
حكمة سليمان,16,13,"(16:13): فتحدر: فتنزل.
بل أكثر من هذا، فالله هو ضابط الكل الذي خلق
الإنسان، وأعطاه الحياة، وله السلطان أن يعاقب الأشرار بعد نهاية حياتهم على
الأرض، بإلقائهم في الجحيم ليحيوا في العذاب، أو الموت الأبدي. وله أيضًا سلطان
أن يصعدهم، وينقلهم إلى فردوس النعيم. وهذا ما تم على الصليب، إذ بموته نزل إلى
الجحيم، وأصعد آدم وبنيه، وكل المؤمنين به إلى الفردوس.
ع14:"
حكمة سليمان,16,14,"(16:14): ولا يتجاسر إنسان فيظن أنه يعادل الله؛
لأنه يستطيع أن يقتل غيره، فخطية القتل ناتجة من شر الإنسان، وهي لا تحدر النفس
إلى الجحيم إلا إذا كانت شريرة. وفى نفس الوقت لا يستطيع القاتل أن يعيد روح
المقتول إلى الجسد؛ لأن الروح قد قبض عليها في الجحيم. ويظهر هنا الفرق واضحًا
بين سلطان الله وسلطان الإنسان، فالله الذي أنزل الروح إلى الجحيم؛ لأجل
شرورها، قادر بفدائه أن يصعدها إلى الفردوس. أما الإنسان الشرير الذي قتل غيره،
فلا يستطيع إلا عمل الشر، ولكن يعجز عن عمل الخير، أي إعادة الروح إلى الجسد،
أو أن يعطى راحة للروح.
نشكرك يا رب على ترفقك بنا رغم خطايانا وضعفنا.
أعطنا أن نرى محبتك دائمًا فلا ننزعج من التجربة. وإذ نرى مراحمك في التجربة،
نتحول من الضيق واليأس إلى تمجيد اسمك القدوس.
←
وستجد
تفاسير أخرى
هنا في
(3)
البرد والنار والمن ( ع 15-29)
15 إِنَّهُ لَيْسَ أَحَدٌ يَسْتَطِيعُ أَنْ
يَهْرُبَ مِنْ يَدِكَ، 16 فَإِنَّكَ قَدْ جَلَدْتَ بِقُوَّةِ ذِرَاعِكَ
الْمُنَافِقِينَ، الَّذِينَ جَحَدُوا مَعْرِفَتَكَ، وَأَطْلَقْتَ فِي
إِثْرِهِمْ سُيُولًا وَبَرَدًا وَأَمْطَارًا غَرِيبَةً وَنَارًا آكِلَةً. 17 وَأَغْرَبُ شَيْءٍ أَنَّ النَّارَ كَانَتْ فِي الْمَاءِ، الَّذِي يُطْفِئُ
كُلَّ شَيْءٍ، تَزْدَادُ حِدَّةً لأَنَّ عَنَاصِرَ الْعَالَمِ تُقَاتِلُ عَنِ
الصِّدِّيقِينَ. 18 وَكَانَ اللَّهِيبُ
تَارَةً يَسْكُنُ لِئَلاَّ يُحْرِقَ مَا أُرْسِلَ عَلَى الْمُنَافِقِينَ مِنَ
الْحَيَوَانِ، وَلِكَيْ يُبْصِرُوا فَيَعْلَمُوا أَنَّ قَضَاءَ اللهِ عَلَى
أَعْقَابِهِمْ، 19 وَتَارَةً يَخْرُجُ عَنْ طَبْعِ النَّارِ فَيَتَأَجَّجُ فِي
الْمَاءِ، لِكَيْ يَسْتَأْصِلَ أَنْبِتَةَ الأَرْضِ الأَثِيمَةِ. 20 أَمَّا
شَعْبُكَ فَبَدَلًا مِنْ ذلِكَ أَطْعَمْتَهُمْ طَعَامَ الْمَلاَئِكَةِ،
وَأَرْسَلْتَ لَهُمْ مِنَ السَّمَاءِ خُبْزًا مُعَدًّا لاَ تَعَبَ فِيهِ،
يَتَضَمَّنُ كُلَّ لَذَّةٍ، وَيُلاَئِمُ كُلَّ ذَوْقٍ، 21 لأَنَّ جَوْهَرَكَ
أَبْدَى عُذُوبَتَكَ لِبَنِيكَ، فَكَانَ يَخْدُمُ شَهْوَةَ الْمُتَنَاوِلِ،
وَيَتَحَوَّلُ إِلَى مَا شَاءَ كُلُّ وَاحِدٍ. 22 وَكَانَ الثَّلْجُ
وَالْجَلِيدُ يَثْبُتَانِ فِي النَّارِ وَلاَ يَذُوبَانِ، لِكَيْ يُعْلَمَ
كَيْفَ أَكَلَتْ ثِمَارَ الأَعْدَاءِ نَارٌ تَلْتَهِبُ فِي الْبَرَدِ،
وَتَبْرُقُ فِي الْمَطَرِ. 23 أَمَّا عِنْدَ هؤُلاَءِ فَقَدْ تَنَاسَتِ
الْقُوَّةَ الَّتِي لَهَا، لِكَيْ يَغْتَذِيَ الْقِدِّيسُونَ. 24 إِذِ
الْخَلِيقَةُ الْخَادِمَةُ لَكَ أَنْتَ صَانِعِهَا تَتَشَدَّدُ، لِتُعَاقِبَ
الْمُجْرِمِينَ، وَتَتَرَاخَى لِتُحْسِنَ إِلَى الْمُتَوَكِّلِينَ عَلَيْكَ. 25 لِذلِكَ كَانَتْ حِينَئِذٍ تَتَحَوَّلُ إِلَى كُلِّ شَيْءٍ، لِتَخْدُمَ
نِعْمَتَكَ الْغَاذِيَةَ الْجَمِيعَ عَلَى مَا يَشَاءُ كُلُّ مُحْتَاجٍ، 26 لِكَيْ يَعْلَمَ بَنُوكَ الَّذِينَ أَحْبَبْتَهُمْ، أَيُّهَا الرَّبُّ، أَنْ
لَيْسَ مَا تُخْرِجُ الأَرْضُ مِنَ الثِّمَارِ هُوَ يَغْذُو الإِنْسَانَ، لكِنْ
كَلِمَتُكَ هِيَ الَّتِي تَحْفَظُ الْمُؤْمِنِينَ بِكَ. 27 إِذْ مَا لَمْ تَكُنِ
النَّارُ تَحُلُّهُ، كَانَتْ شُعَاعَةٌ يَسِيرَةٌ مِنَ الشَّمْسِ تُحْمِيهِ
فَيَذُوبُ،28 حَتَّى يُعْلَمَ أَنَّهُ يَجِبُ أَنْ نَسْبِقَ الشَّمْسَ إِلَى شُكْرِكَ،
وَنَحْضُرَ أَمَامَكَ عِنْدَ شُرُوقِ النُّورِ. 29 لأَنَّ رَجَاءَ مَنْ لاَ
شُكْرَ لَهُ يَذُوبُ كَجَلِيدٍ شَتْوِيٍّ، وَيَذْهَبُ كَمَاءٍ لاَ مَنْفَعَةَ
فِيهِ.
ع15:"
حكمة سليمان,16,15,"(16:15): وبهذا يظهر أن كل
البشر تحت سلطان الله بل كل الخليقة. فكيف يتوهم الإنسان، بأفكار إبليس الغاشة،
أنه يستطيع أن يهرب من الله، ويتمادى في صنع الشر؟ لأنه لابد أن يحاسب في
النهاية على كل أفعاله.
غريب يا نفسي أن تهملى حنان الله وحبه، ولا
تتمتعى بطول أناته، فإن سقطت هو مستعد أن يشفيك من أتعاب الخطية. لماذا ترفضين
الله؟ وتتخيلين أنك قادرة على السعادة بدونه، وتظنى أن الخطية قادرة بلذتها
المنحطة المؤقتة أن تريحك، وحينئذ لا يبقى أمامك إلا أن تواجهى العدل الإلهي
والغضب الأبدي.
استخدمى يا نفسي كل ما في العالم من عطايا الله،
ولكن اعلمى أن كل هذه الخيرات هي عطايا حبه لك، فلا تنشغلى بها في حد ذاتها؛
لأنها زائلة، وهي مجرد تعبير عن حبه؛ ليتعلق قلبك به هو فقط، فهو هدفك الوحيد.
انظريه في كل شيء، وتمتعى بعشرته في كل خطواتك؛ لتلهجى بالشكر له كل حين.
ع16:"
حكمة سليمان,16,16,"(16:16): جحدوا: أنكروا.
إثرهم: خلفهم.
الله القادر على كل شيء، يظهر حنانه المعجزى في
شفاء أولاده. وعلى الجانب الآخر، يظهر سلطانه في عقاب الأشرار؛ ليتوبوا،
ويرجعوا إليه، إذ ليس إله غيره. ويعبر الكتاب المقدس عن الضربات العشر للمصريين
بأنها جلدات على ظهورهم. فيتحدث عن ضربة البرد التي كانت مزيجًا من أمطار غزيرة
بشكل سيول تكتسح كل شيء في طريقها، وأمطار غريبة هي عبارة عن ماء متجمد في شكل
صفائح، أو كرات ثلجية صلبة التي هي البرد، تصيب وتقتل كل من تصادفه. وانطلقت مع
السيول والبرد، نار قوية تحرق من تلاقيه. يا لعنف الغضب الإلهي الذي يرعب كل
الأشرار.
ع17:"
حكمة سليمان,16,17,"(16:17): حدة: قوة.
والغريب في هذه الضربة أنها كسرت القوانين
الطبيعية، فهي ضربة معجزية تشتعل فيها النار بقوة وسط الأمطار الغزيرة. فلم
توقف السيول قوة النار، أو تطفئها، ولا أوقفت النار غزارة المياه، أو حولتها
إلى بخار. فكل قوى العالم اتحدت لتؤدب الأشرار، وتحمى أولاد الله الأبرار.
ع18، 19: تارة:
أحيانًا.
أعقابهم: تلاحقهم وتتبعهم.
يتأجج: يزداد اشتعالًا.
وتعاونت قوى الطبيعة في عقاب الأشرار، فأحيانًا
أثناء الضربة، تنحسر النار حتى لا تحرق الحشرات التي تؤذى المصريين. وأحيانًا
أخرى تشتعل النار بقوة لتحرق كل نباتات الأرض. فكل هذه القوى مطيعة لله، تنفذ
أوامره؛ لتخيف الأشرار، ويتعقبهم قضاء الله؛ ليفنيهم، ويظهر رفض الله للشر.
إن الله يدعوك يا أخى للتوبة؛ سواء بحنانه، أو
بغضبه. وكما تتجلى معجزاته في شفاء أتعابك، تظهر معجزاته في الضيقات؛ لتجذبك
بعيدًا عن الشر. يبقى أن تنتبه لتفهم قصد الله من الأحداث المحيطة بك، ويعود
قلبك إليه، فتتمتع بمراحمه.
وقد تطول الضيقة، وتتعدد المشاكل، وتهدأ أحيانًا،
لتتوب، فإن لم تتب تدخل مشاكل جديدة، وتشتعل المشاكل القديمة، ثم يهدئها الله؛
لتتوب، وإن لم تتب تعود فتشتعل. فلماذا تعطل خلاص نفسك بقساوة قلبك وعنادك؟
وبدلًا من التوبة تتذمر على الله. إن محبته تدعوك للاقتراب إليه باللطف والحزم،
بالحنان والغضب؛ لأن نفسك غالية عنده، وهو يطلبها بإلحاح كثير.
ع20:"
حكمة سليمان,16,20,"(16:20): واستمرارًا في عقد المقارنة بين بنى
إسرائيل والمصريين، بعدما أظهر قوة الضربات العشر لتأديب المصريين، يعلن رعاية
الله وأبوته لشعبه في البرية، بعد خروجهم من مصر، إذ لم يجدوا طعامًا في
الصحراء، فأنزل لهم من السماء المن، الذي يسميه طعام الملائكة؛ لأنه نزل من
السماء، وهو طعام سبق إعداده، يمكن أكله في الحال، أو صنع أطعمة مختلفة منه؛
لتناسب ذوق الناس، فطعمه مثل رقاق بعسل، وشكله كحب الكسبرة، فيمكن عجنه، أو
تجميعه وأكله بأشكال مختلفة.
ع21:"
حكمة سليمان,16,21,"(16:21): عذوبتك: لطفك
ورقتك.
أبدى: أظهر.
وهنا تظهر قوة الله وسعيه لإسعاد أولاده، فكان
يقوتهم في البرية، وعددهم حوالي المليونين، فيعطيهم بسخاء، إذ تكتسى الأرض كلها
بالمن، ليأخذوا كل يوم جديدًا، والباقى يذوب عند طلوع الشمس. فالله يعطيهم
طعامًا بلا تعب؛ ليتفرغوا لمحبته وعبادته.
وكان المن يخدم شهوة المتناول لهذا الطعام، فيكون
مذاقه في فم من يأكله حسبما يشاء، فمن يشتهى طعامًا مالحًا يكون له، ومن يشتهيه
حلوًا هكذا يكون. فالله بقدرته الإلهية أعطى كل إنسان ما يحتاج إليه من أطعمة
متنوعة كثيرة جدًا. إنه حب إلهي يفوق الوصف، ومعجزة لم تتكرر. فحب الله في داخل
جوهره الإلهي هو بلا حدود، وظهر في إشباع أولاده حسبما يشتهون.
وقد أعلن المسيح أنه هو المن السماوى (يو6: 58)،
فهو الطعام الحقيقي لأولاده؛ يشبعنا بجسده ودمه الأقدسين. وبالتأمل في كتابه
القدوس، وبرفع قلوبنا في الصلاة معه كل حين، فتتلذذ نفوسنا به، ويشبع كل
رغباتنا بطباعنا المختلفة، ويفرحنا بمعرفته وعشرته دائمًا.
على قدر ما تتكل على الله، يدبر كل احتياجاتك
المادية، ولا يبقى أمامك إلا التفرغ لمحبته وخدمته في كل عمل صالح. كما نقول في
القداس الإلهي ""إذ يكون لنا الكفاف في كل شيء كل حين نزداد في كل عمل
صالح"".والله الذي عمل قديمًا، ما زال يعمل بنفس الأبوة كل يوم مع أولاده، إذ أن
جوهره لا يتغير.
ع22:"
حكمة سليمان,16,22,"(16:22): تبرق: تلمع.
وتظهر عظمة الله في قدرته على جعل الثلج والجليد
يثبتان داخل النار، أي لا يذوبان ويتحولان لماء. وأيضًا النار كانت تحرق
النباتات، وكل ما يصادفها، وهي وسط كرات البرد، وتلمع أيضًا النار وهي وسط
المطر. وهكذا تظهر قدرة الله التي تستخدم الطبيعة لتأديب وعقاب الأشرار، ولا
تتعارض معًا، بل تتعاون لإظهار قوة الله لعقاب الأشرار.
ع23:"
حكمة سليمان,16,23,"(16:23): والطبيعة، متمثلة في الثلج والجليد
والنار والمطر، لم تؤذِ بني إسرائيل، فكان شعب الله تحت رعايته يحيون في سلام،
والطبيعة لا تسئ إليهم، وفى نفس الوقت تعاقب الأشرار الرافضين الله. فالنباتات
عند بني إسرائيل كانت في حيويتها تنمو بهدوء، وثمار الأشجار لم تحترق؛ حتى
يتغذى منها أولاد الله.
ع24:"
حكمة سليمان,16,24,"(16:24): الطبيعة مطيعة لله، فتصير قاسية؛ لتعاقب
الغير مؤمنين الأشرار، وهم المصريون؛ حتى لا يعتمدوا على قوتهم، أو آلهتهم، إذ
رأوا كل ممتلكاتهم تفنى أمامهم بضربات الله العشر.
وعلى العكس بالنسبة لبني إسرائيل تتحرك الطبيعة؛
لتعطف وتحسن إليهم، وتعطيهم احتياجاتهم، وتحفظهم من الشر؛ لأنهم اتكلوا على
الله.
ع25:"
حكمة سليمان,16,25,"(16:25): الغاذية الجميع:
التي تغذى الجميع.
والطبيعة أيضًا تحولت إلى كل أنواع الأطعمة،
لتخدم نعمة الله المعتنية بأولاده المؤمنين به، أي بني إسرائيل، فتعطيهم ماءً
عذبًا من نهر النيل، وتعطيهم المن بالمذاق الذي يشتهيه كل أحد، كما ذكرنا في
(ع21).
وهذه الآية أيضًا يمكن أن تعنى أن الطبيعة تحولت
إلى أشكال مختلفة، لتخدم نعمة الله المغذية للجميع، فحولت الماء إلى دم في
الضربة الأولى للمصريين، لتجذب نفوسهم إلى التوبة، ورفض عبادة النيل الضعيف
الذي تحول إلى دم، وأنتنت أسماكه، فيرجعون إلى الله. أما بالنسبة لبني إسرائيل،
فأعطتهم ماءً حلوًا في مصر، بالإضافة إلى المن والسلوى في برية سيناء.
إن الطبيعة قد خُلقت لأجلك يا أخى؛ لترى الله
فيها. فإن أحببت الله، وسعيت نحوه، ستراه جليًا في كل شيء. وإذ تتكل عليه، وتقبل
من يده كل ما يمر بك، تفرح، ويتحول كل شيء لخيرك، كما يعدك الله بوضوح ""إن كل
الأشياء تعمل معًا للخير للذين يحبون الله"" (رو8: 28).
ع26:"
حكمة سليمان,16,26,"(16:26): يعلن هنا حاجة الإنسان للشبع بكلمة
الله، وهي أهم من شبع الجسد بالأطعمة المادية؛ لأنه إذا شبعت النفس بالله تسند
الجسد الضعيف. أما إذا شبع الجسد بالأطعمة المادية، فلا يستطيع أن يسند النفس
الضعيفة.
لماذا تنشغلين يا نفسي بالحاجات المادية، فإنك
تشتركين مع باقي المخلوقات في هذا الجسد المادي، ولكن تميزك في روح الله الساكن
فيكِ، والذي غذاؤه التأمل في الكتاب المقدس، والصلاة، وفوق الكل التناول من
الأسرار المقدسة. إفرزى وقتًا للروحيات قبل الماديات، لئلا تضلى عن هدفك وهو
الأبدية. والمسيح أعلن بنفسه في تجربته على الجبل أنه ""ليس بالخبز وحده يحيا
الإنسان، بل بكل كلمة تخرج من فم الله"" (مت4: 4).
ع27:"
حكمة سليمان,16,27,"(16:27): تحله: تذيبه.
يسيرة: بسيطة، أي حرارتها ضعيفة.
كان المن إذا وضع على النار لا ينحل، بل يظل بنفس
شكله وطعمه. والنار قوية تحل كل ثمار الأرض التي يأكلها الإنسان، وتغير طعمها،
وهذا يظهر تميز المن عن باقي الأطعمة. وفى نفس الوقت عندما تشرق الشمس في
الصباح بأشعتها الخفيفة، يذوب المن وتتشربه الأرض، كماء يرويها.
ع28:"
حكمة سليمان,16,28,"(16:28): ويختم كلامه في هذا الأصحاح بشرط أساسى
لنوال عطايا الله السخية، وهو التبكير إلى الله، أي يكون الله أول وقبل كل شيء،
وهذا يدل على أهمية الله عند الإنسان. وكمثال عملى لأهمية الذهاب باكرًا إلى
الله، أن بني إسرائيل إن لم يسرعوا مع الفجر قبل طلوع الشمس، لا يستطيعون جمع
المن الذي يغطى الأرض كلها؛ لأنه مع طلوع الشمس يذوب المن، ويصير كالماء،
وتبتلعه الأرض. فالله يعطى طعامًا لكل من يبكر إليه، والعكس صحيح من يتوانى في
الذهاب إلى الله، لا يجد شبعه وراحته، وهذا لا يقتصر على الطعام المادي فقط، بل
بالأولى الطعام الروحي، مثل الصلاة، وقراءة الكتاب المقدس، والقداسات،
والخلوات.
ع29:"
حكمة سليمان,16,29,"(16:29): الجليد الشتوى:
هو الماء المتجمد في الشتاء على الأرض الجرداء، وهذا لا يروى أحدًا.
والتبكير لله يعنى محبة الإنسان له، ويرتبط
بارتفاع القلب له بالشكر، وهذا يقوى إيمان الإنسان ورجاءه، فلا ينزعج من ضيقات
الحياة، التي تمثلها الصحراء الجرداء، صحراء سيناء، التي لا يوجد فيها طعام.
فرجاء الشاكر لله ثابت وقوى، فيجد طعامًا كل يوم مع الفجر. أما المتوانى وغير
الشاكر، فيخرج متأخرًا، ويجد الشمس قد حولت الطعام إلى ماء، فلا يمسك شيئًا
يقوته في هذا اليوم. والذي يشكر الله هو أيضًا مطيع لوصاياه بالخروج مبكرًا.
وغير الشاكر هو غير المؤمن الذي لا يطيع الله، فلا يجد طعامًا، بل ماء لا فائدة
منه؛ لأنه لا يمكن جمعه للشرب، ولكن الأرض تمتصه، وهي أرض جرداء ليس فيها
نباتات، فلا ينفع الماء إنسانًا، أو حيوانًا، أو نباتًا.
† ليتنا في ترتيب
مشاغلنا اليومية نضع الله قبل كل شيء، ليس فقط أن نبدأ به اليوم في صلوات
وقراءات، بل أيضًا نعطيه أحسن أوقاتنا حتى نهاية اليوم، ونسرع إليه أولًا في كل
احتياجاتنا قبل النظر إلى البشر، أو طلب الراحة من الماديات المحيطة بنا.
← تفاسير أصحاحات
حكمة:
مقدمة |
1 |
2 |
3 |
4 |
5 |
6 |
7 |
8 |
9 |
10 |
11 |
12 |
13 |
14 |
15 |
16 |
17 |
18 |
19
تفاسير أسفار الكتاب المقدس
1- تفاسير سفر التكوين
2- تفاسير سفر الخروج
3- تفاسير سفر اللاويين
4- تفاسير سفر العدد
5- تفاسير سفر التثنية
6- تفاسير سفر يشوع
7- تفاسير سفر القضاة
8- تفاسير سفر راعوث
9- تفاسير سفر صموئيل الأول
10- تفاسير سفر صموئيل الثاني
11- تفاسير سفر الملوك الأول
12- تفاسير سفر الملوك الثاني
13- تفاسير سفر أخبار الأيام الأول
14- تفاسير سفر أخبار الأيام الثاني
15- تفاسير سفر عزرا
16- تفاسير سفر نحميا
17- تفاسير سفر طوبيا
18- تفاسير سفر يهوديت
19- تفاسير سفر أستير + التتمة
20- تفاسير سفر أيوب
21- تفاسير سفر المزامير + مز 151
22- تفاسير سفر الأمثال
23- تفاسير سفر الجامعة
24- تفاسير سفر نشيد الأناشيد
25- تفاسير سفر الحكمة
26- تفاسير سفر يشوع بن سيراخ
27- تفاسير سفر إشعياء
28- تفاسير سفر إرميا
29- تفاسير سفر مراثي إرميا
30- تفاسير سفر نبوه باروخ
31- تفاسير سفر حزقيال
32- تفاسير سفر دانيال + التتمة
33- تفاسير سفر هوشع
34- تفاسير سفر يوئيل
35- تفاسير سفر عاموس
36- تفاسير سفر عوبديا
37- تفاسير سفر يونان
38- تفاسير سفر ميخا
39- تفاسير سفر ناحوم
40- تفاسير سفر حبقوق
41- تفاسير سفر صفنيا
42- تفاسير سفر حجي
43- تفاسير سفر زكريا
44- تفاسير سفر ملاخي
45- تفاسير سفر المكابيين الأول
46- تفاسير سفر المكابيين الثاني
1- تفاسير إنجيل متى
2- تفاسير إنجيل مرقس
3- تفاسير إنجيل لوقا
4- تفاسير إنجيل يوحنا
5- تفاسير سفر أعمال الرسل
6- تفاسير الرسالة إلى رومية
7- تفاسير رسالة كورنثوس الاولى
8- تفاسير كورنثوس الثانية
9- تفاسير الرسالة إلى أهل غلاطية
10- تفاسير الرسالة إلى أفسس
11- تفاسير الرسالة إلى فيلبي
12- تفاسير الرسالة إلى كولوسي
13- تفاسير تسالونيكي الأولى
14- تفاسير تسالونيكي الثانية
15- تفاسير رسالة تيموثاوس الأولى
16- تفاسير تيموثاوس الثانية
17- تفاسير الرسالة إلى تيطس
18- تفاسير الرسالة إلى فيلمون
19- تفاسير رسالة العبرانيين
20- تفاسير رسالة يعقوب
21- تفاسير رسالة بطرس الأولى
22- تفاسير رسالة بطرس الثانية
23- تفاسير رسالة يوحنا الأولى
24- تفاسير رسالة يوحنا الثانية
25- تفاسير رسالة يوحنا الثالثة
26- تفاسير رسالة يهوذا
27- تفاسير سفر الرؤيا"
حكمة سليمان,17,0,"(17:1): مخاوف ضربة الظلام
(1) ضربة
الظلام (ع1 - 5)
(2) خوف
الأشرار ( ع6-20)
(1)
ضربة الظلام (ع1 - 5):
1 إِنَّ أَحْكَامَكَ عَظِيمَةٌ لاَ يُعَبَّرُ
عَنْهَا، وَلِذلِكَ ضَلَّتِ النُّفُوسُ الَّتِي لاَ تَأْدِيبَ لَهَا. 2 فَإِنَّهُ لَمَّا تَوَهَّمَ الْمُجْرِمُونَ أَنَّهُمْ يَتَسَلَّطُونَ عَلَى
الأُمَّةِ الْقِدِّيسَةِ، إِذَا هُمْ مُلْقَوْنَ فِي أَسْرِ الظُّلْمَةِ
وَقُيُودِ اللَّيْلِ الطَّوِيلِ، مَحْبُوسُونَ تَحْتَ سُقُوفِهِمْ،
مَنْفِيُّونَ عَنِ الْعِنَايَةِ الأَبَدِيَّةِ. 3 وَإِذْ حَسِبُوا أَنَّهُمْ
مُسْتَتِرُونَ فِي خَطَايَاهُمُ الْخَفِيَّةِ، فَرَّقَ بَيْنَهُمْ سِتْرُ
النِّسْيَانِ الْمُظْلِمُ، وَهُمْ فِي رُعْبٍ شَدِيدٍ تُقْلِقُهُمُ
الأَخْيِلَةُ. 4 وَلَمْ تَكُنِ الأَكِنَّةُ الَّتِي لَبِثُوا فِيهَا
لِتَقِيَهُمْ مِنَ الذُّعْرِ؛ فَقَدْ كَانَتْ أَصْوَاتٌ قَاصِفَةٌ تَدْوِي مِنْ
حَوْلِهِمْ، وَأَشْبَاحٌ مُكْفَهِرَّةٌ تَتَرَاءَى أَمَامَ وُجُوهِهِمِ
الْكَاسِفَةِ. 5 وَلَمْ يَكُنْ فِي قُوَّةِ النَّارِ مَهْمَا اشْتَدَّتْ أَنْ
تَأْتِيَ بِضِيَاءٍ، وَلاَ فِي بَرِيقِ النُّجُومِ أَنْ يُنِيرَ ذلِكَ
اللَّيْلَ الْمُدْلَهِمَّ.
ع1: يتحدث هنا عن حكمة
الله، التي هي أعلى من كل حكمة بشرية، بل من كثرة سموها عن فهم البشر لا يمكن
التعبير عن عظمتها. فلم يفهم المصريون من الضربات الثمانية الأولى أن الله أقوى
من آلهتهم الوثنية، وأنهم في ضلال؛ لاعتقادهم أنهم أقوياء أكثر من كل الشعوب
المحيطة بهم، مع أنهم في فهمهم أقل بكثير من شعب الله الذي يؤمن به. ولم يفهموا
طول أناة الله عليهم في الضربات السابقة، فكانت ضربة الظلام قاسية، كإنذار أخير
للمصريين إن لم يفهموه، فستأتي عليهم الضربة العاشرة والأخيرة، وهي قتل
أبكارهم. فالله يحاول تنبيههم ليتيقظوا من ضلالهم.
ويفهم هذه الحكمة الإلهية، الإنسان القريب من
الله، ويتمتع بها، وتقود حياته. وهذا الإنسان هو الخاضع المتضع لله. أما البعيد
عن الله، فهو المتكبر، ورغم سقوطه في الخطية يرفض تأديب الله الذي يقوده
للتوبة، وعندما يأبى الخضوع للتأديب والعقاب الإلهي باتضاع، يضل عن الله،
ويتذمر، ويسقط في خطايا أكبر. هؤلاء هم المصريون الذين لم يتأدبوا من الضربات
السابقة للظلام، ولم يرجعوا ويؤمنوا بالله، فظلوا في ضلالهم وعبادة الأوثان.
ع2: وتمادى المصريون في كبريائهم، وسخروا شعب
الله في أعمال البناء؛ ليذلوهم، بل ويفنوهم إن استطاعوا من كثرة التعب والجوع.
ورغم تنبيه موسى لفرعون حتى يطلق شعب الله، فإنه أكثر الأعمال المطلوبة منهم،
وأمر رؤساؤهم المصريين أن يعاملوهم بقسوة وعنف، وهنا تدخل الله بالضربات العشر؛
ليظهر للمصريين قوته وضعفهم. ومن هذه الضربات ضربة الظلام التي حلت على كل مصر،
ما عدا أرض جاسان (محافظة الشرقية حاليًا)، التي يسكن فيها شعب الله. وكان
ظلامًا شديدًا، لا يرى الإنسان فيه يده. وهكذا انقلب استعبادهم لليهود إلى
سجنهم في هذه الظلمة، وفقدهم كل قدرة على العمل، فمكثوا داخل بيوتهم مسجونين
فيها، وفارقتهم نعمة الله الظاهرة في شمسه المشرقة، وظهر ضلالهم في عبادتهم
للشمس، أي الإله رع، فهي مجرد مخلوق منعه الله من الظهور؛ ليعلموا أنه لا إله
في العالم إلا الله الواحد.
ع3: وإذ أخفوا خطاياهم ورفضوا الإقرار بها في
توبة أمام الله، ستر الله وجهه عنهم، فمنع الشمس من الإشراق عليهم، وصاروا في
الظلام، لا يشعر بهم أحد من البشر، أي صاروا منسيين من الناس، بالإضافة إلى
فقدهم لرعاية الله.
ولم يقف العقاب عند هذا الأمر، بل تسلط عليهم رعب
شديد بسبب الخيالات التي ظهرت لهم وسط الظلام، ولعلها كانت أشكال مخيفة هي
خيالات الشياطين.
والإنسان أيضًا الذي يفعل الخطية، ولا يتوب عنها،
ويتناساها؛ لأن الله لم يعاقبه عليها، يظل في داخله قلق لا يعرف سببه، وهو ناتج
من خطاياه، بل يهاجمه خوف من تخيلات مزعجة في أحلامه، أو تهاجمه كوابيس تزعجه،
ولا خلاص منها إلا برجوعه إلى الله بالتوبة. فمن يخاف الله ويتوب عن خطاياه،
يتخلص من مخاوف الخطية.
ع4: الأكنة: جمع وكن
وهو عش الطائر.
قاصفة: أصوات شديدة مرعبة.
مكفهرة: شكلها قبيح ومخيف.
كاسفة: صفراء من الذعر والخوف.
وإذ اختبأوا في بيوتهم، كما يختبئ الطائر في عشه،
لعل هذا يحميهم من الخوف المسيطر عليهم، لكن ازداد خوفهم من الأصوات العنيفة
التي كانوا يسمعونها، بالإضافة إلى ظهور الشياطين لهم وسط الظلام بشكل أشباح
منظرها قبيح ومرعب، جعل وجوه المصريين تصفر، وتفقد كل حياة فيها من شدة الخوف.
ع5: المدلهم: شديد
الظلام.
وحاول المصريون التغلب على خوفهم من الظلام
بإشعال النيران في كل مكان؛ لتضئ لهم، ولكنها لم تعطِ أي ضوء، فحاولوا إشعال
النار بكثرة وكثافة، وشعروا بحرارتها، ولكنها عجزت عن إعطائهم أي نور. ومن
ناحية أخرى اختفى نور القمر والنجوم تمامًا، فظل الرعب في قلوبهم، ولم يستطيعوا
إسكات الأصوات العنيفة، أو إيقاف الشياطين التي تتحرك حولهم.
وهكذا نرى أن كل محاولاتهم للخروج من الظلام
فشلت، ولم يعد أمامهم إلا الإيمان بالله النور الحقيقي، إله الآلهة، الذي لم
تقدر آية محاولات بشرية أن تقف أمامه.
† كم هي عظيمة نعمك يا الله في شمسك المشرقة،
وقمرك المنير، ونجومك الساطعة، التي تعلن وجودك. أعطنى يا الله أن أراك في كل
خليقتك هذه، فأشكرك كل حين، وأطمئن بوجودك معى دائمًا. إن إحساسى بروحك القدوس
الساكن فىَّ يطمئن قلبى، ويبطل عنى كل قوة العدو وتحت أجنحته أحتمى (مز91: 4)
و""إن لم يحفظ الرب المدينة فباطلًا يسهر الحارس"" (مز127: 1).
←
وستجد
تفاسير أخرى
هنا في
(2)
خوف الأشرار ( ع6-20):
6 وَإِنَّمَا كَانَتْ تَلْمَعُ لَهُمْ بَغْتَةً
نِيرَانٌ مُخِيفَةٌ؛ فَيَرْتَعِدُونَ مِنْ ذلِكَ الْمَنْظَرِ الْمُبْهَمِ،
وَيَتَوَهَّمُونَ مَا يَظْهَرُ لَهُمْ أَهْوَلَ مِمَّا هُوَ. 7 حِينَئِذٍ
بَطَلَتْ صِنَاعَةُ السِّحْرِ وَشَعْوَذَتُهُ، وَبَرَزَ عَلَى افْتِخَارِهِمْ
بِالْحِكْمَةِ حُجَّةٌ مُخْزِيَةٌ، 8 إِذِ الَّذِينَ وَعَدُوا بِنَفْيِ
الْجَزَعِ وَالْبَلْبَالِ عَنِ النَّفْسِ الدَّنِفَةِ، هؤُلاَءِ أَدْنَفَهُمْ
خَوْفٌ مُضْحِكٌ.9 فَإِنَّهُمْ وَإِنْ لَمْ يُصِبْهُمْ شَيْءٌ هَائِلٌ، كَانَ مُرُورُ الْوُحُوشِ
وَفَحِيحُ الأَفَاعِي يَدْحَرُهُمْ فَيَهْلِكُونَ مِنَ الْخَوْفِ،
وَيَتَوَقَّوْنَ حَتَّى الْهَوَاءَ الَّذِي لاَ مَحِيدَ عَنْهُ. 10 لأَنَّ
الْخُبْثَ مُلاَزِمٌ لِلْجُبْنِ؛ فَهُوَ يَقْضِي عَلَى نَفْسِهِ بِشَهَادَتِهِ،
وَلِقَلَقِ الضَّمِيرِ لاَ يَزَالُ مُتَخَيِّلًا الضَّرَبَاتِ. 11 فَإِن
الْخَوْفَ إِنَّمَا هُوَ تَرْكُ الْمَدَدِ الَّذِي مِنَ الْعَقْلِ، 12 وَانْتِظَارُ الْمَدَدِ مِنَ الدَّاخِلِ أَضْعَفُ، وَلِذلِكَ تُحْسَبُ
مَجْلَبَةُ الْعَذَابِ الْمَجْهُولَةُ أَشَدَّ. 13 فَالَّذِينَ نَامُوا تِلْكَ
النَّوْمَةَ فِي ذلِكَ اللَّيْلِ الَّذِي لاَ يُطَاقُ، الْوَارِدِ مِنْ
أَخَادِيرِ الْجَحِيمِ الْفَظِيعَةِ، 14 كَانُوا تَارَةً تَقْتَحِمُهُمُ
الأَخْيِلَةُ، وَتَارَةً تَنْحَلُّ قُوَاهُمْ مِنِ انْخِلاَعِ قُلُوبِهِمْ
لِمَا غَشِيَهُمْ مِنْ مُفَاجَأَةِ الْخَوْفِ الْغَيْرِ الْمُتَوَقَّعِ. 15 ثُمَّ حَيْثُمَا سَقَطَ أَحَدٌ بَقِيَ مَحْبُوسًا فِي سِجْنٍ لاَ حَدِيدَ
فِيهِ. 16 فَإِنْ كَانَ فَلاَّحًا أَوْ رَاعِيًا أَوْ صَاحِبَ عَمَلٍ مِنْ
أَعْمَالِ الصَّحْرَاءِ، أُخِذَ بَغْتَةً فَوَقَعَ فِي قَسْرٍ لاَ انْفِكَاكَ
عَنْهُ، 17 إِذْ جَمِيعُهُمْ كَانُوا مُقَيَّدِينَ بِسِلْسِلَةٍ وَاحِدَةٍ مِنَ
الظَّلاَمِ. فَدَوِيُّ الرِّيحِ وَأَغَارِيدُ الطُّيُورِ عَلَى الأَغْصَانِ
الْمُلْتَفَّةِ، وَصَوْتُ الْمِيَاهِ الْمُنْدَفِعَةِ بِقُوَّةٍ، 18 وَقَعْقَعَةُ الْحِجَارَةِ الْمُتَدَحْرِجَةِ، وَرَكْضُ الْحَيَوَانَاتِ
الَّذِي لاَ يُرَى، وَزَئِيرُ الْوُحُوشِ الضَّارِيَةِ، وَالصَّدَى
الْمُتَرَدِّدُ فِي بُطُونِ الْجِبَالِ، كُلُّ ذلِكَ كَانَ يُذِيبُهُمْ مِنَ
الْخَوْفِ. 19 وَبَيْنَمَا كَانَ سَائِرُ الْعَالَمِ يُضِيئُهُ نُورٌ سَاطِعٌ،
وَيَتَعَاطَى أَعْمَالَهُ بِغَيْرِ مَانِعٍ، 20 كَانَ أُولئِكَ مُنْفَرِدِينَ
فِي ظِلِّ لَيْلٍ مُدْلَهِمٍّ، مُشَاكِلٍ لِمَا سَيَغْشَاهُمْ مِنَ
الظُّلْمَةِ. لكِنَّهُمْ كَانُوا عَلَى أَنْفُسِهِمْ أَثْقَلَ مِنَ
الظُّلْمَةِ.
ع6: بغتة: فجأة.
المبهم: الغامض.
أهول: أكثر فظاعة ورعبًا.
ثم يتابع الحكيم سليمان تصوير ما حدث في ضربة
الظلام على المصريين أيام موسى النبي، فيعلن أن نيرانًا غريبة كانت تظهر فجأة
أمام المصريين، لا يعرفون لها مصدرًا، فكانت تخيفهم جدًا، بل كان خوفهم من هذه
النيران الغامضة يتخيلونها بشكل أضخم وأعظم، فيزداد رعبهم.
ع7: شعوذته: طقوس
السحر الكاذبة التي تخدع الناس، وتحتال عليهم.
حجة: دليل.
يبدو أن السحرة أرادوا التغلب على الظلام الشديد،
فاستخدموا سحرهم بإحضار الشياطين لتضئ لهم وسط الظلام. فظهرت الشياطين بشكل
نيران تلمع وسط الظلام كما ذكر في (ع6). فكانت هذه النيران تخيف المصريين أكثر
من خوفهم ومعاناتهم من الظلام الشديد. وهكذا بطل سحر السحرة، وظهر عجزهم على
إنقاذ المصريين من ضربة الظلام، بالدليل القاطع، لأن نيرانهم كانت تخيف
المصريين بدلًا من تهدئتهم، وكان هذا سببًا في خزيهم.
ع8: الجزع
: الخوف الشديد.
البلبال: الاضطراب والتوتر.
الدنفة: المحاصرة في الضيق والتعب.
أدنفهم: إشتد عليهم.
وظهر ضعف السحرة الذين وعدوا فرعون وكل المصريين
بالسلام وعدم الاضطراب من أية ضربات يضربهم الله بها، وبطل إدعاؤهم بالقدرة على
تهدئة نفوس المصريين المحاصرة بالخوف والرعب. واشتد عليهم هم أيضًا الخوف
والذعر أكثر من باقي المصريين، إذ تسلطت عليهم شياطينهم، وأزعجتهم جدًا، فصاروا
في خوفهم الشديد مجالًا للسخرية والاستهزاء والضحك عليهم؛ لأنهم خافوا أكثر من
باقى المصريين.
† إن هذا العالم الشرير بكل قوته وشهواته لا
يستطيع أن يعطى راحة وسلامة لتابعيه؛ لأن الشيطان المضطرب كيف يعطى سلامًا
للبشر المضطربين؛ لأن فاقد الشئ لا يعطيه، بل يظهر خزى المتعلقين بالعالم، إذ
يكونون في اضطراب أكثر من الباقين. إبعدى يا نفسي عن الشهوة الردية، وكل اعتماد
على ذراع بشرى؛ حتى تتخلصى من أسباب الاضطراب، وتجدى سلامك في أحضان الكنيسة
ورأسها يسوع المسيح إلهنا.
ع9: فحيح: صوت
الثعابين.
يدحرهم: يهزمهم.
يتوقون: يتحاشون ويتجنبون.
لا محيد: لا غنى.
ويستمر في وصفه لحالة المصريين أثناء ضربة
الظلام، فيضيف أنه إن لم يصبهم ما سبق بمتاعب كثيرة، فيكفيهم الذعر من أصوات
الحيوانات المؤذية، التي تتحرك في الظلام بحرية، وصوت الثعابين، والخوف من
لدغاتها السامة، فينكمشون مبتعدين في أركان بيوتهم، وتكاد أنفاسهم تقف من
الخوف، وتطبق صدورهم عليهم، فيخافون حتى من ملامسة الهواء، الذي لا يستغنى عنه
إنسان.
ع10: يعلن هنا الحكيم حقيقة هامة، وهي أن
السبب الرئيسى للخوف هو شر الإنسان وخبثه، والتواء قلبه بعيدًا عن الله. فهذا
الخوف يشهد على شر الإنسان وبعده عن الله، ويولد داخله قلق لا ينتهى. وهذا
القلق كان يذكر المصريين بالضربات السابقة التي ضربهم بها الله، واحتمال رجوعها
عليهم، أو سقوط ضربات أصعب مما سبق، فيزداد خوفهم. أما أولاد الله فيسندهم روحه
القدوس، ويقويهم، فلا ينزعجوا من هذه المخاوف. ونلاحظ أنه لأول مرة في الكتاب
المقدس يذكر كلمة الضمير.
ع11، 12: المدد:
العون.
مجلبة: أسباب.
وإذ يسقط الإنسان في الخوف يفقد القدرة على
التفكير المتزن، ويسيطر عليه خوف شديد، ويفقد رجاءه الداخلي. وهذا يسبب له خوف
أشد من المستقبل المجهول، يعذبه، ويكاد يهلكه.
ع13، 14: الوارد:
الآتي.
أخادير: جمع خدر وهو البيت، أو المكان الذي
يسكن فيه الإنسان.
تارة: أحيانًا.
الأخيلة: الأشباح.
غشيهم: غطاهم.
ويصور الحكيم حالة المصريين الذين من التعب
حاولوا أن يناموا في هذه الليالى المظلمة، أثناء ضربة الظلام، التي استمرت
ثلاثة أيام (خر10: 22)، فكانوا يعذبون بمنظر الخيالات والأشباح المرعبة كأنهم
في الجحيم. وأحيانًا أخرى كان الظلام الذي فاجأهم يخلع قلوبهم، ومن شدة خوفهم
أصبحوا غير قادرين على الحركة، فانهاروا وصاروا كالأموات، فعندما تضعف النفس
ينهار الجسد. كل هذا هو صورة مبسطة لما سيحدث في الجحيم.
† إن استقامة قلبك يا أخى هي التي تمنحك
السلام من الله. لا تشارك إبليس خطاياه، منخدعًا بشهواته الوقتية؛ لأنه سرعان
ما ينقلب عليك، ويعذبك في هذه الحياة، حتى يقتادك إلى الجحيم والعذاب الأبدي.
أما القلب النقى المرتفع إلى الله فيحيا في أمان، بل يفرح أيضًا بعشرة الله.
ع15، 16: قسر: إجبار،
مثل سقوط الإنسان في الأسر، أو السجن الذي لا يستطيع الخروج منه.
الآيات السابقة تكلمت عن المقيمين في بيوتهم
وفاجأتهم ضربة الظلام. وهؤلاء كانوا أحسن حالًا ممن كانوا خارج منازلهم؛ سواء
الفلاحين أو رعاة الأغنام، أو من يعملون في أعمال الصحراء، مثل نقل البضائع، أي
من هؤلاء فيما كانوا سائرين في الصحراء فاجأتهم ضربة الظلام، فانزعجوا، وإذا
سقط أحد منهم على الأرض من الخوف، أو لأنه اصطدم بحجر، فإنه كان يظل هكذا لا
يستطيع القيام، أو التحرك؛ لأنه لا يرى شيئًا، ولا يعرف ما حوله، فيبقى مجبرًا
في مكانه كأنه في سجن، ولكنه سجن بلا حديد، أو أسوار تحيط به، فهو سجن الخوف من
الظلام، ولا يمكن الخروج منه لئلا يسقط في مكان أصعب، أو يصطدم بشئ غريب يهلكه.
ع17، 18: دوى الريح:
صوت الريح.
أغاريد الطيور: صوت الطيور.
قعقعة: صوت اصطدام الأحجار.
ركض: جرى.
زئير: صوت الأسد.
الضارية: المفترسة.
في ضربة الظلام، بالرغم من أن المصريين كانوا
أحرارًا، لكن الظلام سجنهم، وصار لهم كسلاسل في أيديهم وأرجلهم يمنعهم من
الحركة، مثل أي إنسان يسقط في الأسر، أو يقبض عليه، ويوضع في السجن.
وكان هذا السجن مرعبًا من الأصوات المحيطة، التي
تتراوح بين حركة الرياح الشديدة، أو أصوات الطيور الرقيقة، أو صوت المياه
المندفعة في الأنهار والبحار؛ كل هذه كانت تزعج القلوب؛ لضعفها وأسرها في
الظلمة.
بالإضافة إلى جرى الحيوانات، كانت الأحجار
الصغيرة والحصى تحرك تحت أقدامها فتُقلق قلوب المسجونين في الظلام. وأيضًا
أصوات الحيوانات المفترسة، وصدى هذه الأصوات بين الجبال؛ كل هذا لم يكن فقط
يزعجهم، بل تنحل قلوبهم وتذوب من الرعب. ولعل جرى الحيوانات، وأصواتها القوية
كانت من شدة انزعاجها من الظلام أيضًا.
† هذا هو سجن الخطية الذي تسقط فيه يا أخى إن
تهاونت، وقبلت شهوات العالم، فتفقد حريتك، وتخاف، ليس فقط من الحيوانات
المفترسة، بل قد تقلقك الأصوات الضعيفة، مثل أصوات الطيور.
ع19: أنعم الله على العالم كله عندما خلقه
بالشمس التي تشرق في كل صباح، فتضئ العالم طوال النهار، ويخرج الناس ليعملوا
أعمالهم المختلفة. وعندما يأتي الظلام والليل يستريح الجميع؛ ليواصلوا أعمالهم
في اليوم التالي.
ع20: مُشاكل: مشابه.
سيغشاهم: سيغطيهم.
أما المصريون الذي عبدوا الأوثان، وأذلوا أولاد
الله أيام موسى، ففى ضربة الظلام توقفوا عن كل أعمالهم المفيدة. وكان هذا
الظلام الشديد عربون للظلمة الفظيعة التي ستسيطر عليهم في العذاب الأبدي، كما
قال المسيح في مثل الوزنات أن العبد البطال يلقونه في الظلمة الخارجية (مت25: 30).
وخلق هذا الظلام الشديد رعبًا في قلوبهم، كان
ثقيلًا على أنفسهم أكثر من الظلام نفسه، فحرمهم من كل عمل صالح، وأزعجهم،
وأذلهم. ولعل المصريين تذكروا خطاياهم، فنُخست ضمائرهم، وصاروا في انزعاج لا
يحتملونه، خاصة وأنهم كانوا يسمعون أصوات بني إسرائيل، الساكنين بجوارهم،
يتحركون بفرح، ويتكلمون بابتهاج، إذ كان عندهم نور وحياة طبيعية، فتذكروا أنهم
أذلوهم، وهم الآن فرحون، أما المصريون فكانوا في ذل وخوف عظيم.
† لا تتهاون مع الشر؛
لأنه ليس فقط يزعج حياتك، بل يفقدك القدرة على عمل الخير؛ لأن قلبك قد تلوث
بفكر الشر، وتفقد بركة الله في حياتك. وعلى الجانب الآخر، على قدر ما تعمل
أعمالًا صالحة تبتعد عن الشر، وتتمتع بنور الله الذي يضئ حياتك، وتتمتع بعشرته،
فتتقدم أكثر وأكثر في أعمال الخير.
← تفاسير أصحاحات
حكمة:
مقدمة |
1 |
2 |
3 |
4 |
5 |
6 |
7 |
8 |
9 |
10 |
11 |
12 |
13 |
14 |
15 |
16 |
17 |
18 |
19
تفاسير أسفار الكتاب المقدس
1- تفاسير سفر التكوين
2- تفاسير سفر الخروج
3- تفاسير سفر اللاويين
4- تفاسير سفر العدد
5- تفاسير سفر التثنية
6- تفاسير سفر يشوع
7- تفاسير سفر القضاة
8- تفاسير سفر راعوث
9- تفاسير سفر صموئيل الأول
10- تفاسير سفر صموئيل الثاني
11- تفاسير سفر الملوك الأول
12- تفاسير سفر الملوك الثاني
13- تفاسير سفر أخبار الأيام الأول
14- تفاسير سفر أخبار الأيام الثاني
15- تفاسير سفر عزرا
16- تفاسير سفر نحميا
17- تفاسير سفر طوبيا
18- تفاسير سفر يهوديت
19- تفاسير سفر أستير + التتمة
20- تفاسير سفر أيوب
21- تفاسير سفر المزامير + مز 151
22- تفاسير سفر الأمثال
23- تفاسير سفر الجامعة
24- تفاسير سفر نشيد الأناشيد
25- تفاسير سفر الحكمة
26- تفاسير سفر يشوع بن سيراخ
27- تفاسير سفر إشعياء
28- تفاسير سفر إرميا
29- تفاسير سفر مراثي إرميا
30- تفاسير سفر نبوه باروخ
31- تفاسير سفر حزقيال
32- تفاسير سفر دانيال + التتمة
33- تفاسير سفر هوشع
34- تفاسير سفر يوئيل
35- تفاسير سفر عاموس
36- تفاسير سفر عوبديا
37- تفاسير سفر يونان
38- تفاسير سفر ميخا
39- تفاسير سفر ناحوم
40- تفاسير سفر حبقوق
41- تفاسير سفر صفنيا
42- تفاسير سفر حجي
43- تفاسير سفر زكريا
44- تفاسير سفر ملاخي
45- تفاسير سفر المكابيين الأول
46- تفاسير سفر المكابيين الثاني
1- تفاسير إنجيل متى
2- تفاسير إنجيل مرقس
3- تفاسير إنجيل لوقا
4- تفاسير إنجيل يوحنا
5- تفاسير سفر أعمال الرسل
6- تفاسير الرسالة إلى رومية
7- تفاسير رسالة كورنثوس الاولى
8- تفاسير كورنثوس الثانية
9- تفاسير الرسالة إلى أهل غلاطية
10- تفاسير الرسالة إلى أفسس
11- تفاسير الرسالة إلى فيلبي
12- تفاسير الرسالة إلى كولوسي
13- تفاسير تسالونيكي الأولى
14- تفاسير تسالونيكي الثانية
15- تفاسير رسالة تيموثاوس الأولى
16- تفاسير تيموثاوس الثانية
17- تفاسير الرسالة إلى تيطس
18- تفاسير الرسالة إلى فيلمون
19- تفاسير رسالة العبرانيين
20- تفاسير رسالة يعقوب
21- تفاسير رسالة بطرس الأولى
22- تفاسير رسالة بطرس الثانية
23- تفاسير رسالة يوحنا الأولى
24- تفاسير رسالة يوحنا الثانية
25- تفاسير رسالة يوحنا الثالثة
26- تفاسير رسالة يهوذا
27- تفاسير سفر الرؤيا"
حكمة سليمان,17,1,"(17:1): يتحدث هنا عن حكمة
الله، التي هي أعلى من كل حكمة بشرية، بل من كثرة سموها عن فهم البشر لا يمكن
التعبير عن عظمتها. فلم يفهم المصريون من الضربات الثمانية الأولى أن الله أقوى
من آلهتهم الوثنية، وأنهم في ضلال؛ لاعتقادهم أنهم أقوياء أكثر من كل الشعوب
المحيطة بهم، مع أنهم في فهمهم أقل بكثير من شعب الله الذي يؤمن به. ولم يفهموا
طول أناة الله عليهم في الضربات السابقة، فكانت ضربة الظلام قاسية، كإنذار أخير
للمصريين إن لم يفهموه، فستأتي عليهم الضربة العاشرة والأخيرة، وهي قتل
أبكارهم. فالله يحاول تنبيههم ليتيقظوا من ضلالهم.
ويفهم هذه الحكمة الإلهية، الإنسان القريب من
الله، ويتمتع بها، وتقود حياته. وهذا الإنسان هو الخاضع المتضع لله. أما البعيد
عن الله، فهو المتكبر، ورغم سقوطه في الخطية يرفض تأديب الله الذي يقوده
للتوبة، وعندما يأبى الخضوع للتأديب والعقاب الإلهي باتضاع، يضل عن الله،
ويتذمر، ويسقط في خطايا أكبر. هؤلاء هم المصريون الذين لم يتأدبوا من الضربات
السابقة للظلام، ولم يرجعوا ويؤمنوا بالله، فظلوا في ضلالهم وعبادة الأوثان.
ع2:"
حكمة سليمان,17,2,"(17:2): وتمادى المصريون في كبريائهم، وسخروا شعب
الله في أعمال البناء؛ ليذلوهم، بل ويفنوهم إن استطاعوا من كثرة التعب والجوع.
ورغم تنبيه موسى لفرعون حتى يطلق شعب الله، فإنه أكثر الأعمال المطلوبة منهم،
وأمر رؤساؤهم المصريين أن يعاملوهم بقسوة وعنف، وهنا تدخل الله بالضربات العشر؛
ليظهر للمصريين قوته وضعفهم. ومن هذه الضربات ضربة الظلام التي حلت على كل مصر،
ما عدا أرض جاسان (محافظة الشرقية حاليًا)، التي يسكن فيها شعب الله. وكان
ظلامًا شديدًا، لا يرى الإنسان فيه يده. وهكذا انقلب استعبادهم لليهود إلى
سجنهم في هذه الظلمة، وفقدهم كل قدرة على العمل، فمكثوا داخل بيوتهم مسجونين
فيها، وفارقتهم نعمة الله الظاهرة في شمسه المشرقة، وظهر ضلالهم في عبادتهم
للشمس، أي الإله رع، فهي مجرد مخلوق منعه الله من الظهور؛ ليعلموا أنه لا إله
في العالم إلا الله الواحد.
ع3:"
حكمة سليمان,17,3,"(17:3): وإذ أخفوا خطاياهم ورفضوا الإقرار بها في
توبة أمام الله، ستر الله وجهه عنهم، فمنع الشمس من الإشراق عليهم، وصاروا في
الظلام، لا يشعر بهم أحد من البشر، أي صاروا منسيين من الناس، بالإضافة إلى
فقدهم لرعاية الله.
ولم يقف العقاب عند هذا الأمر، بل تسلط عليهم رعب
شديد بسبب الخيالات التي ظهرت لهم وسط الظلام، ولعلها كانت أشكال مخيفة هي
خيالات الشياطين.
والإنسان أيضًا الذي يفعل الخطية، ولا يتوب عنها،
ويتناساها؛ لأن الله لم يعاقبه عليها، يظل في داخله قلق لا يعرف سببه، وهو ناتج
من خطاياه، بل يهاجمه خوف من تخيلات مزعجة في أحلامه، أو تهاجمه كوابيس تزعجه،
ولا خلاص منها إلا برجوعه إلى الله بالتوبة. فمن يخاف الله ويتوب عن خطاياه،
يتخلص من مخاوف الخطية.
ع4:"
حكمة سليمان,17,4,"(17:4): الأكنة: جمع وكن
وهو عش الطائر.
قاصفة: أصوات شديدة مرعبة.
مكفهرة: شكلها قبيح ومخيف.
كاسفة: صفراء من الذعر والخوف.
وإذ اختبأوا في بيوتهم، كما يختبئ الطائر في عشه،
لعل هذا يحميهم من الخوف المسيطر عليهم، لكن ازداد خوفهم من الأصوات العنيفة
التي كانوا يسمعونها، بالإضافة إلى ظهور الشياطين لهم وسط الظلام بشكل أشباح
منظرها قبيح ومرعب، جعل وجوه المصريين تصفر، وتفقد كل حياة فيها من شدة الخوف.
ع5:"
حكمة سليمان,17,5,"(17:5): المدلهم: شديد
الظلام.
وحاول المصريون التغلب على خوفهم من الظلام
بإشعال النيران في كل مكان؛ لتضئ لهم، ولكنها لم تعطِ أي ضوء، فحاولوا إشعال
النار بكثرة وكثافة، وشعروا بحرارتها، ولكنها عجزت عن إعطائهم أي نور. ومن
ناحية أخرى اختفى نور القمر والنجوم تمامًا، فظل الرعب في قلوبهم، ولم يستطيعوا
إسكات الأصوات العنيفة، أو إيقاف الشياطين التي تتحرك حولهم.
وهكذا نرى أن كل محاولاتهم للخروج من الظلام
فشلت، ولم يعد أمامهم إلا الإيمان بالله النور الحقيقي، إله الآلهة، الذي لم
تقدر آية محاولات بشرية أن تقف أمامه.
† كم هي عظيمة نعمك يا الله في شمسك المشرقة،
وقمرك المنير، ونجومك الساطعة، التي تعلن وجودك. أعطنى يا الله أن أراك في كل
خليقتك هذه، فأشكرك كل حين، وأطمئن بوجودك معى دائمًا. إن إحساسى بروحك القدوس
الساكن فىَّ يطمئن قلبى، ويبطل عنى كل قوة العدو وتحت أجنحته أحتمى (مز91: 4)
و""إن لم يحفظ الرب المدينة فباطلًا يسهر الحارس"" (مز127: 1).
←
وستجد
تفاسير أخرى
هنا في
(2)
خوف الأشرار ( ع6-20):"
حكمة سليمان,17,6,"(17:6-20): 6 وَإِنَّمَا كَانَتْ تَلْمَعُ لَهُمْ بَغْتَةً
نِيرَانٌ مُخِيفَةٌ؛ فَيَرْتَعِدُونَ مِنْ ذلِكَ الْمَنْظَرِ الْمُبْهَمِ،
وَيَتَوَهَّمُونَ مَا يَظْهَرُ لَهُمْ أَهْوَلَ مِمَّا هُوَ. 7 حِينَئِذٍ
بَطَلَتْ صِنَاعَةُ السِّحْرِ وَشَعْوَذَتُهُ، وَبَرَزَ عَلَى افْتِخَارِهِمْ
بِالْحِكْمَةِ حُجَّةٌ مُخْزِيَةٌ، 8 إِذِ الَّذِينَ وَعَدُوا بِنَفْيِ
الْجَزَعِ وَالْبَلْبَالِ عَنِ النَّفْسِ الدَّنِفَةِ، هؤُلاَءِ أَدْنَفَهُمْ
خَوْفٌ مُضْحِكٌ.9 فَإِنَّهُمْ وَإِنْ لَمْ يُصِبْهُمْ شَيْءٌ هَائِلٌ، كَانَ مُرُورُ الْوُحُوشِ
وَفَحِيحُ الأَفَاعِي يَدْحَرُهُمْ فَيَهْلِكُونَ مِنَ الْخَوْفِ،
وَيَتَوَقَّوْنَ حَتَّى الْهَوَاءَ الَّذِي لاَ مَحِيدَ عَنْهُ. 10 لأَنَّ
الْخُبْثَ مُلاَزِمٌ لِلْجُبْنِ؛ فَهُوَ يَقْضِي عَلَى نَفْسِهِ بِشَهَادَتِهِ،
وَلِقَلَقِ الضَّمِيرِ لاَ يَزَالُ مُتَخَيِّلًا الضَّرَبَاتِ. 11 فَإِن
الْخَوْفَ إِنَّمَا هُوَ تَرْكُ الْمَدَدِ الَّذِي مِنَ الْعَقْلِ، 12 وَانْتِظَارُ الْمَدَدِ مِنَ الدَّاخِلِ أَضْعَفُ، وَلِذلِكَ تُحْسَبُ
مَجْلَبَةُ الْعَذَابِ الْمَجْهُولَةُ أَشَدَّ. 13 فَالَّذِينَ نَامُوا تِلْكَ
النَّوْمَةَ فِي ذلِكَ اللَّيْلِ الَّذِي لاَ يُطَاقُ، الْوَارِدِ مِنْ
أَخَادِيرِ الْجَحِيمِ الْفَظِيعَةِ، 14 كَانُوا تَارَةً تَقْتَحِمُهُمُ
الأَخْيِلَةُ، وَتَارَةً تَنْحَلُّ قُوَاهُمْ مِنِ انْخِلاَعِ قُلُوبِهِمْ
لِمَا غَشِيَهُمْ مِنْ مُفَاجَأَةِ الْخَوْفِ الْغَيْرِ الْمُتَوَقَّعِ. 15 ثُمَّ حَيْثُمَا سَقَطَ أَحَدٌ بَقِيَ مَحْبُوسًا فِي سِجْنٍ لاَ حَدِيدَ
فِيهِ. 16 فَإِنْ كَانَ فَلاَّحًا أَوْ رَاعِيًا أَوْ صَاحِبَ عَمَلٍ مِنْ
أَعْمَالِ الصَّحْرَاءِ، أُخِذَ بَغْتَةً فَوَقَعَ فِي قَسْرٍ لاَ انْفِكَاكَ
عَنْهُ، 17 إِذْ جَمِيعُهُمْ كَانُوا مُقَيَّدِينَ بِسِلْسِلَةٍ وَاحِدَةٍ مِنَ
الظَّلاَمِ. فَدَوِيُّ الرِّيحِ وَأَغَارِيدُ الطُّيُورِ عَلَى الأَغْصَانِ
الْمُلْتَفَّةِ، وَصَوْتُ الْمِيَاهِ الْمُنْدَفِعَةِ بِقُوَّةٍ، 18 وَقَعْقَعَةُ الْحِجَارَةِ الْمُتَدَحْرِجَةِ، وَرَكْضُ الْحَيَوَانَاتِ
الَّذِي لاَ يُرَى، وَزَئِيرُ الْوُحُوشِ الضَّارِيَةِ، وَالصَّدَى
الْمُتَرَدِّدُ فِي بُطُونِ الْجِبَالِ، كُلُّ ذلِكَ كَانَ يُذِيبُهُمْ مِنَ
الْخَوْفِ. 19 وَبَيْنَمَا كَانَ سَائِرُ الْعَالَمِ يُضِيئُهُ نُورٌ سَاطِعٌ،
وَيَتَعَاطَى أَعْمَالَهُ بِغَيْرِ مَانِعٍ، 20 كَانَ أُولئِكَ مُنْفَرِدِينَ
فِي ظِلِّ لَيْلٍ مُدْلَهِمٍّ، مُشَاكِلٍ لِمَا سَيَغْشَاهُمْ مِنَ
الظُّلْمَةِ. لكِنَّهُمْ كَانُوا عَلَى أَنْفُسِهِمْ أَثْقَلَ مِنَ
الظُّلْمَةِ.
ع6:"
حكمة سليمان,17,6,"(17:6): بغتة: فجأة.
المبهم: الغامض.
أهول: أكثر فظاعة ورعبًا.
ثم يتابع الحكيم سليمان تصوير ما حدث في ضربة
الظلام على المصريين أيام موسى النبي، فيعلن أن نيرانًا غريبة كانت تظهر فجأة
أمام المصريين، لا يعرفون لها مصدرًا، فكانت تخيفهم جدًا، بل كان خوفهم من هذه
النيران الغامضة يتخيلونها بشكل أضخم وأعظم، فيزداد رعبهم.
ع7:"
حكمة سليمان,17,7,"(17:7): شعوذته: طقوس
السحر الكاذبة التي تخدع الناس، وتحتال عليهم.
حجة: دليل.
يبدو أن السحرة أرادوا التغلب على الظلام الشديد،
فاستخدموا سحرهم بإحضار الشياطين لتضئ لهم وسط الظلام. فظهرت الشياطين بشكل
نيران تلمع وسط الظلام كما ذكر في (ع6). فكانت هذه النيران تخيف المصريين أكثر
من خوفهم ومعاناتهم من الظلام الشديد. وهكذا بطل سحر السحرة، وظهر عجزهم على
إنقاذ المصريين من ضربة الظلام، بالدليل القاطع، لأن نيرانهم كانت تخيف
المصريين بدلًا من تهدئتهم، وكان هذا سببًا في خزيهم.
ع8:"
حكمة سليمان,17,8,"(17:8): الجزع
: الخوف الشديد.
البلبال: الاضطراب والتوتر.
الدنفة: المحاصرة في الضيق والتعب.
أدنفهم: إشتد عليهم.
وظهر ضعف السحرة الذين وعدوا فرعون وكل المصريين
بالسلام وعدم الاضطراب من أية ضربات يضربهم الله بها، وبطل إدعاؤهم بالقدرة على
تهدئة نفوس المصريين المحاصرة بالخوف والرعب. واشتد عليهم هم أيضًا الخوف
والذعر أكثر من باقي المصريين، إذ تسلطت عليهم شياطينهم، وأزعجتهم جدًا، فصاروا
في خوفهم الشديد مجالًا للسخرية والاستهزاء والضحك عليهم؛ لأنهم خافوا أكثر من
باقى المصريين.
† إن هذا العالم الشرير بكل قوته وشهواته لا
يستطيع أن يعطى راحة وسلامة لتابعيه؛ لأن الشيطان المضطرب كيف يعطى سلامًا
للبشر المضطربين؛ لأن فاقد الشئ لا يعطيه، بل يظهر خزى المتعلقين بالعالم، إذ
يكونون في اضطراب أكثر من الباقين. إبعدى يا نفسي عن الشهوة الردية، وكل اعتماد
على ذراع بشرى؛ حتى تتخلصى من أسباب الاضطراب، وتجدى سلامك في أحضان الكنيسة
ورأسها يسوع المسيح إلهنا.
ع9:"
حكمة سليمان,17,9,"(17:9): فحيح: صوت
الثعابين.
يدحرهم: يهزمهم.
يتوقون: يتحاشون ويتجنبون.
لا محيد: لا غنى.
ويستمر في وصفه لحالة المصريين أثناء ضربة
الظلام، فيضيف أنه إن لم يصبهم ما سبق بمتاعب كثيرة، فيكفيهم الذعر من أصوات
الحيوانات المؤذية، التي تتحرك في الظلام بحرية، وصوت الثعابين، والخوف من
لدغاتها السامة، فينكمشون مبتعدين في أركان بيوتهم، وتكاد أنفاسهم تقف من
الخوف، وتطبق صدورهم عليهم، فيخافون حتى من ملامسة الهواء، الذي لا يستغنى عنه
إنسان.
ع10:"
حكمة سليمان,17,10,"(17:10): يعلن هنا الحكيم حقيقة هامة، وهي أن
السبب الرئيسى للخوف هو شر الإنسان وخبثه، والتواء قلبه بعيدًا عن الله. فهذا
الخوف يشهد على شر الإنسان وبعده عن الله، ويولد داخله قلق لا ينتهى. وهذا
القلق كان يذكر المصريين بالضربات السابقة التي ضربهم بها الله، واحتمال رجوعها
عليهم، أو سقوط ضربات أصعب مما سبق، فيزداد خوفهم. أما أولاد الله فيسندهم روحه
القدوس، ويقويهم، فلا ينزعجوا من هذه المخاوف. ونلاحظ أنه لأول مرة في الكتاب
المقدس يذكر كلمة الضمير.
ع11، 12: المدد:
العون.
مجلبة: أسباب.
وإذ يسقط الإنسان في الخوف يفقد القدرة على
التفكير المتزن، ويسيطر عليه خوف شديد، ويفقد رجاءه الداخلي. وهذا يسبب له خوف
أشد من المستقبل المجهول، يعذبه، ويكاد يهلكه.
ع13، 14: الوارد:
الآتي.
أخادير: جمع خدر وهو البيت، أو المكان الذي
يسكن فيه الإنسان.
تارة: أحيانًا.
الأخيلة: الأشباح.
غشيهم: غطاهم.
ويصور الحكيم حالة المصريين الذين من التعب
حاولوا أن يناموا في هذه الليالى المظلمة، أثناء ضربة الظلام، التي استمرت
ثلاثة أيام (خر10: 22)، فكانوا يعذبون بمنظر الخيالات والأشباح المرعبة كأنهم
في الجحيم. وأحيانًا أخرى كان الظلام الذي فاجأهم يخلع قلوبهم، ومن شدة خوفهم
أصبحوا غير قادرين على الحركة، فانهاروا وصاروا كالأموات، فعندما تضعف النفس
ينهار الجسد. كل هذا هو صورة مبسطة لما سيحدث في الجحيم.
† إن استقامة قلبك يا أخى هي التي تمنحك
السلام من الله. لا تشارك إبليس خطاياه، منخدعًا بشهواته الوقتية؛ لأنه سرعان
ما ينقلب عليك، ويعذبك في هذه الحياة، حتى يقتادك إلى الجحيم والعذاب الأبدي.
أما القلب النقى المرتفع إلى الله فيحيا في أمان، بل يفرح أيضًا بعشرة الله.
ع15، 16: قسر: إجبار،
مثل سقوط الإنسان في الأسر، أو السجن الذي لا يستطيع الخروج منه.
الآيات السابقة تكلمت عن المقيمين في بيوتهم
وفاجأتهم ضربة الظلام. وهؤلاء كانوا أحسن حالًا ممن كانوا خارج منازلهم؛ سواء
الفلاحين أو رعاة الأغنام، أو من يعملون في أعمال الصحراء، مثل نقل البضائع، أي
من هؤلاء فيما كانوا سائرين في الصحراء فاجأتهم ضربة الظلام، فانزعجوا، وإذا
سقط أحد منهم على الأرض من الخوف، أو لأنه اصطدم بحجر، فإنه كان يظل هكذا لا
يستطيع القيام، أو التحرك؛ لأنه لا يرى شيئًا، ولا يعرف ما حوله، فيبقى مجبرًا
في مكانه كأنه في سجن، ولكنه سجن بلا حديد، أو أسوار تحيط به، فهو سجن الخوف من
الظلام، ولا يمكن الخروج منه لئلا يسقط في مكان أصعب، أو يصطدم بشئ غريب يهلكه.
ع17، 18: دوى الريح:
صوت الريح.
أغاريد الطيور: صوت الطيور.
قعقعة: صوت اصطدام الأحجار.
ركض: جرى.
زئير: صوت الأسد.
الضارية: المفترسة.
في ضربة الظلام، بالرغم من أن المصريين كانوا
أحرارًا، لكن الظلام سجنهم، وصار لهم كسلاسل في أيديهم وأرجلهم يمنعهم من
الحركة، مثل أي إنسان يسقط في الأسر، أو يقبض عليه، ويوضع في السجن.
وكان هذا السجن مرعبًا من الأصوات المحيطة، التي
تتراوح بين حركة الرياح الشديدة، أو أصوات الطيور الرقيقة، أو صوت المياه
المندفعة في الأنهار والبحار؛ كل هذه كانت تزعج القلوب؛ لضعفها وأسرها في
الظلمة.
بالإضافة إلى جرى الحيوانات، كانت الأحجار
الصغيرة والحصى تحرك تحت أقدامها فتُقلق قلوب المسجونين في الظلام. وأيضًا
أصوات الحيوانات المفترسة، وصدى هذه الأصوات بين الجبال؛ كل هذا لم يكن فقط
يزعجهم، بل تنحل قلوبهم وتذوب من الرعب. ولعل جرى الحيوانات، وأصواتها القوية
كانت من شدة انزعاجها من الظلام أيضًا.
† هذا هو سجن الخطية الذي تسقط فيه يا أخى إن
تهاونت، وقبلت شهوات العالم، فتفقد حريتك، وتخاف، ليس فقط من الحيوانات
المفترسة، بل قد تقلقك الأصوات الضعيفة، مثل أصوات الطيور.
ع19:"
حكمة سليمان,17,19,"(17:19): أنعم الله على العالم كله عندما خلقه
بالشمس التي تشرق في كل صباح، فتضئ العالم طوال النهار، ويخرج الناس ليعملوا
أعمالهم المختلفة. وعندما يأتي الظلام والليل يستريح الجميع؛ ليواصلوا أعمالهم
في اليوم التالي.
ع20:"
حكمة سليمان,17,20,"(17:20): مُشاكل: مشابه.
سيغشاهم: سيغطيهم.
أما المصريون الذي عبدوا الأوثان، وأذلوا أولاد
الله أيام موسى، ففى ضربة الظلام توقفوا عن كل أعمالهم المفيدة. وكان هذا
الظلام الشديد عربون للظلمة الفظيعة التي ستسيطر عليهم في العذاب الأبدي، كما
قال المسيح في مثل الوزنات أن العبد البطال يلقونه في الظلمة الخارجية (مت25: 30).
وخلق هذا الظلام الشديد رعبًا في قلوبهم، كان
ثقيلًا على أنفسهم أكثر من الظلام نفسه، فحرمهم من كل عمل صالح، وأزعجهم،
وأذلهم. ولعل المصريين تذكروا خطاياهم، فنُخست ضمائرهم، وصاروا في انزعاج لا
يحتملونه، خاصة وأنهم كانوا يسمعون أصوات بني إسرائيل، الساكنين بجوارهم،
يتحركون بفرح، ويتكلمون بابتهاج، إذ كان عندهم نور وحياة طبيعية، فتذكروا أنهم
أذلوهم، وهم الآن فرحون، أما المصريون فكانوا في ذل وخوف عظيم.
† لا تتهاون مع الشر؛
لأنه ليس فقط يزعج حياتك، بل يفقدك القدرة على عمل الخير؛ لأن قلبك قد تلوث
بفكر الشر، وتفقد بركة الله في حياتك. وعلى الجانب الآخر، على قدر ما تعمل
أعمالًا صالحة تبتعد عن الشر، وتتمتع بنور الله الذي يضئ حياتك، وتتمتع بعشرته،
فتتقدم أكثر وأكثر في أعمال الخير.
← تفاسير أصحاحات
حكمة:
مقدمة |
1 |
2 |
3 |
4 |
5 |
6 |
7 |
8 |
9 |
10 |
11 |
12 |
13 |
14 |
15 |
16 |
17 |
18 |
19
تفاسير أسفار الكتاب المقدس
1- تفاسير سفر التكوين
2- تفاسير سفر الخروج
3- تفاسير سفر اللاويين
4- تفاسير سفر العدد
5- تفاسير سفر التثنية
6- تفاسير سفر يشوع
7- تفاسير سفر القضاة
8- تفاسير سفر راعوث
9- تفاسير سفر صموئيل الأول
10- تفاسير سفر صموئيل الثاني
11- تفاسير سفر الملوك الأول
12- تفاسير سفر الملوك الثاني
13- تفاسير سفر أخبار الأيام الأول
14- تفاسير سفر أخبار الأيام الثاني
15- تفاسير سفر عزرا
16- تفاسير سفر نحميا
17- تفاسير سفر طوبيا
18- تفاسير سفر يهوديت
19- تفاسير سفر أستير + التتمة
20- تفاسير سفر أيوب
21- تفاسير سفر المزامير + مز 151
22- تفاسير سفر الأمثال
23- تفاسير سفر الجامعة
24- تفاسير سفر نشيد الأناشيد
25- تفاسير سفر الحكمة
26- تفاسير سفر يشوع بن سيراخ
27- تفاسير سفر إشعياء
28- تفاسير سفر إرميا
29- تفاسير سفر مراثي إرميا
30- تفاسير سفر نبوه باروخ
31- تفاسير سفر حزقيال
32- تفاسير سفر دانيال + التتمة
33- تفاسير سفر هوشع
34- تفاسير سفر يوئيل
35- تفاسير سفر عاموس
36- تفاسير سفر عوبديا
37- تفاسير سفر يونان
38- تفاسير سفر ميخا
39- تفاسير سفر ناحوم
40- تفاسير سفر حبقوق
41- تفاسير سفر صفنيا
42- تفاسير سفر حجي
43- تفاسير سفر زكريا
44- تفاسير سفر ملاخي
45- تفاسير سفر المكابيين الأول
46- تفاسير سفر المكابيين الثاني
1- تفاسير إنجيل متى
2- تفاسير إنجيل مرقس
3- تفاسير إنجيل لوقا
4- تفاسير إنجيل يوحنا
5- تفاسير سفر أعمال الرسل
6- تفاسير الرسالة إلى رومية
7- تفاسير رسالة كورنثوس الاولى
8- تفاسير كورنثوس الثانية
9- تفاسير الرسالة إلى أهل غلاطية
10- تفاسير الرسالة إلى أفسس
11- تفاسير الرسالة إلى فيلبي
12- تفاسير الرسالة إلى كولوسي
13- تفاسير تسالونيكي الأولى
14- تفاسير تسالونيكي الثانية
15- تفاسير رسالة تيموثاوس الأولى
16- تفاسير تيموثاوس الثانية
17- تفاسير الرسالة إلى تيطس
18- تفاسير الرسالة إلى فيلمون
19- تفاسير رسالة العبرانيين
20- تفاسير رسالة يعقوب
21- تفاسير رسالة بطرس الأولى
22- تفاسير رسالة بطرس الثانية
23- تفاسير رسالة يوحنا الأولى
24- تفاسير رسالة يوحنا الثانية
25- تفاسير رسالة يوحنا الثالثة
26- تفاسير رسالة يهوذا
27- تفاسير سفر الرؤيا"
حكمة سليمان,18,0,"(18:1): (3)
تذمر جماعة قورح وتأديب الرب (ع20-25):
20 وَالصِّدِّيقُونَ أَيْضًا مَسَّتْهُمْ مِحْنَةُ
الْمَوْتِ، وَوَقَعَتِ الضَّرْبَةُ عَلَى جَمٍّ مِنْهُمْ فِي الْبَرِّيَّةِ،
لكِنَّ الْغَضَبَ لَمْ يَلْبَثْ طَوِيلًا، 21 لأَنَّ رَجُلًا لاَ عَيْبَ فِيهِ
بَادَرَ لِحِمَايَتِهِمْ؛ فَبَرَزَ بِسِلاَحِ خِدْمَتِهِ الَّذِي هُوَ
الصَّلاَةُ وَالتَّكْفِيرُ بِالْبَخُورِ، وَقَاوَمَ الْغَضَبَ وَأَزَالَ
النَّازِلَةَ؛ فَتَبَيَّنَ أَنَّهُ خَادِمُكَ. 22 فَانْتَصَرَ عَلَى الْجَمْعِ
لاَ بِقُوَّةِ الْجَسَدِ وَلاَ بِإِعْمَالِ السِّلاَحِ، وَلكِنَّهُ
بِالْكَلاَمِ كَفَّ الْمُعَاقِبَ، مُذَكِّرًا الأَقْسَامَ وَالْعُهُودَ
لِلآبَاءِ. 23 فَإِنَّهُ إِذْ كَانَ الْقَتْلَى يَتَسَاقَطُونَ جَمَاعَاتٍ،
وَقَفَ فِي الْوَسْطِ فَحَسَمَ السُّخْطَ وَقَطَعَ الْمَسْلَكَ إِلَى
الأَحْيَاءِ، 24 لأَنَّهُ كَانَ عَلَى ثَوْبِهِ السَّابِغِ الْعَالَمُ كُلُّهُ،
وَأَسْمَاءُ الآبَاءِ الْمَجِيدَةُ مَنْقُوشَةً فِي أَرْبَعَةِ أَسْطُرٍ مِنَ
الْحِجَارَةِ الْكَرِيمَةِ، وَعَظَمَتُكَ عَلَى تَاجِ رَأْسِهِ، 25 فَهذِهِ
خَضَعَ الْمُهْلِكُ لَهَا وَهَابَهَا، وَكَانَ مُجَرَّدُ اخْتِبَارِ الْغَضَبِ
قَدْ كَفَى.
ع20: محنة: ضيقة.
جم: كثير.
يلبث: يظل.
ثم ينتقل الحكيم إلى الحديث عن شعب الله اليهود،
الذين يسميهم الصديقون، أي القديسون الذين آمنوا بالله، وقدسوا قلوبهم له.
فيعلن لنا معاملات الله معهم، فحتى لو أدبهم تأديبًا يبدو قاسيًا، فإن رحمة
الله تظهر وسط التجربة؛ لأنهم أولاده الذين يسمح لهم بالتأديب المؤقت لمدة
قصيرة؛ ليقتربوا إليه، ويمنحهم بركات أكثر.
ع21: النازلة: الموت.
ويصف لنا إحدى التجارب التي مرت ببني إسرائيل في
برية سيناء أيام موسى النبي، كما يذكر لنا سفر العدد الأصحاح السادس عشر،
وملخصها أن تذمر مجموعة من سبط لاوى، الذين يساعدون الكهنة في خدمة بيت الله،
أى خيمة الاجتماع، وهم قورح وداثان وأبيرام وآخرون معهم، يبلغ عددهم مائتان
وخمسون رجلًا قائلين: لماذا يُقتصر الكهنوت على هارون وبنيه، وتذمروا أيضًا
على موسى الذي أخرجهم إلى البرية؛ ليعبدوا الله، وتركوا أرض مصر المملوءة
بالخيرات المادية، فتقدموا ليبخروا أمام الله، فغضب الله عليهم، وأنشقت الأرض،
وأبتلعتهم هم وعائلاتهم وأحرقتهم بالنار. فلم يخف باقي الشعب، خاضعين لموسى
وهارون، بل تذمروا عليهما، واتهموهما بقتل هؤلاء الناس، مع أن الله هو الذي
أهلكهم لكبريائهم، وقاموا عليهما؛ ليسيئوا إليهما. فلم يغضب موسى عليهم، بل
أسرع هو وهارون إلى باب خيمة الاجتماع، رافعين قلوبهم بالصلاة إلى الله، فأعلن
الله غضبه على الشعب وعقابه بالهلاك.
وفى هذه الآية (ع21) يحدثنا سليمان عن الرجل الذي
لا عيب فيه، الذي أسرع لإنقاذ شعبه، وهو هارون رئيس الكهنة، فرفع صلاته عن
الشعب الذي أغضب الله، وبخر عنه، فأوقف الله الوبأ (النازلة). وهكذا ظهر هارون
خادم الله، الذي بشفاعته وصلواته سامح الله شعبه، وأوقف الوبأ. وهارون هنا رمز
للمسيح رئيس الكهنة، الذي تشفع فينا بذبيحة نفسه على الصليب، وكفر عن خطايانا.
وهارون أيضًا كان بلا عيب، مثل المسيح الذي كان بلا خطية، ورفع هارون الموت عن
الشعب، مثل المسيح الذي هزم الموت بموته.
ع22: فى هذه الآية نرى هارون، الذي لم يستخدم
قوته الجسدية، ولا الأسلحة الحربية، بل بكلامه، أي بصلواته، كف الله عن معاقبة
شعبه، وتأديبهم؛ لأن هارون في صلاته ذكَّر الله بأقسامه، ووعوده السابقة
للآباء، برعاية شعبه منذ آدم. وعندما يقول ""بالكلام كف المعاقب"" يرمز للمسيح
كلمة الله، الذي قيد الشيطان بموته.
من هذا تظهر قوة الصلاة، وتذكير الله بمواعيده
(أقسامه)، وأبوته ورعايته لشعبه، فيتحنن عليهم ويرفع التجربة. وأيضًا ظهرت قوة
سر الكهنوت، وشفاعته أمام الله، إذ يرى الله في صلاة الكاهن، صلاة عن الشعب
كله، وهو يمثل المسيح، الذي هو بكر بين إخوة كثيرين، ويحمل في جسده الكنيسة
كلها.
ع23: إذ بدأ الوبأ ينتشر بينهم، ويقتل
الكثيرين، أخذ هارون يبخر، وفصل بين الموتى والأحياء، فوقف الوبأ. وهكذا مات
عدد ليس بقليل منهم، وهو أربع عشر ألفًا وسبع مائة. أما باقي الجماعة، وعددها
حوالي المليونين، فقد نجاهم الله بصلاة هارون وتبخيره بينهم؛ لأن البخور يشير
إلى الصلوات المرتفعة أمام الله.
ع24: السابغ: الطويل.
تصف هذه الآية ملابس هارون الكهنوتية، فهو يلبس
ثوبه الطويل حتى القدمين؛ ليظهر نعمة الله التي تغطى العالم كله. ويلبس فوق
الثوب صدرة، وهي قطعة من القماش المزخرف الثمين، به فتحة للرقبة، ويتدلى قليلًا
إلى الخلف على الظهر. وعلى هذه الصدرة يوضع إثنى عشر حجرًا في أربعة صفوف، تمثل
أسباط بني إسرائيل الإثنى عشر. فهو يرفع صلاة عن العالم كله، وعن كل الشعب
بأسباطه الإثنى عشر. وعندما قدم صلوات، أي بخور أمام الله تحنن، وسامح شعبه،
وأوقف الوبأ.
وفى سر الكهنوت أيضًا تظهر دالته ومكانته عند
الله، إذ لبس هارون عمامة، وُضعت عليه قطعة معدنية، مكتوب عليها قدس للرب، فهو
مقدس لله، وله مكانة خاصة عنده.
ع25: هابها: خاف
منها.
وعندما رفع هارون الكاهن الصلوات عن الشعب،
استطاع بسلطان الكهنوت أن يأمر الملاك المهلك،، فيوقف الوبأ.
وهذا يبين أهمية الشفاعة، ومكانة الكهنوت
وسلطانه. فالله وهب الكاهن أن يرفع عن شعبه العقوبة الإلهية بتضرعه إلى الله.
وفى هذه التجربة رأى الشعب واختبر غضب الله، الذي أباد الكثرين؛ حتى يبتعدوا عن
الخطية. ونظر الشعب أيضًا رحمة الله الذي سامحهم بصلوات رئيس الكهنة هارون، فكف
الغضب الإلهي عنهم.
وظهر من هذه التجربة ما يلي:
رحمة الله لشعبه، فيؤدبهم بمقدار، ليقودهم
للتوبة.
قوة الصلاة وفاعليتها أمام الله.
عدم الرد على الشر بشر، بل بعمل الخير، كما فعل
موسى وصلى عن الشعب، وبخر هارون بينهم، بدلًا من أن يغضب عليهم ""لا يغلبنك
الشر، بل اغلب الشر بالخير"" (رو12: 21).
قوة سر الكهنوت ومكانته وسلطانه.
† ليتك
يا أخى لا تنزعج من التجارب، بل تثبت في إيمانك، وترفع صلواتك أمام الله، ولا
تقاوم الأشرار مثل شرهم، بل صلى من أجل الجميع، وثق بمكانتك ودالتك عند الله.
إلتجئ إلى الكنيسة والمذبح والكهنوت، فتنسكب عليك مراحم الله.
← تفاسير أصحاحات
حكمة:
مقدمة |
1 |
2 |
3 |
4 |
5 |
6 |
7 |
8 |
9 |
10 |
11 |
12 |
13 |
14 |
15 |
16 |
17 |
18 |
19
تفاسير أسفار الكتاب المقدس
1- تفاسير سفر التكوين
2- تفاسير سفر الخروج
3- تفاسير سفر اللاويين
4- تفاسير سفر العدد
5- تفاسير سفر التثنية
6- تفاسير سفر يشوع
7- تفاسير سفر القضاة
8- تفاسير سفر راعوث
9- تفاسير سفر صموئيل الأول
10- تفاسير سفر صموئيل الثاني
11- تفاسير سفر الملوك الأول
12- تفاسير سفر الملوك الثاني
13- تفاسير سفر أخبار الأيام الأول
14- تفاسير سفر أخبار الأيام الثاني
15- تفاسير سفر عزرا
16- تفاسير سفر نحميا
17- تفاسير سفر طوبيا
18- تفاسير سفر يهوديت
19- تفاسير سفر أستير + التتمة
20- تفاسير سفر أيوب
21- تفاسير سفر المزامير + مز 151
22- تفاسير سفر الأمثال
23- تفاسير سفر الجامعة
24- تفاسير سفر نشيد الأناشيد
25- تفاسير سفر الحكمة
26- تفاسير سفر يشوع بن سيراخ
27- تفاسير سفر إشعياء
28- تفاسير سفر إرميا
29- تفاسير سفر مراثي إرميا
30- تفاسير سفر نبوه باروخ
31- تفاسير سفر حزقيال
32- تفاسير سفر دانيال + التتمة
33- تفاسير سفر هوشع
34- تفاسير سفر يوئيل
35- تفاسير سفر عاموس
36- تفاسير سفر عوبديا
37- تفاسير سفر يونان
38- تفاسير سفر ميخا
39- تفاسير سفر ناحوم
40- تفاسير سفر حبقوق
41- تفاسير سفر صفنيا
42- تفاسير سفر حجي
43- تفاسير سفر زكريا
44- تفاسير سفر ملاخي
45- تفاسير سفر المكابيين الأول
46- تفاسير سفر المكابيين الثاني
1- تفاسير إنجيل متى
2- تفاسير إنجيل مرقس
3- تفاسير إنجيل لوقا
4- تفاسير إنجيل يوحنا
5- تفاسير سفر أعمال الرسل
6- تفاسير الرسالة إلى رومية
7- تفاسير رسالة كورنثوس الاولى
8- تفاسير كورنثوس الثانية
9- تفاسير الرسالة إلى أهل غلاطية
10- تفاسير الرسالة إلى أفسس
11- تفاسير الرسالة إلى فيلبي
12- تفاسير الرسالة إلى كولوسي
13- تفاسير تسالونيكي الأولى
14- تفاسير تسالونيكي الثانية
15- تفاسير رسالة تيموثاوس الأولى
16- تفاسير تيموثاوس الثانية
17- تفاسير الرسالة إلى تيطس
18- تفاسير الرسالة إلى فيلمون
19- تفاسير رسالة العبرانيين
20- تفاسير رسالة يعقوب
21- تفاسير رسالة بطرس الأولى
22- تفاسير رسالة بطرس الثانية
23- تفاسير رسالة يوحنا الأولى
24- تفاسير رسالة يوحنا الثانية
25- تفاسير رسالة يوحنا الثالثة
26- تفاسير رسالة يهوذا
27- تفاسير سفر الرؤيا"
حكمة سليمان,18,20,"(18:20): محنة: ضيقة.
جم: كثير.
يلبث: يظل.
ثم ينتقل الحكيم إلى الحديث عن شعب الله اليهود،
الذين يسميهم الصديقون، أي القديسون الذين آمنوا بالله، وقدسوا قلوبهم له.
فيعلن لنا معاملات الله معهم، فحتى لو أدبهم تأديبًا يبدو قاسيًا، فإن رحمة
الله تظهر وسط التجربة؛ لأنهم أولاده الذين يسمح لهم بالتأديب المؤقت لمدة
قصيرة؛ ليقتربوا إليه، ويمنحهم بركات أكثر.
ع21:"
حكمة سليمان,18,21,"(18:21): النازلة: الموت.
ويصف لنا إحدى التجارب التي مرت ببني إسرائيل في
برية سيناء أيام موسى النبي، كما يذكر لنا سفر العدد الأصحاح السادس عشر،
وملخصها أن تذمر مجموعة من سبط لاوى، الذين يساعدون الكهنة في خدمة بيت الله،
أى خيمة الاجتماع، وهم قورح وداثان وأبيرام وآخرون معهم، يبلغ عددهم مائتان
وخمسون رجلًا قائلين: لماذا يُقتصر الكهنوت على هارون وبنيه، وتذمروا أيضًا
على موسى الذي أخرجهم إلى البرية؛ ليعبدوا الله، وتركوا أرض مصر المملوءة
بالخيرات المادية، فتقدموا ليبخروا أمام الله، فغضب الله عليهم، وأنشقت الأرض،
وأبتلعتهم هم وعائلاتهم وأحرقتهم بالنار. فلم يخف باقي الشعب، خاضعين لموسى
وهارون، بل تذمروا عليهما، واتهموهما بقتل هؤلاء الناس، مع أن الله هو الذي
أهلكهم لكبريائهم، وقاموا عليهما؛ ليسيئوا إليهما. فلم يغضب موسى عليهم، بل
أسرع هو وهارون إلى باب خيمة الاجتماع، رافعين قلوبهم بالصلاة إلى الله، فأعلن
الله غضبه على الشعب وعقابه بالهلاك.
وفى هذه الآية (ع21) يحدثنا سليمان عن الرجل الذي
لا عيب فيه، الذي أسرع لإنقاذ شعبه، وهو هارون رئيس الكهنة، فرفع صلاته عن
الشعب الذي أغضب الله، وبخر عنه، فأوقف الله الوبأ (النازلة). وهكذا ظهر هارون
خادم الله، الذي بشفاعته وصلواته سامح الله شعبه، وأوقف الوبأ. وهارون هنا رمز
للمسيح رئيس الكهنة، الذي تشفع فينا بذبيحة نفسه على الصليب، وكفر عن خطايانا.
وهارون أيضًا كان بلا عيب، مثل المسيح الذي كان بلا خطية، ورفع هارون الموت عن
الشعب، مثل المسيح الذي هزم الموت بموته.
ع22:"
حكمة سليمان,18,22,"(18:22): فى هذه الآية نرى هارون، الذي لم يستخدم
قوته الجسدية، ولا الأسلحة الحربية، بل بكلامه، أي بصلواته، كف الله عن معاقبة
شعبه، وتأديبهم؛ لأن هارون في صلاته ذكَّر الله بأقسامه، ووعوده السابقة
للآباء، برعاية شعبه منذ آدم. وعندما يقول ""بالكلام كف المعاقب"" يرمز للمسيح
كلمة الله، الذي قيد الشيطان بموته.
من هذا تظهر قوة الصلاة، وتذكير الله بمواعيده
(أقسامه)، وأبوته ورعايته لشعبه، فيتحنن عليهم ويرفع التجربة. وأيضًا ظهرت قوة
سر الكهنوت، وشفاعته أمام الله، إذ يرى الله في صلاة الكاهن، صلاة عن الشعب
كله، وهو يمثل المسيح، الذي هو بكر بين إخوة كثيرين، ويحمل في جسده الكنيسة
كلها.
ع23:"
حكمة سليمان,18,23,"(18:23): إذ بدأ الوبأ ينتشر بينهم، ويقتل
الكثيرين، أخذ هارون يبخر، وفصل بين الموتى والأحياء، فوقف الوبأ. وهكذا مات
عدد ليس بقليل منهم، وهو أربع عشر ألفًا وسبع مائة. أما باقي الجماعة، وعددها
حوالي المليونين، فقد نجاهم الله بصلاة هارون وتبخيره بينهم؛ لأن البخور يشير
إلى الصلوات المرتفعة أمام الله.
ع24:"
حكمة سليمان,18,24,"(18:24): السابغ: الطويل.
تصف هذه الآية ملابس هارون الكهنوتية، فهو يلبس
ثوبه الطويل حتى القدمين؛ ليظهر نعمة الله التي تغطى العالم كله. ويلبس فوق
الثوب صدرة، وهي قطعة من القماش المزخرف الثمين، به فتحة للرقبة، ويتدلى قليلًا
إلى الخلف على الظهر. وعلى هذه الصدرة يوضع إثنى عشر حجرًا في أربعة صفوف، تمثل
أسباط بني إسرائيل الإثنى عشر. فهو يرفع صلاة عن العالم كله، وعن كل الشعب
بأسباطه الإثنى عشر. وعندما قدم صلوات، أي بخور أمام الله تحنن، وسامح شعبه،
وأوقف الوبأ.
وفى سر الكهنوت أيضًا تظهر دالته ومكانته عند
الله، إذ لبس هارون عمامة، وُضعت عليه قطعة معدنية، مكتوب عليها قدس للرب، فهو
مقدس لله، وله مكانة خاصة عنده.
ع25:"
حكمة سليمان,18,25,"(18:25): هابها: خاف
منها.
وعندما رفع هارون الكاهن الصلوات عن الشعب،
استطاع بسلطان الكهنوت أن يأمر الملاك المهلك،، فيوقف الوبأ.
وهذا يبين أهمية الشفاعة، ومكانة الكهنوت
وسلطانه. فالله وهب الكاهن أن يرفع عن شعبه العقوبة الإلهية بتضرعه إلى الله.
وفى هذه التجربة رأى الشعب واختبر غضب الله، الذي أباد الكثرين؛ حتى يبتعدوا عن
الخطية. ونظر الشعب أيضًا رحمة الله الذي سامحهم بصلوات رئيس الكهنة هارون، فكف
الغضب الإلهي عنهم.
وظهر من هذه التجربة ما يلي:
رحمة الله لشعبه، فيؤدبهم بمقدار، ليقودهم
للتوبة.
قوة الصلاة وفاعليتها أمام الله.
عدم الرد على الشر بشر، بل بعمل الخير، كما فعل
موسى وصلى عن الشعب، وبخر هارون بينهم، بدلًا من أن يغضب عليهم ""لا يغلبنك
الشر، بل اغلب الشر بالخير"" (رو12: 21).
قوة سر الكهنوت ومكانته وسلطانه.
† ليتك
يا أخى لا تنزعج من التجارب، بل تثبت في إيمانك، وترفع صلواتك أمام الله، ولا
تقاوم الأشرار مثل شرهم، بل صلى من أجل الجميع، وثق بمكانتك ودالتك عند الله.
إلتجئ إلى الكنيسة والمذبح والكهنوت، فتنسكب عليك مراحم الله.
← تفاسير أصحاحات
حكمة:
مقدمة |
1 |
2 |
3 |
4 |
5 |
6 |
7 |
8 |
9 |
10 |
11 |
12 |
13 |
14 |
15 |
16 |
17 |
18 |
19
تفاسير أسفار الكتاب المقدس
1- تفاسير سفر التكوين
2- تفاسير سفر الخروج
3- تفاسير سفر اللاويين
4- تفاسير سفر العدد
5- تفاسير سفر التثنية
6- تفاسير سفر يشوع
7- تفاسير سفر القضاة
8- تفاسير سفر راعوث
9- تفاسير سفر صموئيل الأول
10- تفاسير سفر صموئيل الثاني
11- تفاسير سفر الملوك الأول
12- تفاسير سفر الملوك الثاني
13- تفاسير سفر أخبار الأيام الأول
14- تفاسير سفر أخبار الأيام الثاني
15- تفاسير سفر عزرا
16- تفاسير سفر نحميا
17- تفاسير سفر طوبيا
18- تفاسير سفر يهوديت
19- تفاسير سفر أستير + التتمة
20- تفاسير سفر أيوب
21- تفاسير سفر المزامير + مز 151
22- تفاسير سفر الأمثال
23- تفاسير سفر الجامعة
24- تفاسير سفر نشيد الأناشيد
25- تفاسير سفر الحكمة
26- تفاسير سفر يشوع بن سيراخ
27- تفاسير سفر إشعياء
28- تفاسير سفر إرميا
29- تفاسير سفر مراثي إرميا
30- تفاسير سفر نبوه باروخ
31- تفاسير سفر حزقيال
32- تفاسير سفر دانيال + التتمة
33- تفاسير سفر هوشع
34- تفاسير سفر يوئيل
35- تفاسير سفر عاموس
36- تفاسير سفر عوبديا
37- تفاسير سفر يونان
38- تفاسير سفر ميخا
39- تفاسير سفر ناحوم
40- تفاسير سفر حبقوق
41- تفاسير سفر صفنيا
42- تفاسير سفر حجي
43- تفاسير سفر زكريا
44- تفاسير سفر ملاخي
45- تفاسير سفر المكابيين الأول
46- تفاسير سفر المكابيين الثاني
1- تفاسير إنجيل متى
2- تفاسير إنجيل مرقس
3- تفاسير إنجيل لوقا
4- تفاسير إنجيل يوحنا
5- تفاسير سفر أعمال الرسل
6- تفاسير الرسالة إلى رومية
7- تفاسير رسالة كورنثوس الاولى
8- تفاسير كورنثوس الثانية
9- تفاسير الرسالة إلى أهل غلاطية
10- تفاسير الرسالة إلى أفسس
11- تفاسير الرسالة إلى فيلبي
12- تفاسير الرسالة إلى كولوسي
13- تفاسير تسالونيكي الأولى
14- تفاسير تسالونيكي الثانية
15- تفاسير رسالة تيموثاوس الأولى
16- تفاسير تيموثاوس الثانية
17- تفاسير الرسالة إلى تيطس
18- تفاسير الرسالة إلى فيلمون
19- تفاسير رسالة العبرانيين
20- تفاسير رسالة يعقوب
21- تفاسير رسالة بطرس الأولى
22- تفاسير رسالة بطرس الثانية
23- تفاسير رسالة يوحنا الأولى
24- تفاسير رسالة يوحنا الثانية
25- تفاسير رسالة يوحنا الثالثة
26- تفاسير رسالة يهوذا
27- تفاسير سفر الرؤيا"
حكمة سليمان,19,0,"(19:1): (2)
الله يعبر بشعبه ويطعمهم (ع6-12):
6 وَكَانَتْ جَمِيعُ الْخَلاَئِقِ، كُلُّ
وَاحِدَةٍ فِي جِنْسِهَا، تَسْتَبْدِلُ طَبْعَهَا وَتَخْدُمُكَ بِحَسَبِ مَا
رُسِمَ لَهَا، لِكَيْ يُحْفَظَ بَنُوكَ بِغَيْرِ ضُرٍّ. 7 فَالْغَمَامُ ظَلَّلَ
الْمَحَلَّةَ، وَمِمَّا كَانَ قَبْلًا يُغْمَرُ بِالْمِيَاهِ، بَرَزَتْ أَرْضٌ
يَابِسَةٌ، طَرِيقٌ مُمَهَّدٌ فِي الْبَحْرِ الأَحْمَرِ، وَمَرْجٌ أَخْضَرُ فِي
قَعْرِ لُجَّةٍ عَظِيمَةٍ. 8 هُنَاكَ عَبَرَتِ الأُمَّةُ كُلُّهَا، وَهُمْ فِي
سِتْرِ يَدِكَ يَرَوْنَ عَجَائِبَ الآيَاتِ، 9 وَرَتَعُوا كالْخَيْلِ،
وَوَثَبُوا كَالْحُمْلاَنِ مُسَبِّحِينَ لَكَ، أَيُّهَا الرَّبُّ
مُخَلِّصُهُمْ، 10 مُتَذَكِّرِينَ مَا وَقَعَ فِي غُرْبَتِهِمْ، كَيْفَ
أَخْرَجَتِ الأَرْضُ الذُّبَابَ بَدَلًا مِنْ نِتَاجِ الْحَيَوَانِ، وَفَاضَ
النَّهْرُ بِجَمٍّ مِنَ الضَّفَادِعِ عِوَضَ الأَسْمَاكِ. 11 وَأَخِيرًا رَأَوْا
صِنْفًا جَدِيدًا مِنَ الطَّيْرِ، حِينَ حَثَّتْهُمْ شَهْوَتُهُمْ أَنْ
يَتَطَلَّبُوا طَعَامًا لَذِيذًا، 12 فَصَعِدَتِ السَّلْوَى مِنَ الْبَحْرِ
تَسْلِيَةً لَهُمْ. أَمَّا الْخُطَاةُ فَنَزَلَ عَلَيْهِمِ الاِنْتِقَامُ، مَعَ
مَا لَهُ مِنَ الْعَلاَئِمِ الْقَدِيمَةِ الَّتِي هِيَ شِدَّةُ الصَّوَاعِقِ.
وَإِنَّمَا أَصَابَهُمْ مَا اسْتَحَقَّتْ فَوَاحِشُهُمْ،
ع6: ضر: ضرر.
ما رُسم لها: دبر الله لها من قوانين ونظام.
إن كان عقاب الله شديدًا للرافضين محبته، فإن
حنانه عجيب على أولاده، لدرجة أن يحول الطبيعة كلها لمعونتهم، بل تتغير عن
طبعها؛ لتكون خادمة لأولاد الله في خضوع لأوامر الرب، حتى يحفظ الله أولاده بلا
ضرر، أو أذية.
ع7: يابسة: جافة.
ممهد: معد للسير عليه.
مرج: أرض واسعة.
لجة: مياه عميقة.
وحتى لا يتعب أولاد الله أثناء سيرهم في البرية
من حر النهار، ظللتهم سحابة كبيرة. وكان هذا الغمام قائدًا لهم في سيرهم؛
ليعرفوا الطريق السليم، أي أن الله بنفسه كان يقود أولاده ويحميهم بجناحيه من
أشعة الشمس القاسية. وبهذا غيّر الغمام، أو السحاب طبعه، فسار في الاتجاه الذي
رسمه الله له؛ ليقود شعبه في برية سيناء لمدة أربعين سنة.
ثم شق الله البحر الأحمر، وأوقف الماء على
الجانبين كالسور، مخالفًا لقوانين الجاذبية الأرضية، وقوانين السوائل الطبيعية.
وظهر باطن البحر كأرض يابسة، بل مكتسية بأعشاب خضراء؛ لتصير كحديقة جميلة،
فيسير عليها أبناء الله عند اجتيازهم البحر الأحمر.
وهكذا سار شعب الله في طريق مهده الله لهم،
فساروا عليه بسهولة، كأنه طريق معد جيدًا للسير، ولم يكن قبلًا مغمورًا بالماء.
ع8: عجيبة هي محبتك يا الله، التي تحول كل شيء
لخيرنا، وما يبدو مخيفًا لنا، يصير خادمًا. فالبحر الذي يحمى أولاد الله في
عبورهم وينجيهم من يد المصريين، يصير هو نفسه قبرًا للمصريين؛ لشرهم ورفضهم
لله.
وعبر بنو إسرائيل كمجموعة واحدة دون تقسيم، أو
تنظيم خاص، ودون أن يعثر أحد، أو يصطدم بشئ، إذ كانوا تحت رعايتك يا الله، تستر
عليهم، وتحفظهم، فعبروا بسلام وهدوء وفرح، إنها معجزة عظيمة تفوق العقل.
† ما
أجمل الاتكال على على الله، أي يستند الإنسان على ذراعيه الحانيتين، فلا يضطرب
مهما تقلبت الدنيا حوله، واثفًا أن الله يحول كل شيء لمنفعته، ""كل الأشياء تعمل
معًا للخير للذين يحبون الله"" (رو8: 28).
ع9: رتعوا: انطلقوا
بحرية في البرية كأنها مرعى خصيب.
وثبوا: قفزوا.
وبعدما خرج بنو إسرائيل من البحر الذي أغرق
المصريين، انطلقوا فرحين في البرية، متمتعين بحريتهم الجديدة، التي وهبها الله
لهم، كأنهم خيل ترعى بفرح في مرعى خصيب، أو حملان تقفز، وتلعب بسرور، وذكر
أشعياء النبي هذا المعنى أيضًا في (أش63: 11-14).
وعبور البحر الأحمر يرمز للمعمودية التي تحررنا
من عبودية الخطية، فننطلق بحرية في الحياة الجديدة مع الله، كما انطلق شعب الله
بفرح في برية سيناء وهم يسبحون الله. وكما يسبح المؤمنون الذين نالوا المعمودية
شاكرين الله، وممجدين اسمه القدوس، ارتفعت أصوات بني إسرائيل بتسبيح الله
بقيادة مريم أخت موسى، يشكرون الله على عظم صنيعه معهم، وإنقاذه إياهم من
عبودية مُرَّة في مصر لمدة أربعمائة عامًا.
ع10: وفى تسبيحهم تذكروا يد الله القوية في
الضربات العشر، التي أجبر بها المصريين على إطلاق شعبه؛ لأن كل آلهتهم أضعف من
الله.
† إن
أعمال الله معنا تستحق الشكر والتسبيح كل يوم. ومن العرفان بالجميل أن نتذكر
أعمال الله السابقة معنا، ونشكره عليها كل يوم؛ لأن التسبيح يملأ قلوبنا فرحًا
وسلامًا، ويبهج قلب الله، فتفيض علينا مراحمه بسخاء.
ع11، 12: حثتهم:
دفعتهم.
تسلية لهم: تنويعًا لهم بسبب مللهم من أكل
المن.
العلائم: العلامات.
ولما تذمر شعب الله على موسى مشتهين لحمًا، ظهرت
طول أناة الله عليهم، رغم خطأهم، فالتمس لهم العذر؛ لأنهم أولاده المؤمنون به،
بل أجاب طلبهم، إذ أرسل لهم أسرابًا ضخمة من طيور لم يعرفوها من قبل، وهي
السلوى، التي تشبه طيور السمان، ولحمها لذيذ الطعم، وهي طيور مهاجرة، تسير في
جماعات ضخمة، وكانت في نهاية رحلتها تطير قرب الأرض، فرأوها خارجية من البحر،
أى تطير على مستوى منخفض؛ لأن البحر منخفض عن الأرض، وكانت مجهدة، وتطير ببطء،
فأمسكوا منها ما شاءوا وأكلوا. وهنا تظهر محبة الله الذي يعطى بسخاء لا يوصف،
إذ أشبع مليونين من البشر بفيض عظيم من اللحم؛ هذه هي بركات الله لأولاده.
وفى المقابل نرى تعامله مع الخطاة المتكبرين
بعناد، وهم المصريون، الذين أذلوا شعبه، معتمدين على قوة آلهتهم الوثنية،
فعاقبهم بعقوبات شديدة، هي الضربات العشر، التي نزلت عليهم فجأة وبشدة مثل
الصواعق. وفى النهاية عاقبهم الله بالصاعقة الكبرى، فكان عقابًا فجائيًا
وشديدًا، بغرقهم في البحر الأحمر، فماتوا جميعًا.
وهكذا تعاونت الطبيعة لإعلان مشيئة الله، فأخرجت
من البحر، لأولاد الله، أسرابًا الطيور اللذيذة الطعم، أما الأشرار فخرجت لهم
أسراب البعوض من الأرض، تلسع كل من يقابلها، وجيوش الضفادع من النيل لتهاجم كل
بيوت المصريين، وتضايقهم.
†
تستطيع أن تتمتع بنعم الله إن كنت ابنًا له، خاضعًا لوصاياه. في حين أنك إن
رفضته، وسرت في شرورك لا ترى إلا عقابه الشديد. وتقدر أن ترى وتتناول بركات
كثيرة من الله خلال الطبيعة المحيطة بك، فتراه في البحر والسماء والبرية، بل
وفى كل البشر المحيطين بك، فتتمتع بصحبته كل حين، ويزداد حبك له، فيصير هو كل
شيء لك، وتصير أنت له.
←
وستجد
تفاسير أخرى
هنا في
(3)
ضيافة سدوم ومصر لأولاد الله (ع13-16):
13 إِذْ كَانَتْ مُعَامَلَتُهُمْ لِلأَضْيَافِ
أَشَدَّ كَرَاهِيَّةً. فَإِنَّ أُولئِكَ أَبَوْا أَنْ يَقْبَلُوا غُرَبَاءَ
لَمْ يَعْرِفُوهُمْ، أَمَّا هؤُلاَءِ فَاسْتَعْبَدُوا أَضْيَافًا قَدْ
أَحْسَنُوا إِلَيْهِمْ. 14 وَفَضْلًا عَنْ ذلِكَ فَإِنَّ عَلَيْهِمِ افْتِقَادًا
آخَرَ، إِذْ إِنَّ أُولئِكَ إِنَّمَا قَبِلُوا قَوْمًا أَجْنَبِيِّينَ كُرْهًا، 15 أَمَّا هؤُلاَءِ فَإِنَّهُمْ قَبِلُوا أَضْيَافًا بِاحْتِفَالٍ وَفَرَحٍ،
وَأَشْرَكُوهُمْ فِي حُقُوقِهِمْ، ثُمَّ أَسَاءُوا إِلَيْهِمْ بِصُنُوفِ
الْعَذَابِ الشَّدِيدِ. 16 فَضُرِبُوا بِالْعَمَى مِثْلَ أُولئِكَ الْوَاقِفِينَ
عَلَى بَابِ الصِّدِّيقِ، الَّذِينَ شَمِلَتْهُمْ ظُلْمَةٌ هَائِلَةٌ؛ فَجَعَلَ
كُلٌّ مِنْهُمْ يَتَلَمَّسُ طَالِبًا مَدْخَلَ بَابِهِ.
ع13: أضياف: ضيوف.
يظهر هنا شر المصريين في معاملتهم لشعب الله، إذ
أن بني إسرائيل قد حضروا إليهم كضيوف، فاستقبلوهم في بدالية الأمر بترحيب شديد،
إكرامًا ليوسف أخوهم، الذي كان رئيسًا على مصر كلها، وأنقذها من المجاعة. ولكن
بعد موت يوسف أساءوا إليهم، وظلموهم، واستعبدوهم، فسخروهم في أعمال كثيرة في
منتهى القسوة، عكس المحبة التي تُقدم لأى ضيوف.
ويعقد الحكيم مقارنة بين المصريين، وبين شعب
مشهور بالشر، وهو شعب سدوم، ويوضح أن أهل سدوم أفضل من المصريين؛ لأنه عندما
زار مدينتهم ملاكان بشكل رجلين غرباء، وأراد لوط استضافتهما، إعترضوا، وحاولوا
الإساءة إليهما، ولكن عذرهم في ذلك أنهم لا يعرفانهما. أما في حالة المصريين،
فإنهم يعرفون بني إسرائيل، إذ هم أسرة يوسف رئيسهم، فكان المصريون في معاملتهم
لضيوفهم أشد كراهية من معاملة أهل سدوم.
ع14: يضاف إلى ذلك خطية أخرى تستوجب العقاب
(افتقادًا آخر)، هي أن أهل سدوم قبلوا الملاكين مجبرين، إذ ضربهم الله بالعمى،
فلم يستطيعوا أن يجدوا باب لوط؛ ليدخلوا ويمسكوا بالملاكين. أما المصريون فقد
قبلوا بني إسرائيل باختيارهم، إكرامًا ليوسف الذي أنقذهم من الموت في المجاعة،
ثم عادوا فانقلبوا عليهم وأذلوهم.
وكان العقاب متشابهًا في الحالتين، إذ ضرب الله
أهل سدوم بالعمى، لعدم محبتهم للغرباء، بل ومحاولتهم الإساءة إليهم. وكذلك ضرب
المصريين بضربة الظلام، فصاروا في العمى لا يرى الإنسان كفه؛ لينبههم الله إلى
عماهم الروحي عن التوبة، وقسوتهم وكراهيتهم لضيوفهم.
وإذا لم يتب أهل سدوم، أو المصريون، كان مصيرهم
المحتوم هو الهلاك، إذ أحرق الله مدينة سدوم بالنار، وغرق المصريون في البحر
الأحمر.
† إن
الله يعطيك فرصة لتحيا كإنسان طبيعي، بإظهار محبتك للآخرين في العطاء والبذل
واحتمال كل أحد، خاصة الغرباء، أي الذين يشعرون بالوحدة والعزلة عمن حولهم.
فلتشجع الكل، وتظهر أهتمامك بهم، فيستضيفك الله، ليس فقط في الأرض بخيرات
كثيرة، بل في السماء؛ ليعطيك ما لم تره عين.
(4)
تغير الطبيعة لإنقاذ أولاد الله (ع17-20):
17 إِذْ تَغَيَّرَتْ نِسَبُ الْعَنَاصِرِ
بَعْضِهَا إِلَى بَعْضٍ، كَمَا يَتَغَيَّرُ فِي الْعُودِ اسْمُ صَوْتٍ مِنَ
اللَّحْنِ، وَالصَّوْتُ بَاقٍ، وَذلِكَ بَيِّنٌ لِمَنْ تَأَمَّلَ تِلْكَ
الْحَوَادِثَ. 18 فَالأَرْضِيَّاتُ تَحَوَّلَتْ إِلَى مَائِيَّاتٍ،
وَالسَّابِحَاتُ سَعَتْ عَلَى الأَرْضِ، 19 وَالنَّارُ كَانَتْ لَهَا قُوَّةٌ
فِي الْمَاءِ، أَشَدُّ مِنْ قُوَّتِهَا الْغَرِيزِيَّةِ، وَالْمَاءُ نَسِيَ
قُوَّتَهُ الْمُطْفِئَةَ. 20 وَبِالْعَكْسِ اللَّهِيبُ لَمْ يُؤْذِ جِسْمَ
السَّرِيعِ الْفَسَادِ مِنَ الْحَيَوَانِ، إِذْ كَانَ يَمْشِي فِيهِ وَلَمْ
يُذِبِ الطَّعَامَ السَّمَاوِيَّ السَّرِيعَ الذَّوَبَانِ كَالْجَلِيدِ،
لأَنَّكَ يَا رَبُّ عَظَّمْتَ شَعْبَكَ فِي كُلِّ شَيْءٍ، وَمَجَّدْتَهُ وَلَمْ
تُهْمِلْهُ، بَلْ كُنْتَ مُؤَازِرًا لَهُ فِي كُلِّ زَمَانٍ وَمَكَانٍ.
ع17: بين: واضح.
يختم سليمان الحكيم هذا السفر العظيم بإظهار عظمة
الله الذي يحرك خليقته، ويغيرها لخدمة أولاده، فتخرج عن قوانينها الطبيعية
طاعةً له؛ لتمجيد أسمه القدوس. ويشبه الله بموسيقار يمسك بعود ويحرك أصابعه،
فتصدر أصواتًا مختلفة، بحسب إرادته، كذلك يحرك الله الطبيعة؛ لتعلن اسمه، وتقود
الجميع لمعرفته لكل من يريد أن يفهم.
فمن يتأمل ما عمله الله مع شعبه عند إخراجهم من
أرض مصر، يرى تغيرات كثيرة في القوانين الطبيعية؛ ليحمى الله شعبه، وينقذه من
أيدى الأشرار.
ع18: سعت: مشيت أو
سارت.
فنرى بني إسرائيل ومواشيهم يسيرون في قلب البحر
الأحمر، وهكذا كما يقول تحولت الأرضيات إلى مائيات، كأن هذه الماشية أسماكًا
تسبح في البحر من الشاطئ إلى الشاطئ الآخر.
أما الحيوانات التي تسبح في الماء فقد تركت
الماء، ودخلت المنازل، مثل الضفادع التي دخلت بيوت المصريين في الضربة الثانية.
فالضفادع حيوانات برمائية تعيش في الماء، أو بجوارها، ولكنها تحولت عن طبعها
وهاجمت بيوت المصريين. وكذا أيضًا عند شق البحر الأحمر ظهرت الأسماك السابحة في
البحر، وكذا الحيوانات البحرية تتحرك على الأرض في قاع البحر، قبل أن تدخل في
المياه التي على الجانبين.
ع19: النار، وهي عمود النار الذي كان يحجز
بين بني إسرائيل والمصريين، كان يخيف جيوش المصريين، ولعل عمود النار كان ضخمًا
حتى أنه كان يلامس الماء الذي انشق وصار كالحائط على الجانبين، ولكن قوة النار
كانت أشد من طبيعتها، ولم تتأثر بالماء الملامس لها من الجانبين.
ومن ناحية أخرى فقدت المياه قوتها على اطفاء
النار، إذ عجز البحر عن إضعاف قوة عمود النار.
وقد حدثت هذه الآية أيضًا في الضربة السابعة،
التي ضرب بها الله المصريين، وهي ضرة البرد والنار. فكانت النار تنزل من
السماء، وحولها يتساقط أيضًا البرد، وكانت للنار قوة أشد من طبيعتها، فلم تضعف
بسبب البرد، الذي كان ينبغى أن ينصهر ويتحول إلى ماء تطفئ النار، ولكن قوة
النار كانت أشد وسط البرد، والبرد خرج عن طبيعته وعجز عن إطفاء النار.
ع20: مؤازرًا: مؤيدًا
ومساندًا.
وعندما كان يمر عمود النار داخل مياه البحر
الأحمر، ويزعج خيول المصريين، لم يضر الأسماك، أو أية حيوانات بحرية تسبح في
مياه البحر الأحمر. فعمود النار، كما قلنا، يمكن أن يكون ضخمًا، حتى أنه يلامس
الماء الذي يقف كالحائط من الجانبين. وهذا الماء بالطبع فيه أسماك لم تتأثر
بقوة النار، رغم أن بعضها لامس هذه النار.
والمن الذي كان يذوب كل صباح بأشعة الشمس
الرقيقة، لم تستطع النار القوية أن تذيبه، عندما كان يضعه بنو إسرائيل في
القدور، ويطبخونه؛ ليأكلوه، بل ظل متماسكًا بطعمه اللذيذ؛ ليعلن الله أن النار
القوية هي خادمة لأولاده تطهو لهم الطعام ولا تضره بتحويله إلى سائل.
وهكذا ظهرت عناية الله، ومساندته لأولاده، إذ
أخرجهم بذراع رفيعة من مصر بيت العبودية، وأطعمهم، وسقاهم في البرية، وحفظهم،
حتى أدخلهم أرض الميعاد كوعده الصادق، بل عظمهم الله، فخاف منهم المصريون بعد
ضربة الأبكار، فأعطوهم ذهبهم، وفضتهم، مترجين إياهم أن يخرجوا من أرض مصر.
وعندما عبر بنو إسرائيل البحر الأحمر، وغرق فرعون وجيشه، انتشر الخبر بين
الشعوب فخافوهم، كما ظهر من كلام راحاب الزانية (يشوع2: 9)، خاصة عندما تجاسر
شعب قوى، وهاجم بني إسرائيل في سيناء، وهم شعب عماليق، انتصر عليهم بنو إسرائيل
انتصارًا جبارًا (خر17: 13-14). وظل الله يمجد شعبه، فانتصروا على الشعوب
الساكنة في كنعان، وملكوا مكانهم، بل مجدهم أكثر أيام داود وسليمان. وعندما أدب
الله شعبه بالسبي، ثم تابوا نجاهم بإرجاعهم من السبي بمعجزة عظيمة أيام كورش
الملك، ثم تعاظم تمجيد الله لهم بميلاد المخلص يسوع المسيح الفادى من نسل بنى
إسرائيل، وقدم خلاصًا للعالم كله في كل زمان، وفى النهاية سيمجد الله أولاده
إلى الأبد في ملكوت السموات.
† إن
الله يريد أن يحميك ويحفظك في كل خطواتك، ويحول كل شيء إلى خيرك، فثق أنك رأس
الخليقة، وأنك محبوب الله؛ ليطمئن قلبك، ويرتفع بالتسبيح والشكر الدائم له.
← تفاسير أصحاحات
حكمة:
مقدمة |
1 |
2 |
3 |
4 |
5 |
6 |
7 |
8 |
9 |
10 |
11 |
12 |
13 |
14 |
15 |
16 |
17 |
18 |
19
تفاسير أسفار الكتاب المقدس
1- تفاسير سفر التكوين
2- تفاسير سفر الخروج
3- تفاسير سفر اللاويين
4- تفاسير سفر العدد
5- تفاسير سفر التثنية
6- تفاسير سفر يشوع
7- تفاسير سفر القضاة
8- تفاسير سفر راعوث
9- تفاسير سفر صموئيل الأول
10- تفاسير سفر صموئيل الثاني
11- تفاسير سفر الملوك الأول
12- تفاسير سفر الملوك الثاني
13- تفاسير سفر أخبار الأيام الأول
14- تفاسير سفر أخبار الأيام الثاني
15- تفاسير سفر عزرا
16- تفاسير سفر نحميا
17- تفاسير سفر طوبيا
18- تفاسير سفر يهوديت
19- تفاسير سفر أستير + التتمة
20- تفاسير سفر أيوب
21- تفاسير سفر المزامير + مز 151
22- تفاسير سفر الأمثال
23- تفاسير سفر الجامعة
24- تفاسير سفر نشيد الأناشيد
25- تفاسير سفر الحكمة
26- تفاسير سفر يشوع بن سيراخ
27- تفاسير سفر إشعياء
28- تفاسير سفر إرميا
29- تفاسير سفر مراثي إرميا
30- تفاسير سفر نبوه باروخ
31- تفاسير سفر حزقيال
32- تفاسير سفر دانيال + التتمة
33- تفاسير سفر هوشع
34- تفاسير سفر يوئيل
35- تفاسير سفر عاموس
36- تفاسير سفر عوبديا
37- تفاسير سفر يونان
38- تفاسير سفر ميخا
39- تفاسير سفر ناحوم
40- تفاسير سفر حبقوق
41- تفاسير سفر صفنيا
42- تفاسير سفر حجي
43- تفاسير سفر زكريا
44- تفاسير سفر ملاخي
45- تفاسير سفر المكابيين الأول
46- تفاسير سفر المكابيين الثاني
1- تفاسير إنجيل متى
2- تفاسير إنجيل مرقس
3- تفاسير إنجيل لوقا
4- تفاسير إنجيل يوحنا
5- تفاسير سفر أعمال الرسل
6- تفاسير الرسالة إلى رومية
7- تفاسير رسالة كورنثوس الاولى
8- تفاسير كورنثوس الثانية
9- تفاسير الرسالة إلى أهل غلاطية
10- تفاسير الرسالة إلى أفسس
11- تفاسير الرسالة إلى فيلبي
12- تفاسير الرسالة إلى كولوسي
13- تفاسير تسالونيكي الأولى
14- تفاسير تسالونيكي الثانية
15- تفاسير رسالة تيموثاوس الأولى
16- تفاسير تيموثاوس الثانية
17- تفاسير الرسالة إلى تيطس
18- تفاسير الرسالة إلى فيلمون
19- تفاسير رسالة العبرانيين
20- تفاسير رسالة يعقوب
21- تفاسير رسالة بطرس الأولى
22- تفاسير رسالة بطرس الثانية
23- تفاسير رسالة يوحنا الأولى
24- تفاسير رسالة يوحنا الثانية
25- تفاسير رسالة يوحنا الثالثة
26- تفاسير رسالة يهوذا
27- تفاسير سفر الرؤيا"
حكمة سليمان,19,6,"(19:6): ضر: ضرر.
ما رُسم لها: دبر الله لها من قوانين ونظام.
إن كان عقاب الله شديدًا للرافضين محبته، فإن
حنانه عجيب على أولاده، لدرجة أن يحول الطبيعة كلها لمعونتهم، بل تتغير عن
طبعها؛ لتكون خادمة لأولاد الله في خضوع لأوامر الرب، حتى يحفظ الله أولاده بلا
ضرر، أو أذية.
ع7:"
حكمة سليمان,19,7,"(19:7): يابسة: جافة.
ممهد: معد للسير عليه.
مرج: أرض واسعة.
لجة: مياه عميقة.
وحتى لا يتعب أولاد الله أثناء سيرهم في البرية
من حر النهار، ظللتهم سحابة كبيرة. وكان هذا الغمام قائدًا لهم في سيرهم؛
ليعرفوا الطريق السليم، أي أن الله بنفسه كان يقود أولاده ويحميهم بجناحيه من
أشعة الشمس القاسية. وبهذا غيّر الغمام، أو السحاب طبعه، فسار في الاتجاه الذي
رسمه الله له؛ ليقود شعبه في برية سيناء لمدة أربعين سنة.
ثم شق الله البحر الأحمر، وأوقف الماء على
الجانبين كالسور، مخالفًا لقوانين الجاذبية الأرضية، وقوانين السوائل الطبيعية.
وظهر باطن البحر كأرض يابسة، بل مكتسية بأعشاب خضراء؛ لتصير كحديقة جميلة،
فيسير عليها أبناء الله عند اجتيازهم البحر الأحمر.
وهكذا سار شعب الله في طريق مهده الله لهم،
فساروا عليه بسهولة، كأنه طريق معد جيدًا للسير، ولم يكن قبلًا مغمورًا بالماء.
ع8:"
حكمة سليمان,19,8,"(19:8): عجيبة هي محبتك يا الله، التي تحول كل شيء
لخيرنا، وما يبدو مخيفًا لنا، يصير خادمًا. فالبحر الذي يحمى أولاد الله في
عبورهم وينجيهم من يد المصريين، يصير هو نفسه قبرًا للمصريين؛ لشرهم ورفضهم
لله.
وعبر بنو إسرائيل كمجموعة واحدة دون تقسيم، أو
تنظيم خاص، ودون أن يعثر أحد، أو يصطدم بشئ، إذ كانوا تحت رعايتك يا الله، تستر
عليهم، وتحفظهم، فعبروا بسلام وهدوء وفرح، إنها معجزة عظيمة تفوق العقل.
† ما
أجمل الاتكال على على الله، أي يستند الإنسان على ذراعيه الحانيتين، فلا يضطرب
مهما تقلبت الدنيا حوله، واثفًا أن الله يحول كل شيء لمنفعته، ""كل الأشياء تعمل
معًا للخير للذين يحبون الله"" (رو8: 28).
ع9:"
حكمة سليمان,19,9,"(19:9): رتعوا: انطلقوا
بحرية في البرية كأنها مرعى خصيب.
وثبوا: قفزوا.
وبعدما خرج بنو إسرائيل من البحر الذي أغرق
المصريين، انطلقوا فرحين في البرية، متمتعين بحريتهم الجديدة، التي وهبها الله
لهم، كأنهم خيل ترعى بفرح في مرعى خصيب، أو حملان تقفز، وتلعب بسرور، وذكر
أشعياء النبي هذا المعنى أيضًا في (أش63: 11-14).
وعبور البحر الأحمر يرمز للمعمودية التي تحررنا
من عبودية الخطية، فننطلق بحرية في الحياة الجديدة مع الله، كما انطلق شعب الله
بفرح في برية سيناء وهم يسبحون الله. وكما يسبح المؤمنون الذين نالوا المعمودية
شاكرين الله، وممجدين اسمه القدوس، ارتفعت أصوات بني إسرائيل بتسبيح الله
بقيادة مريم أخت موسى، يشكرون الله على عظم صنيعه معهم، وإنقاذه إياهم من
عبودية مُرَّة في مصر لمدة أربعمائة عامًا.
ع10:"
حكمة سليمان,19,10,"(19:10): وفى تسبيحهم تذكروا يد الله القوية في
الضربات العشر، التي أجبر بها المصريين على إطلاق شعبه؛ لأن كل آلهتهم أضعف من
الله.
† إن
أعمال الله معنا تستحق الشكر والتسبيح كل يوم. ومن العرفان بالجميل أن نتذكر
أعمال الله السابقة معنا، ونشكره عليها كل يوم؛ لأن التسبيح يملأ قلوبنا فرحًا
وسلامًا، ويبهج قلب الله، فتفيض علينا مراحمه بسخاء.
ع11، 12: حثتهم:
دفعتهم.
تسلية لهم: تنويعًا لهم بسبب مللهم من أكل
المن.
العلائم: العلامات.
ولما تذمر شعب الله على موسى مشتهين لحمًا، ظهرت
طول أناة الله عليهم، رغم خطأهم، فالتمس لهم العذر؛ لأنهم أولاده المؤمنون به،
بل أجاب طلبهم، إذ أرسل لهم أسرابًا ضخمة من طيور لم يعرفوها من قبل، وهي
السلوى، التي تشبه طيور السمان، ولحمها لذيذ الطعم، وهي طيور مهاجرة، تسير في
جماعات ضخمة، وكانت في نهاية رحلتها تطير قرب الأرض، فرأوها خارجية من البحر،
أى تطير على مستوى منخفض؛ لأن البحر منخفض عن الأرض، وكانت مجهدة، وتطير ببطء،
فأمسكوا منها ما شاءوا وأكلوا. وهنا تظهر محبة الله الذي يعطى بسخاء لا يوصف،
إذ أشبع مليونين من البشر بفيض عظيم من اللحم؛ هذه هي بركات الله لأولاده.
وفى المقابل نرى تعامله مع الخطاة المتكبرين
بعناد، وهم المصريون، الذين أذلوا شعبه، معتمدين على قوة آلهتهم الوثنية،
فعاقبهم بعقوبات شديدة، هي الضربات العشر، التي نزلت عليهم فجأة وبشدة مثل
الصواعق. وفى النهاية عاقبهم الله بالصاعقة الكبرى، فكان عقابًا فجائيًا
وشديدًا، بغرقهم في البحر الأحمر، فماتوا جميعًا.
وهكذا تعاونت الطبيعة لإعلان مشيئة الله، فأخرجت
من البحر، لأولاد الله، أسرابًا الطيور اللذيذة الطعم، أما الأشرار فخرجت لهم
أسراب البعوض من الأرض، تلسع كل من يقابلها، وجيوش الضفادع من النيل لتهاجم كل
بيوت المصريين، وتضايقهم.
†
تستطيع أن تتمتع بنعم الله إن كنت ابنًا له، خاضعًا لوصاياه. في حين أنك إن
رفضته، وسرت في شرورك لا ترى إلا عقابه الشديد. وتقدر أن ترى وتتناول بركات
كثيرة من الله خلال الطبيعة المحيطة بك، فتراه في البحر والسماء والبرية، بل
وفى كل البشر المحيطين بك، فتتمتع بصحبته كل حين، ويزداد حبك له، فيصير هو كل
شيء لك، وتصير أنت له.
←
وستجد
تفاسير أخرى
هنا في
(3)
ضيافة سدوم ومصر لأولاد الله (ع13-16):
13 إِذْ كَانَتْ مُعَامَلَتُهُمْ لِلأَضْيَافِ
أَشَدَّ كَرَاهِيَّةً. فَإِنَّ أُولئِكَ أَبَوْا أَنْ يَقْبَلُوا غُرَبَاءَ
لَمْ يَعْرِفُوهُمْ، أَمَّا هؤُلاَءِ فَاسْتَعْبَدُوا أَضْيَافًا قَدْ
أَحْسَنُوا إِلَيْهِمْ. 14 وَفَضْلًا عَنْ ذلِكَ فَإِنَّ عَلَيْهِمِ افْتِقَادًا
آخَرَ، إِذْ إِنَّ أُولئِكَ إِنَّمَا قَبِلُوا قَوْمًا أَجْنَبِيِّينَ كُرْهًا، 15 أَمَّا هؤُلاَءِ فَإِنَّهُمْ قَبِلُوا أَضْيَافًا بِاحْتِفَالٍ وَفَرَحٍ،
وَأَشْرَكُوهُمْ فِي حُقُوقِهِمْ، ثُمَّ أَسَاءُوا إِلَيْهِمْ بِصُنُوفِ
الْعَذَابِ الشَّدِيدِ. 16 فَضُرِبُوا بِالْعَمَى مِثْلَ أُولئِكَ الْوَاقِفِينَ
عَلَى بَابِ الصِّدِّيقِ، الَّذِينَ شَمِلَتْهُمْ ظُلْمَةٌ هَائِلَةٌ؛ فَجَعَلَ
كُلٌّ مِنْهُمْ يَتَلَمَّسُ طَالِبًا مَدْخَلَ بَابِهِ.
ع13:"
حكمة سليمان,19,13,"(19:13): أضياف: ضيوف.
يظهر هنا شر المصريين في معاملتهم لشعب الله، إذ
أن بني إسرائيل قد حضروا إليهم كضيوف، فاستقبلوهم في بدالية الأمر بترحيب شديد،
إكرامًا ليوسف أخوهم، الذي كان رئيسًا على مصر كلها، وأنقذها من المجاعة. ولكن
بعد موت يوسف أساءوا إليهم، وظلموهم، واستعبدوهم، فسخروهم في أعمال كثيرة في
منتهى القسوة، عكس المحبة التي تُقدم لأى ضيوف.
ويعقد الحكيم مقارنة بين المصريين، وبين شعب
مشهور بالشر، وهو شعب سدوم، ويوضح أن أهل سدوم أفضل من المصريين؛ لأنه عندما
زار مدينتهم ملاكان بشكل رجلين غرباء، وأراد لوط استضافتهما، إعترضوا، وحاولوا
الإساءة إليهما، ولكن عذرهم في ذلك أنهم لا يعرفانهما. أما في حالة المصريين،
فإنهم يعرفون بني إسرائيل، إذ هم أسرة يوسف رئيسهم، فكان المصريون في معاملتهم
لضيوفهم أشد كراهية من معاملة أهل سدوم.
ع14:"
حكمة سليمان,19,14,"(19:14): يضاف إلى ذلك خطية أخرى تستوجب العقاب
(افتقادًا آخر)، هي أن أهل سدوم قبلوا الملاكين مجبرين، إذ ضربهم الله بالعمى،
فلم يستطيعوا أن يجدوا باب لوط؛ ليدخلوا ويمسكوا بالملاكين. أما المصريون فقد
قبلوا بني إسرائيل باختيارهم، إكرامًا ليوسف الذي أنقذهم من الموت في المجاعة،
ثم عادوا فانقلبوا عليهم وأذلوهم.
وكان العقاب متشابهًا في الحالتين، إذ ضرب الله
أهل سدوم بالعمى، لعدم محبتهم للغرباء، بل ومحاولتهم الإساءة إليهم. وكذلك ضرب
المصريين بضربة الظلام، فصاروا في العمى لا يرى الإنسان كفه؛ لينبههم الله إلى
عماهم الروحي عن التوبة، وقسوتهم وكراهيتهم لضيوفهم.
وإذا لم يتب أهل سدوم، أو المصريون، كان مصيرهم
المحتوم هو الهلاك، إذ أحرق الله مدينة سدوم بالنار، وغرق المصريون في البحر
الأحمر.
† إن
الله يعطيك فرصة لتحيا كإنسان طبيعي، بإظهار محبتك للآخرين في العطاء والبذل
واحتمال كل أحد، خاصة الغرباء، أي الذين يشعرون بالوحدة والعزلة عمن حولهم.
فلتشجع الكل، وتظهر أهتمامك بهم، فيستضيفك الله، ليس فقط في الأرض بخيرات
كثيرة، بل في السماء؛ ليعطيك ما لم تره عين.
(4)
تغير الطبيعة لإنقاذ أولاد الله (ع17-20):
17 إِذْ تَغَيَّرَتْ نِسَبُ الْعَنَاصِرِ
بَعْضِهَا إِلَى بَعْضٍ، كَمَا يَتَغَيَّرُ فِي الْعُودِ اسْمُ صَوْتٍ مِنَ
اللَّحْنِ، وَالصَّوْتُ بَاقٍ، وَذلِكَ بَيِّنٌ لِمَنْ تَأَمَّلَ تِلْكَ
الْحَوَادِثَ. 18 فَالأَرْضِيَّاتُ تَحَوَّلَتْ إِلَى مَائِيَّاتٍ،
وَالسَّابِحَاتُ سَعَتْ عَلَى الأَرْضِ، 19 وَالنَّارُ كَانَتْ لَهَا قُوَّةٌ
فِي الْمَاءِ، أَشَدُّ مِنْ قُوَّتِهَا الْغَرِيزِيَّةِ، وَالْمَاءُ نَسِيَ
قُوَّتَهُ الْمُطْفِئَةَ. 20 وَبِالْعَكْسِ اللَّهِيبُ لَمْ يُؤْذِ جِسْمَ
السَّرِيعِ الْفَسَادِ مِنَ الْحَيَوَانِ، إِذْ كَانَ يَمْشِي فِيهِ وَلَمْ
يُذِبِ الطَّعَامَ السَّمَاوِيَّ السَّرِيعَ الذَّوَبَانِ كَالْجَلِيدِ،
لأَنَّكَ يَا رَبُّ عَظَّمْتَ شَعْبَكَ فِي كُلِّ شَيْءٍ، وَمَجَّدْتَهُ وَلَمْ
تُهْمِلْهُ، بَلْ كُنْتَ مُؤَازِرًا لَهُ فِي كُلِّ زَمَانٍ وَمَكَانٍ.
ع17:"
حكمة سليمان,19,17,"(19:17): بين: واضح.
يختم سليمان الحكيم هذا السفر العظيم بإظهار عظمة
الله الذي يحرك خليقته، ويغيرها لخدمة أولاده، فتخرج عن قوانينها الطبيعية
طاعةً له؛ لتمجيد أسمه القدوس. ويشبه الله بموسيقار يمسك بعود ويحرك أصابعه،
فتصدر أصواتًا مختلفة، بحسب إرادته، كذلك يحرك الله الطبيعة؛ لتعلن اسمه، وتقود
الجميع لمعرفته لكل من يريد أن يفهم.
فمن يتأمل ما عمله الله مع شعبه عند إخراجهم من
أرض مصر، يرى تغيرات كثيرة في القوانين الطبيعية؛ ليحمى الله شعبه، وينقذه من
أيدى الأشرار.
ع18:"
حكمة سليمان,19,18,"(19:18): سعت: مشيت أو
سارت.
فنرى بني إسرائيل ومواشيهم يسيرون في قلب البحر
الأحمر، وهكذا كما يقول تحولت الأرضيات إلى مائيات، كأن هذه الماشية أسماكًا
تسبح في البحر من الشاطئ إلى الشاطئ الآخر.
أما الحيوانات التي تسبح في الماء فقد تركت
الماء، ودخلت المنازل، مثل الضفادع التي دخلت بيوت المصريين في الضربة الثانية.
فالضفادع حيوانات برمائية تعيش في الماء، أو بجوارها، ولكنها تحولت عن طبعها
وهاجمت بيوت المصريين. وكذا أيضًا عند شق البحر الأحمر ظهرت الأسماك السابحة في
البحر، وكذا الحيوانات البحرية تتحرك على الأرض في قاع البحر، قبل أن تدخل في
المياه التي على الجانبين.
ع19:"
حكمة سليمان,19,19,"(19:19): النار، وهي عمود النار الذي كان يحجز
بين بني إسرائيل والمصريين، كان يخيف جيوش المصريين، ولعل عمود النار كان ضخمًا
حتى أنه كان يلامس الماء الذي انشق وصار كالحائط على الجانبين، ولكن قوة النار
كانت أشد من طبيعتها، ولم تتأثر بالماء الملامس لها من الجانبين.
ومن ناحية أخرى فقدت المياه قوتها على اطفاء
النار، إذ عجز البحر عن إضعاف قوة عمود النار.
وقد حدثت هذه الآية أيضًا في الضربة السابعة،
التي ضرب بها الله المصريين، وهي ضرة البرد والنار. فكانت النار تنزل من
السماء، وحولها يتساقط أيضًا البرد، وكانت للنار قوة أشد من طبيعتها، فلم تضعف
بسبب البرد، الذي كان ينبغى أن ينصهر ويتحول إلى ماء تطفئ النار، ولكن قوة
النار كانت أشد وسط البرد، والبرد خرج عن طبيعته وعجز عن إطفاء النار.
ع20:"
حكمة سليمان,19,20,"(19:20): مؤازرًا: مؤيدًا
ومساندًا.
وعندما كان يمر عمود النار داخل مياه البحر
الأحمر، ويزعج خيول المصريين، لم يضر الأسماك، أو أية حيوانات بحرية تسبح في
مياه البحر الأحمر. فعمود النار، كما قلنا، يمكن أن يكون ضخمًا، حتى أنه يلامس
الماء الذي يقف كالحائط من الجانبين. وهذا الماء بالطبع فيه أسماك لم تتأثر
بقوة النار، رغم أن بعضها لامس هذه النار.
والمن الذي كان يذوب كل صباح بأشعة الشمس
الرقيقة، لم تستطع النار القوية أن تذيبه، عندما كان يضعه بنو إسرائيل في
القدور، ويطبخونه؛ ليأكلوه، بل ظل متماسكًا بطعمه اللذيذ؛ ليعلن الله أن النار
القوية هي خادمة لأولاده تطهو لهم الطعام ولا تضره بتحويله إلى سائل.
وهكذا ظهرت عناية الله، ومساندته لأولاده، إذ
أخرجهم بذراع رفيعة من مصر بيت العبودية، وأطعمهم، وسقاهم في البرية، وحفظهم،
حتى أدخلهم أرض الميعاد كوعده الصادق، بل عظمهم الله، فخاف منهم المصريون بعد
ضربة الأبكار، فأعطوهم ذهبهم، وفضتهم، مترجين إياهم أن يخرجوا من أرض مصر.
وعندما عبر بنو إسرائيل البحر الأحمر، وغرق فرعون وجيشه، انتشر الخبر بين
الشعوب فخافوهم، كما ظهر من كلام راحاب الزانية (يشوع2: 9)، خاصة عندما تجاسر
شعب قوى، وهاجم بني إسرائيل في سيناء، وهم شعب عماليق، انتصر عليهم بنو إسرائيل
انتصارًا جبارًا (خر17: 13-14). وظل الله يمجد شعبه، فانتصروا على الشعوب
الساكنة في كنعان، وملكوا مكانهم، بل مجدهم أكثر أيام داود وسليمان. وعندما أدب
الله شعبه بالسبي، ثم تابوا نجاهم بإرجاعهم من السبي بمعجزة عظيمة أيام كورش
الملك، ثم تعاظم تمجيد الله لهم بميلاد المخلص يسوع المسيح الفادى من نسل بنى
إسرائيل، وقدم خلاصًا للعالم كله في كل زمان، وفى النهاية سيمجد الله أولاده
إلى الأبد في ملكوت السموات.
† إن
الله يريد أن يحميك ويحفظك في كل خطواتك، ويحول كل شيء إلى خيرك، فثق أنك رأس
الخليقة، وأنك محبوب الله؛ ليطمئن قلبك، ويرتفع بالتسبيح والشكر الدائم له.
← تفاسير أصحاحات
حكمة:
مقدمة |
1 |
2 |
3 |
4 |
5 |
6 |
7 |
8 |
9 |
10 |
11 |
12 |
13 |
14 |
15 |
16 |
17 |
18 |
19
تفاسير أسفار الكتاب المقدس
1- تفاسير سفر التكوين
2- تفاسير سفر الخروج
3- تفاسير سفر اللاويين
4- تفاسير سفر العدد
5- تفاسير سفر التثنية
6- تفاسير سفر يشوع
7- تفاسير سفر القضاة
8- تفاسير سفر راعوث
9- تفاسير سفر صموئيل الأول
10- تفاسير سفر صموئيل الثاني
11- تفاسير سفر الملوك الأول
12- تفاسير سفر الملوك الثاني
13- تفاسير سفر أخبار الأيام الأول
14- تفاسير سفر أخبار الأيام الثاني
15- تفاسير سفر عزرا
16- تفاسير سفر نحميا
17- تفاسير سفر طوبيا
18- تفاسير سفر يهوديت
19- تفاسير سفر أستير + التتمة
20- تفاسير سفر أيوب
21- تفاسير سفر المزامير + مز 151
22- تفاسير سفر الأمثال
23- تفاسير سفر الجامعة
24- تفاسير سفر نشيد الأناشيد
25- تفاسير سفر الحكمة
26- تفاسير سفر يشوع بن سيراخ
27- تفاسير سفر إشعياء
28- تفاسير سفر إرميا
29- تفاسير سفر مراثي إرميا
30- تفاسير سفر نبوه باروخ
31- تفاسير سفر حزقيال
32- تفاسير سفر دانيال + التتمة
33- تفاسير سفر هوشع
34- تفاسير سفر يوئيل
35- تفاسير سفر عاموس
36- تفاسير سفر عوبديا
37- تفاسير سفر يونان
38- تفاسير سفر ميخا
39- تفاسير سفر ناحوم
40- تفاسير سفر حبقوق
41- تفاسير سفر صفنيا
42- تفاسير سفر حجي
43- تفاسير سفر زكريا
44- تفاسير سفر ملاخي
45- تفاسير سفر المكابيين الأول
46- تفاسير سفر المكابيين الثاني
1- تفاسير إنجيل متى
2- تفاسير إنجيل مرقس
3- تفاسير إنجيل لوقا
4- تفاسير إنجيل يوحنا
5- تفاسير سفر أعمال الرسل
6- تفاسير الرسالة إلى رومية
7- تفاسير رسالة كورنثوس الاولى
8- تفاسير كورنثوس الثانية
9- تفاسير الرسالة إلى أهل غلاطية
10- تفاسير الرسالة إلى أفسس
11- تفاسير الرسالة إلى فيلبي
12- تفاسير الرسالة إلى كولوسي
13- تفاسير تسالونيكي الأولى
14- تفاسير تسالونيكي الثانية
15- تفاسير رسالة تيموثاوس الأولى
16- تفاسير تيموثاوس الثانية
17- تفاسير الرسالة إلى تيطس
18- تفاسير الرسالة إلى فيلمون
19- تفاسير رسالة العبرانيين
20- تفاسير رسالة يعقوب
21- تفاسير رسالة بطرس الأولى
22- تفاسير رسالة بطرس الثانية
23- تفاسير رسالة يوحنا الأولى
24- تفاسير رسالة يوحنا الثانية
25- تفاسير رسالة يوحنا الثالثة
26- تفاسير رسالة يهوذا
27- تفاسير سفر الرؤيا"
